image_id,breed,coarse,severity,drift,fine_pred,fine_correct,coarse_pred,coarse_correct,error_type
Maine_Coon_204,maine_coon,cat,0.0,0.0,maine_coon,True,cat,True,correct
Maine_Coon_204,maine_coon,cat,0.1,0.0869,maine_coon,True,cat,True,correct
Maine_Coon_204,maine_coon,cat,0.2,0.2238,maine_coon,True,cat,True,correct
Maine_Coon_204,maine_coon,cat,0.3,0.2254,maine_coon,True,cat,True,correct
Maine_Coon_204,maine_coon,cat,0.4,0.2434,maine_coon,True,cat,True,correct
Maine_Coon_204,maine_coon,cat,0.5,0.2704,british_shorthair,False,cat,True,within_superclass
Maine_Coon_204,maine_coon,cat,0.6,0.2987,british_shorthair,False,cat,True,within_superclass
Maine_Coon_204,maine_coon,cat,0.7,0.3238,british_shorthair,False,cat,True,within_superclass
Maine_Coon_204,maine_coon,cat,0.8,0.335,british_shorthair,False,cat,True,within_superclass
Maine_Coon_204,maine_coon,cat,0.9,0.3585,british_shorthair,False,cat,True,within_superclass
Maine_Coon_204,maine_coon,cat,1.0,0.3875,british_shorthair,False,cat,True,within_superclass
american_bulldog_138,american_bulldog,dog,0.0,0.0,american_bulldog,True,dog,True,correct
american_bulldog_138,american_bulldog,dog,0.1,0.0659,american_bulldog,True,dog,True,correct
american_bulldog_138,american_bulldog,dog,0.2,0.2082,american_bulldog,True,dog,True,correct
american_bulldog_138,american_bulldog,dog,0.3,0.2975,great_pyrenees,False,dog,True,within_superclass
american_bulldog_138,american_bulldog,dog,0.4,0.3162,american_bulldog,True,dog,True,correct
american_bulldog_138,american_bulldog,dog,0.5,0.3461,english_setter,False,dog,True,within_superclass
american_bulldog_138,american_bulldog,dog,0.6,0.3967,english_setter,False,dog,True,within_superclass
american_bulldog_138,american_bulldog,dog,0.7,0.4163,english_setter,False,dog,True,within_superclass
american_bulldog_138,american_bulldog,dog,0.8,0.4445,english_setter,False,dog,True,within_superclass
american_bulldog_138,american_bulldog,dog,0.9,0.4595,english_setter,False,dog,True,within_superclass
american_bulldog_138,american_bulldog,dog,1.0,0.4727,english_setter,False,dog,True,within_superclass
keeshond_112,keeshond,dog,0.0,0.0,keeshond,True,dog,True,correct
keeshond_112,keeshond,dog,0.1,0.0821,keeshond,True,dog,True,correct
keeshond_112,keeshond,dog,0.2,0.194,keeshond,True,dog,True,correct
keeshond_112,keeshond,dog,0.3,0.2559,keeshond,True,dog,True,correct
keeshond_112,keeshond,dog,0.4,0.2802,keeshond,True,dog,True,correct
keeshond_112,keeshond,dog,0.5,0.3184,staffordshire_bull_terrier,False,dog,True,within_superclass
keeshond_112,keeshond,dog,0.6,0.359,german_shorthaired,False,dog,True,within_superclass
keeshond_112,keeshond,dog,0.7,0.3902,german_shorthaired,False,dog,True,within_superclass
keeshond_112,keeshond,dog,0.8,0.4153,german_shorthaired,False,dog,True,within_superclass
keeshond_112,keeshond,dog,0.9,0.4213,german_shorthaired,False,dog,True,within_superclass
keeshond_112,keeshond,dog,1.0,0.4287,german_shorthaired,False,dog,True,within_superclass
havanese_157,havanese,dog,0.0,0.0,havanese,True,dog,True,correct
havanese_157,havanese,dog,0.1,0.0923,havanese,True,dog,True,correct
havanese_157,havanese,dog,0.2,0.182,havanese,True,dog,True,correct
havanese_157,havanese,dog,0.3,0.2017,japanese_chin,False,dog,True,within_superclass
havanese_157,havanese,dog,0.4,0.2593,saint_bernard,False,dog,True,within_superclass
havanese_157,havanese,dog,0.5,0.3312,staffordshire_bull_terrier,False,dog,True,within_superclass
havanese_157,havanese,dog,0.6,0.4017,german_shorthaired,False,dog,True,within_superclass
havanese_157,havanese,dog,0.7,0.4364,german_shorthaired,False,dog,True,within_superclass
havanese_157,havanese,dog,0.8,0.4627,boxer,False,dog,True,within_superclass
havanese_157,havanese,dog,0.9,0.4753,boxer,False,dog,True,within_superclass
havanese_157,havanese,dog,1.0,0.4828,boxer,False,dog,True,within_superclass
german_shorthaired_132,german_shorthaired,dog,0.0,0.0,great_pyrenees,False,dog,True,within_superclass
german_shorthaired_132,german_shorthaired,dog,0.1,0.0907,great_pyrenees,False,dog,True,within_superclass
german_shorthaired_132,german_shorthaired,dog,0.2,0.2211,great_pyrenees,False,dog,True,within_superclass
german_shorthaired_132,german_shorthaired,dog,0.3,0.2031,great_pyrenees,False,dog,True,within_superclass
german_shorthaired_132,german_shorthaired,dog,0.4,0.2751,great_pyrenees,False,dog,True,within_superclass
german_shorthaired_132,german_shorthaired,dog,0.5,0.4501,shiba_inu,False,dog,True,within_superclass
german_shorthaired_132,german_shorthaired,dog,0.6,0.5461,shiba_inu,False,dog,True,within_superclass
german_shorthaired_132,german_shorthaired,dog,0.7,0.5613,shiba_inu,False,dog,True,within_superclass
german_shorthaired_132,german_shorthaired,dog,0.8,0.5718,shiba_inu,False,dog,True,within_superclass
german_shorthaired_132,german_shorthaired,dog,0.9,0.5701,shiba_inu,False,dog,True,within_superclass
german_shorthaired_132,german_shorthaired,dog,1.0,0.5656,yorkshire_terrier,False,dog,True,within_superclass
basset_hound_161,basset_hound,dog,0.0,0.0,basset_hound,True,dog,True,correct
basset_hound_161,basset_hound,dog,0.1,0.1387,basset_hound,True,dog,True,correct
basset_hound_161,basset_hound,dog,0.2,0.2413,basset_hound,True,dog,True,correct
basset_hound_161,basset_hound,dog,0.3,0.2288,basset_hound,True,dog,True,correct
basset_hound_161,basset_hound,dog,0.4,0.2698,basset_hound,True,dog,True,correct
basset_hound_161,basset_hound,dog,0.5,0.3011,basset_hound,True,dog,True,correct
basset_hound_161,basset_hound,dog,0.6,0.3686,havanese,False,dog,True,within_superclass
basset_hound_161,basset_hound,dog,0.7,0.41,havanese,False,dog,True,within_superclass
basset_hound_161,basset_hound,dog,0.8,0.4383,havanese,False,dog,True,within_superclass
basset_hound_161,basset_hound,dog,0.9,0.4619,havanese,False,dog,True,within_superclass
basset_hound_161,basset_hound,dog,1.0,0.4929,havanese,False,dog,True,within_superclass
boxer_12,boxer,dog,0.0,0.0,boxer,True,dog,True,correct
boxer_12,boxer,dog,0.1,0.0991,boxer,True,dog,True,correct
boxer_12,boxer,dog,0.2,0.1844,boxer,True,dog,True,correct
boxer_12,boxer,dog,0.3,0.1622,boxer,True,dog,True,correct
boxer_12,boxer,dog,0.4,0.1722,leonberger,False,dog,True,within_superclass
boxer_12,boxer,dog,0.5,0.2125,leonberger,False,dog,True,within_superclass
boxer_12,boxer,dog,0.6,0.2683,leonberger,False,dog,True,within_superclass
boxer_12,boxer,dog,0.7,0.3244,pug,False,dog,True,within_superclass
boxer_12,boxer,dog,0.8,0.3754,leonberger,False,dog,True,within_superclass
boxer_12,boxer,dog,0.9,0.399,yorkshire_terrier,False,dog,True,within_superclass
boxer_12,boxer,dog,1.0,0.4137,yorkshire_terrier,False,dog,True,within_superclass
newfoundland_117,newfoundland,dog,0.0,0.0,newfoundland,True,dog,True,correct
newfoundland_117,newfoundland,dog,0.1,0.1624,havanese,False,dog,True,within_superclass
newfoundland_117,newfoundland,dog,0.2,0.3214,havanese,False,dog,True,within_superclass
newfoundland_117,newfoundland,dog,0.3,0.3095,leonberger,False,dog,True,within_superclass
newfoundland_117,newfoundland,dog,0.4,0.3843,havanese,False,dog,True,within_superclass
newfoundland_117,newfoundland,dog,0.5,0.4285,havanese,False,dog,True,within_superclass
newfoundland_117,newfoundland,dog,0.6,0.4655,pomeranian,False,dog,True,within_superclass
newfoundland_117,newfoundland,dog,0.7,0.4982,pomeranian,False,dog,True,within_superclass
newfoundland_117,newfoundland,dog,0.8,0.5171,pomeranian,False,dog,True,within_superclass
newfoundland_117,newfoundland,dog,0.9,0.531,pomeranian,False,dog,True,within_superclass
newfoundland_117,newfoundland,dog,1.0,0.5404,pomeranian,False,dog,True,within_superclass
leonberger_166,leonberger,dog,0.0,0.0,leonberger,True,dog,True,correct
leonberger_166,leonberger,dog,0.1,0.0831,leonberger,True,dog,True,correct
leonberger_166,leonberger,dog,0.2,0.1952,leonberger,True,dog,True,correct
leonberger_166,leonberger,dog,0.3,0.2031,leonberger,True,dog,True,correct
leonberger_166,leonberger,dog,0.4,0.2468,leonberger,True,dog,True,correct
leonberger_166,leonberger,dog,0.5,0.3035,leonberger,True,dog,True,correct
leonberger_166,leonberger,dog,0.6,0.3447,leonberger,True,dog,True,correct
leonberger_166,leonberger,dog,0.7,0.3774,leonberger,True,dog,True,correct
leonberger_166,leonberger,dog,0.8,0.3961,shiba_inu,False,dog,True,within_superclass
leonberger_166,leonberger,dog,0.9,0.4185,shiba_inu,False,dog,True,within_superclass
leonberger_166,leonberger,dog,1.0,0.4475,shiba_inu,False,dog,True,within_superclass
pug_123,pug,dog,0.0,0.0,pug,True,dog,True,correct
pug_123,pug,dog,0.1,0.1661,pug,True,dog,True,correct
pug_123,pug,dog,0.2,0.1613,pug,True,dog,True,correct
pug_123,pug,dog,0.3,0.1873,pug,True,dog,True,correct
pug_123,pug,dog,0.4,0.2767,pug,True,dog,True,correct
pug_123,pug,dog,0.5,0.3296,pug,True,dog,True,correct
pug_123,pug,dog,0.6,0.3815,pomeranian,False,dog,True,within_superclass
pug_123,pug,dog,0.7,0.413,pomeranian,False,dog,True,within_superclass
pug_123,pug,dog,0.8,0.4282,staffordshire_bull_terrier,False,dog,True,within_superclass
pug_123,pug,dog,0.9,0.4389,staffordshire_bull_terrier,False,dog,True,within_superclass
pug_123,pug,dog,1.0,0.4301,pug,True,dog,True,correct
boxer_159,boxer,dog,0.0,0.0,boxer,True,dog,True,correct
boxer_159,boxer,dog,0.1,0.1615,boxer,True,dog,True,correct
boxer_159,boxer,dog,0.2,0.2947,boxer,True,dog,True,correct
boxer_159,boxer,dog,0.3,0.3871,leonberger,False,dog,True,within_superclass
boxer_159,boxer,dog,0.4,0.4253,saint_bernard,False,dog,True,within_superclass
boxer_159,boxer,dog,0.5,0.4488,saint_bernard,False,dog,True,within_superclass
boxer_159,boxer,dog,0.6,0.5001,japanese_chin,False,dog,True,within_superclass
boxer_159,boxer,dog,0.7,0.5346,japanese_chin,False,dog,True,within_superclass
boxer_159,boxer,dog,0.8,0.5432,boxer,True,dog,True,correct
boxer_159,boxer,dog,0.9,0.548,boxer,True,dog,True,correct
boxer_159,boxer,dog,1.0,0.5502,boxer,True,dog,True,correct
British_Shorthair_100,british_shorthair,cat,0.0,0.0,british_shorthair,True,cat,True,correct
British_Shorthair_100,british_shorthair,cat,0.1,0.1419,british_shorthair,True,cat,True,correct
British_Shorthair_100,british_shorthair,cat,0.2,0.2684,british_shorthair,True,cat,True,correct
British_Shorthair_100,british_shorthair,cat,0.3,0.2965,british_shorthair,True,cat,True,correct
British_Shorthair_100,british_shorthair,cat,0.4,0.3485,british_shorthair,True,cat,True,correct
British_Shorthair_100,british_shorthair,cat,0.5,0.4399,british_shorthair,True,cat,True,correct
British_Shorthair_100,british_shorthair,cat,0.6,0.4921,miniature_pinscher,False,dog,False,cross_superclass
British_Shorthair_100,british_shorthair,cat,0.7,0.5006,miniature_pinscher,False,dog,False,cross_superclass
British_Shorthair_100,british_shorthair,cat,0.8,0.5044,boxer,False,dog,False,cross_superclass
British_Shorthair_100,british_shorthair,cat,0.9,0.5137,boxer,False,dog,False,cross_superclass
British_Shorthair_100,british_shorthair,cat,1.0,0.5214,yorkshire_terrier,False,dog,False,cross_superclass
english_cocker_spaniel_115,english_cocker_spaniel,dog,0.0,0.0,english_cocker_spaniel,True,dog,True,correct
english_cocker_spaniel_115,english_cocker_spaniel,dog,0.1,0.0923,english_cocker_spaniel,True,dog,True,correct
english_cocker_spaniel_115,english_cocker_spaniel,dog,0.2,0.2318,german_shorthaired,False,dog,True,within_superclass
english_cocker_spaniel_115,english_cocker_spaniel,dog,0.3,0.2251,newfoundland,False,dog,True,within_superclass
english_cocker_spaniel_115,english_cocker_spaniel,dog,0.4,0.3226,english_cocker_spaniel,True,dog,True,correct
english_cocker_spaniel_115,english_cocker_spaniel,dog,0.5,0.43,miniature_pinscher,False,dog,True,within_superclass
english_cocker_spaniel_115,english_cocker_spaniel,dog,0.6,0.4997,staffordshire_bull_terrier,False,dog,True,within_superclass
english_cocker_spaniel_115,english_cocker_spaniel,dog,0.7,0.5397,boxer,False,dog,True,within_superclass
english_cocker_spaniel_115,english_cocker_spaniel,dog,0.8,0.5601,boxer,False,dog,True,within_superclass
english_cocker_spaniel_115,english_cocker_spaniel,dog,0.9,0.5757,boxer,False,dog,True,within_superclass
english_cocker_spaniel_115,english_cocker_spaniel,dog,1.0,0.5868,boxer,False,dog,True,within_superclass
British_Shorthair_179,british_shorthair,cat,0.0,0.0,british_shorthair,True,cat,True,correct
British_Shorthair_179,british_shorthair,cat,0.1,0.1148,british_shorthair,True,cat,True,correct
British_Shorthair_179,british_shorthair,cat,0.2,0.196,british_shorthair,True,cat,True,correct
British_Shorthair_179,british_shorthair,cat,0.3,0.1785,british_shorthair,True,cat,True,correct
British_Shorthair_179,british_shorthair,cat,0.4,0.2491,russian_blue,False,cat,True,within_superclass
British_Shorthair_179,british_shorthair,cat,0.5,0.3265,russian_blue,False,cat,True,within_superclass
British_Shorthair_179,british_shorthair,cat,0.6,0.3685,miniature_pinscher,False,cat,True,within_superclass
British_Shorthair_179,british_shorthair,cat,0.7,0.3955,miniature_pinscher,False,dog,False,cross_superclass
British_Shorthair_179,british_shorthair,cat,0.8,0.4213,miniature_pinscher,False,dog,False,cross_superclass
British_Shorthair_179,british_shorthair,cat,0.9,0.4438,bombay,False,dog,False,cross_superclass
British_Shorthair_179,british_shorthair,cat,1.0,0.4664,bombay,False,dog,False,cross_superclass
american_bulldog_124,american_bulldog,dog,0.0,0.0,american_bulldog,True,dog,True,correct
american_bulldog_124,american_bulldog,dog,0.1,0.0769,american_bulldog,True,dog,True,correct
american_bulldog_124,american_bulldog,dog,0.2,0.29,american_bulldog,True,dog,True,correct
american_bulldog_124,american_bulldog,dog,0.3,0.2017,american_bulldog,True,dog,True,correct
american_bulldog_124,american_bulldog,dog,0.4,0.2587,american_bulldog,True,dog,True,correct
american_bulldog_124,american_bulldog,dog,0.5,0.3861,american_bulldog,True,dog,True,correct
american_bulldog_124,american_bulldog,dog,0.6,0.4636,english_setter,False,dog,True,within_superclass
american_bulldog_124,american_bulldog,dog,0.7,0.5028,ragdoll,False,dog,True,within_superclass
american_bulldog_124,american_bulldog,dog,0.8,0.5145,ragdoll,False,dog,True,within_superclass
american_bulldog_124,american_bulldog,dog,0.9,0.5186,ragdoll,False,dog,True,within_superclass
american_bulldog_124,american_bulldog,dog,1.0,0.5231,boxer,False,dog,True,within_superclass
Siamese_167,siamese,cat,0.0,0.0,siamese,True,cat,True,correct
Siamese_167,siamese,cat,0.1,0.0882,siamese,True,cat,True,correct
Siamese_167,siamese,cat,0.2,0.2436,siamese,True,cat,True,correct
Siamese_167,siamese,cat,0.3,0.2554,siamese,True,cat,True,correct
Siamese_167,siamese,cat,0.4,0.2587,siamese,True,cat,True,correct
Siamese_167,siamese,cat,0.5,0.2977,siamese,True,cat,True,correct
Siamese_167,siamese,cat,0.6,0.3721,pug,False,dog,False,cross_superclass
Siamese_167,siamese,cat,0.7,0.3974,miniature_pinscher,False,dog,False,cross_superclass
Siamese_167,siamese,cat,0.8,0.4089,miniature_pinscher,False,dog,False,cross_superclass
Siamese_167,siamese,cat,0.9,0.4329,miniature_pinscher,False,dog,False,cross_superclass
Siamese_167,siamese,cat,1.0,0.4449,miniature_pinscher,False,dog,False,cross_superclass
newfoundland_135,newfoundland,dog,0.0,0.0,newfoundland,True,dog,True,correct
newfoundland_135,newfoundland,dog,0.1,0.0961,newfoundland,True,dog,True,correct
newfoundland_135,newfoundland,dog,0.2,0.2695,newfoundland,True,dog,True,correct
newfoundland_135,newfoundland,dog,0.3,0.2758,newfoundland,True,dog,True,correct
newfoundland_135,newfoundland,dog,0.4,0.3421,newfoundland,True,dog,True,correct
newfoundland_135,newfoundland,dog,0.5,0.4158,newfoundland,True,dog,True,correct
newfoundland_135,newfoundland,dog,0.6,0.4428,newfoundland,True,dog,True,correct
newfoundland_135,newfoundland,dog,0.7,0.4594,newfoundland,True,dog,True,correct
newfoundland_135,newfoundland,dog,0.8,0.4665,newfoundland,True,dog,True,correct
newfoundland_135,newfoundland,dog,0.9,0.4695,newfoundland,True,dog,True,correct
newfoundland_135,newfoundland,dog,1.0,0.4719,newfoundland,True,dog,True,correct
german_shorthaired_176,german_shorthaired,dog,0.0,0.0,german_shorthaired,True,dog,True,correct
german_shorthaired_176,german_shorthaired,dog,0.1,0.1088,german_shorthaired,True,dog,True,correct
german_shorthaired_176,german_shorthaired,dog,0.2,0.2645,german_shorthaired,True,dog,True,correct
german_shorthaired_176,german_shorthaired,dog,0.3,0.3885,ragdoll,False,dog,True,within_superclass
german_shorthaired_176,german_shorthaired,dog,0.4,0.4553,boxer,False,dog,True,within_superclass
german_shorthaired_176,german_shorthaired,dog,0.5,0.4977,boxer,False,dog,True,within_superclass
german_shorthaired_176,german_shorthaired,dog,0.6,0.504,boxer,False,dog,True,within_superclass
german_shorthaired_176,german_shorthaired,dog,0.7,0.5021,boxer,False,dog,True,within_superclass
german_shorthaired_176,german_shorthaired,dog,0.8,0.4882,miniature_pinscher,False,dog,True,within_superclass
german_shorthaired_176,german_shorthaired,dog,0.9,0.4756,chihuahua,False,dog,True,within_superclass
german_shorthaired_176,german_shorthaired,dog,1.0,0.4695,boxer,False,cat,False,cross_superclass
British_Shorthair_189,british_shorthair,cat,0.0,0.0,british_shorthair,True,cat,True,correct
British_Shorthair_189,british_shorthair,cat,0.1,0.0787,british_shorthair,True,cat,True,correct
British_Shorthair_189,british_shorthair,cat,0.2,0.1664,russian_blue,False,cat,True,within_superclass
British_Shorthair_189,british_shorthair,cat,0.3,0.1619,british_shorthair,True,cat,True,correct
British_Shorthair_189,british_shorthair,cat,0.4,0.1992,british_shorthair,True,cat,True,correct
British_Shorthair_189,british_shorthair,cat,0.5,0.2367,british_shorthair,True,cat,True,correct
British_Shorthair_189,british_shorthair,cat,0.6,0.2958,british_shorthair,True,cat,True,correct
British_Shorthair_189,british_shorthair,cat,0.7,0.3462,shiba_inu,False,cat,True,within_superclass
British_Shorthair_189,british_shorthair,cat,0.8,0.3842,pomeranian,False,dog,False,cross_superclass
British_Shorthair_189,british_shorthair,cat,0.9,0.3967,pomeranian,False,dog,False,cross_superclass
British_Shorthair_189,british_shorthair,cat,1.0,0.4165,pomeranian,False,dog,False,cross_superclass
american_bulldog_14,american_bulldog,dog,0.0,0.0,american_bulldog,True,dog,True,correct
american_bulldog_14,american_bulldog,dog,0.1,0.0661,american_bulldog,True,dog,True,correct
american_bulldog_14,american_bulldog,dog,0.2,0.223,american_bulldog,True,dog,True,correct
american_bulldog_14,american_bulldog,dog,0.3,0.1652,american_bulldog,True,dog,True,correct
american_bulldog_14,american_bulldog,dog,0.4,0.1867,japanese_chin,False,dog,True,within_superclass
american_bulldog_14,american_bulldog,dog,0.5,0.2416,japanese_chin,False,dog,True,within_superclass
american_bulldog_14,american_bulldog,dog,0.6,0.287,american_bulldog,True,dog,True,correct
american_bulldog_14,american_bulldog,dog,0.7,0.3126,american_bulldog,True,dog,True,correct
american_bulldog_14,american_bulldog,dog,0.8,0.353,japanese_chin,False,dog,True,within_superclass
american_bulldog_14,american_bulldog,dog,0.9,0.4214,japanese_chin,False,dog,True,within_superclass
american_bulldog_14,american_bulldog,dog,1.0,0.4599,japanese_chin,False,dog,True,within_superclass
Sphynx_202,sphynx,cat,0.0,0.0,sphynx,True,cat,True,correct
Sphynx_202,sphynx,cat,0.1,0.1362,sphynx,True,cat,True,correct
Sphynx_202,sphynx,cat,0.2,0.2291,egyptian_mau,False,cat,True,within_superclass
Sphynx_202,sphynx,cat,0.3,0.2924,birman,False,cat,True,within_superclass
Sphynx_202,sphynx,cat,0.4,0.3344,birman,False,cat,True,within_superclass
Sphynx_202,sphynx,cat,0.5,0.3627,british_shorthair,False,cat,True,within_superclass
Sphynx_202,sphynx,cat,0.6,0.4326,british_shorthair,False,cat,True,within_superclass
Sphynx_202,sphynx,cat,0.7,0.4664,american_bulldog,False,dog,False,cross_superclass
Sphynx_202,sphynx,cat,0.8,0.4793,samoyed,False,dog,False,cross_superclass
Sphynx_202,sphynx,cat,0.9,0.4871,boxer,False,dog,False,cross_superclass
Sphynx_202,sphynx,cat,1.0,0.4951,boxer,False,dog,False,cross_superclass
miniature_pinscher_160,miniature_pinscher,dog,0.0,0.0,miniature_pinscher,True,dog,True,correct
miniature_pinscher_160,miniature_pinscher,dog,0.1,0.1858,miniature_pinscher,True,dog,True,correct
miniature_pinscher_160,miniature_pinscher,dog,0.2,0.2002,miniature_pinscher,True,dog,True,correct
miniature_pinscher_160,miniature_pinscher,dog,0.3,0.2908,miniature_pinscher,True,dog,True,correct
miniature_pinscher_160,miniature_pinscher,dog,0.4,0.4748,miniature_pinscher,True,dog,True,correct
miniature_pinscher_160,miniature_pinscher,dog,0.5,0.5108,miniature_pinscher,True,dog,True,correct
miniature_pinscher_160,miniature_pinscher,dog,0.6,0.5224,miniature_pinscher,True,dog,True,correct
miniature_pinscher_160,miniature_pinscher,dog,0.7,0.5213,boxer,False,dog,True,within_superclass
miniature_pinscher_160,miniature_pinscher,dog,0.8,0.5205,boxer,False,dog,True,within_superclass
miniature_pinscher_160,miniature_pinscher,dog,0.9,0.5194,boxer,False,dog,True,within_superclass
miniature_pinscher_160,miniature_pinscher,dog,1.0,0.5211,pug,False,dog,True,within_superclass
wheaten_terrier_142,wheaten_terrier,dog,0.0,0.0,wheaten_terrier,True,dog,True,correct
wheaten_terrier_142,wheaten_terrier,dog,0.1,0.1076,havanese,False,dog,True,within_superclass
wheaten_terrier_142,wheaten_terrier,dog,0.2,0.3413,wheaten_terrier,True,dog,True,correct
wheaten_terrier_142,wheaten_terrier,dog,0.3,0.4145,persian,False,dog,True,within_superclass
wheaten_terrier_142,wheaten_terrier,dog,0.4,0.4138,ragdoll,False,dog,True,within_superclass
wheaten_terrier_142,wheaten_terrier,dog,0.5,0.4499,chihuahua,False,dog,True,within_superclass
wheaten_terrier_142,wheaten_terrier,dog,0.6,0.4814,chihuahua,False,dog,True,within_superclass
wheaten_terrier_142,wheaten_terrier,dog,0.7,0.4932,chihuahua,False,cat,False,cross_superclass
wheaten_terrier_142,wheaten_terrier,dog,0.8,0.4899,chihuahua,False,dog,True,within_superclass
wheaten_terrier_142,wheaten_terrier,dog,0.9,0.4947,boxer,False,dog,True,within_superclass
wheaten_terrier_142,wheaten_terrier,dog,1.0,0.497,boxer,False,dog,True,within_superclass
Birman_108,birman,cat,0.0,0.0,birman,True,cat,True,correct
Birman_108,birman,cat,0.1,0.1234,birman,True,cat,True,correct
Birman_108,birman,cat,0.2,0.2131,birman,True,cat,True,correct
Birman_108,birman,cat,0.3,0.2603,siamese,False,cat,True,within_superclass
Birman_108,birman,cat,0.4,0.2963,japanese_chin,False,cat,True,within_superclass
Birman_108,birman,cat,0.5,0.3453,japanese_chin,False,cat,True,within_superclass
Birman_108,birman,cat,0.6,0.4025,japanese_chin,False,cat,True,within_superclass
Birman_108,birman,cat,0.7,0.439,japanese_chin,False,cat,True,within_superclass
Birman_108,birman,cat,0.8,0.4582,japanese_chin,False,dog,False,cross_superclass
Birman_108,birman,cat,0.9,0.4747,pomeranian,False,dog,False,cross_superclass
Birman_108,birman,cat,1.0,0.4767,boxer,False,dog,False,cross_superclass
Ragdoll_18,ragdoll,cat,0.0,0.0,birman,False,cat,True,within_superclass
Ragdoll_18,ragdoll,cat,0.1,0.0682,birman,False,cat,True,within_superclass
Ragdoll_18,ragdoll,cat,0.2,0.1322,birman,False,cat,True,within_superclass
Ragdoll_18,ragdoll,cat,0.3,0.1665,birman,False,cat,True,within_superclass
Ragdoll_18,ragdoll,cat,0.4,0.2054,birman,False,cat,True,within_superclass
Ragdoll_18,ragdoll,cat,0.5,0.2903,birman,False,cat,True,within_superclass
Ragdoll_18,ragdoll,cat,0.6,0.3714,great_pyrenees,False,dog,False,cross_superclass
Ragdoll_18,ragdoll,cat,0.7,0.4085,great_pyrenees,False,dog,False,cross_superclass
Ragdoll_18,ragdoll,cat,0.8,0.4282,great_pyrenees,False,dog,False,cross_superclass
Ragdoll_18,ragdoll,cat,0.9,0.4462,great_pyrenees,False,dog,False,cross_superclass
Ragdoll_18,ragdoll,cat,1.0,0.4553,great_pyrenees,False,dog,False,cross_superclass
leonberger_151,leonberger,dog,0.0,0.0,leonberger,True,dog,True,correct
leonberger_151,leonberger,dog,0.1,0.0612,leonberger,True,dog,True,correct
leonberger_151,leonberger,dog,0.2,0.1851,leonberger,True,dog,True,correct
leonberger_151,leonberger,dog,0.3,0.1797,leonberger,True,dog,True,correct
leonberger_151,leonberger,dog,0.4,0.2155,leonberger,True,dog,True,correct
leonberger_151,leonberger,dog,0.5,0.2662,leonberger,True,dog,True,correct
leonberger_151,leonberger,dog,0.6,0.3108,leonberger,True,dog,True,correct
leonberger_151,leonberger,dog,0.7,0.3658,leonberger,True,dog,True,correct
leonberger_151,leonberger,dog,0.8,0.4183,leonberger,True,dog,True,correct
leonberger_151,leonberger,dog,0.9,0.4449,yorkshire_terrier,False,dog,True,within_superclass
leonberger_151,leonberger,dog,1.0,0.4539,yorkshire_terrier,False,dog,True,within_superclass
keeshond_148,keeshond,dog,0.0,0.0,keeshond,True,dog,True,correct
keeshond_148,keeshond,dog,0.1,0.1163,keeshond,True,dog,True,correct
keeshond_148,keeshond,dog,0.2,0.2055,keeshond,True,dog,True,correct
keeshond_148,keeshond,dog,0.3,0.2724,japanese_chin,False,dog,True,within_superclass
keeshond_148,keeshond,dog,0.4,0.3065,great_pyrenees,False,dog,True,within_superclass
keeshond_148,keeshond,dog,0.5,0.3403,great_pyrenees,False,dog,True,within_superclass
keeshond_148,keeshond,dog,0.6,0.3742,havanese,False,dog,True,within_superclass
keeshond_148,keeshond,dog,0.7,0.3713,havanese,False,dog,True,within_superclass
keeshond_148,keeshond,dog,0.8,0.3741,havanese,False,dog,True,within_superclass
keeshond_148,keeshond,dog,0.9,0.3833,havanese,False,dog,True,within_superclass
keeshond_148,keeshond,dog,1.0,0.4033,havanese,False,dog,True,within_superclass
great_pyrenees_167,great_pyrenees,dog,0.0,0.0,great_pyrenees,True,dog,True,correct
great_pyrenees_167,great_pyrenees,dog,0.1,0.0789,great_pyrenees,True,dog,True,correct
great_pyrenees_167,great_pyrenees,dog,0.2,0.1686,great_pyrenees,True,dog,True,correct
great_pyrenees_167,great_pyrenees,dog,0.3,0.2334,samoyed,False,dog,True,within_superclass
great_pyrenees_167,great_pyrenees,dog,0.4,0.273,samoyed,False,cat,False,cross_superclass
great_pyrenees_167,great_pyrenees,dog,0.5,0.3063,samoyed,False,cat,False,cross_superclass
great_pyrenees_167,great_pyrenees,dog,0.6,0.3506,samoyed,False,dog,True,within_superclass
great_pyrenees_167,great_pyrenees,dog,0.7,0.3954,great_pyrenees,True,dog,True,correct
great_pyrenees_167,great_pyrenees,dog,0.8,0.4243,great_pyrenees,True,dog,True,correct
great_pyrenees_167,great_pyrenees,dog,0.9,0.4393,great_pyrenees,True,dog,True,correct
great_pyrenees_167,great_pyrenees,dog,1.0,0.4562,great_pyrenees,True,dog,True,correct
chihuahua_166,chihuahua,dog,0.0,0.0,miniature_pinscher,False,dog,True,within_superclass
chihuahua_166,chihuahua,dog,0.1,0.1949,miniature_pinscher,False,dog,True,within_superclass
chihuahua_166,chihuahua,dog,0.2,0.3347,beagle,False,dog,True,within_superclass
chihuahua_166,chihuahua,dog,0.3,0.456,newfoundland,False,dog,True,within_superclass
chihuahua_166,chihuahua,dog,0.4,0.484,boxer,False,dog,True,within_superclass
chihuahua_166,chihuahua,dog,0.5,0.4957,boxer,False,dog,True,within_superclass
chihuahua_166,chihuahua,dog,0.6,0.5104,boxer,False,dog,True,within_superclass
chihuahua_166,chihuahua,dog,0.7,0.5199,boxer,False,dog,True,within_superclass
chihuahua_166,chihuahua,dog,0.8,0.5179,pug,False,dog,True,within_superclass
chihuahua_166,chihuahua,dog,0.9,0.5159,pug,False,dog,True,within_superclass
chihuahua_166,chihuahua,dog,1.0,0.5066,pug,False,dog,True,within_superclass
pomeranian_10,pomeranian,dog,0.0,0.0,pomeranian,True,dog,True,correct
pomeranian_10,pomeranian,dog,0.1,0.1859,pomeranian,True,dog,True,correct
pomeranian_10,pomeranian,dog,0.2,0.302,pomeranian,True,cat,False,correct
pomeranian_10,pomeranian,dog,0.3,0.3573,birman,False,cat,False,cross_superclass
pomeranian_10,pomeranian,dog,0.4,0.4098,birman,False,cat,False,cross_superclass
pomeranian_10,pomeranian,dog,0.5,0.4641,british_shorthair,False,cat,False,cross_superclass
pomeranian_10,pomeranian,dog,0.6,0.4959,british_shorthair,False,cat,False,cross_superclass
pomeranian_10,pomeranian,dog,0.7,0.5201,british_shorthair,False,cat,False,cross_superclass
pomeranian_10,pomeranian,dog,0.8,0.5309,british_shorthair,False,cat,False,cross_superclass
pomeranian_10,pomeranian,dog,0.9,0.5385,british_shorthair,False,cat,False,cross_superclass
pomeranian_10,pomeranian,dog,1.0,0.546,shiba_inu,False,dog,True,within_superclass
havanese_183,havanese,dog,0.0,0.0,havanese,True,dog,True,correct
havanese_183,havanese,dog,0.1,0.0935,havanese,True,dog,True,correct
havanese_183,havanese,dog,0.2,0.1891,havanese,True,dog,True,correct
havanese_183,havanese,dog,0.3,0.3128,havanese,True,dog,True,correct
havanese_183,havanese,dog,0.4,0.4098,havanese,True,dog,True,correct
havanese_183,havanese,dog,0.5,0.49,havanese,True,dog,True,correct
havanese_183,havanese,dog,0.6,0.5128,japanese_chin,False,dog,True,within_superclass
havanese_183,havanese,dog,0.7,0.5006,boxer,False,dog,True,within_superclass
havanese_183,havanese,dog,0.8,0.5015,boxer,False,dog,True,within_superclass
havanese_183,havanese,dog,0.9,0.5086,boxer,False,dog,True,within_superclass
havanese_183,havanese,dog,1.0,0.5137,boxer,False,dog,True,within_superclass
Ragdoll_145,ragdoll,cat,0.0,0.0,ragdoll,True,cat,True,correct
Ragdoll_145,ragdoll,cat,0.1,0.1682,ragdoll,True,cat,True,correct
Ragdoll_145,ragdoll,cat,0.2,0.1894,british_shorthair,False,cat,True,within_superclass
Ragdoll_145,ragdoll,cat,0.3,0.2695,british_shorthair,False,cat,True,within_superclass
Ragdoll_145,ragdoll,cat,0.4,0.3973,birman,False,dog,False,cross_superclass
Ragdoll_145,ragdoll,cat,0.5,0.4303,great_pyrenees,False,dog,False,cross_superclass
Ragdoll_145,ragdoll,cat,0.6,0.4346,great_pyrenees,False,dog,False,cross_superclass
Ragdoll_145,ragdoll,cat,0.7,0.4341,great_pyrenees,False,cat,True,within_superclass
Ragdoll_145,ragdoll,cat,0.8,0.4499,great_pyrenees,False,cat,True,within_superclass
Ragdoll_145,ragdoll,cat,0.9,0.4664,great_pyrenees,False,dog,False,cross_superclass
Ragdoll_145,ragdoll,cat,1.0,0.4769,great_pyrenees,False,dog,False,cross_superclass
japanese_chin_180,japanese_chin,dog,0.0,0.0,japanese_chin,True,dog,True,correct
japanese_chin_180,japanese_chin,dog,0.1,0.1206,japanese_chin,True,dog,True,correct
japanese_chin_180,japanese_chin,dog,0.2,0.2795,pomeranian,False,dog,True,within_superclass
japanese_chin_180,japanese_chin,dog,0.3,0.2492,great_pyrenees,False,dog,True,within_superclass
japanese_chin_180,japanese_chin,dog,0.4,0.2724,havanese,False,dog,True,within_superclass
japanese_chin_180,japanese_chin,dog,0.5,0.32,havanese,False,dog,True,within_superclass
japanese_chin_180,japanese_chin,dog,0.6,0.3475,havanese,False,dog,True,within_superclass
japanese_chin_180,japanese_chin,dog,0.7,0.3533,havanese,False,dog,True,within_superclass
japanese_chin_180,japanese_chin,dog,0.8,0.4127,havanese,False,dog,True,within_superclass
japanese_chin_180,japanese_chin,dog,0.9,0.4794,birman,False,dog,True,within_superclass
japanese_chin_180,japanese_chin,dog,1.0,0.5203,birman,False,cat,False,cross_superclass
Russian_Blue_103,russian_blue,cat,0.0,0.0,russian_blue,True,cat,True,correct
Russian_Blue_103,russian_blue,cat,0.1,0.1075,british_shorthair,False,cat,True,within_superclass
Russian_Blue_103,russian_blue,cat,0.2,0.2212,siamese,False,cat,True,within_superclass
Russian_Blue_103,russian_blue,cat,0.3,0.327,pug,False,dog,False,cross_superclass
Russian_Blue_103,russian_blue,cat,0.4,0.3466,pug,False,dog,False,cross_superclass
Russian_Blue_103,russian_blue,cat,0.5,0.3583,staffordshire_bull_terrier,False,dog,False,cross_superclass
Russian_Blue_103,russian_blue,cat,0.6,0.3688,pug,False,dog,False,cross_superclass
Russian_Blue_103,russian_blue,cat,0.7,0.3911,pug,False,dog,False,cross_superclass
Russian_Blue_103,russian_blue,cat,0.8,0.4185,pug,False,dog,False,cross_superclass
Russian_Blue_103,russian_blue,cat,0.9,0.4371,pug,False,dog,False,cross_superclass
Russian_Blue_103,russian_blue,cat,1.0,0.4538,pug,False,dog,False,cross_superclass
yorkshire_terrier_160,yorkshire_terrier,dog,0.0,0.0,yorkshire_terrier,True,dog,True,correct
yorkshire_terrier_160,yorkshire_terrier,dog,0.1,0.1239,yorkshire_terrier,True,dog,True,correct
yorkshire_terrier_160,yorkshire_terrier,dog,0.2,0.2529,yorkshire_terrier,True,dog,True,correct
yorkshire_terrier_160,yorkshire_terrier,dog,0.3,0.2921,yorkshire_terrier,True,dog,True,correct
yorkshire_terrier_160,yorkshire_terrier,dog,0.4,0.4398,yorkshire_terrier,True,dog,True,correct
yorkshire_terrier_160,yorkshire_terrier,dog,0.5,0.4856,yorkshire_terrier,True,dog,True,correct
yorkshire_terrier_160,yorkshire_terrier,dog,0.6,0.5156,yorkshire_terrier,True,dog,True,correct
yorkshire_terrier_160,yorkshire_terrier,dog,0.7,0.5313,yorkshire_terrier,True,dog,True,correct
yorkshire_terrier_160,yorkshire_terrier,dog,0.8,0.5306,yorkshire_terrier,True,dog,True,correct
yorkshire_terrier_160,yorkshire_terrier,dog,0.9,0.5305,yorkshire_terrier,True,dog,True,correct
yorkshire_terrier_160,yorkshire_terrier,dog,1.0,0.5304,yorkshire_terrier,True,dog,True,correct
leonberger_180,leonberger,dog,0.0,0.0,leonberger,True,dog,True,correct
leonberger_180,leonberger,dog,0.1,0.1318,leonberger,True,dog,True,correct
leonberger_180,leonberger,dog,0.2,0.2543,leonberger,True,dog,True,correct
leonberger_180,leonberger,dog,0.3,0.3478,saint_bernard,False,dog,True,within_superclass
leonberger_180,leonberger,dog,0.4,0.4219,boxer,False,dog,True,within_superclass
leonberger_180,leonberger,dog,0.5,0.4299,boxer,False,dog,True,within_superclass
leonberger_180,leonberger,dog,0.6,0.4396,boxer,False,dog,True,within_superclass
leonberger_180,leonberger,dog,0.7,0.4437,pomeranian,False,dog,True,within_superclass
leonberger_180,leonberger,dog,0.8,0.4473,pomeranian,False,dog,True,within_superclass
leonberger_180,leonberger,dog,0.9,0.4476,yorkshire_terrier,False,dog,True,within_superclass
leonberger_180,leonberger,dog,1.0,0.4514,boxer,False,dog,True,within_superclass
pug_10,pug,dog,0.0,0.0,pug,True,dog,True,correct
pug_10,pug,dog,0.1,0.1407,pug,True,dog,True,correct
pug_10,pug,dog,0.2,0.3462,pug,True,dog,True,correct
pug_10,pug,dog,0.3,0.3624,pug,True,dog,True,correct
pug_10,pug,dog,0.4,0.4087,pug,True,dog,True,correct
pug_10,pug,dog,0.5,0.5191,miniature_pinscher,False,dog,True,within_superclass
pug_10,pug,dog,0.6,0.5665,miniature_pinscher,False,dog,True,within_superclass
pug_10,pug,dog,0.7,0.5799,boxer,False,dog,True,within_superclass
pug_10,pug,dog,0.8,0.5813,boxer,False,dog,True,within_superclass
pug_10,pug,dog,0.9,0.5784,boxer,False,dog,True,within_superclass
pug_10,pug,dog,1.0,0.58,boxer,False,dog,True,within_superclass
newfoundland_13,newfoundland,dog,0.0,0.0,newfoundland,True,dog,True,correct
newfoundland_13,newfoundland,dog,0.1,0.1419,newfoundland,True,dog,True,correct
newfoundland_13,newfoundland,dog,0.2,0.2404,newfoundland,True,dog,True,correct
newfoundland_13,newfoundland,dog,0.3,0.3095,newfoundland,True,dog,True,correct
newfoundland_13,newfoundland,dog,0.4,0.3502,newfoundland,True,dog,True,correct
newfoundland_13,newfoundland,dog,0.5,0.4137,scottish_terrier,False,cat,False,cross_superclass
newfoundland_13,newfoundland,dog,0.6,0.4721,persian,False,dog,True,within_superclass
newfoundland_13,newfoundland,dog,0.7,0.4889,persian,False,dog,True,within_superclass
newfoundland_13,newfoundland,dog,0.8,0.4918,persian,False,dog,True,within_superclass
newfoundland_13,newfoundland,dog,0.9,0.4912,persian,False,dog,True,within_superclass
newfoundland_13,newfoundland,dog,1.0,0.4864,newfoundland,True,dog,True,correct
japanese_chin_132,japanese_chin,dog,0.0,0.0,japanese_chin,True,dog,True,correct
japanese_chin_132,japanese_chin,dog,0.1,0.1085,japanese_chin,True,dog,True,correct
japanese_chin_132,japanese_chin,dog,0.2,0.2858,japanese_chin,True,dog,True,correct
japanese_chin_132,japanese_chin,dog,0.3,0.4618,japanese_chin,True,cat,False,correct
japanese_chin_132,japanese_chin,dog,0.4,0.4585,japanese_chin,True,cat,False,correct
japanese_chin_132,japanese_chin,dog,0.5,0.4711,japanese_chin,True,dog,True,correct
japanese_chin_132,japanese_chin,dog,0.6,0.4989,japanese_chin,True,dog,True,correct
japanese_chin_132,japanese_chin,dog,0.7,0.5216,japanese_chin,True,dog,True,correct
japanese_chin_132,japanese_chin,dog,0.8,0.5317,japanese_chin,True,dog,True,correct
japanese_chin_132,japanese_chin,dog,0.9,0.5376,japanese_chin,True,dog,True,correct
japanese_chin_132,japanese_chin,dog,1.0,0.5426,japanese_chin,True,dog,True,correct
Egyptian_Mau_138,egyptian_mau,cat,0.0,0.0,egyptian_mau,True,cat,True,correct
Egyptian_Mau_138,egyptian_mau,cat,0.1,0.124,egyptian_mau,True,cat,True,correct
Egyptian_Mau_138,egyptian_mau,cat,0.2,0.2577,egyptian_mau,True,cat,True,correct
Egyptian_Mau_138,egyptian_mau,cat,0.3,0.2646,abyssinian,False,cat,True,within_superclass
Egyptian_Mau_138,egyptian_mau,cat,0.4,0.3328,abyssinian,False,cat,True,within_superclass
Egyptian_Mau_138,egyptian_mau,cat,0.5,0.4621,bombay,False,dog,False,cross_superclass
Egyptian_Mau_138,egyptian_mau,cat,0.6,0.5048,bombay,False,dog,False,cross_superclass
Egyptian_Mau_138,egyptian_mau,cat,0.7,0.5215,bombay,False,dog,False,cross_superclass
Egyptian_Mau_138,egyptian_mau,cat,0.8,0.5328,bombay,False,dog,False,cross_superclass
Egyptian_Mau_138,egyptian_mau,cat,0.9,0.5308,german_shorthaired,False,dog,False,cross_superclass
Egyptian_Mau_138,egyptian_mau,cat,1.0,0.5274,german_shorthaired,False,dog,False,cross_superclass
english_setter_103,english_setter,dog,0.0,0.0,english_cocker_spaniel,False,dog,True,within_superclass
english_setter_103,english_setter,dog,0.1,0.0993,english_cocker_spaniel,False,dog,True,within_superclass
english_setter_103,english_setter,dog,0.2,0.1926,english_setter,True,dog,True,correct
english_setter_103,english_setter,dog,0.3,0.176,english_setter,True,dog,True,correct
english_setter_103,english_setter,dog,0.4,0.1966,basset_hound,False,dog,True,within_superclass
english_setter_103,english_setter,dog,0.5,0.2288,basset_hound,False,dog,True,within_superclass
english_setter_103,english_setter,dog,0.6,0.2453,basset_hound,False,dog,True,within_superclass
english_setter_103,english_setter,dog,0.7,0.3247,basset_hound,False,dog,True,within_superclass
english_setter_103,english_setter,dog,0.8,0.4309,boxer,False,dog,True,within_superclass
english_setter_103,english_setter,dog,0.9,0.4554,boxer,False,dog,True,within_superclass
english_setter_103,english_setter,dog,1.0,0.4633,boxer,False,dog,True,within_superclass
newfoundland_123,newfoundland,dog,0.0,0.0,newfoundland,True,dog,True,correct
newfoundland_123,newfoundland,dog,0.1,0.1314,newfoundland,True,dog,True,correct
newfoundland_123,newfoundland,dog,0.2,0.2507,leonberger,False,dog,True,within_superclass
newfoundland_123,newfoundland,dog,0.3,0.2467,leonberger,False,dog,True,within_superclass
newfoundland_123,newfoundland,dog,0.4,0.267,leonberger,False,dog,True,within_superclass
newfoundland_123,newfoundland,dog,0.5,0.3211,leonberger,False,dog,True,within_superclass
newfoundland_123,newfoundland,dog,0.6,0.3878,newfoundland,True,dog,True,correct
newfoundland_123,newfoundland,dog,0.7,0.4231,newfoundland,True,dog,True,correct
newfoundland_123,newfoundland,dog,0.8,0.4664,staffordshire_bull_terrier,False,dog,True,within_superclass
newfoundland_123,newfoundland,dog,0.9,0.5108,staffordshire_bull_terrier,False,dog,True,within_superclass
newfoundland_123,newfoundland,dog,1.0,0.5406,boxer,False,dog,True,within_superclass
pug_155,pug,dog,0.0,0.0,pug,True,dog,True,correct
pug_155,pug,dog,0.1,0.1364,pug,True,dog,True,correct
pug_155,pug,dog,0.2,0.2342,pug,True,dog,True,correct
pug_155,pug,dog,0.3,0.3152,pug,True,dog,True,correct
pug_155,pug,dog,0.4,0.388,pug,True,dog,True,correct
pug_155,pug,dog,0.5,0.4287,pug,True,dog,True,correct
pug_155,pug,dog,0.6,0.4464,pug,True,dog,True,correct
pug_155,pug,dog,0.7,0.4504,pug,True,dog,True,correct
pug_155,pug,dog,0.8,0.4454,pug,True,dog,True,correct
pug_155,pug,dog,0.9,0.4495,pug,True,dog,True,correct
pug_155,pug,dog,1.0,0.4528,yorkshire_terrier,False,dog,True,within_superclass
keeshond_147,keeshond,dog,0.0,0.0,keeshond,True,dog,True,correct
keeshond_147,keeshond,dog,0.1,0.0873,keeshond,True,dog,True,correct
keeshond_147,keeshond,dog,0.2,0.2606,keeshond,True,dog,True,correct
keeshond_147,keeshond,dog,0.3,0.3798,birman,False,cat,False,cross_superclass
keeshond_147,keeshond,dog,0.4,0.4371,japanese_chin,False,cat,False,cross_superclass
keeshond_147,keeshond,dog,0.5,0.4861,havanese,False,dog,True,within_superclass
keeshond_147,keeshond,dog,0.6,0.4979,japanese_chin,False,dog,True,within_superclass
keeshond_147,keeshond,dog,0.7,0.5039,pomeranian,False,dog,True,within_superclass
keeshond_147,keeshond,dog,0.8,0.5182,pomeranian,False,dog,True,within_superclass
keeshond_147,keeshond,dog,0.9,0.527,pomeranian,False,dog,True,within_superclass
keeshond_147,keeshond,dog,1.0,0.5397,boxer,False,dog,True,within_superclass
Bengal_103,bengal,cat,0.0,0.0,bengal,True,cat,True,correct
Bengal_103,bengal,cat,0.1,0.0808,bengal,True,cat,True,correct
Bengal_103,bengal,cat,0.2,0.196,egyptian_mau,False,cat,True,within_superclass
Bengal_103,bengal,cat,0.3,0.1766,egyptian_mau,False,cat,True,within_superclass
Bengal_103,bengal,cat,0.4,0.1953,egyptian_mau,False,cat,True,within_superclass
Bengal_103,bengal,cat,0.5,0.2509,shiba_inu,False,cat,True,within_superclass
Bengal_103,bengal,cat,0.6,0.2967,shiba_inu,False,dog,False,cross_superclass
Bengal_103,bengal,cat,0.7,0.3378,shiba_inu,False,dog,False,cross_superclass
Bengal_103,bengal,cat,0.8,0.3605,shiba_inu,False,dog,False,cross_superclass
Bengal_103,bengal,cat,0.9,0.3819,leonberger,False,dog,False,cross_superclass
Bengal_103,bengal,cat,1.0,0.4035,leonberger,False,dog,False,cross_superclass
havanese_150,havanese,dog,0.0,0.0,havanese,True,dog,True,correct
havanese_150,havanese,dog,0.1,0.1018,havanese,True,dog,True,correct
havanese_150,havanese,dog,0.2,0.2552,havanese,True,dog,True,correct
havanese_150,havanese,dog,0.3,0.2503,havanese,True,dog,True,correct
havanese_150,havanese,dog,0.4,0.2973,staffordshire_bull_terrier,False,dog,True,within_superclass
havanese_150,havanese,dog,0.5,0.35,staffordshire_bull_terrier,False,dog,True,within_superclass
havanese_150,havanese,dog,0.6,0.4263,staffordshire_bull_terrier,False,dog,True,within_superclass
havanese_150,havanese,dog,0.7,0.4726,miniature_pinscher,False,dog,True,within_superclass
havanese_150,havanese,dog,0.8,0.5023,miniature_pinscher,False,dog,True,within_superclass
havanese_150,havanese,dog,0.9,0.5245,boxer,False,dog,True,within_superclass
havanese_150,havanese,dog,1.0,0.5414,boxer,False,dog,True,within_superclass
keeshond_164,keeshond,dog,0.0,0.0,keeshond,True,dog,True,correct
keeshond_164,keeshond,dog,0.1,0.0884,keeshond,True,dog,True,correct
keeshond_164,keeshond,dog,0.2,0.2154,keeshond,True,dog,True,correct
keeshond_164,keeshond,dog,0.3,0.3006,keeshond,True,dog,True,correct
keeshond_164,keeshond,dog,0.4,0.3477,keeshond,True,cat,False,correct
keeshond_164,keeshond,dog,0.5,0.369,keeshond,True,cat,False,correct
keeshond_164,keeshond,dog,0.6,0.3995,pug,False,dog,True,within_superclass
keeshond_164,keeshond,dog,0.7,0.4223,pug,False,dog,True,within_superclass
keeshond_164,keeshond,dog,0.8,0.4331,pug,False,dog,True,within_superclass
keeshond_164,keeshond,dog,0.9,0.4442,pug,False,dog,True,within_superclass
keeshond_164,keeshond,dog,1.0,0.4508,pug,False,dog,True,within_superclass
Siamese_14,siamese,cat,0.0,0.0,siamese,True,cat,True,correct
Siamese_14,siamese,cat,0.1,0.1227,siamese,True,cat,True,correct
Siamese_14,siamese,cat,0.2,0.2277,siamese,True,cat,True,correct
Siamese_14,siamese,cat,0.3,0.2505,abyssinian,False,cat,True,within_superclass
Siamese_14,siamese,cat,0.4,0.286,british_shorthair,False,cat,True,within_superclass
Siamese_14,siamese,cat,0.5,0.3218,maine_coon,False,cat,True,within_superclass
Siamese_14,siamese,cat,0.6,0.3794,british_shorthair,False,cat,True,within_superclass
Siamese_14,siamese,cat,0.7,0.4204,staffordshire_bull_terrier,False,dog,False,cross_superclass
Siamese_14,siamese,cat,0.8,0.4524,pug,False,dog,False,cross_superclass
Siamese_14,siamese,cat,0.9,0.4775,pug,False,dog,False,cross_superclass
Siamese_14,siamese,cat,1.0,0.4928,pug,False,dog,False,cross_superclass
scottish_terrier_167,scottish_terrier,dog,0.0,0.0,scottish_terrier,True,dog,True,correct
scottish_terrier_167,scottish_terrier,dog,0.1,0.101,scottish_terrier,True,dog,True,correct
scottish_terrier_167,scottish_terrier,dog,0.2,0.2142,scottish_terrier,True,dog,True,correct
scottish_terrier_167,scottish_terrier,dog,0.3,0.2489,scottish_terrier,True,dog,True,correct
scottish_terrier_167,scottish_terrier,dog,0.4,0.3046,scottish_terrier,True,dog,True,correct
scottish_terrier_167,scottish_terrier,dog,0.5,0.3837,scottish_terrier,True,dog,True,correct
scottish_terrier_167,scottish_terrier,dog,0.6,0.4526,staffordshire_bull_terrier,False,dog,True,within_superclass
scottish_terrier_167,scottish_terrier,dog,0.7,0.5041,staffordshire_bull_terrier,False,dog,True,within_superclass
scottish_terrier_167,scottish_terrier,dog,0.8,0.5399,staffordshire_bull_terrier,False,dog,True,within_superclass
scottish_terrier_167,scottish_terrier,dog,0.9,0.5456,staffordshire_bull_terrier,False,dog,True,within_superclass
scottish_terrier_167,scottish_terrier,dog,1.0,0.5514,staffordshire_bull_terrier,False,dog,True,within_superclass
shiba_inu_178,shiba_inu,dog,0.0,0.0,shiba_inu,True,dog,True,correct
shiba_inu_178,shiba_inu,dog,0.1,0.1198,shiba_inu,True,dog,True,correct
shiba_inu_178,shiba_inu,dog,0.2,0.2053,shiba_inu,True,dog,True,correct
shiba_inu_178,shiba_inu,dog,0.3,0.2038,shiba_inu,True,dog,True,correct
shiba_inu_178,shiba_inu,dog,0.4,0.2297,shiba_inu,True,dog,True,correct
shiba_inu_178,shiba_inu,dog,0.5,0.275,shiba_inu,True,dog,True,correct
shiba_inu_178,shiba_inu,dog,0.6,0.3412,shiba_inu,True,cat,False,correct
shiba_inu_178,shiba_inu,dog,0.7,0.382,shiba_inu,True,cat,False,correct
shiba_inu_178,shiba_inu,dog,0.8,0.4128,shiba_inu,True,cat,False,correct
shiba_inu_178,shiba_inu,dog,0.9,0.441,shiba_inu,True,dog,True,correct
shiba_inu_178,shiba_inu,dog,1.0,0.4674,shiba_inu,True,dog,True,correct
shiba_inu_119,shiba_inu,dog,0.0,0.0,shiba_inu,True,dog,True,correct
shiba_inu_119,shiba_inu,dog,0.1,0.0864,shiba_inu,True,dog,True,correct
shiba_inu_119,shiba_inu,dog,0.2,0.1558,shiba_inu,True,dog,True,correct
shiba_inu_119,shiba_inu,dog,0.3,0.1911,shiba_inu,True,dog,True,correct
shiba_inu_119,shiba_inu,dog,0.4,0.2498,shiba_inu,True,dog,True,correct
shiba_inu_119,shiba_inu,dog,0.5,0.317,shiba_inu,True,dog,True,correct
shiba_inu_119,shiba_inu,dog,0.6,0.3543,shiba_inu,True,dog,True,correct
shiba_inu_119,shiba_inu,dog,0.7,0.3967,pomeranian,False,dog,True,within_superclass
shiba_inu_119,shiba_inu,dog,0.8,0.446,pomeranian,False,dog,True,within_superclass
shiba_inu_119,shiba_inu,dog,0.9,0.4621,boxer,False,dog,True,within_superclass
shiba_inu_119,shiba_inu,dog,1.0,0.4728,boxer,False,dog,True,within_superclass
beagle_178,beagle,dog,0.0,0.0,basset_hound,False,dog,True,within_superclass
beagle_178,beagle,dog,0.1,0.0507,beagle,True,dog,True,correct
beagle_178,beagle,dog,0.2,0.1802,beagle,True,dog,True,correct
beagle_178,beagle,dog,0.3,0.1595,beagle,True,dog,True,correct
beagle_178,beagle,dog,0.4,0.2031,beagle,True,dog,True,correct
beagle_178,beagle,dog,0.5,0.2431,beagle,True,dog,True,correct
beagle_178,beagle,dog,0.6,0.2908,beagle,True,dog,True,correct
beagle_178,beagle,dog,0.7,0.3512,beagle,True,dog,True,correct
beagle_178,beagle,dog,0.8,0.4064,staffordshire_bull_terrier,False,dog,True,within_superclass
beagle_178,beagle,dog,0.9,0.4396,staffordshire_bull_terrier,False,dog,True,within_superclass
beagle_178,beagle,dog,1.0,0.4687,yorkshire_terrier,False,dog,True,within_superclass
miniature_pinscher_109,miniature_pinscher,dog,0.0,0.0,chihuahua,False,dog,True,within_superclass
miniature_pinscher_109,miniature_pinscher,dog,0.1,0.0706,miniature_pinscher,True,dog,True,correct
miniature_pinscher_109,miniature_pinscher,dog,0.2,0.1962,miniature_pinscher,True,dog,True,correct
miniature_pinscher_109,miniature_pinscher,dog,0.3,0.2044,shiba_inu,False,dog,True,within_superclass
miniature_pinscher_109,miniature_pinscher,dog,0.4,0.2385,shiba_inu,False,dog,True,within_superclass
miniature_pinscher_109,miniature_pinscher,dog,0.5,0.2782,shiba_inu,False,dog,True,within_superclass
miniature_pinscher_109,miniature_pinscher,dog,0.6,0.3257,shiba_inu,False,dog,True,within_superclass
miniature_pinscher_109,miniature_pinscher,dog,0.7,0.3508,shiba_inu,False,cat,False,cross_superclass
miniature_pinscher_109,miniature_pinscher,dog,0.8,0.3749,shiba_inu,False,cat,False,cross_superclass
miniature_pinscher_109,miniature_pinscher,dog,0.9,0.3956,shiba_inu,False,cat,False,cross_superclass
miniature_pinscher_109,miniature_pinscher,dog,1.0,0.4057,british_shorthair,False,cat,False,cross_superclass
havanese_172,havanese,dog,0.0,0.0,havanese,True,dog,True,correct
havanese_172,havanese,dog,0.1,0.068,havanese,True,dog,True,correct
havanese_172,havanese,dog,0.2,0.2105,havanese,True,dog,True,correct
havanese_172,havanese,dog,0.3,0.2757,great_pyrenees,False,dog,True,within_superclass
havanese_172,havanese,dog,0.4,0.3054,great_pyrenees,False,dog,True,within_superclass
havanese_172,havanese,dog,0.5,0.3195,great_pyrenees,False,dog,True,within_superclass
havanese_172,havanese,dog,0.6,0.3357,great_pyrenees,False,dog,True,within_superclass
havanese_172,havanese,dog,0.7,0.3548,great_pyrenees,False,dog,True,within_superclass
havanese_172,havanese,dog,0.8,0.3815,great_pyrenees,False,dog,True,within_superclass
havanese_172,havanese,dog,0.9,0.4047,great_pyrenees,False,dog,True,within_superclass
havanese_172,havanese,dog,1.0,0.4199,great_pyrenees,False,dog,True,within_superclass
Russian_Blue_100,russian_blue,cat,0.0,0.0,russian_blue,True,cat,True,correct
Russian_Blue_100,russian_blue,cat,0.1,0.1239,russian_blue,True,cat,True,correct
Russian_Blue_100,russian_blue,cat,0.2,0.2461,russian_blue,True,cat,True,correct
Russian_Blue_100,russian_blue,cat,0.3,0.2405,russian_blue,True,cat,True,correct
Russian_Blue_100,russian_blue,cat,0.4,0.2462,russian_blue,True,cat,True,correct
Russian_Blue_100,russian_blue,cat,0.5,0.2869,russian_blue,True,cat,True,correct
Russian_Blue_100,russian_blue,cat,0.6,0.336,sphynx,False,cat,True,within_superclass
Russian_Blue_100,russian_blue,cat,0.7,0.3771,british_shorthair,False,cat,True,within_superclass
Russian_Blue_100,russian_blue,cat,0.8,0.4197,scottish_terrier,False,cat,True,within_superclass
Russian_Blue_100,russian_blue,cat,0.9,0.4691,scottish_terrier,False,cat,True,within_superclass
Russian_Blue_100,russian_blue,cat,1.0,0.4993,scottish_terrier,False,dog,False,cross_superclass
havanese_117,havanese,dog,0.0,0.0,havanese,True,dog,True,correct
havanese_117,havanese,dog,0.1,0.0704,havanese,True,dog,True,correct
havanese_117,havanese,dog,0.2,0.1979,havanese,True,dog,True,correct
havanese_117,havanese,dog,0.3,0.1933,havanese,True,dog,True,correct
havanese_117,havanese,dog,0.4,0.2352,havanese,True,dog,True,correct
havanese_117,havanese,dog,0.5,0.3263,great_pyrenees,False,dog,True,within_superclass
havanese_117,havanese,dog,0.6,0.3762,havanese,True,dog,True,correct
havanese_117,havanese,dog,0.7,0.3971,havanese,True,dog,True,correct
havanese_117,havanese,dog,0.8,0.4144,havanese,True,dog,True,correct
havanese_117,havanese,dog,0.9,0.4214,japanese_chin,False,dog,True,within_superclass
havanese_117,havanese,dog,1.0,0.4263,japanese_chin,False,dog,True,within_superclass
german_shorthaired_180,german_shorthaired,dog,0.0,0.0,german_shorthaired,True,dog,True,correct
german_shorthaired_180,german_shorthaired,dog,0.1,0.1024,german_shorthaired,True,dog,True,correct
german_shorthaired_180,german_shorthaired,dog,0.2,0.2265,german_shorthaired,True,dog,True,correct
german_shorthaired_180,german_shorthaired,dog,0.3,0.2183,german_shorthaired,True,dog,True,correct
german_shorthaired_180,german_shorthaired,dog,0.4,0.2529,german_shorthaired,True,dog,True,correct
german_shorthaired_180,german_shorthaired,dog,0.5,0.3394,german_shorthaired,True,dog,True,correct
german_shorthaired_180,german_shorthaired,dog,0.6,0.4219,german_shorthaired,True,dog,True,correct
german_shorthaired_180,german_shorthaired,dog,0.7,0.4665,german_shorthaired,True,dog,True,correct
german_shorthaired_180,german_shorthaired,dog,0.8,0.4928,german_shorthaired,True,dog,True,correct
german_shorthaired_180,german_shorthaired,dog,0.9,0.5051,german_shorthaired,True,dog,True,correct
german_shorthaired_180,german_shorthaired,dog,1.0,0.5176,german_shorthaired,True,dog,True,correct
american_bulldog_161,american_bulldog,dog,0.0,0.0,american_bulldog,True,dog,True,correct
american_bulldog_161,american_bulldog,dog,0.1,0.1118,american_bulldog,True,dog,True,correct
american_bulldog_161,american_bulldog,dog,0.2,0.221,american_bulldog,True,dog,True,correct
american_bulldog_161,american_bulldog,dog,0.3,0.1918,american_bulldog,True,dog,True,correct
american_bulldog_161,american_bulldog,dog,0.4,0.2435,american_bulldog,True,dog,True,correct
american_bulldog_161,american_bulldog,dog,0.5,0.3313,english_setter,False,dog,True,within_superclass
american_bulldog_161,american_bulldog,dog,0.6,0.3901,american_bulldog,True,dog,True,correct
american_bulldog_161,american_bulldog,dog,0.7,0.428,american_bulldog,True,dog,True,correct
american_bulldog_161,american_bulldog,dog,0.8,0.4565,american_bulldog,True,dog,True,correct
american_bulldog_161,american_bulldog,dog,0.9,0.4696,american_bulldog,True,dog,True,correct
american_bulldog_161,american_bulldog,dog,1.0,0.4773,great_pyrenees,False,dog,True,within_superclass
boxer_146,boxer,dog,0.0,0.0,boxer,True,dog,True,correct
boxer_146,boxer,dog,0.1,0.1145,american_bulldog,False,dog,True,within_superclass
boxer_146,boxer,dog,0.2,0.2299,boxer,True,dog,True,correct
boxer_146,boxer,dog,0.3,0.2361,boxer,True,dog,True,correct
boxer_146,boxer,dog,0.4,0.3344,boxer,True,dog,True,correct
boxer_146,boxer,dog,0.5,0.3856,chihuahua,False,dog,True,within_superclass
boxer_146,boxer,dog,0.6,0.3991,miniature_pinscher,False,dog,True,within_superclass
boxer_146,boxer,dog,0.7,0.4139,chihuahua,False,dog,True,within_superclass
boxer_146,boxer,dog,0.8,0.4271,chihuahua,False,dog,True,within_superclass
boxer_146,boxer,dog,0.9,0.443,shiba_inu,False,dog,True,within_superclass
boxer_146,boxer,dog,1.0,0.4589,shiba_inu,False,dog,True,within_superclass
american_bulldog_106,american_bulldog,dog,0.0,0.0,american_bulldog,True,dog,True,correct
american_bulldog_106,american_bulldog,dog,0.1,0.0885,american_bulldog,True,dog,True,correct
american_bulldog_106,american_bulldog,dog,0.2,0.2865,pug,False,dog,True,within_superclass
american_bulldog_106,american_bulldog,dog,0.3,0.435,german_shorthaired,False,dog,True,within_superclass
american_bulldog_106,american_bulldog,dog,0.4,0.5116,german_shorthaired,False,dog,True,within_superclass
american_bulldog_106,american_bulldog,dog,0.5,0.5105,german_shorthaired,False,dog,True,within_superclass
american_bulldog_106,american_bulldog,dog,0.6,0.5144,miniature_pinscher,False,dog,True,within_superclass
american_bulldog_106,american_bulldog,dog,0.7,0.5267,miniature_pinscher,False,dog,True,within_superclass
american_bulldog_106,american_bulldog,dog,0.8,0.5386,miniature_pinscher,False,dog,True,within_superclass
american_bulldog_106,american_bulldog,dog,0.9,0.5542,miniature_pinscher,False,dog,True,within_superclass
american_bulldog_106,american_bulldog,dog,1.0,0.5537,boxer,False,dog,True,within_superclass
pug_11,pug,dog,0.0,0.0,pug,True,dog,True,correct
pug_11,pug,dog,0.1,0.1657,pug,True,dog,True,correct
pug_11,pug,dog,0.2,0.2316,pug,True,dog,True,correct
pug_11,pug,dog,0.3,0.2025,pug,True,dog,True,correct
pug_11,pug,dog,0.4,0.2165,pug,True,dog,True,correct
pug_11,pug,dog,0.5,0.2473,pug,True,dog,True,correct
pug_11,pug,dog,0.6,0.2864,pug,True,dog,True,correct
pug_11,pug,dog,0.7,0.327,pug,True,dog,True,correct
pug_11,pug,dog,0.8,0.3564,pug,True,dog,True,correct
pug_11,pug,dog,0.9,0.3805,pug,True,dog,True,correct
pug_11,pug,dog,1.0,0.4002,pug,True,dog,True,correct
Abyssinian_125,abyssinian,cat,0.0,0.0,abyssinian,True,cat,True,correct
Abyssinian_125,abyssinian,cat,0.1,0.1299,abyssinian,True,cat,True,correct
Abyssinian_125,abyssinian,cat,0.2,0.2987,abyssinian,True,cat,True,correct
Abyssinian_125,abyssinian,cat,0.3,0.3294,abyssinian,True,cat,True,correct
Abyssinian_125,abyssinian,cat,0.4,0.3582,abyssinian,True,cat,True,correct
Abyssinian_125,abyssinian,cat,0.5,0.4037,abyssinian,True,cat,True,correct
Abyssinian_125,abyssinian,cat,0.6,0.4505,british_shorthair,False,cat,True,within_superclass
Abyssinian_125,abyssinian,cat,0.7,0.499,boxer,False,dog,False,cross_superclass
Abyssinian_125,abyssinian,cat,0.8,0.5127,boxer,False,dog,False,cross_superclass
Abyssinian_125,abyssinian,cat,0.9,0.5176,boxer,False,dog,False,cross_superclass
Abyssinian_125,abyssinian,cat,1.0,0.5234,boxer,False,dog,False,cross_superclass
pomeranian_154,pomeranian,dog,0.0,0.0,pomeranian,True,dog,True,correct
pomeranian_154,pomeranian,dog,0.1,0.1854,pomeranian,True,dog,True,correct
pomeranian_154,pomeranian,dog,0.2,0.2944,shiba_inu,False,dog,True,within_superclass
pomeranian_154,pomeranian,dog,0.3,0.4021,shiba_inu,False,dog,True,within_superclass
pomeranian_154,pomeranian,dog,0.4,0.4837,british_shorthair,False,cat,False,cross_superclass
pomeranian_154,pomeranian,dog,0.5,0.5227,british_shorthair,False,cat,False,cross_superclass
pomeranian_154,pomeranian,dog,0.6,0.5417,boxer,False,dog,True,within_superclass
pomeranian_154,pomeranian,dog,0.7,0.5563,boxer,False,dog,True,within_superclass
pomeranian_154,pomeranian,dog,0.8,0.5661,boxer,False,dog,True,within_superclass
pomeranian_154,pomeranian,dog,0.9,0.5679,boxer,False,dog,True,within_superclass
pomeranian_154,pomeranian,dog,1.0,0.5686,boxer,False,dog,True,within_superclass
Egyptian_Mau_186,egyptian_mau,cat,0.0,0.0,egyptian_mau,True,cat,True,correct
Egyptian_Mau_186,egyptian_mau,cat,0.1,0.1651,egyptian_mau,True,cat,True,correct
Egyptian_Mau_186,egyptian_mau,cat,0.2,0.3374,egyptian_mau,True,cat,True,correct
Egyptian_Mau_186,egyptian_mau,cat,0.3,0.4026,egyptian_mau,True,cat,True,correct
Egyptian_Mau_186,egyptian_mau,cat,0.4,0.4408,british_shorthair,False,cat,True,within_superclass
Egyptian_Mau_186,egyptian_mau,cat,0.5,0.4662,russian_blue,False,dog,False,cross_superclass
Egyptian_Mau_186,egyptian_mau,cat,0.6,0.4982,russian_blue,False,dog,False,cross_superclass
Egyptian_Mau_186,egyptian_mau,cat,0.7,0.4984,bombay,False,dog,False,cross_superclass
Egyptian_Mau_186,egyptian_mau,cat,0.8,0.5019,bombay,False,dog,False,cross_superclass
Egyptian_Mau_186,egyptian_mau,cat,0.9,0.5033,bombay,False,dog,False,cross_superclass
Egyptian_Mau_186,egyptian_mau,cat,1.0,0.4999,bombay,False,dog,False,cross_superclass
saint_bernard_121,saint_bernard,dog,0.0,0.0,saint_bernard,True,dog,True,correct
saint_bernard_121,saint_bernard,dog,0.1,0.077,saint_bernard,True,dog,True,correct
saint_bernard_121,saint_bernard,dog,0.2,0.1411,saint_bernard,True,dog,True,correct
saint_bernard_121,saint_bernard,dog,0.3,0.2137,saint_bernard,True,dog,True,correct
saint_bernard_121,saint_bernard,dog,0.4,0.2819,japanese_chin,False,dog,True,within_superclass
saint_bernard_121,saint_bernard,dog,0.5,0.3186,japanese_chin,False,dog,True,within_superclass
saint_bernard_121,saint_bernard,dog,0.6,0.3809,japanese_chin,False,dog,True,within_superclass
saint_bernard_121,saint_bernard,dog,0.7,0.4578,japanese_chin,False,dog,True,within_superclass
saint_bernard_121,saint_bernard,dog,0.8,0.4964,miniature_pinscher,False,dog,True,within_superclass
saint_bernard_121,saint_bernard,dog,0.9,0.5103,miniature_pinscher,False,dog,True,within_superclass
saint_bernard_121,saint_bernard,dog,1.0,0.5233,miniature_pinscher,False,dog,True,within_superclass
american_bulldog_185,american_bulldog,dog,0.0,0.0,american_bulldog,True,dog,True,correct
american_bulldog_185,american_bulldog,dog,0.1,0.1204,american_bulldog,True,dog,True,correct
american_bulldog_185,american_bulldog,dog,0.2,0.2248,american_bulldog,True,dog,True,correct
american_bulldog_185,american_bulldog,dog,0.3,0.2453,american_bulldog,True,dog,True,correct
american_bulldog_185,american_bulldog,dog,0.4,0.3083,american_bulldog,True,dog,True,correct
american_bulldog_185,american_bulldog,dog,0.5,0.363,staffordshire_bull_terrier,False,dog,True,within_superclass
american_bulldog_185,american_bulldog,dog,0.6,0.3958,staffordshire_bull_terrier,False,dog,True,within_superclass
american_bulldog_185,american_bulldog,dog,0.7,0.4218,pug,False,dog,True,within_superclass
american_bulldog_185,american_bulldog,dog,0.8,0.4458,pug,False,dog,True,within_superclass
american_bulldog_185,american_bulldog,dog,0.9,0.4657,pug,False,dog,True,within_superclass
american_bulldog_185,american_bulldog,dog,1.0,0.4714,pug,False,dog,True,within_superclass
Sphynx_1,sphynx,cat,0.0,0.0,sphynx,True,cat,True,correct
Sphynx_1,sphynx,cat,0.1,0.219,sphynx,True,cat,True,correct
Sphynx_1,sphynx,cat,0.2,0.2758,shiba_inu,False,dog,False,cross_superclass
Sphynx_1,sphynx,cat,0.3,0.2926,egyptian_mau,False,cat,True,within_superclass
Sphynx_1,sphynx,cat,0.4,0.3266,british_shorthair,False,cat,True,within_superclass
Sphynx_1,sphynx,cat,0.5,0.3758,british_shorthair,False,cat,True,within_superclass
Sphynx_1,sphynx,cat,0.6,0.3968,british_shorthair,False,cat,True,within_superclass
Sphynx_1,sphynx,cat,0.7,0.4062,british_shorthair,False,cat,True,within_superclass
Sphynx_1,sphynx,cat,0.8,0.4073,british_shorthair,False,cat,True,within_superclass
Sphynx_1,sphynx,cat,0.9,0.4089,british_shorthair,False,cat,True,within_superclass
Sphynx_1,sphynx,cat,1.0,0.4165,british_shorthair,False,cat,True,within_superclass
havanese_185,havanese,dog,0.0,0.0,havanese,True,dog,True,correct
havanese_185,havanese,dog,0.1,0.0398,havanese,True,dog,True,correct
havanese_185,havanese,dog,0.2,0.1298,havanese,True,dog,True,correct
havanese_185,havanese,dog,0.3,0.1686,havanese,True,dog,True,correct
havanese_185,havanese,dog,0.4,0.2856,pomeranian,False,dog,True,within_superclass
havanese_185,havanese,dog,0.5,0.3014,pomeranian,False,dog,True,within_superclass
havanese_185,havanese,dog,0.6,0.3052,pomeranian,False,cat,False,cross_superclass
havanese_185,havanese,dog,0.7,0.315,pomeranian,False,cat,False,cross_superclass
havanese_185,havanese,dog,0.8,0.3296,pomeranian,False,cat,False,cross_superclass
havanese_185,havanese,dog,0.9,0.3369,pomeranian,False,cat,False,cross_superclass
havanese_185,havanese,dog,1.0,0.3415,yorkshire_terrier,False,cat,False,cross_superclass
boxer_129,boxer,dog,0.0,0.0,boxer,True,dog,True,correct
boxer_129,boxer,dog,0.1,0.1481,boxer,True,dog,True,correct
boxer_129,boxer,dog,0.2,0.3154,boxer,True,dog,True,correct
boxer_129,boxer,dog,0.3,0.3529,leonberger,False,dog,True,within_superclass
boxer_129,boxer,dog,0.4,0.414,miniature_pinscher,False,dog,True,within_superclass
boxer_129,boxer,dog,0.5,0.457,miniature_pinscher,False,dog,True,within_superclass
boxer_129,boxer,dog,0.6,0.4992,miniature_pinscher,False,dog,True,within_superclass
boxer_129,boxer,dog,0.7,0.5097,miniature_pinscher,False,dog,True,within_superclass
boxer_129,boxer,dog,0.8,0.5139,miniature_pinscher,False,dog,True,within_superclass
boxer_129,boxer,dog,0.9,0.5281,boxer,True,dog,True,correct
boxer_129,boxer,dog,1.0,0.5329,boxer,True,dog,True,correct
great_pyrenees_145,great_pyrenees,dog,0.0,0.0,great_pyrenees,True,dog,True,correct
great_pyrenees_145,great_pyrenees,dog,0.1,0.1292,great_pyrenees,True,dog,True,correct
great_pyrenees_145,great_pyrenees,dog,0.2,0.2107,great_pyrenees,True,dog,True,correct
great_pyrenees_145,great_pyrenees,dog,0.3,0.2116,great_pyrenees,True,dog,True,correct
great_pyrenees_145,great_pyrenees,dog,0.4,0.2352,great_pyrenees,True,dog,True,correct
great_pyrenees_145,great_pyrenees,dog,0.5,0.279,great_pyrenees,True,dog,True,correct
great_pyrenees_145,great_pyrenees,dog,0.6,0.2995,great_pyrenees,True,dog,True,correct
great_pyrenees_145,great_pyrenees,dog,0.7,0.3055,great_pyrenees,True,dog,True,correct
great_pyrenees_145,great_pyrenees,dog,0.8,0.3019,great_pyrenees,True,dog,True,correct
great_pyrenees_145,great_pyrenees,dog,0.9,0.3229,great_pyrenees,True,dog,True,correct
great_pyrenees_145,great_pyrenees,dog,1.0,0.3514,great_pyrenees,True,dog,True,correct
Sphynx_172,sphynx,cat,0.0,0.0,sphynx,True,cat,True,correct
Sphynx_172,sphynx,cat,0.1,0.075,sphynx,True,cat,True,correct
Sphynx_172,sphynx,cat,0.2,0.2484,sphynx,True,cat,True,correct
Sphynx_172,sphynx,cat,0.3,0.244,sphynx,True,cat,True,correct
Sphynx_172,sphynx,cat,0.4,0.2953,birman,False,cat,True,within_superclass
Sphynx_172,sphynx,cat,0.5,0.3561,birman,False,cat,True,within_superclass
Sphynx_172,sphynx,cat,0.6,0.3864,birman,False,cat,True,within_superclass
Sphynx_172,sphynx,cat,0.7,0.4121,birman,False,cat,True,within_superclass
Sphynx_172,sphynx,cat,0.8,0.4326,birman,False,dog,False,cross_superclass
Sphynx_172,sphynx,cat,0.9,0.4548,ragdoll,False,dog,False,cross_superclass
Sphynx_172,sphynx,cat,1.0,0.4701,ragdoll,False,dog,False,cross_superclass
german_shorthaired_125,german_shorthaired,dog,0.0,0.0,german_shorthaired,True,dog,True,correct
german_shorthaired_125,german_shorthaired,dog,0.1,0.1028,german_shorthaired,True,dog,True,correct
german_shorthaired_125,german_shorthaired,dog,0.2,0.244,german_shorthaired,True,dog,True,correct
german_shorthaired_125,german_shorthaired,dog,0.3,0.2705,german_shorthaired,True,dog,True,correct
german_shorthaired_125,german_shorthaired,dog,0.4,0.2947,miniature_pinscher,False,dog,True,within_superclass
german_shorthaired_125,german_shorthaired,dog,0.5,0.3479,miniature_pinscher,False,dog,True,within_superclass
german_shorthaired_125,german_shorthaired,dog,0.6,0.4114,miniature_pinscher,False,dog,True,within_superclass
german_shorthaired_125,german_shorthaired,dog,0.7,0.4188,newfoundland,False,dog,True,within_superclass
german_shorthaired_125,german_shorthaired,dog,0.8,0.4185,newfoundland,False,dog,True,within_superclass
german_shorthaired_125,german_shorthaired,dog,0.9,0.4236,newfoundland,False,dog,True,within_superclass
german_shorthaired_125,german_shorthaired,dog,1.0,0.4332,newfoundland,False,dog,True,within_superclass
great_pyrenees_105,great_pyrenees,dog,0.0,0.0,great_pyrenees,True,dog,True,correct
great_pyrenees_105,great_pyrenees,dog,0.1,0.0997,great_pyrenees,True,dog,True,correct
great_pyrenees_105,great_pyrenees,dog,0.2,0.2341,great_pyrenees,True,dog,True,correct
great_pyrenees_105,great_pyrenees,dog,0.3,0.2337,great_pyrenees,True,dog,True,correct
great_pyrenees_105,great_pyrenees,dog,0.4,0.2228,great_pyrenees,True,dog,True,correct
great_pyrenees_105,great_pyrenees,dog,0.5,0.2595,great_pyrenees,True,dog,True,correct
great_pyrenees_105,great_pyrenees,dog,0.6,0.295,great_pyrenees,True,dog,True,correct
great_pyrenees_105,great_pyrenees,dog,0.7,0.3347,great_pyrenees,True,dog,True,correct
great_pyrenees_105,great_pyrenees,dog,0.8,0.3718,english_setter,False,dog,True,within_superclass
great_pyrenees_105,great_pyrenees,dog,0.9,0.392,wheaten_terrier,False,dog,True,within_superclass
great_pyrenees_105,great_pyrenees,dog,1.0,0.4009,wheaten_terrier,False,dog,True,within_superclass
Bengal_176,bengal,cat,0.0,0.0,russian_blue,False,cat,True,within_superclass
Bengal_176,bengal,cat,0.1,0.2397,british_shorthair,False,cat,True,within_superclass
Bengal_176,bengal,cat,0.2,0.2719,british_shorthair,False,cat,True,within_superclass
Bengal_176,bengal,cat,0.3,0.3597,british_shorthair,False,cat,True,within_superclass
Bengal_176,bengal,cat,0.4,0.3753,british_shorthair,False,cat,True,within_superclass
Bengal_176,bengal,cat,0.5,0.4369,british_shorthair,False,cat,True,within_superclass
Bengal_176,bengal,cat,0.6,0.4869,british_shorthair,False,cat,True,within_superclass
Bengal_176,bengal,cat,0.7,0.5158,british_shorthair,False,cat,True,within_superclass
Bengal_176,bengal,cat,0.8,0.5252,british_shorthair,False,cat,True,within_superclass
Bengal_176,bengal,cat,0.9,0.53,british_shorthair,False,cat,True,within_superclass
Bengal_176,bengal,cat,1.0,0.534,british_shorthair,False,cat,True,within_superclass
Sphynx_160,sphynx,cat,0.0,0.0,sphynx,True,cat,True,correct
Sphynx_160,sphynx,cat,0.1,0.1179,sphynx,True,cat,True,correct
Sphynx_160,sphynx,cat,0.2,0.2103,sphynx,True,cat,True,correct
Sphynx_160,sphynx,cat,0.3,0.2326,sphynx,True,cat,True,correct
Sphynx_160,sphynx,cat,0.4,0.3199,sphynx,True,cat,True,correct
Sphynx_160,sphynx,cat,0.5,0.3824,sphynx,True,cat,True,correct
Sphynx_160,sphynx,cat,0.6,0.4118,miniature_pinscher,False,cat,True,within_superclass
Sphynx_160,sphynx,cat,0.7,0.418,miniature_pinscher,False,cat,True,within_superclass
Sphynx_160,sphynx,cat,0.8,0.4233,miniature_pinscher,False,cat,True,within_superclass
Sphynx_160,sphynx,cat,0.9,0.4313,boxer,False,cat,True,within_superclass
Sphynx_160,sphynx,cat,1.0,0.4375,boxer,False,cat,True,within_superclass
english_setter_138,english_setter,dog,0.0,0.0,english_setter,True,dog,True,correct
english_setter_138,english_setter,dog,0.1,0.0755,english_setter,True,dog,True,correct
english_setter_138,english_setter,dog,0.2,0.2627,english_setter,True,dog,True,correct
english_setter_138,english_setter,dog,0.3,0.2555,english_setter,True,dog,True,correct
english_setter_138,english_setter,dog,0.4,0.2961,english_setter,True,dog,True,correct
english_setter_138,english_setter,dog,0.5,0.3395,english_setter,True,dog,True,correct
english_setter_138,english_setter,dog,0.6,0.4303,english_setter,True,dog,True,correct
english_setter_138,english_setter,dog,0.7,0.5055,boxer,False,dog,True,within_superclass
english_setter_138,english_setter,dog,0.8,0.5208,boxer,False,dog,True,within_superclass
english_setter_138,english_setter,dog,0.9,0.5253,boxer,False,dog,True,within_superclass
english_setter_138,english_setter,dog,1.0,0.535,great_pyrenees,False,dog,True,within_superclass
Abyssinian_193,abyssinian,cat,0.0,0.0,abyssinian,True,cat,True,correct
Abyssinian_193,abyssinian,cat,0.1,0.1796,abyssinian,True,cat,True,correct
Abyssinian_193,abyssinian,cat,0.2,0.333,boxer,False,cat,True,within_superclass
Abyssinian_193,abyssinian,cat,0.3,0.3484,boxer,False,cat,True,within_superclass
Abyssinian_193,abyssinian,cat,0.4,0.3904,boxer,False,dog,False,cross_superclass
Abyssinian_193,abyssinian,cat,0.5,0.4209,boxer,False,dog,False,cross_superclass
Abyssinian_193,abyssinian,cat,0.6,0.4419,boxer,False,dog,False,cross_superclass
Abyssinian_193,abyssinian,cat,0.7,0.4626,boxer,False,dog,False,cross_superclass
Abyssinian_193,abyssinian,cat,0.8,0.4706,boxer,False,dog,False,cross_superclass
Abyssinian_193,abyssinian,cat,0.9,0.4782,boxer,False,dog,False,cross_superclass
Abyssinian_193,abyssinian,cat,1.0,0.4678,boxer,False,dog,False,cross_superclass
american_bulldog_197,american_bulldog,dog,0.0,0.0,american_bulldog,True,dog,True,correct
american_bulldog_197,american_bulldog,dog,0.1,0.1368,american_bulldog,True,dog,True,correct
american_bulldog_197,american_bulldog,dog,0.2,0.1814,american_bulldog,True,dog,True,correct
american_bulldog_197,american_bulldog,dog,0.3,0.2455,staffordshire_bull_terrier,False,dog,True,within_superclass
american_bulldog_197,american_bulldog,dog,0.4,0.303,staffordshire_bull_terrier,False,dog,True,within_superclass
american_bulldog_197,american_bulldog,dog,0.5,0.3535,staffordshire_bull_terrier,False,dog,True,within_superclass
american_bulldog_197,american_bulldog,dog,0.6,0.4638,staffordshire_bull_terrier,False,dog,True,within_superclass
american_bulldog_197,american_bulldog,dog,0.7,0.5074,british_shorthair,False,cat,False,cross_superclass
american_bulldog_197,american_bulldog,dog,0.8,0.5341,staffordshire_bull_terrier,False,dog,True,within_superclass
american_bulldog_197,american_bulldog,dog,0.9,0.5614,staffordshire_bull_terrier,False,dog,True,within_superclass
american_bulldog_197,american_bulldog,dog,1.0,0.5697,staffordshire_bull_terrier,False,dog,True,within_superclass
Russian_Blue_178,russian_blue,cat,0.0,0.0,russian_blue,True,cat,True,correct
Russian_Blue_178,russian_blue,cat,0.1,0.0593,russian_blue,True,cat,True,correct
Russian_Blue_178,russian_blue,cat,0.2,0.1739,russian_blue,True,cat,True,correct
Russian_Blue_178,russian_blue,cat,0.3,0.1904,russian_blue,True,cat,True,correct
Russian_Blue_178,russian_blue,cat,0.4,0.2028,russian_blue,True,cat,True,correct
Russian_Blue_178,russian_blue,cat,0.5,0.283,british_shorthair,False,cat,True,within_superclass
Russian_Blue_178,russian_blue,cat,0.6,0.3212,british_shorthair,False,cat,True,within_superclass
Russian_Blue_178,russian_blue,cat,0.7,0.3495,british_shorthair,False,cat,True,within_superclass
Russian_Blue_178,russian_blue,cat,0.8,0.3644,british_shorthair,False,cat,True,within_superclass
Russian_Blue_178,russian_blue,cat,0.9,0.3917,british_shorthair,False,cat,True,within_superclass
Russian_Blue_178,russian_blue,cat,1.0,0.4085,british_shorthair,False,cat,True,within_superclass
Ragdoll_182,ragdoll,cat,0.0,0.0,ragdoll,True,cat,True,correct
Ragdoll_182,ragdoll,cat,0.1,0.1096,ragdoll,True,cat,True,correct
Ragdoll_182,ragdoll,cat,0.2,0.2273,birman,False,cat,True,within_superclass
Ragdoll_182,ragdoll,cat,0.3,0.1818,birman,False,cat,True,within_superclass
Ragdoll_182,ragdoll,cat,0.4,0.2158,birman,False,cat,True,within_superclass
Ragdoll_182,ragdoll,cat,0.5,0.2763,birman,False,cat,True,within_superclass
Ragdoll_182,ragdoll,cat,0.6,0.3223,birman,False,cat,True,within_superclass
Ragdoll_182,ragdoll,cat,0.7,0.3463,birman,False,cat,True,within_superclass
Ragdoll_182,ragdoll,cat,0.8,0.3937,british_shorthair,False,cat,True,within_superclass
Ragdoll_182,ragdoll,cat,0.9,0.4338,british_shorthair,False,cat,True,within_superclass
Ragdoll_182,ragdoll,cat,1.0,0.4437,british_shorthair,False,cat,True,within_superclass
japanese_chin_117,japanese_chin,dog,0.0,0.0,japanese_chin,True,dog,True,correct
japanese_chin_117,japanese_chin,dog,0.1,0.1123,japanese_chin,True,dog,True,correct
japanese_chin_117,japanese_chin,dog,0.2,0.306,japanese_chin,True,dog,True,correct
japanese_chin_117,japanese_chin,dog,0.3,0.3078,japanese_chin,True,dog,True,correct
japanese_chin_117,japanese_chin,dog,0.4,0.2977,japanese_chin,True,dog,True,correct
japanese_chin_117,japanese_chin,dog,0.5,0.4085,havanese,False,dog,True,within_superclass
japanese_chin_117,japanese_chin,dog,0.6,0.5081,boxer,False,dog,True,within_superclass
japanese_chin_117,japanese_chin,dog,0.7,0.5254,boxer,False,dog,True,within_superclass
japanese_chin_117,japanese_chin,dog,0.8,0.5363,bombay,False,dog,True,within_superclass
japanese_chin_117,japanese_chin,dog,0.9,0.5504,bombay,False,dog,True,within_superclass
japanese_chin_117,japanese_chin,dog,1.0,0.5608,bombay,False,dog,True,within_superclass
keeshond_127,keeshond,dog,0.0,0.0,keeshond,True,dog,True,correct
keeshond_127,keeshond,dog,0.1,0.0888,keeshond,True,dog,True,correct
keeshond_127,keeshond,dog,0.2,0.1972,keeshond,True,dog,True,correct
keeshond_127,keeshond,dog,0.3,0.2559,english_setter,False,dog,True,within_superclass
keeshond_127,keeshond,dog,0.4,0.2753,english_setter,False,dog,True,within_superclass
keeshond_127,keeshond,dog,0.5,0.3348,staffordshire_bull_terrier,False,dog,True,within_superclass
keeshond_127,keeshond,dog,0.6,0.4421,staffordshire_bull_terrier,False,dog,True,within_superclass
keeshond_127,keeshond,dog,0.7,0.4813,german_shorthaired,False,dog,True,within_superclass
keeshond_127,keeshond,dog,0.8,0.4915,german_shorthaired,False,dog,True,within_superclass
keeshond_127,keeshond,dog,0.9,0.5018,german_shorthaired,False,dog,True,within_superclass
keeshond_127,keeshond,dog,1.0,0.4989,newfoundland,False,dog,True,within_superclass
Maine_Coon_159,maine_coon,cat,0.0,0.0,maine_coon,True,cat,True,correct
Maine_Coon_159,maine_coon,cat,0.1,0.0941,maine_coon,True,cat,True,correct
Maine_Coon_159,maine_coon,cat,0.2,0.2554,maine_coon,True,cat,True,correct
Maine_Coon_159,maine_coon,cat,0.3,0.2418,maine_coon,True,cat,True,correct
Maine_Coon_159,maine_coon,cat,0.4,0.2638,maine_coon,True,cat,True,correct
Maine_Coon_159,maine_coon,cat,0.5,0.3456,shiba_inu,False,cat,True,within_superclass
Maine_Coon_159,maine_coon,cat,0.6,0.4049,shiba_inu,False,cat,True,within_superclass
Maine_Coon_159,maine_coon,cat,0.7,0.4398,wheaten_terrier,False,cat,True,within_superclass
Maine_Coon_159,maine_coon,cat,0.8,0.4699,wheaten_terrier,False,cat,True,within_superclass
Maine_Coon_159,maine_coon,cat,0.9,0.4851,wheaten_terrier,False,dog,False,cross_superclass
Maine_Coon_159,maine_coon,cat,1.0,0.4908,wheaten_terrier,False,dog,False,cross_superclass
Bengal_123,bengal,cat,0.0,0.0,bengal,True,cat,True,correct
Bengal_123,bengal,cat,0.1,0.1272,egyptian_mau,False,cat,True,within_superclass
Bengal_123,bengal,cat,0.2,0.2394,egyptian_mau,False,cat,True,within_superclass
Bengal_123,bengal,cat,0.3,0.2542,maine_coon,False,cat,True,within_superclass
Bengal_123,bengal,cat,0.4,0.3041,british_shorthair,False,cat,True,within_superclass
Bengal_123,bengal,cat,0.5,0.3688,british_shorthair,False,cat,True,within_superclass
Bengal_123,bengal,cat,0.6,0.4017,british_shorthair,False,cat,True,within_superclass
Bengal_123,bengal,cat,0.7,0.4252,british_shorthair,False,dog,False,cross_superclass
Bengal_123,bengal,cat,0.8,0.4651,german_shorthaired,False,dog,False,cross_superclass
Bengal_123,bengal,cat,0.9,0.4925,german_shorthaired,False,dog,False,cross_superclass
Bengal_123,bengal,cat,1.0,0.5129,german_shorthaired,False,dog,False,cross_superclass
english_cocker_spaniel_12,english_cocker_spaniel,dog,0.0,0.0,english_setter,False,dog,True,within_superclass
english_cocker_spaniel_12,english_cocker_spaniel,dog,0.1,0.1654,basset_hound,False,dog,True,within_superclass
english_cocker_spaniel_12,english_cocker_spaniel,dog,0.2,0.1989,basset_hound,False,dog,True,within_superclass
english_cocker_spaniel_12,english_cocker_spaniel,dog,0.3,0.2013,beagle,False,dog,True,within_superclass
english_cocker_spaniel_12,english_cocker_spaniel,dog,0.4,0.2091,english_cocker_spaniel,True,dog,True,correct
english_cocker_spaniel_12,english_cocker_spaniel,dog,0.5,0.2701,english_cocker_spaniel,True,dog,True,correct
english_cocker_spaniel_12,english_cocker_spaniel,dog,0.6,0.3106,great_pyrenees,False,dog,True,within_superclass
english_cocker_spaniel_12,english_cocker_spaniel,dog,0.7,0.3708,yorkshire_terrier,False,dog,True,within_superclass
english_cocker_spaniel_12,english_cocker_spaniel,dog,0.8,0.4423,yorkshire_terrier,False,dog,True,within_superclass
english_cocker_spaniel_12,english_cocker_spaniel,dog,0.9,0.472,yorkshire_terrier,False,dog,True,within_superclass
english_cocker_spaniel_12,english_cocker_spaniel,dog,1.0,0.4757,yorkshire_terrier,False,dog,True,within_superclass
Abyssinian_107,abyssinian,cat,0.0,0.0,abyssinian,True,cat,True,correct
Abyssinian_107,abyssinian,cat,0.1,0.1075,abyssinian,True,cat,True,correct
Abyssinian_107,abyssinian,cat,0.2,0.2523,abyssinian,True,cat,True,correct
Abyssinian_107,abyssinian,cat,0.3,0.226,abyssinian,True,cat,True,correct
Abyssinian_107,abyssinian,cat,0.4,0.248,abyssinian,True,cat,True,correct
Abyssinian_107,abyssinian,cat,0.5,0.2593,abyssinian,True,cat,True,correct
Abyssinian_107,abyssinian,cat,0.6,0.3148,abyssinian,True,cat,True,correct
Abyssinian_107,abyssinian,cat,0.7,0.3911,abyssinian,True,cat,True,correct
Abyssinian_107,abyssinian,cat,0.8,0.4235,persian,False,dog,False,cross_superclass
Abyssinian_107,abyssinian,cat,0.9,0.4381,persian,False,dog,False,cross_superclass
Abyssinian_107,abyssinian,cat,1.0,0.4452,bombay,False,dog,False,cross_superclass
havanese_180,havanese,dog,0.0,0.0,havanese,True,dog,True,correct
havanese_180,havanese,dog,0.1,0.1233,havanese,True,dog,True,correct
havanese_180,havanese,dog,0.2,0.2458,havanese,True,dog,True,correct
havanese_180,havanese,dog,0.3,0.2296,havanese,True,dog,True,correct
havanese_180,havanese,dog,0.4,0.305,english_setter,False,dog,True,within_superclass
havanese_180,havanese,dog,0.5,0.3789,saint_bernard,False,dog,True,within_superclass
havanese_180,havanese,dog,0.6,0.4199,japanese_chin,False,cat,False,cross_superclass
havanese_180,havanese,dog,0.7,0.4382,japanese_chin,False,cat,False,cross_superclass
havanese_180,havanese,dog,0.8,0.444,japanese_chin,False,cat,False,cross_superclass
havanese_180,havanese,dog,0.9,0.4594,birman,False,cat,False,cross_superclass
havanese_180,havanese,dog,1.0,0.465,birman,False,cat,False,cross_superclass
havanese_166,havanese,dog,0.0,0.0,wheaten_terrier,False,dog,True,within_superclass
havanese_166,havanese,dog,0.1,0.1444,wheaten_terrier,False,dog,True,within_superclass
havanese_166,havanese,dog,0.2,0.24,wheaten_terrier,False,dog,True,within_superclass
havanese_166,havanese,dog,0.3,0.2811,samoyed,False,dog,True,within_superclass
havanese_166,havanese,dog,0.4,0.3631,pomeranian,False,dog,True,within_superclass
havanese_166,havanese,dog,0.5,0.4155,pomeranian,False,dog,True,within_superclass
havanese_166,havanese,dog,0.6,0.4337,pomeranian,False,dog,True,within_superclass
havanese_166,havanese,dog,0.7,0.4313,pomeranian,False,dog,True,within_superclass
havanese_166,havanese,dog,0.8,0.429,pomeranian,False,dog,True,within_superclass
havanese_166,havanese,dog,0.9,0.4281,pomeranian,False,dog,True,within_superclass
havanese_166,havanese,dog,1.0,0.4314,pomeranian,False,dog,True,within_superclass
Russian_Blue_113,russian_blue,cat,0.0,0.0,russian_blue,True,cat,True,correct
Russian_Blue_113,russian_blue,cat,0.1,0.0939,russian_blue,True,cat,True,correct
Russian_Blue_113,russian_blue,cat,0.2,0.1943,russian_blue,True,cat,True,correct
Russian_Blue_113,russian_blue,cat,0.3,0.2206,russian_blue,True,cat,True,correct
Russian_Blue_113,russian_blue,cat,0.4,0.3186,russian_blue,True,cat,True,correct
Russian_Blue_113,russian_blue,cat,0.5,0.3832,russian_blue,True,cat,True,correct
Russian_Blue_113,russian_blue,cat,0.6,0.4294,miniature_pinscher,False,cat,True,within_superclass
Russian_Blue_113,russian_blue,cat,0.7,0.4562,chihuahua,False,dog,False,cross_superclass
Russian_Blue_113,russian_blue,cat,0.8,0.4719,chihuahua,False,dog,False,cross_superclass
Russian_Blue_113,russian_blue,cat,0.9,0.4867,chihuahua,False,dog,False,cross_superclass
Russian_Blue_113,russian_blue,cat,1.0,0.4989,chihuahua,False,dog,False,cross_superclass
newfoundland_122,newfoundland,dog,0.0,0.0,newfoundland,True,dog,True,correct
newfoundland_122,newfoundland,dog,0.1,0.0665,leonberger,False,dog,True,within_superclass
newfoundland_122,newfoundland,dog,0.2,0.2191,leonberger,False,dog,True,within_superclass
newfoundland_122,newfoundland,dog,0.3,0.2228,leonberger,False,dog,True,within_superclass
newfoundland_122,newfoundland,dog,0.4,0.2119,newfoundland,True,dog,True,correct
newfoundland_122,newfoundland,dog,0.5,0.2402,newfoundland,True,dog,True,correct
newfoundland_122,newfoundland,dog,0.6,0.2819,newfoundland,True,dog,True,correct
newfoundland_122,newfoundland,dog,0.7,0.313,newfoundland,True,dog,True,correct
newfoundland_122,newfoundland,dog,0.8,0.3371,newfoundland,True,dog,True,correct
newfoundland_122,newfoundland,dog,0.9,0.3729,newfoundland,True,dog,True,correct
newfoundland_122,newfoundland,dog,1.0,0.408,newfoundland,True,dog,True,correct
english_cocker_spaniel_153,english_cocker_spaniel,dog,0.0,0.0,english_cocker_spaniel,True,dog,True,correct
english_cocker_spaniel_153,english_cocker_spaniel,dog,0.1,0.1585,english_cocker_spaniel,True,dog,True,correct
english_cocker_spaniel_153,english_cocker_spaniel,dog,0.2,0.2594,english_cocker_spaniel,True,dog,True,correct
english_cocker_spaniel_153,english_cocker_spaniel,dog,0.3,0.2068,english_cocker_spaniel,True,dog,True,correct
english_cocker_spaniel_153,english_cocker_spaniel,dog,0.4,0.3989,english_cocker_spaniel,True,dog,True,correct
english_cocker_spaniel_153,english_cocker_spaniel,dog,0.5,0.4607,english_cocker_spaniel,True,dog,True,correct
english_cocker_spaniel_153,english_cocker_spaniel,dog,0.6,0.4672,english_cocker_spaniel,True,dog,True,correct
english_cocker_spaniel_153,english_cocker_spaniel,dog,0.7,0.4736,boxer,False,dog,True,within_superclass
english_cocker_spaniel_153,english_cocker_spaniel,dog,0.8,0.4905,boxer,False,dog,True,within_superclass
english_cocker_spaniel_153,english_cocker_spaniel,dog,0.9,0.5108,boxer,False,dog,True,within_superclass
english_cocker_spaniel_153,english_cocker_spaniel,dog,1.0,0.5272,boxer,False,dog,True,within_superclass
wheaten_terrier_176,wheaten_terrier,dog,0.0,0.0,wheaten_terrier,True,dog,True,correct
wheaten_terrier_176,wheaten_terrier,dog,0.1,0.0788,wheaten_terrier,True,dog,True,correct
wheaten_terrier_176,wheaten_terrier,dog,0.2,0.2774,wheaten_terrier,True,dog,True,correct
wheaten_terrier_176,wheaten_terrier,dog,0.3,0.275,great_pyrenees,False,dog,True,within_superclass
wheaten_terrier_176,wheaten_terrier,dog,0.4,0.3631,great_pyrenees,False,dog,True,within_superclass
wheaten_terrier_176,wheaten_terrier,dog,0.5,0.4365,persian,False,dog,True,within_superclass
wheaten_terrier_176,wheaten_terrier,dog,0.6,0.4779,persian,False,dog,True,within_superclass
wheaten_terrier_176,wheaten_terrier,dog,0.7,0.4914,persian,False,dog,True,within_superclass
wheaten_terrier_176,wheaten_terrier,dog,0.8,0.5044,persian,False,dog,True,within_superclass
wheaten_terrier_176,wheaten_terrier,dog,0.9,0.5037,persian,False,dog,True,within_superclass
wheaten_terrier_176,wheaten_terrier,dog,1.0,0.5088,persian,False,dog,True,within_superclass
japanese_chin_170,japanese_chin,dog,0.0,0.0,japanese_chin,True,dog,True,correct
japanese_chin_170,japanese_chin,dog,0.1,0.0884,japanese_chin,True,dog,True,correct
japanese_chin_170,japanese_chin,dog,0.2,0.1798,japanese_chin,True,dog,True,correct
japanese_chin_170,japanese_chin,dog,0.3,0.1974,japanese_chin,True,dog,True,correct
japanese_chin_170,japanese_chin,dog,0.4,0.226,japanese_chin,True,dog,True,correct
japanese_chin_170,japanese_chin,dog,0.5,0.2493,japanese_chin,True,dog,True,correct
japanese_chin_170,japanese_chin,dog,0.6,0.2897,japanese_chin,True,dog,True,correct
japanese_chin_170,japanese_chin,dog,0.7,0.3332,japanese_chin,True,dog,True,correct
japanese_chin_170,japanese_chin,dog,0.8,0.369,japanese_chin,True,dog,True,correct
japanese_chin_170,japanese_chin,dog,0.9,0.4,shiba_inu,False,dog,True,within_superclass
japanese_chin_170,japanese_chin,dog,1.0,0.4161,shiba_inu,False,dog,True,within_superclass
pomeranian_183,pomeranian,dog,0.0,0.0,pomeranian,True,dog,True,correct
pomeranian_183,pomeranian,dog,0.1,0.1978,pomeranian,True,dog,True,correct
pomeranian_183,pomeranian,dog,0.2,0.2027,pomeranian,True,dog,True,correct
pomeranian_183,pomeranian,dog,0.3,0.3867,pomeranian,True,dog,True,correct
pomeranian_183,pomeranian,dog,0.4,0.4573,yorkshire_terrier,False,dog,True,within_superclass
pomeranian_183,pomeranian,dog,0.5,0.4592,yorkshire_terrier,False,dog,True,within_superclass
pomeranian_183,pomeranian,dog,0.6,0.4805,yorkshire_terrier,False,dog,True,within_superclass
pomeranian_183,pomeranian,dog,0.7,0.5182,yorkshire_terrier,False,dog,True,within_superclass
pomeranian_183,pomeranian,dog,0.8,0.5378,yorkshire_terrier,False,dog,True,within_superclass
pomeranian_183,pomeranian,dog,0.9,0.545,yorkshire_terrier,False,dog,True,within_superclass
pomeranian_183,pomeranian,dog,1.0,0.545,yorkshire_terrier,False,dog,True,within_superclass
english_setter_119,english_setter,dog,0.0,0.0,english_setter,True,dog,True,correct
english_setter_119,english_setter,dog,0.1,0.1152,english_setter,True,dog,True,correct
english_setter_119,english_setter,dog,0.2,0.1909,english_setter,True,dog,True,correct
english_setter_119,english_setter,dog,0.3,0.2081,beagle,False,dog,True,within_superclass
english_setter_119,english_setter,dog,0.4,0.331,beagle,False,cat,False,cross_superclass
english_setter_119,english_setter,dog,0.5,0.4028,shiba_inu,False,cat,False,cross_superclass
english_setter_119,english_setter,dog,0.6,0.4224,shiba_inu,False,dog,True,within_superclass
english_setter_119,english_setter,dog,0.7,0.4314,shiba_inu,False,dog,True,within_superclass
english_setter_119,english_setter,dog,0.8,0.4502,shiba_inu,False,dog,True,within_superclass
english_setter_119,english_setter,dog,0.9,0.4694,shiba_inu,False,dog,True,within_superclass
english_setter_119,english_setter,dog,1.0,0.4743,shiba_inu,False,dog,True,within_superclass
german_shorthaired_175,german_shorthaired,dog,0.0,0.0,german_shorthaired,True,dog,True,correct
german_shorthaired_175,german_shorthaired,dog,0.1,0.062,german_shorthaired,True,dog,True,correct
german_shorthaired_175,german_shorthaired,dog,0.2,0.2071,german_shorthaired,True,dog,True,correct
german_shorthaired_175,german_shorthaired,dog,0.3,0.2079,german_shorthaired,True,dog,True,correct
german_shorthaired_175,german_shorthaired,dog,0.4,0.2133,german_shorthaired,True,dog,True,correct
german_shorthaired_175,german_shorthaired,dog,0.5,0.2291,german_shorthaired,True,dog,True,correct
german_shorthaired_175,german_shorthaired,dog,0.6,0.253,german_shorthaired,True,dog,True,correct
german_shorthaired_175,german_shorthaired,dog,0.7,0.2736,german_shorthaired,True,dog,True,correct
german_shorthaired_175,german_shorthaired,dog,0.8,0.3326,german_shorthaired,True,dog,True,correct
german_shorthaired_175,german_shorthaired,dog,0.9,0.4048,german_shorthaired,True,dog,True,correct
german_shorthaired_175,german_shorthaired,dog,1.0,0.447,pug,False,dog,True,within_superclass
boxer_125,boxer,dog,0.0,0.0,boxer,True,dog,True,correct
boxer_125,boxer,dog,0.1,0.1097,boxer,True,dog,True,correct
boxer_125,boxer,dog,0.2,0.2183,boxer,True,dog,True,correct
boxer_125,boxer,dog,0.3,0.1913,boxer,True,dog,True,correct
boxer_125,boxer,dog,0.4,0.2202,miniature_pinscher,False,dog,True,within_superclass
boxer_125,boxer,dog,0.5,0.2828,miniature_pinscher,False,dog,True,within_superclass
boxer_125,boxer,dog,0.6,0.344,miniature_pinscher,False,dog,True,within_superclass
boxer_125,boxer,dog,0.7,0.4146,german_shorthaired,False,dog,True,within_superclass
boxer_125,boxer,dog,0.8,0.4461,german_shorthaired,False,dog,True,within_superclass
boxer_125,boxer,dog,0.9,0.4605,boxer,True,dog,True,correct
boxer_125,boxer,dog,1.0,0.4682,boxer,True,dog,True,correct
keeshond_124,keeshond,dog,0.0,0.0,keeshond,True,dog,True,correct
keeshond_124,keeshond,dog,0.1,0.0862,keeshond,True,dog,True,correct
keeshond_124,keeshond,dog,0.2,0.1718,keeshond,True,dog,True,correct
keeshond_124,keeshond,dog,0.3,0.1528,keeshond,True,dog,True,correct
keeshond_124,keeshond,dog,0.4,0.2147,keeshond,True,dog,True,correct
keeshond_124,keeshond,dog,0.5,0.277,keeshond,True,dog,True,correct
keeshond_124,keeshond,dog,0.6,0.346,pomeranian,False,dog,True,within_superclass
keeshond_124,keeshond,dog,0.7,0.3835,pomeranian,False,dog,True,within_superclass
keeshond_124,keeshond,dog,0.8,0.4162,pomeranian,False,dog,True,within_superclass
keeshond_124,keeshond,dog,0.9,0.4365,pomeranian,False,dog,True,within_superclass
keeshond_124,keeshond,dog,1.0,0.4478,havanese,False,dog,True,within_superclass
Sphynx_173,sphynx,cat,0.0,0.0,sphynx,True,cat,True,correct
Sphynx_173,sphynx,cat,0.1,0.1246,sphynx,True,cat,True,correct
Sphynx_173,sphynx,cat,0.2,0.2801,egyptian_mau,False,cat,True,within_superclass
Sphynx_173,sphynx,cat,0.3,0.25,egyptian_mau,False,cat,True,within_superclass
Sphynx_173,sphynx,cat,0.4,0.269,egyptian_mau,False,cat,True,within_superclass
Sphynx_173,sphynx,cat,0.5,0.3147,egyptian_mau,False,cat,True,within_superclass
Sphynx_173,sphynx,cat,0.6,0.3474,egyptian_mau,False,cat,True,within_superclass
Sphynx_173,sphynx,cat,0.7,0.359,egyptian_mau,False,cat,True,within_superclass
Sphynx_173,sphynx,cat,0.8,0.386,egyptian_mau,False,cat,True,within_superclass
Sphynx_173,sphynx,cat,0.9,0.4229,egyptian_mau,False,cat,True,within_superclass
Sphynx_173,sphynx,cat,1.0,0.4604,birman,False,cat,True,within_superclass
boxer_112,boxer,dog,0.0,0.0,boxer,True,dog,True,correct
boxer_112,boxer,dog,0.1,0.1006,boxer,True,dog,True,correct
boxer_112,boxer,dog,0.2,0.3042,boxer,True,dog,True,correct
boxer_112,boxer,dog,0.3,0.3801,staffordshire_bull_terrier,False,dog,True,within_superclass
boxer_112,boxer,dog,0.4,0.404,wheaten_terrier,False,dog,True,within_superclass
boxer_112,boxer,dog,0.5,0.4355,boxer,True,dog,True,correct
boxer_112,boxer,dog,0.6,0.4327,boxer,True,dog,True,correct
boxer_112,boxer,dog,0.7,0.4374,boxer,True,dog,True,correct
boxer_112,boxer,dog,0.8,0.4425,boxer,True,dog,True,correct
boxer_112,boxer,dog,0.9,0.4427,boxer,True,dog,True,correct
boxer_112,boxer,dog,1.0,0.448,shiba_inu,False,dog,True,within_superclass
shiba_inu_141,shiba_inu,dog,0.0,0.0,shiba_inu,True,dog,True,correct
shiba_inu_141,shiba_inu,dog,0.1,0.0777,shiba_inu,True,dog,True,correct
shiba_inu_141,shiba_inu,dog,0.2,0.1622,shiba_inu,True,dog,True,correct
shiba_inu_141,shiba_inu,dog,0.3,0.1578,shiba_inu,True,dog,True,correct
shiba_inu_141,shiba_inu,dog,0.4,0.2106,shiba_inu,True,dog,True,correct
shiba_inu_141,shiba_inu,dog,0.5,0.3236,shiba_inu,True,dog,True,correct
shiba_inu_141,shiba_inu,dog,0.6,0.4243,shiba_inu,True,dog,True,correct
shiba_inu_141,shiba_inu,dog,0.7,0.4547,pomeranian,False,dog,True,within_superclass
shiba_inu_141,shiba_inu,dog,0.8,0.4672,pomeranian,False,dog,True,within_superclass
shiba_inu_141,shiba_inu,dog,0.9,0.4734,pomeranian,False,dog,True,within_superclass
shiba_inu_141,shiba_inu,dog,1.0,0.4778,pomeranian,False,dog,True,within_superclass
yorkshire_terrier_149,yorkshire_terrier,dog,0.0,0.0,yorkshire_terrier,True,dog,True,correct
yorkshire_terrier_149,yorkshire_terrier,dog,0.1,0.1845,yorkshire_terrier,True,dog,True,correct
yorkshire_terrier_149,yorkshire_terrier,dog,0.2,0.2277,yorkshire_terrier,True,dog,True,correct
yorkshire_terrier_149,yorkshire_terrier,dog,0.3,0.3359,yorkshire_terrier,True,dog,True,correct
yorkshire_terrier_149,yorkshire_terrier,dog,0.4,0.44,boxer,False,dog,True,within_superclass
yorkshire_terrier_149,yorkshire_terrier,dog,0.5,0.4848,boxer,False,dog,True,within_superclass
yorkshire_terrier_149,yorkshire_terrier,dog,0.6,0.4983,boxer,False,dog,True,within_superclass
yorkshire_terrier_149,yorkshire_terrier,dog,0.7,0.5035,boxer,False,dog,True,within_superclass
yorkshire_terrier_149,yorkshire_terrier,dog,0.8,0.5039,boxer,False,dog,True,within_superclass
yorkshire_terrier_149,yorkshire_terrier,dog,0.9,0.5015,boxer,False,dog,True,within_superclass
yorkshire_terrier_149,yorkshire_terrier,dog,1.0,0.5113,boxer,False,dog,True,within_superclass
Sphynx_192,sphynx,cat,0.0,0.0,sphynx,True,cat,True,correct
Sphynx_192,sphynx,cat,0.1,0.1423,sphynx,True,cat,True,correct
Sphynx_192,sphynx,cat,0.2,0.2075,abyssinian,False,cat,True,within_superclass
Sphynx_192,sphynx,cat,0.3,0.259,sphynx,True,cat,True,correct
Sphynx_192,sphynx,cat,0.4,0.3046,sphynx,True,dog,False,correct
Sphynx_192,sphynx,cat,0.5,0.3191,sphynx,True,dog,False,correct
Sphynx_192,sphynx,cat,0.6,0.3332,american_bulldog,False,dog,False,cross_superclass
Sphynx_192,sphynx,cat,0.7,0.3532,american_bulldog,False,dog,False,cross_superclass
Sphynx_192,sphynx,cat,0.8,0.3926,chihuahua,False,dog,False,cross_superclass
Sphynx_192,sphynx,cat,0.9,0.4238,chihuahua,False,dog,False,cross_superclass
Sphynx_192,sphynx,cat,1.0,0.4357,chihuahua,False,dog,False,cross_superclass
great_pyrenees_157,great_pyrenees,dog,0.0,0.0,great_pyrenees,True,dog,True,correct
great_pyrenees_157,great_pyrenees,dog,0.1,0.0943,great_pyrenees,True,dog,True,correct
great_pyrenees_157,great_pyrenees,dog,0.2,0.1809,great_pyrenees,True,dog,True,correct
great_pyrenees_157,great_pyrenees,dog,0.3,0.233,great_pyrenees,True,dog,True,correct
great_pyrenees_157,great_pyrenees,dog,0.4,0.2848,great_pyrenees,True,dog,True,correct
great_pyrenees_157,great_pyrenees,dog,0.5,0.3098,great_pyrenees,True,dog,True,correct
great_pyrenees_157,great_pyrenees,dog,0.6,0.3483,great_pyrenees,True,dog,True,correct
great_pyrenees_157,great_pyrenees,dog,0.7,0.3647,great_pyrenees,True,dog,True,correct
great_pyrenees_157,great_pyrenees,dog,0.8,0.3908,great_pyrenees,True,dog,True,correct
great_pyrenees_157,great_pyrenees,dog,0.9,0.4033,great_pyrenees,True,dog,True,correct
great_pyrenees_157,great_pyrenees,dog,1.0,0.422,great_pyrenees,True,dog,True,correct
boxer_135,boxer,dog,0.0,0.0,pug,False,dog,True,within_superclass
boxer_135,boxer,dog,0.1,0.0766,pug,False,dog,True,within_superclass
boxer_135,boxer,dog,0.2,0.1578,pug,False,dog,True,within_superclass
boxer_135,boxer,dog,0.3,0.1444,pug,False,dog,True,within_superclass
boxer_135,boxer,dog,0.4,0.2087,staffordshire_bull_terrier,False,dog,True,within_superclass
boxer_135,boxer,dog,0.5,0.2739,boxer,True,dog,True,correct
boxer_135,boxer,dog,0.6,0.2994,boxer,True,dog,True,correct
boxer_135,boxer,dog,0.7,0.3151,boxer,True,cat,False,correct
boxer_135,boxer,dog,0.8,0.3276,boxer,True,dog,True,correct
boxer_135,boxer,dog,0.9,0.3246,boxer,True,dog,True,correct
boxer_135,boxer,dog,1.0,0.3329,yorkshire_terrier,False,dog,True,within_superclass
saint_bernard_150,saint_bernard,dog,0.0,0.0,saint_bernard,True,dog,True,correct
saint_bernard_150,saint_bernard,dog,0.1,0.0721,saint_bernard,True,dog,True,correct
saint_bernard_150,saint_bernard,dog,0.2,0.2134,saint_bernard,True,dog,True,correct
saint_bernard_150,saint_bernard,dog,0.3,0.2067,saint_bernard,True,dog,True,correct
saint_bernard_150,saint_bernard,dog,0.4,0.2328,english_setter,False,dog,True,within_superclass
saint_bernard_150,saint_bernard,dog,0.5,0.3335,english_setter,False,dog,True,within_superclass
saint_bernard_150,saint_bernard,dog,0.6,0.4221,english_setter,False,dog,True,within_superclass
saint_bernard_150,saint_bernard,dog,0.7,0.4457,pug,False,dog,True,within_superclass
saint_bernard_150,saint_bernard,dog,0.8,0.4636,pug,False,dog,True,within_superclass
saint_bernard_150,saint_bernard,dog,0.9,0.472,german_shorthaired,False,dog,True,within_superclass
saint_bernard_150,saint_bernard,dog,1.0,0.4869,german_shorthaired,False,dog,True,within_superclass
chihuahua_110,chihuahua,dog,0.0,0.0,chihuahua,True,dog,True,correct
chihuahua_110,chihuahua,dog,0.1,0.2084,chihuahua,True,dog,True,correct
chihuahua_110,chihuahua,dog,0.2,0.3808,pug,False,dog,True,within_superclass
chihuahua_110,chihuahua,dog,0.3,0.3943,british_shorthair,False,dog,True,within_superclass
chihuahua_110,chihuahua,dog,0.4,0.4406,birman,False,cat,False,cross_superclass
chihuahua_110,chihuahua,dog,0.5,0.4541,british_shorthair,False,cat,False,cross_superclass
chihuahua_110,chihuahua,dog,0.6,0.4585,british_shorthair,False,cat,False,cross_superclass
chihuahua_110,chihuahua,dog,0.7,0.4739,british_shorthair,False,cat,False,cross_superclass
chihuahua_110,chihuahua,dog,0.8,0.4955,british_shorthair,False,cat,False,cross_superclass
chihuahua_110,chihuahua,dog,0.9,0.5298,bengal,False,cat,False,cross_superclass
chihuahua_110,chihuahua,dog,1.0,0.5445,bengal,False,cat,False,cross_superclass
scottish_terrier_142,scottish_terrier,dog,0.0,0.0,scottish_terrier,True,dog,True,correct
scottish_terrier_142,scottish_terrier,dog,0.1,0.0461,scottish_terrier,True,dog,True,correct
scottish_terrier_142,scottish_terrier,dog,0.2,0.2496,scottish_terrier,True,dog,True,correct
scottish_terrier_142,scottish_terrier,dog,0.3,0.3024,german_shorthaired,False,dog,True,within_superclass
scottish_terrier_142,scottish_terrier,dog,0.4,0.3462,german_shorthaired,False,dog,True,within_superclass
scottish_terrier_142,scottish_terrier,dog,0.5,0.3555,scottish_terrier,True,dog,True,correct
scottish_terrier_142,scottish_terrier,dog,0.6,0.3761,scottish_terrier,True,cat,False,correct
scottish_terrier_142,scottish_terrier,dog,0.7,0.4073,scottish_terrier,True,cat,False,correct
scottish_terrier_142,scottish_terrier,dog,0.8,0.4045,scottish_terrier,True,cat,False,correct
scottish_terrier_142,scottish_terrier,dog,0.9,0.4088,british_shorthair,False,cat,False,cross_superclass
scottish_terrier_142,scottish_terrier,dog,1.0,0.4156,british_shorthair,False,cat,False,cross_superclass
Bengal_182,bengal,cat,0.0,0.0,abyssinian,False,cat,True,within_superclass
Bengal_182,bengal,cat,0.1,0.0454,abyssinian,False,cat,True,within_superclass
Bengal_182,bengal,cat,0.2,0.2,egyptian_mau,False,cat,True,within_superclass
Bengal_182,bengal,cat,0.3,0.2895,egyptian_mau,False,cat,True,within_superclass
Bengal_182,bengal,cat,0.4,0.2582,abyssinian,False,cat,True,within_superclass
Bengal_182,bengal,cat,0.5,0.2533,abyssinian,False,cat,True,within_superclass
Bengal_182,bengal,cat,0.6,0.3357,abyssinian,False,cat,True,within_superclass
Bengal_182,bengal,cat,0.7,0.3893,shiba_inu,False,cat,True,within_superclass
Bengal_182,bengal,cat,0.8,0.4121,shiba_inu,False,cat,True,within_superclass
Bengal_182,bengal,cat,0.9,0.4438,miniature_pinscher,False,dog,False,cross_superclass
Bengal_182,bengal,cat,1.0,0.4565,miniature_pinscher,False,dog,False,cross_superclass
Egyptian_Mau_174,egyptian_mau,cat,0.0,0.0,egyptian_mau,True,cat,True,correct
Egyptian_Mau_174,egyptian_mau,cat,0.1,0.0693,egyptian_mau,True,cat,True,correct
Egyptian_Mau_174,egyptian_mau,cat,0.2,0.1517,egyptian_mau,True,cat,True,correct
Egyptian_Mau_174,egyptian_mau,cat,0.3,0.2369,egyptian_mau,True,cat,True,correct
Egyptian_Mau_174,egyptian_mau,cat,0.4,0.2479,egyptian_mau,True,cat,True,correct
Egyptian_Mau_174,egyptian_mau,cat,0.5,0.3009,russian_blue,False,cat,True,within_superclass
Egyptian_Mau_174,egyptian_mau,cat,0.6,0.4445,pug,False,cat,True,within_superclass
Egyptian_Mau_174,egyptian_mau,cat,0.7,0.4655,pug,False,dog,False,cross_superclass
Egyptian_Mau_174,egyptian_mau,cat,0.8,0.4881,pug,False,dog,False,cross_superclass
Egyptian_Mau_174,egyptian_mau,cat,0.9,0.4957,pug,False,dog,False,cross_superclass
Egyptian_Mau_174,egyptian_mau,cat,1.0,0.5132,miniature_pinscher,False,dog,False,cross_superclass
great_pyrenees_132,great_pyrenees,dog,0.0,0.0,great_pyrenees,True,dog,True,correct
great_pyrenees_132,great_pyrenees,dog,0.1,0.154,great_pyrenees,True,dog,True,correct
great_pyrenees_132,great_pyrenees,dog,0.2,0.2449,great_pyrenees,True,dog,True,correct
great_pyrenees_132,great_pyrenees,dog,0.3,0.2633,great_pyrenees,True,dog,True,correct
great_pyrenees_132,great_pyrenees,dog,0.4,0.3256,great_pyrenees,True,dog,True,correct
great_pyrenees_132,great_pyrenees,dog,0.5,0.4284,havanese,False,dog,True,within_superclass
great_pyrenees_132,great_pyrenees,dog,0.6,0.4634,birman,False,dog,True,within_superclass
great_pyrenees_132,great_pyrenees,dog,0.7,0.4806,shiba_inu,False,dog,True,within_superclass
great_pyrenees_132,great_pyrenees,dog,0.8,0.4902,shiba_inu,False,dog,True,within_superclass
great_pyrenees_132,great_pyrenees,dog,0.9,0.4964,miniature_pinscher,False,dog,True,within_superclass
great_pyrenees_132,great_pyrenees,dog,1.0,0.4999,miniature_pinscher,False,dog,True,within_superclass
samoyed_127,samoyed,dog,0.0,0.0,samoyed,True,dog,True,correct
samoyed_127,samoyed,dog,0.1,0.1076,samoyed,True,dog,True,correct
samoyed_127,samoyed,dog,0.2,0.1951,samoyed,True,dog,True,correct
samoyed_127,samoyed,dog,0.3,0.1935,samoyed,True,dog,True,correct
samoyed_127,samoyed,dog,0.4,0.2964,samoyed,True,dog,True,correct
samoyed_127,samoyed,dog,0.5,0.3973,samoyed,True,dog,True,correct
samoyed_127,samoyed,dog,0.6,0.4389,samoyed,True,cat,False,correct
samoyed_127,samoyed,dog,0.7,0.4595,samoyed,True,cat,False,correct
samoyed_127,samoyed,dog,0.8,0.4739,samoyed,True,dog,True,correct
samoyed_127,samoyed,dog,0.9,0.4939,samoyed,True,dog,True,correct
samoyed_127,samoyed,dog,1.0,0.5049,samoyed,True,dog,True,correct
american_pit_bull_terrier_176,american_pit_bull_terrier,dog,0.0,0.0,american_pit_bull_terrier,True,dog,True,correct
american_pit_bull_terrier_176,american_pit_bull_terrier,dog,0.1,0.1378,staffordshire_bull_terrier,False,dog,True,within_superclass
american_pit_bull_terrier_176,american_pit_bull_terrier,dog,0.2,0.2692,staffordshire_bull_terrier,False,dog,True,within_superclass
american_pit_bull_terrier_176,american_pit_bull_terrier,dog,0.3,0.4129,newfoundland,False,dog,True,within_superclass
american_pit_bull_terrier_176,american_pit_bull_terrier,dog,0.4,0.4581,newfoundland,False,dog,True,within_superclass
american_pit_bull_terrier_176,american_pit_bull_terrier,dog,0.5,0.4346,german_shorthaired,False,dog,True,within_superclass
american_pit_bull_terrier_176,american_pit_bull_terrier,dog,0.6,0.4506,miniature_pinscher,False,dog,True,within_superclass
american_pit_bull_terrier_176,american_pit_bull_terrier,dog,0.7,0.4704,miniature_pinscher,False,dog,True,within_superclass
american_pit_bull_terrier_176,american_pit_bull_terrier,dog,0.8,0.4979,miniature_pinscher,False,dog,True,within_superclass
american_pit_bull_terrier_176,american_pit_bull_terrier,dog,0.9,0.5222,boxer,False,dog,True,within_superclass
american_pit_bull_terrier_176,american_pit_bull_terrier,dog,1.0,0.5465,boxer,False,dog,True,within_superclass
Sphynx_204,sphynx,cat,0.0,0.0,sphynx,True,cat,True,correct
Sphynx_204,sphynx,cat,0.1,0.1275,sphynx,True,cat,True,correct
Sphynx_204,sphynx,cat,0.2,0.2006,sphynx,True,cat,True,correct
Sphynx_204,sphynx,cat,0.3,0.2646,egyptian_mau,False,cat,True,within_superclass
Sphynx_204,sphynx,cat,0.4,0.2969,shiba_inu,False,cat,True,within_superclass
Sphynx_204,sphynx,cat,0.5,0.3344,shiba_inu,False,dog,False,cross_superclass
Sphynx_204,sphynx,cat,0.6,0.3512,shiba_inu,False,dog,False,cross_superclass
Sphynx_204,sphynx,cat,0.7,0.368,shiba_inu,False,dog,False,cross_superclass
Sphynx_204,sphynx,cat,0.8,0.3778,shiba_inu,False,dog,False,cross_superclass
Sphynx_204,sphynx,cat,0.9,0.3793,shiba_inu,False,dog,False,cross_superclass
Sphynx_204,sphynx,cat,1.0,0.3887,chihuahua,False,cat,True,within_superclass
samoyed_116,samoyed,dog,0.0,0.0,samoyed,True,dog,True,correct
samoyed_116,samoyed,dog,0.1,0.1029,samoyed,True,dog,True,correct
samoyed_116,samoyed,dog,0.2,0.1747,samoyed,True,dog,True,correct
samoyed_116,samoyed,dog,0.3,0.2394,great_pyrenees,False,dog,True,within_superclass
samoyed_116,samoyed,dog,0.4,0.3008,american_bulldog,False,dog,True,within_superclass
samoyed_116,samoyed,dog,0.5,0.3628,american_bulldog,False,dog,True,within_superclass
samoyed_116,samoyed,dog,0.6,0.4097,american_bulldog,False,dog,True,within_superclass
samoyed_116,samoyed,dog,0.7,0.4358,great_pyrenees,False,dog,True,within_superclass
samoyed_116,samoyed,dog,0.8,0.4477,birman,False,cat,False,cross_superclass
samoyed_116,samoyed,dog,0.9,0.4459,birman,False,cat,False,cross_superclass
samoyed_116,samoyed,dog,1.0,0.4479,birman,False,cat,False,cross_superclass
leonberger_158,leonberger,dog,0.0,0.0,keeshond,False,dog,True,within_superclass
leonberger_158,leonberger,dog,0.1,0.0915,keeshond,False,dog,True,within_superclass
leonberger_158,leonberger,dog,0.2,0.2529,keeshond,False,dog,True,within_superclass
leonberger_158,leonberger,dog,0.3,0.2501,leonberger,True,cat,False,correct
leonberger_158,leonberger,dog,0.4,0.2911,british_shorthair,False,cat,False,cross_superclass
leonberger_158,leonberger,dog,0.5,0.355,miniature_pinscher,False,dog,True,within_superclass
leonberger_158,leonberger,dog,0.6,0.3886,miniature_pinscher,False,dog,True,within_superclass
leonberger_158,leonberger,dog,0.7,0.406,boxer,False,dog,True,within_superclass
leonberger_158,leonberger,dog,0.8,0.4303,boxer,False,dog,True,within_superclass
leonberger_158,leonberger,dog,0.9,0.4484,boxer,False,dog,True,within_superclass
leonberger_158,leonberger,dog,1.0,0.463,boxer,False,dog,True,within_superclass
german_shorthaired_156,german_shorthaired,dog,0.0,0.0,german_shorthaired,True,dog,True,correct
german_shorthaired_156,german_shorthaired,dog,0.1,0.0668,german_shorthaired,True,dog,True,correct
german_shorthaired_156,german_shorthaired,dog,0.2,0.2645,german_shorthaired,True,dog,True,correct
german_shorthaired_156,german_shorthaired,dog,0.3,0.3715,german_shorthaired,True,dog,True,correct
german_shorthaired_156,german_shorthaired,dog,0.4,0.4607,german_shorthaired,True,dog,True,correct
german_shorthaired_156,german_shorthaired,dog,0.5,0.5057,ragdoll,False,dog,True,within_superclass
german_shorthaired_156,german_shorthaired,dog,0.6,0.5421,ragdoll,False,dog,True,within_superclass
german_shorthaired_156,german_shorthaired,dog,0.7,0.5495,boxer,False,dog,True,within_superclass
german_shorthaired_156,german_shorthaired,dog,0.8,0.5448,boxer,False,dog,True,within_superclass
german_shorthaired_156,german_shorthaired,dog,0.9,0.5357,boxer,False,dog,True,within_superclass
german_shorthaired_156,german_shorthaired,dog,1.0,0.5388,boxer,False,dog,True,within_superclass
British_Shorthair_176,british_shorthair,cat,0.0,0.0,russian_blue,False,cat,True,within_superclass
British_Shorthair_176,british_shorthair,cat,0.1,0.0746,british_shorthair,True,cat,True,correct
British_Shorthair_176,british_shorthair,cat,0.2,0.1734,russian_blue,False,cat,True,within_superclass
British_Shorthair_176,british_shorthair,cat,0.3,0.1871,russian_blue,False,cat,True,within_superclass
British_Shorthair_176,british_shorthair,cat,0.4,0.2462,british_shorthair,True,cat,True,correct
British_Shorthair_176,british_shorthair,cat,0.5,0.3359,british_shorthair,True,cat,True,correct
British_Shorthair_176,british_shorthair,cat,0.6,0.3908,british_shorthair,True,cat,True,correct
British_Shorthair_176,british_shorthair,cat,0.7,0.4209,british_shorthair,True,cat,True,correct
British_Shorthair_176,british_shorthair,cat,0.8,0.4303,british_shorthair,True,cat,True,correct
British_Shorthair_176,british_shorthair,cat,0.9,0.4309,british_shorthair,True,cat,True,correct
British_Shorthair_176,british_shorthair,cat,1.0,0.4351,british_shorthair,True,dog,False,correct
japanese_chin_177,japanese_chin,dog,0.0,0.0,japanese_chin,True,dog,True,correct
japanese_chin_177,japanese_chin,dog,0.1,0.1282,japanese_chin,True,dog,True,correct
japanese_chin_177,japanese_chin,dog,0.2,0.3186,japanese_chin,True,dog,True,correct
japanese_chin_177,japanese_chin,dog,0.3,0.2845,japanese_chin,True,dog,True,correct
japanese_chin_177,japanese_chin,dog,0.4,0.334,japanese_chin,True,dog,True,correct
japanese_chin_177,japanese_chin,dog,0.5,0.4263,miniature_pinscher,False,dog,True,within_superclass
japanese_chin_177,japanese_chin,dog,0.6,0.4852,miniature_pinscher,False,dog,True,within_superclass
japanese_chin_177,japanese_chin,dog,0.7,0.4974,boxer,False,dog,True,within_superclass
japanese_chin_177,japanese_chin,dog,0.8,0.5086,boxer,False,dog,True,within_superclass
japanese_chin_177,japanese_chin,dog,0.9,0.5285,boxer,False,dog,True,within_superclass
japanese_chin_177,japanese_chin,dog,1.0,0.5376,boxer,False,dog,True,within_superclass
miniature_pinscher_159,miniature_pinscher,dog,0.0,0.0,miniature_pinscher,True,dog,True,correct
miniature_pinscher_159,miniature_pinscher,dog,0.1,0.2485,miniature_pinscher,True,dog,True,correct
miniature_pinscher_159,miniature_pinscher,dog,0.2,0.31,miniature_pinscher,True,dog,True,correct
miniature_pinscher_159,miniature_pinscher,dog,0.3,0.3876,miniature_pinscher,True,dog,True,correct
miniature_pinscher_159,miniature_pinscher,dog,0.4,0.4448,miniature_pinscher,True,dog,True,correct
miniature_pinscher_159,miniature_pinscher,dog,0.5,0.4915,boxer,False,dog,True,within_superclass
miniature_pinscher_159,miniature_pinscher,dog,0.6,0.5077,boxer,False,dog,True,within_superclass
miniature_pinscher_159,miniature_pinscher,dog,0.7,0.5166,boxer,False,dog,True,within_superclass
miniature_pinscher_159,miniature_pinscher,dog,0.8,0.5194,boxer,False,dog,True,within_superclass
miniature_pinscher_159,miniature_pinscher,dog,0.9,0.5234,boxer,False,dog,True,within_superclass
miniature_pinscher_159,miniature_pinscher,dog,1.0,0.525,boxer,False,dog,True,within_superclass
Bengal_179,bengal,cat,0.0,0.0,egyptian_mau,False,cat,True,within_superclass
Bengal_179,bengal,cat,0.1,0.1794,bengal,True,cat,True,correct
Bengal_179,bengal,cat,0.2,0.2031,abyssinian,False,cat,True,within_superclass
Bengal_179,bengal,cat,0.3,0.2446,abyssinian,False,cat,True,within_superclass
Bengal_179,bengal,cat,0.4,0.3204,abyssinian,False,cat,True,within_superclass
Bengal_179,bengal,cat,0.5,0.3996,boxer,False,cat,True,within_superclass
Bengal_179,bengal,cat,0.6,0.4247,boxer,False,dog,False,cross_superclass
Bengal_179,bengal,cat,0.7,0.4436,boxer,False,dog,False,cross_superclass
Bengal_179,bengal,cat,0.8,0.463,boxer,False,dog,False,cross_superclass
Bengal_179,bengal,cat,0.9,0.4741,boxer,False,dog,False,cross_superclass
Bengal_179,bengal,cat,1.0,0.4796,boxer,False,dog,False,cross_superclass
saint_bernard_157,saint_bernard,dog,0.0,0.0,saint_bernard,True,dog,True,correct
saint_bernard_157,saint_bernard,dog,0.1,0.1967,saint_bernard,True,dog,True,correct
saint_bernard_157,saint_bernard,dog,0.2,0.3504,saint_bernard,True,dog,True,correct
saint_bernard_157,saint_bernard,dog,0.3,0.3334,saint_bernard,True,dog,True,correct
saint_bernard_157,saint_bernard,dog,0.4,0.3884,staffordshire_bull_terrier,False,dog,True,within_superclass
saint_bernard_157,saint_bernard,dog,0.5,0.5013,miniature_pinscher,False,dog,True,within_superclass
saint_bernard_157,saint_bernard,dog,0.6,0.5364,boxer,False,dog,True,within_superclass
saint_bernard_157,saint_bernard,dog,0.7,0.5485,boxer,False,dog,True,within_superclass
saint_bernard_157,saint_bernard,dog,0.8,0.5563,boxer,False,dog,True,within_superclass
saint_bernard_157,saint_bernard,dog,0.9,0.5649,boxer,False,dog,True,within_superclass
saint_bernard_157,saint_bernard,dog,1.0,0.5703,boxer,False,dog,True,within_superclass
newfoundland_190,newfoundland,dog,0.0,0.0,newfoundland,True,dog,True,correct
newfoundland_190,newfoundland,dog,0.1,0.0667,newfoundland,True,dog,True,correct
newfoundland_190,newfoundland,dog,0.2,0.1481,newfoundland,True,dog,True,correct
newfoundland_190,newfoundland,dog,0.3,0.2064,newfoundland,True,dog,True,correct
newfoundland_190,newfoundland,dog,0.4,0.2522,newfoundland,True,dog,True,correct
newfoundland_190,newfoundland,dog,0.5,0.2841,pomeranian,False,dog,True,within_superclass
newfoundland_190,newfoundland,dog,0.6,0.306,pomeranian,False,dog,True,within_superclass
newfoundland_190,newfoundland,dog,0.7,0.3273,pomeranian,False,dog,True,within_superclass
newfoundland_190,newfoundland,dog,0.8,0.3484,pomeranian,False,dog,True,within_superclass
newfoundland_190,newfoundland,dog,0.9,0.3751,pomeranian,False,dog,True,within_superclass
newfoundland_190,newfoundland,dog,1.0,0.3918,staffordshire_bull_terrier,False,dog,True,within_superclass
beagle_143,beagle,dog,0.0,0.0,beagle,True,dog,True,correct
beagle_143,beagle,dog,0.1,0.094,beagle,True,dog,True,correct
beagle_143,beagle,dog,0.2,0.275,beagle,True,dog,True,correct
beagle_143,beagle,dog,0.3,0.2494,beagle,True,dog,True,correct
beagle_143,beagle,dog,0.4,0.2495,beagle,True,dog,True,correct
beagle_143,beagle,dog,0.5,0.268,beagle,True,dog,True,correct
beagle_143,beagle,dog,0.6,0.2965,beagle,True,dog,True,correct
beagle_143,beagle,dog,0.7,0.3209,english_setter,False,dog,True,within_superclass
beagle_143,beagle,dog,0.8,0.3415,english_setter,False,dog,True,within_superclass
beagle_143,beagle,dog,0.9,0.3584,english_setter,False,dog,True,within_superclass
beagle_143,beagle,dog,1.0,0.3807,english_setter,False,dog,True,within_superclass
american_pit_bull_terrier_133,american_pit_bull_terrier,dog,0.0,0.0,american_pit_bull_terrier,True,dog,True,correct
american_pit_bull_terrier_133,american_pit_bull_terrier,dog,0.1,0.173,staffordshire_bull_terrier,False,dog,True,within_superclass
american_pit_bull_terrier_133,american_pit_bull_terrier,dog,0.2,0.3013,staffordshire_bull_terrier,False,dog,True,within_superclass
american_pit_bull_terrier_133,american_pit_bull_terrier,dog,0.3,0.4824,japanese_chin,False,dog,True,within_superclass
american_pit_bull_terrier_133,american_pit_bull_terrier,dog,0.4,0.5007,miniature_pinscher,False,dog,True,within_superclass
american_pit_bull_terrier_133,american_pit_bull_terrier,dog,0.5,0.4944,miniature_pinscher,False,dog,True,within_superclass
american_pit_bull_terrier_133,american_pit_bull_terrier,dog,0.6,0.4925,newfoundland,False,dog,True,within_superclass
american_pit_bull_terrier_133,american_pit_bull_terrier,dog,0.7,0.4988,newfoundland,False,dog,True,within_superclass
american_pit_bull_terrier_133,american_pit_bull_terrier,dog,0.8,0.5002,newfoundland,False,dog,True,within_superclass
american_pit_bull_terrier_133,american_pit_bull_terrier,dog,0.9,0.5019,newfoundland,False,dog,True,within_superclass
american_pit_bull_terrier_133,american_pit_bull_terrier,dog,1.0,0.497,newfoundland,False,dog,True,within_superclass
Siamese_171,siamese,cat,0.0,0.0,siamese,True,cat,True,correct
Siamese_171,siamese,cat,0.1,0.1001,siamese,True,cat,True,correct
Siamese_171,siamese,cat,0.2,0.2029,siamese,True,cat,True,correct
Siamese_171,siamese,cat,0.3,0.3333,persian,False,cat,True,within_superclass
Siamese_171,siamese,cat,0.4,0.4829,pomeranian,False,dog,False,cross_superclass
Siamese_171,siamese,cat,0.5,0.4885,miniature_pinscher,False,dog,False,cross_superclass
Siamese_171,siamese,cat,0.6,0.4876,miniature_pinscher,False,dog,False,cross_superclass
Siamese_171,siamese,cat,0.7,0.4927,miniature_pinscher,False,dog,False,cross_superclass
Siamese_171,siamese,cat,0.8,0.5073,shiba_inu,False,dog,False,cross_superclass
Siamese_171,siamese,cat,0.9,0.5168,shiba_inu,False,dog,False,cross_superclass
Siamese_171,siamese,cat,1.0,0.5221,boxer,False,dog,False,cross_superclass
Russian_Blue_192,russian_blue,cat,0.0,0.0,russian_blue,True,cat,True,correct
Russian_Blue_192,russian_blue,cat,0.1,0.0882,russian_blue,True,cat,True,correct
Russian_Blue_192,russian_blue,cat,0.2,0.1744,british_shorthair,False,cat,True,within_superclass
Russian_Blue_192,russian_blue,cat,0.3,0.1976,british_shorthair,False,cat,True,within_superclass
Russian_Blue_192,russian_blue,cat,0.4,0.2117,british_shorthair,False,cat,True,within_superclass
Russian_Blue_192,russian_blue,cat,0.5,0.2569,british_shorthair,False,cat,True,within_superclass
Russian_Blue_192,russian_blue,cat,0.6,0.3158,british_shorthair,False,cat,True,within_superclass
Russian_Blue_192,russian_blue,cat,0.7,0.364,british_shorthair,False,cat,True,within_superclass
Russian_Blue_192,russian_blue,cat,0.8,0.3823,pomeranian,False,dog,False,cross_superclass
Russian_Blue_192,russian_blue,cat,0.9,0.4015,pomeranian,False,dog,False,cross_superclass
Russian_Blue_192,russian_blue,cat,1.0,0.409,pomeranian,False,dog,False,cross_superclass
Abyssinian_179,abyssinian,cat,0.0,0.0,abyssinian,True,cat,True,correct
Abyssinian_179,abyssinian,cat,0.1,0.1796,abyssinian,True,cat,True,correct
Abyssinian_179,abyssinian,cat,0.2,0.2467,abyssinian,True,cat,True,correct
Abyssinian_179,abyssinian,cat,0.3,0.2571,abyssinian,True,cat,True,correct
Abyssinian_179,abyssinian,cat,0.4,0.3218,miniature_pinscher,False,cat,True,within_superclass
Abyssinian_179,abyssinian,cat,0.5,0.4038,miniature_pinscher,False,dog,False,cross_superclass
Abyssinian_179,abyssinian,cat,0.6,0.4214,yorkshire_terrier,False,dog,False,cross_superclass
Abyssinian_179,abyssinian,cat,0.7,0.4373,yorkshire_terrier,False,dog,False,cross_superclass
Abyssinian_179,abyssinian,cat,0.8,0.4582,yorkshire_terrier,False,dog,False,cross_superclass
Abyssinian_179,abyssinian,cat,0.9,0.4751,yorkshire_terrier,False,dog,False,cross_superclass
Abyssinian_179,abyssinian,cat,1.0,0.4876,yorkshire_terrier,False,dog,False,cross_superclass
British_Shorthair_188,british_shorthair,cat,0.0,0.0,british_shorthair,True,cat,True,correct
British_Shorthair_188,british_shorthair,cat,0.1,0.123,british_shorthair,True,cat,True,correct
British_Shorthair_188,british_shorthair,cat,0.2,0.2409,british_shorthair,True,cat,True,correct
British_Shorthair_188,british_shorthair,cat,0.3,0.2433,british_shorthair,True,cat,True,correct
British_Shorthair_188,british_shorthair,cat,0.4,0.3147,british_shorthair,True,cat,True,correct
British_Shorthair_188,british_shorthair,cat,0.5,0.3668,british_shorthair,True,cat,True,correct
British_Shorthair_188,british_shorthair,cat,0.6,0.4142,shiba_inu,False,cat,True,within_superclass
British_Shorthair_188,british_shorthair,cat,0.7,0.441,german_shorthaired,False,dog,False,cross_superclass
British_Shorthair_188,british_shorthair,cat,0.8,0.4468,german_shorthaired,False,dog,False,cross_superclass
British_Shorthair_188,british_shorthair,cat,0.9,0.4515,german_shorthaired,False,dog,False,cross_superclass
British_Shorthair_188,british_shorthair,cat,1.0,0.4522,miniature_pinscher,False,dog,False,cross_superclass
great_pyrenees_174,great_pyrenees,dog,0.0,0.0,great_pyrenees,True,dog,True,correct
great_pyrenees_174,great_pyrenees,dog,0.1,0.1297,great_pyrenees,True,dog,True,correct
great_pyrenees_174,great_pyrenees,dog,0.2,0.2265,great_pyrenees,True,dog,True,correct
great_pyrenees_174,great_pyrenees,dog,0.3,0.2499,great_pyrenees,True,dog,True,correct
great_pyrenees_174,great_pyrenees,dog,0.4,0.283,great_pyrenees,True,dog,True,correct
great_pyrenees_174,great_pyrenees,dog,0.5,0.3353,great_pyrenees,True,dog,True,correct
great_pyrenees_174,great_pyrenees,dog,0.6,0.4173,havanese,False,dog,True,within_superclass
great_pyrenees_174,great_pyrenees,dog,0.7,0.4709,havanese,False,dog,True,within_superclass
great_pyrenees_174,great_pyrenees,dog,0.8,0.4858,havanese,False,dog,True,within_superclass
great_pyrenees_174,great_pyrenees,dog,0.9,0.4928,havanese,False,dog,True,within_superclass
great_pyrenees_174,great_pyrenees,dog,1.0,0.4935,havanese,False,dog,True,within_superclass
leonberger_190,leonberger,dog,0.0,0.0,leonberger,True,dog,True,correct
leonberger_190,leonberger,dog,0.1,0.13,keeshond,False,dog,True,within_superclass
leonberger_190,leonberger,dog,0.2,0.2295,keeshond,False,dog,True,within_superclass
leonberger_190,leonberger,dog,0.3,0.236,leonberger,True,dog,True,correct
leonberger_190,leonberger,dog,0.4,0.3981,shiba_inu,False,cat,False,cross_superclass
leonberger_190,leonberger,dog,0.5,0.4603,pomeranian,False,dog,True,within_superclass
leonberger_190,leonberger,dog,0.6,0.4805,pomeranian,False,dog,True,within_superclass
leonberger_190,leonberger,dog,0.7,0.4843,yorkshire_terrier,False,dog,True,within_superclass
leonberger_190,leonberger,dog,0.8,0.4856,yorkshire_terrier,False,dog,True,within_superclass
leonberger_190,leonberger,dog,0.9,0.484,wheaten_terrier,False,dog,True,within_superclass
leonberger_190,leonberger,dog,1.0,0.49,yorkshire_terrier,False,dog,True,within_superclass
scottish_terrier_143,scottish_terrier,dog,0.0,0.0,scottish_terrier,True,dog,True,correct
scottish_terrier_143,scottish_terrier,dog,0.1,0.1176,scottish_terrier,True,dog,True,correct
scottish_terrier_143,scottish_terrier,dog,0.2,0.2616,scottish_terrier,True,dog,True,correct
scottish_terrier_143,scottish_terrier,dog,0.3,0.2562,scottish_terrier,True,dog,True,correct
scottish_terrier_143,scottish_terrier,dog,0.4,0.2765,scottish_terrier,True,dog,True,correct
scottish_terrier_143,scottish_terrier,dog,0.5,0.3433,scottish_terrier,True,dog,True,correct
scottish_terrier_143,scottish_terrier,dog,0.6,0.4097,scottish_terrier,True,dog,True,correct
scottish_terrier_143,scottish_terrier,dog,0.7,0.4642,scottish_terrier,True,dog,True,correct
scottish_terrier_143,scottish_terrier,dog,0.8,0.4981,miniature_pinscher,False,dog,True,within_superclass
scottish_terrier_143,scottish_terrier,dog,0.9,0.5003,pomeranian,False,dog,True,within_superclass
scottish_terrier_143,scottish_terrier,dog,1.0,0.5052,pomeranian,False,dog,True,within_superclass
english_cocker_spaniel_167,english_cocker_spaniel,dog,0.0,0.0,english_cocker_spaniel,True,dog,True,correct
english_cocker_spaniel_167,english_cocker_spaniel,dog,0.1,0.1104,havanese,False,dog,True,within_superclass
english_cocker_spaniel_167,english_cocker_spaniel,dog,0.2,0.3179,great_pyrenees,False,dog,True,within_superclass
english_cocker_spaniel_167,english_cocker_spaniel,dog,0.3,0.3585,pug,False,dog,True,within_superclass
english_cocker_spaniel_167,english_cocker_spaniel,dog,0.4,0.3765,german_shorthaired,False,cat,False,cross_superclass
english_cocker_spaniel_167,english_cocker_spaniel,dog,0.5,0.4264,german_shorthaired,False,dog,True,within_superclass
english_cocker_spaniel_167,english_cocker_spaniel,dog,0.6,0.4434,shiba_inu,False,dog,True,within_superclass
english_cocker_spaniel_167,english_cocker_spaniel,dog,0.7,0.4461,shiba_inu,False,dog,True,within_superclass
english_cocker_spaniel_167,english_cocker_spaniel,dog,0.8,0.4671,shiba_inu,False,dog,True,within_superclass
english_cocker_spaniel_167,english_cocker_spaniel,dog,0.9,0.4883,shiba_inu,False,dog,True,within_superclass
english_cocker_spaniel_167,english_cocker_spaniel,dog,1.0,0.5096,newfoundland,False,dog,True,within_superclass
Egyptian_Mau_132,egyptian_mau,cat,0.0,0.0,egyptian_mau,True,cat,True,correct
Egyptian_Mau_132,egyptian_mau,cat,0.1,0.1649,russian_blue,False,cat,True,within_superclass
Egyptian_Mau_132,egyptian_mau,cat,0.2,0.2893,russian_blue,False,cat,True,within_superclass
Egyptian_Mau_132,egyptian_mau,cat,0.3,0.3197,maine_coon,False,cat,True,within_superclass
Egyptian_Mau_132,egyptian_mau,cat,0.4,0.3709,russian_blue,False,cat,True,within_superclass
Egyptian_Mau_132,egyptian_mau,cat,0.5,0.4104,russian_blue,False,cat,True,within_superclass
Egyptian_Mau_132,egyptian_mau,cat,0.6,0.4499,scottish_terrier,False,cat,True,within_superclass
Egyptian_Mau_132,egyptian_mau,cat,0.7,0.4873,scottish_terrier,False,cat,True,within_superclass
Egyptian_Mau_132,egyptian_mau,cat,0.8,0.5312,british_shorthair,False,cat,True,within_superclass
Egyptian_Mau_132,egyptian_mau,cat,0.9,0.5818,british_shorthair,False,cat,True,within_superclass
Egyptian_Mau_132,egyptian_mau,cat,1.0,0.5974,british_shorthair,False,cat,True,within_superclass
yorkshire_terrier_117,yorkshire_terrier,dog,0.0,0.0,yorkshire_terrier,True,dog,True,correct
yorkshire_terrier_117,yorkshire_terrier,dog,0.1,0.272,yorkshire_terrier,True,dog,True,correct
yorkshire_terrier_117,yorkshire_terrier,dog,0.2,0.323,miniature_pinscher,False,dog,True,within_superclass
yorkshire_terrier_117,yorkshire_terrier,dog,0.3,0.3915,miniature_pinscher,False,dog,True,within_superclass
yorkshire_terrier_117,yorkshire_terrier,dog,0.4,0.4409,miniature_pinscher,False,cat,False,cross_superclass
yorkshire_terrier_117,yorkshire_terrier,dog,0.5,0.4773,british_shorthair,False,cat,False,cross_superclass
yorkshire_terrier_117,yorkshire_terrier,dog,0.6,0.4674,british_shorthair,False,cat,False,cross_superclass
yorkshire_terrier_117,yorkshire_terrier,dog,0.7,0.4721,miniature_pinscher,False,cat,False,cross_superclass
yorkshire_terrier_117,yorkshire_terrier,dog,0.8,0.4791,pug,False,cat,False,cross_superclass
yorkshire_terrier_117,yorkshire_terrier,dog,0.9,0.4811,pug,False,dog,True,within_superclass
yorkshire_terrier_117,yorkshire_terrier,dog,1.0,0.4897,pug,False,dog,True,within_superclass
yorkshire_terrier_153,yorkshire_terrier,dog,0.0,0.0,yorkshire_terrier,True,dog,True,correct
yorkshire_terrier_153,yorkshire_terrier,dog,0.1,0.1354,yorkshire_terrier,True,dog,True,correct
yorkshire_terrier_153,yorkshire_terrier,dog,0.2,0.1975,chihuahua,False,dog,True,within_superclass
yorkshire_terrier_153,yorkshire_terrier,dog,0.3,0.2896,british_shorthair,False,cat,False,cross_superclass
yorkshire_terrier_153,yorkshire_terrier,dog,0.4,0.3186,british_shorthair,False,cat,False,cross_superclass
yorkshire_terrier_153,yorkshire_terrier,dog,0.5,0.3556,shiba_inu,False,cat,False,cross_superclass
yorkshire_terrier_153,yorkshire_terrier,dog,0.6,0.3865,shiba_inu,False,dog,True,within_superclass
yorkshire_terrier_153,yorkshire_terrier,dog,0.7,0.4067,persian,False,dog,True,within_superclass
yorkshire_terrier_153,yorkshire_terrier,dog,0.8,0.4268,yorkshire_terrier,True,dog,True,correct
yorkshire_terrier_153,yorkshire_terrier,dog,0.9,0.4295,yorkshire_terrier,True,dog,True,correct
yorkshire_terrier_153,yorkshire_terrier,dog,1.0,0.4345,yorkshire_terrier,True,dog,True,correct
american_pit_bull_terrier_14,american_pit_bull_terrier,dog,0.0,0.0,american_pit_bull_terrier,True,dog,True,correct
american_pit_bull_terrier_14,american_pit_bull_terrier,dog,0.1,0.067,american_pit_bull_terrier,True,dog,True,correct
american_pit_bull_terrier_14,american_pit_bull_terrier,dog,0.2,0.1506,american_pit_bull_terrier,True,dog,True,correct
american_pit_bull_terrier_14,american_pit_bull_terrier,dog,0.3,0.3114,miniature_pinscher,False,dog,True,within_superclass
american_pit_bull_terrier_14,american_pit_bull_terrier,dog,0.4,0.4382,miniature_pinscher,False,dog,True,within_superclass
american_pit_bull_terrier_14,american_pit_bull_terrier,dog,0.5,0.4534,shiba_inu,False,dog,True,within_superclass
american_pit_bull_terrier_14,american_pit_bull_terrier,dog,0.6,0.4652,shiba_inu,False,cat,False,cross_superclass
american_pit_bull_terrier_14,american_pit_bull_terrier,dog,0.7,0.4675,miniature_pinscher,False,cat,False,cross_superclass
american_pit_bull_terrier_14,american_pit_bull_terrier,dog,0.8,0.4714,miniature_pinscher,False,cat,False,cross_superclass
american_pit_bull_terrier_14,american_pit_bull_terrier,dog,0.9,0.4812,yorkshire_terrier,False,dog,True,within_superclass
american_pit_bull_terrier_14,american_pit_bull_terrier,dog,1.0,0.4869,yorkshire_terrier,False,dog,True,within_superclass
beagle_157,beagle,dog,0.0,0.0,basset_hound,False,dog,True,within_superclass
beagle_157,beagle,dog,0.1,0.0397,basset_hound,False,dog,True,within_superclass
beagle_157,beagle,dog,0.2,0.1812,basset_hound,False,dog,True,within_superclass
beagle_157,beagle,dog,0.3,0.1997,basset_hound,False,dog,True,within_superclass
beagle_157,beagle,dog,0.4,0.1702,basset_hound,False,dog,True,within_superclass
beagle_157,beagle,dog,0.5,0.1854,basset_hound,False,dog,True,within_superclass
beagle_157,beagle,dog,0.6,0.1965,basset_hound,False,dog,True,within_superclass
beagle_157,beagle,dog,0.7,0.2127,basset_hound,False,dog,True,within_superclass
beagle_157,beagle,dog,0.8,0.2223,basset_hound,False,dog,True,within_superclass
beagle_157,beagle,dog,0.9,0.2377,havanese,False,dog,True,within_superclass
beagle_157,beagle,dog,1.0,0.2594,havanese,False,dog,True,within_superclass
saint_bernard_179,saint_bernard,dog,0.0,0.0,saint_bernard,True,dog,True,correct
saint_bernard_179,saint_bernard,dog,0.1,0.0914,american_bulldog,False,dog,True,within_superclass
saint_bernard_179,saint_bernard,dog,0.2,0.2162,boxer,False,dog,True,within_superclass
saint_bernard_179,saint_bernard,dog,0.3,0.2058,boxer,False,dog,True,within_superclass
saint_bernard_179,saint_bernard,dog,0.4,0.2436,german_shorthaired,False,dog,True,within_superclass
saint_bernard_179,saint_bernard,dog,0.5,0.2947,miniature_pinscher,False,dog,True,within_superclass
saint_bernard_179,saint_bernard,dog,0.6,0.3368,miniature_pinscher,False,dog,True,within_superclass
saint_bernard_179,saint_bernard,dog,0.7,0.3659,miniature_pinscher,False,dog,True,within_superclass
saint_bernard_179,saint_bernard,dog,0.8,0.3872,miniature_pinscher,False,dog,True,within_superclass
saint_bernard_179,saint_bernard,dog,0.9,0.3953,miniature_pinscher,False,dog,True,within_superclass
saint_bernard_179,saint_bernard,dog,1.0,0.4104,miniature_pinscher,False,dog,True,within_superclass
havanese_148,havanese,dog,0.0,0.0,havanese,True,dog,True,correct
havanese_148,havanese,dog,0.1,0.1068,havanese,True,dog,True,correct
havanese_148,havanese,dog,0.2,0.173,havanese,True,dog,True,correct
havanese_148,havanese,dog,0.3,0.1927,havanese,True,dog,True,correct
havanese_148,havanese,dog,0.4,0.2291,saint_bernard,False,dog,True,within_superclass
havanese_148,havanese,dog,0.5,0.2471,basset_hound,False,dog,True,within_superclass
havanese_148,havanese,dog,0.6,0.2813,basset_hound,False,dog,True,within_superclass
havanese_148,havanese,dog,0.7,0.3244,staffordshire_bull_terrier,False,dog,True,within_superclass
havanese_148,havanese,dog,0.8,0.372,staffordshire_bull_terrier,False,dog,True,within_superclass
havanese_148,havanese,dog,0.9,0.4155,staffordshire_bull_terrier,False,dog,True,within_superclass
havanese_148,havanese,dog,1.0,0.4481,staffordshire_bull_terrier,False,dog,True,within_superclass
german_shorthaired_157,german_shorthaired,dog,0.0,0.0,german_shorthaired,True,dog,True,correct
german_shorthaired_157,german_shorthaired,dog,0.1,0.0957,german_shorthaired,True,dog,True,correct
german_shorthaired_157,german_shorthaired,dog,0.2,0.1559,german_shorthaired,True,dog,True,correct
german_shorthaired_157,german_shorthaired,dog,0.3,0.1791,german_shorthaired,True,dog,True,correct
german_shorthaired_157,german_shorthaired,dog,0.4,0.2328,german_shorthaired,True,dog,True,correct
german_shorthaired_157,german_shorthaired,dog,0.5,0.314,german_shorthaired,True,dog,True,correct
german_shorthaired_157,german_shorthaired,dog,0.6,0.4305,english_cocker_spaniel,False,dog,True,within_superclass
german_shorthaired_157,german_shorthaired,dog,0.7,0.4691,english_cocker_spaniel,False,dog,True,within_superclass
german_shorthaired_157,german_shorthaired,dog,0.8,0.4809,pomeranian,False,dog,True,within_superclass
german_shorthaired_157,german_shorthaired,dog,0.9,0.4861,pomeranian,False,dog,True,within_superclass
german_shorthaired_157,german_shorthaired,dog,1.0,0.4935,pomeranian,False,dog,True,within_superclass
saint_bernard_165,saint_bernard,dog,0.0,0.0,saint_bernard,True,dog,True,correct
saint_bernard_165,saint_bernard,dog,0.1,0.0668,saint_bernard,True,dog,True,correct
saint_bernard_165,saint_bernard,dog,0.2,0.2326,saint_bernard,True,dog,True,correct
saint_bernard_165,saint_bernard,dog,0.3,0.1715,saint_bernard,True,dog,True,correct
saint_bernard_165,saint_bernard,dog,0.4,0.227,saint_bernard,True,dog,True,correct
saint_bernard_165,saint_bernard,dog,0.5,0.3016,japanese_chin,False,dog,True,within_superclass
saint_bernard_165,saint_bernard,dog,0.6,0.3601,japanese_chin,False,dog,True,within_superclass
saint_bernard_165,saint_bernard,dog,0.7,0.3901,japanese_chin,False,dog,True,within_superclass
saint_bernard_165,saint_bernard,dog,0.8,0.4257,german_shorthaired,False,dog,True,within_superclass
saint_bernard_165,saint_bernard,dog,0.9,0.4645,boxer,False,dog,True,within_superclass
saint_bernard_165,saint_bernard,dog,1.0,0.49,boxer,False,dog,True,within_superclass
miniature_pinscher_141,miniature_pinscher,dog,0.0,0.0,miniature_pinscher,True,dog,True,correct
miniature_pinscher_141,miniature_pinscher,dog,0.1,0.1715,staffordshire_bull_terrier,False,dog,True,within_superclass
miniature_pinscher_141,miniature_pinscher,dog,0.2,0.1958,miniature_pinscher,True,dog,True,correct
miniature_pinscher_141,miniature_pinscher,dog,0.3,0.2688,miniature_pinscher,True,dog,True,correct
miniature_pinscher_141,miniature_pinscher,dog,0.4,0.3429,yorkshire_terrier,False,dog,True,within_superclass
miniature_pinscher_141,miniature_pinscher,dog,0.5,0.3682,leonberger,False,dog,True,within_superclass
miniature_pinscher_141,miniature_pinscher,dog,0.6,0.3787,yorkshire_terrier,False,dog,True,within_superclass
miniature_pinscher_141,miniature_pinscher,dog,0.7,0.3942,newfoundland,False,dog,True,within_superclass
miniature_pinscher_141,miniature_pinscher,dog,0.8,0.4124,newfoundland,False,dog,True,within_superclass
miniature_pinscher_141,miniature_pinscher,dog,0.9,0.431,newfoundland,False,dog,True,within_superclass
miniature_pinscher_141,miniature_pinscher,dog,1.0,0.4504,yorkshire_terrier,False,dog,True,within_superclass
shiba_inu_185,shiba_inu,dog,0.0,0.0,shiba_inu,True,dog,True,correct
shiba_inu_185,shiba_inu,dog,0.1,0.0901,shiba_inu,True,dog,True,correct
shiba_inu_185,shiba_inu,dog,0.2,0.179,shiba_inu,True,dog,True,correct
shiba_inu_185,shiba_inu,dog,0.3,0.1995,shiba_inu,True,dog,True,correct
shiba_inu_185,shiba_inu,dog,0.4,0.2198,shiba_inu,True,dog,True,correct
shiba_inu_185,shiba_inu,dog,0.5,0.2454,shiba_inu,True,dog,True,correct
shiba_inu_185,shiba_inu,dog,0.6,0.2661,shiba_inu,True,dog,True,correct
shiba_inu_185,shiba_inu,dog,0.7,0.2924,samoyed,False,dog,True,within_superclass
shiba_inu_185,shiba_inu,dog,0.8,0.3163,pomeranian,False,dog,True,within_superclass
shiba_inu_185,shiba_inu,dog,0.9,0.3441,pomeranian,False,dog,True,within_superclass
shiba_inu_185,shiba_inu,dog,1.0,0.3656,pomeranian,False,dog,True,within_superclass
Sphynx_157,sphynx,cat,0.0,0.0,sphynx,True,cat,True,correct
Sphynx_157,sphynx,cat,0.1,0.135,sphynx,True,cat,True,correct
Sphynx_157,sphynx,cat,0.2,0.2567,abyssinian,False,cat,True,within_superclass
Sphynx_157,sphynx,cat,0.3,0.2895,miniature_pinscher,False,cat,True,within_superclass
Sphynx_157,sphynx,cat,0.4,0.3364,miniature_pinscher,False,dog,False,cross_superclass
Sphynx_157,sphynx,cat,0.5,0.3827,miniature_pinscher,False,dog,False,cross_superclass
Sphynx_157,sphynx,cat,0.6,0.4116,miniature_pinscher,False,dog,False,cross_superclass
Sphynx_157,sphynx,cat,0.7,0.4307,miniature_pinscher,False,dog,False,cross_superclass
Sphynx_157,sphynx,cat,0.8,0.4423,miniature_pinscher,False,dog,False,cross_superclass
Sphynx_157,sphynx,cat,0.9,0.447,miniature_pinscher,False,dog,False,cross_superclass
Sphynx_157,sphynx,cat,1.0,0.4442,miniature_pinscher,False,dog,False,cross_superclass
samoyed_170,samoyed,dog,0.0,0.0,samoyed,True,dog,True,correct
samoyed_170,samoyed,dog,0.1,0.1462,samoyed,True,dog,True,correct
samoyed_170,samoyed,dog,0.2,0.2594,samoyed,True,cat,False,correct
samoyed_170,samoyed,dog,0.3,0.3457,birman,False,cat,False,cross_superclass
samoyed_170,samoyed,dog,0.4,0.3839,birman,False,cat,False,cross_superclass
samoyed_170,samoyed,dog,0.5,0.4417,birman,False,cat,False,cross_superclass
samoyed_170,samoyed,dog,0.6,0.4684,british_shorthair,False,cat,False,cross_superclass
samoyed_170,samoyed,dog,0.7,0.4873,british_shorthair,False,cat,False,cross_superclass
samoyed_170,samoyed,dog,0.8,0.5012,british_shorthair,False,dog,True,within_superclass
samoyed_170,samoyed,dog,0.9,0.5157,shiba_inu,False,dog,True,within_superclass
samoyed_170,samoyed,dog,1.0,0.5309,shiba_inu,False,dog,True,within_superclass
scottish_terrier_156,scottish_terrier,dog,0.0,0.0,scottish_terrier,True,dog,True,correct
scottish_terrier_156,scottish_terrier,dog,0.1,0.1206,scottish_terrier,True,dog,True,correct
scottish_terrier_156,scottish_terrier,dog,0.2,0.2734,scottish_terrier,True,dog,True,correct
scottish_terrier_156,scottish_terrier,dog,0.3,0.264,scottish_terrier,True,dog,True,correct
scottish_terrier_156,scottish_terrier,dog,0.4,0.2886,scottish_terrier,True,dog,True,correct
scottish_terrier_156,scottish_terrier,dog,0.5,0.3753,scottish_terrier,True,dog,True,correct
scottish_terrier_156,scottish_terrier,dog,0.6,0.4427,scottish_terrier,True,dog,True,correct
scottish_terrier_156,scottish_terrier,dog,0.7,0.4601,scottish_terrier,True,dog,True,correct
scottish_terrier_156,scottish_terrier,dog,0.8,0.4834,scottish_terrier,True,dog,True,correct
scottish_terrier_156,scottish_terrier,dog,0.9,0.5105,scottish_terrier,True,dog,True,correct
scottish_terrier_156,scottish_terrier,dog,1.0,0.5282,scottish_terrier,True,dog,True,correct
Egyptian_Mau_182,egyptian_mau,cat,0.0,0.0,egyptian_mau,True,cat,True,correct
Egyptian_Mau_182,egyptian_mau,cat,0.1,0.0057,egyptian_mau,True,cat,True,correct
Egyptian_Mau_182,egyptian_mau,cat,0.2,0.0246,egyptian_mau,True,cat,True,correct
Egyptian_Mau_182,egyptian_mau,cat,0.3,0.0598,egyptian_mau,True,cat,True,correct
Egyptian_Mau_182,egyptian_mau,cat,0.4,0.0966,egyptian_mau,True,cat,True,correct
Egyptian_Mau_182,egyptian_mau,cat,0.5,0.1351,egyptian_mau,True,cat,True,correct
Egyptian_Mau_182,egyptian_mau,cat,0.6,0.1951,egyptian_mau,True,cat,True,correct
Egyptian_Mau_182,egyptian_mau,cat,0.7,0.2415,egyptian_mau,True,cat,True,correct
Egyptian_Mau_182,egyptian_mau,cat,0.8,0.2678,egyptian_mau,True,cat,True,correct
Egyptian_Mau_182,egyptian_mau,cat,0.9,0.2564,egyptian_mau,True,cat,True,correct
Egyptian_Mau_182,egyptian_mau,cat,1.0,0.2145,egyptian_mau,True,cat,True,correct
havanese_103,havanese,dog,0.0,0.0,havanese,True,dog,True,correct
havanese_103,havanese,dog,0.1,0.0998,havanese,True,dog,True,correct
havanese_103,havanese,dog,0.2,0.2144,havanese,True,dog,True,correct
havanese_103,havanese,dog,0.3,0.1692,havanese,True,dog,True,correct
havanese_103,havanese,dog,0.4,0.1786,havanese,True,dog,True,correct
havanese_103,havanese,dog,0.5,0.2002,great_pyrenees,False,dog,True,within_superclass
havanese_103,havanese,dog,0.6,0.2148,great_pyrenees,False,dog,True,within_superclass
havanese_103,havanese,dog,0.7,0.221,wheaten_terrier,False,dog,True,within_superclass
havanese_103,havanese,dog,0.8,0.2245,wheaten_terrier,False,dog,True,within_superclass
havanese_103,havanese,dog,0.9,0.2236,wheaten_terrier,False,dog,True,within_superclass
havanese_103,havanese,dog,1.0,0.2304,wheaten_terrier,False,dog,True,within_superclass
Russian_Blue_174,russian_blue,cat,0.0,0.0,russian_blue,True,cat,True,correct
Russian_Blue_174,russian_blue,cat,0.1,0.084,british_shorthair,False,cat,True,within_superclass
Russian_Blue_174,russian_blue,cat,0.2,0.1763,british_shorthair,False,cat,True,within_superclass
Russian_Blue_174,russian_blue,cat,0.3,0.2339,british_shorthair,False,cat,True,within_superclass
Russian_Blue_174,russian_blue,cat,0.4,0.2979,british_shorthair,False,cat,True,within_superclass
Russian_Blue_174,russian_blue,cat,0.5,0.3672,british_shorthair,False,cat,True,within_superclass
Russian_Blue_174,russian_blue,cat,0.6,0.4107,german_shorthaired,False,dog,False,cross_superclass
Russian_Blue_174,russian_blue,cat,0.7,0.4264,german_shorthaired,False,dog,False,cross_superclass
Russian_Blue_174,russian_blue,cat,0.8,0.4284,german_shorthaired,False,dog,False,cross_superclass
Russian_Blue_174,russian_blue,cat,0.9,0.4438,boxer,False,dog,False,cross_superclass
Russian_Blue_174,russian_blue,cat,1.0,0.4434,boxer,False,dog,False,cross_superclass
leonberger_116,leonberger,dog,0.0,0.0,leonberger,True,dog,True,correct
leonberger_116,leonberger,dog,0.1,0.0637,leonberger,True,dog,True,correct
leonberger_116,leonberger,dog,0.2,0.1775,leonberger,True,dog,True,correct
leonberger_116,leonberger,dog,0.3,0.2337,leonberger,True,dog,True,correct
leonberger_116,leonberger,dog,0.4,0.2022,leonberger,True,dog,True,correct
leonberger_116,leonberger,dog,0.5,0.2288,leonberger,True,dog,True,correct
leonberger_116,leonberger,dog,0.6,0.2522,leonberger,True,dog,True,correct
leonberger_116,leonberger,dog,0.7,0.2781,leonberger,True,dog,True,correct
leonberger_116,leonberger,dog,0.8,0.3075,leonberger,True,dog,True,correct
leonberger_116,leonberger,dog,0.9,0.3362,leonberger,True,dog,True,correct
leonberger_116,leonberger,dog,1.0,0.3686,leonberger,True,dog,True,correct
yorkshire_terrier_181,yorkshire_terrier,dog,0.0,0.0,yorkshire_terrier,True,dog,True,correct
yorkshire_terrier_181,yorkshire_terrier,dog,0.1,0.0688,havanese,False,dog,True,within_superclass
yorkshire_terrier_181,yorkshire_terrier,dog,0.2,0.2267,yorkshire_terrier,True,dog,True,correct
yorkshire_terrier_181,yorkshire_terrier,dog,0.3,0.2432,havanese,False,dog,True,within_superclass
yorkshire_terrier_181,yorkshire_terrier,dog,0.4,0.3048,wheaten_terrier,False,dog,True,within_superclass
yorkshire_terrier_181,yorkshire_terrier,dog,0.5,0.3819,yorkshire_terrier,True,dog,True,correct
yorkshire_terrier_181,yorkshire_terrier,dog,0.6,0.4435,yorkshire_terrier,True,dog,True,correct
yorkshire_terrier_181,yorkshire_terrier,dog,0.7,0.4806,boxer,False,dog,True,within_superclass
yorkshire_terrier_181,yorkshire_terrier,dog,0.8,0.4949,boxer,False,dog,True,within_superclass
yorkshire_terrier_181,yorkshire_terrier,dog,0.9,0.497,boxer,False,dog,True,within_superclass
yorkshire_terrier_181,yorkshire_terrier,dog,1.0,0.5051,boxer,False,dog,True,within_superclass
english_setter_100,english_setter,dog,0.0,0.0,english_setter,True,dog,True,correct
english_setter_100,english_setter,dog,0.1,0.1117,english_setter,True,dog,True,correct
english_setter_100,english_setter,dog,0.2,0.2843,english_setter,True,dog,True,correct
english_setter_100,english_setter,dog,0.3,0.2727,english_setter,True,dog,True,correct
english_setter_100,english_setter,dog,0.4,0.2862,english_setter,True,dog,True,correct
english_setter_100,english_setter,dog,0.5,0.3713,english_setter,True,dog,True,correct
english_setter_100,english_setter,dog,0.6,0.4565,german_shorthaired,False,dog,True,within_superclass
english_setter_100,english_setter,dog,0.7,0.4823,german_shorthaired,False,dog,True,within_superclass
english_setter_100,english_setter,dog,0.8,0.4944,german_shorthaired,False,dog,True,within_superclass
english_setter_100,english_setter,dog,0.9,0.4958,german_shorthaired,False,dog,True,within_superclass
english_setter_100,english_setter,dog,1.0,0.4899,german_shorthaired,False,dog,True,within_superclass
miniature_pinscher_151,miniature_pinscher,dog,0.0,0.0,miniature_pinscher,True,dog,True,correct
miniature_pinscher_151,miniature_pinscher,dog,0.1,0.3014,miniature_pinscher,True,dog,True,correct
miniature_pinscher_151,miniature_pinscher,dog,0.2,0.3947,miniature_pinscher,True,cat,False,correct
miniature_pinscher_151,miniature_pinscher,dog,0.3,0.4432,miniature_pinscher,True,dog,True,correct
miniature_pinscher_151,miniature_pinscher,dog,0.4,0.5254,shiba_inu,False,dog,True,within_superclass
miniature_pinscher_151,miniature_pinscher,dog,0.5,0.5376,shiba_inu,False,dog,True,within_superclass
miniature_pinscher_151,miniature_pinscher,dog,0.6,0.5357,boxer,False,dog,True,within_superclass
miniature_pinscher_151,miniature_pinscher,dog,0.7,0.5334,boxer,False,dog,True,within_superclass
miniature_pinscher_151,miniature_pinscher,dog,0.8,0.5369,boxer,False,dog,True,within_superclass
miniature_pinscher_151,miniature_pinscher,dog,0.9,0.538,boxer,False,dog,True,within_superclass
miniature_pinscher_151,miniature_pinscher,dog,1.0,0.5367,boxer,False,dog,True,within_superclass
saint_bernard_159,saint_bernard,dog,0.0,0.0,saint_bernard,True,dog,True,correct
saint_bernard_159,saint_bernard,dog,0.1,0.1274,saint_bernard,True,dog,True,correct
saint_bernard_159,saint_bernard,dog,0.2,0.2559,saint_bernard,True,dog,True,correct
saint_bernard_159,saint_bernard,dog,0.3,0.2471,saint_bernard,True,dog,True,correct
saint_bernard_159,saint_bernard,dog,0.4,0.301,japanese_chin,False,dog,True,within_superclass
saint_bernard_159,saint_bernard,dog,0.5,0.3476,japanese_chin,False,dog,True,within_superclass
saint_bernard_159,saint_bernard,dog,0.6,0.3548,japanese_chin,False,dog,True,within_superclass
saint_bernard_159,saint_bernard,dog,0.7,0.3543,japanese_chin,False,dog,True,within_superclass
saint_bernard_159,saint_bernard,dog,0.8,0.3523,japanese_chin,False,dog,True,within_superclass
saint_bernard_159,saint_bernard,dog,0.9,0.351,japanese_chin,False,dog,True,within_superclass
saint_bernard_159,saint_bernard,dog,1.0,0.3551,japanese_chin,False,dog,True,within_superclass
boxer_139,boxer,dog,0.0,0.0,leonberger,False,dog,True,within_superclass
boxer_139,boxer,dog,0.1,0.1268,leonberger,False,dog,True,within_superclass
boxer_139,boxer,dog,0.2,0.2689,great_pyrenees,False,dog,True,within_superclass
boxer_139,boxer,dog,0.3,0.2561,saint_bernard,False,dog,True,within_superclass
boxer_139,boxer,dog,0.4,0.3473,american_bulldog,False,dog,True,within_superclass
boxer_139,boxer,dog,0.5,0.4057,american_bulldog,False,dog,True,within_superclass
boxer_139,boxer,dog,0.6,0.4362,american_bulldog,False,dog,True,within_superclass
boxer_139,boxer,dog,0.7,0.4415,boxer,True,dog,True,correct
boxer_139,boxer,dog,0.8,0.4404,boxer,True,dog,True,correct
boxer_139,boxer,dog,0.9,0.4468,boxer,True,dog,True,correct
boxer_139,boxer,dog,1.0,0.4563,boxer,True,dog,True,correct
boxer_128,boxer,dog,0.0,0.0,american_bulldog,False,dog,True,within_superclass
boxer_128,boxer,dog,0.1,0.122,boxer,True,dog,True,correct
boxer_128,boxer,dog,0.2,0.2096,boxer,True,dog,True,correct
boxer_128,boxer,dog,0.3,0.2544,boxer,True,dog,True,correct
boxer_128,boxer,dog,0.4,0.3311,boxer,True,dog,True,correct
boxer_128,boxer,dog,0.5,0.3841,english_setter,False,dog,True,within_superclass
boxer_128,boxer,dog,0.6,0.4139,english_setter,False,dog,True,within_superclass
boxer_128,boxer,dog,0.7,0.4648,english_setter,False,dog,True,within_superclass
boxer_128,boxer,dog,0.8,0.5003,english_setter,False,dog,True,within_superclass
boxer_128,boxer,dog,0.9,0.5165,boxer,True,dog,True,correct
boxer_128,boxer,dog,1.0,0.5246,boxer,True,dog,True,correct
yorkshire_terrier_188,yorkshire_terrier,dog,0.0,0.0,yorkshire_terrier,True,dog,True,correct
yorkshire_terrier_188,yorkshire_terrier,dog,0.1,0.0915,yorkshire_terrier,True,dog,True,correct
yorkshire_terrier_188,yorkshire_terrier,dog,0.2,0.1935,yorkshire_terrier,True,dog,True,correct
yorkshire_terrier_188,yorkshire_terrier,dog,0.3,0.2256,yorkshire_terrier,True,dog,True,correct
yorkshire_terrier_188,yorkshire_terrier,dog,0.4,0.2788,shiba_inu,False,dog,True,within_superclass
yorkshire_terrier_188,yorkshire_terrier,dog,0.5,0.325,shiba_inu,False,dog,True,within_superclass
yorkshire_terrier_188,yorkshire_terrier,dog,0.6,0.3917,yorkshire_terrier,True,dog,True,correct
yorkshire_terrier_188,yorkshire_terrier,dog,0.7,0.4205,yorkshire_terrier,True,dog,True,correct
yorkshire_terrier_188,yorkshire_terrier,dog,0.8,0.4222,yorkshire_terrier,True,dog,True,correct
yorkshire_terrier_188,yorkshire_terrier,dog,0.9,0.4288,yorkshire_terrier,True,dog,True,correct
yorkshire_terrier_188,yorkshire_terrier,dog,1.0,0.4341,yorkshire_terrier,True,dog,True,correct
yorkshire_terrier_14,yorkshire_terrier,dog,0.0,0.0,yorkshire_terrier,True,dog,True,correct
yorkshire_terrier_14,yorkshire_terrier,dog,0.1,0.1037,yorkshire_terrier,True,dog,True,correct
yorkshire_terrier_14,yorkshire_terrier,dog,0.2,0.2994,pug,False,dog,True,within_superclass
yorkshire_terrier_14,yorkshire_terrier,dog,0.3,0.3624,pug,False,dog,True,within_superclass
yorkshire_terrier_14,yorkshire_terrier,dog,0.4,0.4363,shiba_inu,False,dog,True,within_superclass
yorkshire_terrier_14,yorkshire_terrier,dog,0.5,0.4717,yorkshire_terrier,True,dog,True,correct
yorkshire_terrier_14,yorkshire_terrier,dog,0.6,0.5107,yorkshire_terrier,True,dog,True,correct
yorkshire_terrier_14,yorkshire_terrier,dog,0.7,0.5332,yorkshire_terrier,True,dog,True,correct
yorkshire_terrier_14,yorkshire_terrier,dog,0.8,0.5439,yorkshire_terrier,True,dog,True,correct
yorkshire_terrier_14,yorkshire_terrier,dog,0.9,0.5455,yorkshire_terrier,True,dog,True,correct
yorkshire_terrier_14,yorkshire_terrier,dog,1.0,0.5451,shiba_inu,False,dog,True,within_superclass
leonberger_18,leonberger,dog,0.0,0.0,leonberger,True,dog,True,correct
leonberger_18,leonberger,dog,0.1,0.1495,leonberger,True,dog,True,correct
leonberger_18,leonberger,dog,0.2,0.2401,wheaten_terrier,False,dog,True,within_superclass
leonberger_18,leonberger,dog,0.3,0.336,wheaten_terrier,False,dog,True,within_superclass
leonberger_18,leonberger,dog,0.4,0.3928,wheaten_terrier,False,dog,True,within_superclass
leonberger_18,leonberger,dog,0.5,0.4173,wheaten_terrier,False,dog,True,within_superclass
leonberger_18,leonberger,dog,0.6,0.4328,staffordshire_bull_terrier,False,dog,True,within_superclass
leonberger_18,leonberger,dog,0.7,0.4624,staffordshire_bull_terrier,False,dog,True,within_superclass
leonberger_18,leonberger,dog,0.8,0.4803,miniature_pinscher,False,dog,True,within_superclass
leonberger_18,leonberger,dog,0.9,0.4962,boxer,False,dog,True,within_superclass
leonberger_18,leonberger,dog,1.0,0.5195,boxer,False,dog,True,within_superclass
american_bulldog_182,american_bulldog,dog,0.0,0.0,american_bulldog,True,dog,True,correct
american_bulldog_182,american_bulldog,dog,0.1,0.1062,american_bulldog,True,dog,True,correct
american_bulldog_182,american_bulldog,dog,0.2,0.22,american_bulldog,True,dog,True,correct
american_bulldog_182,american_bulldog,dog,0.3,0.1836,american_bulldog,True,dog,True,correct
american_bulldog_182,american_bulldog,dog,0.4,0.1856,american_bulldog,True,dog,True,correct
american_bulldog_182,american_bulldog,dog,0.5,0.2245,american_bulldog,True,dog,True,correct
american_bulldog_182,american_bulldog,dog,0.6,0.2583,american_bulldog,True,dog,True,correct
american_bulldog_182,american_bulldog,dog,0.7,0.2921,american_bulldog,True,dog,True,correct
american_bulldog_182,american_bulldog,dog,0.8,0.311,american_bulldog,True,dog,True,correct
american_bulldog_182,american_bulldog,dog,0.9,0.3447,american_bulldog,True,dog,True,correct
american_bulldog_182,american_bulldog,dog,1.0,0.3683,staffordshire_bull_terrier,False,dog,True,within_superclass
scottish_terrier_113,scottish_terrier,dog,0.0,0.0,scottish_terrier,True,dog,True,correct
scottish_terrier_113,scottish_terrier,dog,0.1,0.1255,scottish_terrier,True,dog,True,correct
scottish_terrier_113,scottish_terrier,dog,0.2,0.2944,scottish_terrier,True,dog,True,correct
scottish_terrier_113,scottish_terrier,dog,0.3,0.2609,maine_coon,False,cat,False,cross_superclass
scottish_terrier_113,scottish_terrier,dog,0.4,0.3076,scottish_terrier,True,dog,True,correct
scottish_terrier_113,scottish_terrier,dog,0.5,0.3742,shiba_inu,False,dog,True,within_superclass
scottish_terrier_113,scottish_terrier,dog,0.6,0.4148,shiba_inu,False,cat,False,cross_superclass
scottish_terrier_113,scottish_terrier,dog,0.7,0.4416,shiba_inu,False,dog,True,within_superclass
scottish_terrier_113,scottish_terrier,dog,0.8,0.4616,shiba_inu,False,dog,True,within_superclass
scottish_terrier_113,scottish_terrier,dog,0.9,0.4777,shiba_inu,False,dog,True,within_superclass
scottish_terrier_113,scottish_terrier,dog,1.0,0.4862,staffordshire_bull_terrier,False,dog,True,within_superclass
yorkshire_terrier_174,yorkshire_terrier,dog,0.0,0.0,yorkshire_terrier,True,dog,True,correct
yorkshire_terrier_174,yorkshire_terrier,dog,0.1,0.0849,yorkshire_terrier,True,dog,True,correct
yorkshire_terrier_174,yorkshire_terrier,dog,0.2,0.2245,yorkshire_terrier,True,dog,True,correct
yorkshire_terrier_174,yorkshire_terrier,dog,0.3,0.247,yorkshire_terrier,True,dog,True,correct
yorkshire_terrier_174,yorkshire_terrier,dog,0.4,0.333,scottish_terrier,False,dog,True,within_superclass
yorkshire_terrier_174,yorkshire_terrier,dog,0.5,0.4089,scottish_terrier,False,dog,True,within_superclass
yorkshire_terrier_174,yorkshire_terrier,dog,0.6,0.4363,yorkshire_terrier,True,cat,False,correct
yorkshire_terrier_174,yorkshire_terrier,dog,0.7,0.4518,pomeranian,False,cat,False,cross_superclass
yorkshire_terrier_174,yorkshire_terrier,dog,0.8,0.4685,boxer,False,cat,False,cross_superclass
yorkshire_terrier_174,yorkshire_terrier,dog,0.9,0.4835,boxer,False,dog,True,within_superclass
yorkshire_terrier_174,yorkshire_terrier,dog,1.0,0.5002,boxer,False,dog,True,within_superclass
english_cocker_spaniel_155,english_cocker_spaniel,dog,0.0,0.0,english_cocker_spaniel,True,dog,True,correct
english_cocker_spaniel_155,english_cocker_spaniel,dog,0.1,0.0971,english_cocker_spaniel,True,dog,True,correct
english_cocker_spaniel_155,english_cocker_spaniel,dog,0.2,0.2826,newfoundland,False,dog,True,within_superclass
english_cocker_spaniel_155,english_cocker_spaniel,dog,0.3,0.2944,newfoundland,False,dog,True,within_superclass
english_cocker_spaniel_155,english_cocker_spaniel,dog,0.4,0.3261,scottish_terrier,False,dog,True,within_superclass
english_cocker_spaniel_155,english_cocker_spaniel,dog,0.5,0.3968,scottish_terrier,False,dog,True,within_superclass
english_cocker_spaniel_155,english_cocker_spaniel,dog,0.6,0.421,scottish_terrier,False,dog,True,within_superclass
english_cocker_spaniel_155,english_cocker_spaniel,dog,0.7,0.4359,scottish_terrier,False,dog,True,within_superclass
english_cocker_spaniel_155,english_cocker_spaniel,dog,0.8,0.4527,scottish_terrier,False,dog,True,within_superclass
english_cocker_spaniel_155,english_cocker_spaniel,dog,0.9,0.4647,staffordshire_bull_terrier,False,cat,False,cross_superclass
english_cocker_spaniel_155,english_cocker_spaniel,dog,1.0,0.4827,british_shorthair,False,cat,False,cross_superclass
Sphynx_196,sphynx,cat,0.0,0.0,sphynx,True,cat,True,correct
Sphynx_196,sphynx,cat,0.1,0.1171,abyssinian,False,cat,True,within_superclass
Sphynx_196,sphynx,cat,0.2,0.2977,miniature_pinscher,False,dog,False,cross_superclass
Sphynx_196,sphynx,cat,0.3,0.2432,abyssinian,False,cat,True,within_superclass
Sphynx_196,sphynx,cat,0.4,0.2619,abyssinian,False,cat,True,within_superclass
Sphynx_196,sphynx,cat,0.5,0.3044,abyssinian,False,cat,True,within_superclass
Sphynx_196,sphynx,cat,0.6,0.3381,abyssinian,False,cat,True,within_superclass
Sphynx_196,sphynx,cat,0.7,0.3555,abyssinian,False,cat,True,within_superclass
Sphynx_196,sphynx,cat,0.8,0.3766,miniature_pinscher,False,cat,True,within_superclass
Sphynx_196,sphynx,cat,0.9,0.3915,british_shorthair,False,cat,True,within_superclass
Sphynx_196,sphynx,cat,1.0,0.412,birman,False,cat,True,within_superclass
miniature_pinscher_153,miniature_pinscher,dog,0.0,0.0,miniature_pinscher,True,dog,True,correct
miniature_pinscher_153,miniature_pinscher,dog,0.1,0.2618,staffordshire_bull_terrier,False,dog,True,within_superclass
miniature_pinscher_153,miniature_pinscher,dog,0.2,0.3018,english_setter,False,dog,True,within_superclass
miniature_pinscher_153,miniature_pinscher,dog,0.3,0.4167,english_setter,False,dog,True,within_superclass
miniature_pinscher_153,miniature_pinscher,dog,0.4,0.4441,great_pyrenees,False,dog,True,within_superclass
miniature_pinscher_153,miniature_pinscher,dog,0.5,0.453,great_pyrenees,False,dog,True,within_superclass
miniature_pinscher_153,miniature_pinscher,dog,0.6,0.4744,boxer,False,dog,True,within_superclass
miniature_pinscher_153,miniature_pinscher,dog,0.7,0.4962,boxer,False,dog,True,within_superclass
miniature_pinscher_153,miniature_pinscher,dog,0.8,0.5118,boxer,False,dog,True,within_superclass
miniature_pinscher_153,miniature_pinscher,dog,0.9,0.5135,boxer,False,dog,True,within_superclass
miniature_pinscher_153,miniature_pinscher,dog,1.0,0.5188,boxer,False,dog,True,within_superclass
english_cocker_spaniel_173,english_cocker_spaniel,dog,0.0,0.0,english_setter,False,dog,True,within_superclass
english_cocker_spaniel_173,english_cocker_spaniel,dog,0.1,0.0952,english_setter,False,dog,True,within_superclass
english_cocker_spaniel_173,english_cocker_spaniel,dog,0.2,0.2508,english_setter,False,dog,True,within_superclass
english_cocker_spaniel_173,english_cocker_spaniel,dog,0.3,0.2734,birman,False,cat,False,cross_superclass
english_cocker_spaniel_173,english_cocker_spaniel,dog,0.4,0.3283,birman,False,cat,False,cross_superclass
english_cocker_spaniel_173,english_cocker_spaniel,dog,0.5,0.3709,egyptian_mau,False,cat,False,cross_superclass
english_cocker_spaniel_173,english_cocker_spaniel,dog,0.6,0.3897,egyptian_mau,False,cat,False,cross_superclass
english_cocker_spaniel_173,english_cocker_spaniel,dog,0.7,0.4211,british_shorthair,False,cat,False,cross_superclass
english_cocker_spaniel_173,english_cocker_spaniel,dog,0.8,0.4428,british_shorthair,False,cat,False,cross_superclass
english_cocker_spaniel_173,english_cocker_spaniel,dog,0.9,0.4566,british_shorthair,False,cat,False,cross_superclass
english_cocker_spaniel_173,english_cocker_spaniel,dog,1.0,0.461,british_shorthair,False,cat,False,cross_superclass
Abyssinian_140,abyssinian,cat,0.0,0.0,abyssinian,True,cat,True,correct
Abyssinian_140,abyssinian,cat,0.1,0.0854,abyssinian,True,cat,True,correct
Abyssinian_140,abyssinian,cat,0.2,0.1538,abyssinian,True,cat,True,correct
Abyssinian_140,abyssinian,cat,0.3,0.2124,abyssinian,True,cat,True,correct
Abyssinian_140,abyssinian,cat,0.4,0.294,abyssinian,True,cat,True,correct
Abyssinian_140,abyssinian,cat,0.5,0.3589,british_shorthair,False,cat,True,within_superclass
Abyssinian_140,abyssinian,cat,0.6,0.3862,british_shorthair,False,cat,True,within_superclass
Abyssinian_140,abyssinian,cat,0.7,0.3998,british_shorthair,False,cat,True,within_superclass
Abyssinian_140,abyssinian,cat,0.8,0.4096,boxer,False,dog,False,cross_superclass
Abyssinian_140,abyssinian,cat,0.9,0.4171,boxer,False,dog,False,cross_superclass
Abyssinian_140,abyssinian,cat,1.0,0.417,boxer,False,dog,False,cross_superclass
japanese_chin_112,japanese_chin,dog,0.0,0.0,japanese_chin,True,dog,True,correct
japanese_chin_112,japanese_chin,dog,0.1,0.1304,japanese_chin,True,dog,True,correct
japanese_chin_112,japanese_chin,dog,0.2,0.2532,japanese_chin,True,dog,True,correct
japanese_chin_112,japanese_chin,dog,0.3,0.2984,japanese_chin,True,dog,True,correct
japanese_chin_112,japanese_chin,dog,0.4,0.3293,japanese_chin,True,dog,True,correct
japanese_chin_112,japanese_chin,dog,0.5,0.3476,havanese,False,dog,True,within_superclass
japanese_chin_112,japanese_chin,dog,0.6,0.3809,havanese,False,dog,True,within_superclass
japanese_chin_112,japanese_chin,dog,0.7,0.4011,english_setter,False,dog,True,within_superclass
japanese_chin_112,japanese_chin,dog,0.8,0.4144,english_setter,False,dog,True,within_superclass
japanese_chin_112,japanese_chin,dog,0.9,0.4289,pug,False,dog,True,within_superclass
japanese_chin_112,japanese_chin,dog,1.0,0.4467,pug,False,dog,True,within_superclass
Birman_169,birman,cat,0.0,0.0,birman,True,cat,True,correct
Birman_169,birman,cat,0.1,0.1154,birman,True,cat,True,correct
Birman_169,birman,cat,0.2,0.2329,birman,True,cat,True,correct
Birman_169,birman,cat,0.3,0.301,birman,True,cat,True,correct
Birman_169,birman,cat,0.4,0.3585,birman,True,cat,True,correct
Birman_169,birman,cat,0.5,0.3961,birman,True,cat,True,correct
Birman_169,birman,cat,0.6,0.4042,birman,True,cat,True,correct
Birman_169,birman,cat,0.7,0.4295,british_shorthair,False,cat,True,within_superclass
Birman_169,birman,cat,0.8,0.4499,british_shorthair,False,cat,True,within_superclass
Birman_169,birman,cat,0.9,0.4646,british_shorthair,False,cat,True,within_superclass
Birman_169,birman,cat,1.0,0.4737,birman,True,dog,False,correct
havanese_137,havanese,dog,0.0,0.0,havanese,True,dog,True,correct
havanese_137,havanese,dog,0.1,0.105,havanese,True,dog,True,correct
havanese_137,havanese,dog,0.2,0.1811,havanese,True,dog,True,correct
havanese_137,havanese,dog,0.3,0.1672,havanese,True,dog,True,correct
havanese_137,havanese,dog,0.4,0.2234,great_pyrenees,False,dog,True,within_superclass
havanese_137,havanese,dog,0.5,0.3309,great_pyrenees,False,dog,True,within_superclass
havanese_137,havanese,dog,0.6,0.4097,american_bulldog,False,dog,True,within_superclass
havanese_137,havanese,dog,0.7,0.4376,great_pyrenees,False,dog,True,within_superclass
havanese_137,havanese,dog,0.8,0.4621,great_pyrenees,False,dog,True,within_superclass
havanese_137,havanese,dog,0.9,0.4766,great_pyrenees,False,dog,True,within_superclass
havanese_137,havanese,dog,1.0,0.4773,great_pyrenees,False,dog,True,within_superclass
newfoundland_170,newfoundland,dog,0.0,0.0,newfoundland,True,dog,True,correct
newfoundland_170,newfoundland,dog,0.1,0.0723,newfoundland,True,dog,True,correct
newfoundland_170,newfoundland,dog,0.2,0.2024,newfoundland,True,dog,True,correct
newfoundland_170,newfoundland,dog,0.3,0.2274,german_shorthaired,False,dog,True,within_superclass
newfoundland_170,newfoundland,dog,0.4,0.3106,staffordshire_bull_terrier,False,dog,True,within_superclass
newfoundland_170,newfoundland,dog,0.5,0.3706,miniature_pinscher,False,dog,True,within_superclass
newfoundland_170,newfoundland,dog,0.6,0.4111,miniature_pinscher,False,dog,True,within_superclass
newfoundland_170,newfoundland,dog,0.7,0.4439,leonberger,False,dog,True,within_superclass
newfoundland_170,newfoundland,dog,0.8,0.4617,leonberger,False,dog,True,within_superclass
newfoundland_170,newfoundland,dog,0.9,0.4619,boxer,False,dog,True,within_superclass
newfoundland_170,newfoundland,dog,1.0,0.461,boxer,False,dog,True,within_superclass
Persian_14,persian,cat,0.0,0.0,persian,True,cat,True,correct
Persian_14,persian,cat,0.1,0.0892,birman,False,cat,True,within_superclass
Persian_14,persian,cat,0.2,0.179,birman,False,cat,True,within_superclass
Persian_14,persian,cat,0.3,0.1857,birman,False,cat,True,within_superclass
Persian_14,persian,cat,0.4,0.1907,british_shorthair,False,cat,True,within_superclass
Persian_14,persian,cat,0.5,0.2233,british_shorthair,False,cat,True,within_superclass
Persian_14,persian,cat,0.6,0.2818,birman,False,cat,True,within_superclass
Persian_14,persian,cat,0.7,0.3513,pomeranian,False,dog,False,cross_superclass
Persian_14,persian,cat,0.8,0.4186,pomeranian,False,dog,False,cross_superclass
Persian_14,persian,cat,0.9,0.4568,pug,False,dog,False,cross_superclass
Persian_14,persian,cat,1.0,0.4791,pug,False,dog,False,cross_superclass
wheaten_terrier_152,wheaten_terrier,dog,0.0,0.0,wheaten_terrier,True,dog,True,correct
wheaten_terrier_152,wheaten_terrier,dog,0.1,0.0756,wheaten_terrier,True,dog,True,correct
wheaten_terrier_152,wheaten_terrier,dog,0.2,0.2402,great_pyrenees,False,dog,True,within_superclass
wheaten_terrier_152,wheaten_terrier,dog,0.3,0.2643,great_pyrenees,False,dog,True,within_superclass
wheaten_terrier_152,wheaten_terrier,dog,0.4,0.2563,wheaten_terrier,True,dog,True,correct
wheaten_terrier_152,wheaten_terrier,dog,0.5,0.2847,wheaten_terrier,True,dog,True,correct
wheaten_terrier_152,wheaten_terrier,dog,0.6,0.3536,wheaten_terrier,True,dog,True,correct
wheaten_terrier_152,wheaten_terrier,dog,0.7,0.3831,wheaten_terrier,True,dog,True,correct
wheaten_terrier_152,wheaten_terrier,dog,0.8,0.4129,wheaten_terrier,True,dog,True,correct
wheaten_terrier_152,wheaten_terrier,dog,0.9,0.4361,wheaten_terrier,True,dog,True,correct
wheaten_terrier_152,wheaten_terrier,dog,1.0,0.4537,newfoundland,False,dog,True,within_superclass
chihuahua_178,chihuahua,dog,0.0,0.0,miniature_pinscher,False,dog,True,within_superclass
chihuahua_178,chihuahua,dog,0.1,0.197,miniature_pinscher,False,dog,True,within_superclass
chihuahua_178,chihuahua,dog,0.2,0.328,staffordshire_bull_terrier,False,cat,False,cross_superclass
chihuahua_178,chihuahua,dog,0.3,0.3819,staffordshire_bull_terrier,False,dog,True,within_superclass
chihuahua_178,chihuahua,dog,0.4,0.4238,japanese_chin,False,cat,False,cross_superclass
chihuahua_178,chihuahua,dog,0.5,0.4275,japanese_chin,False,cat,False,cross_superclass
chihuahua_178,chihuahua,dog,0.6,0.4315,japanese_chin,False,cat,False,cross_superclass
chihuahua_178,chihuahua,dog,0.7,0.4404,japanese_chin,False,cat,False,cross_superclass
chihuahua_178,chihuahua,dog,0.8,0.4481,boxer,False,cat,False,cross_superclass
chihuahua_178,chihuahua,dog,0.9,0.4593,boxer,False,dog,True,within_superclass
chihuahua_178,chihuahua,dog,1.0,0.4663,boxer,False,dog,True,within_superclass
great_pyrenees_151,great_pyrenees,dog,0.0,0.0,great_pyrenees,True,dog,True,correct
great_pyrenees_151,great_pyrenees,dog,0.1,0.0922,great_pyrenees,True,dog,True,correct
great_pyrenees_151,great_pyrenees,dog,0.2,0.154,great_pyrenees,True,dog,True,correct
great_pyrenees_151,great_pyrenees,dog,0.3,0.1952,great_pyrenees,True,dog,True,correct
great_pyrenees_151,great_pyrenees,dog,0.4,0.3038,great_pyrenees,True,dog,True,correct
great_pyrenees_151,great_pyrenees,dog,0.5,0.3567,great_pyrenees,True,dog,True,correct
great_pyrenees_151,great_pyrenees,dog,0.6,0.4015,birman,False,cat,False,cross_superclass
great_pyrenees_151,great_pyrenees,dog,0.7,0.4328,ragdoll,False,cat,False,cross_superclass
great_pyrenees_151,great_pyrenees,dog,0.8,0.4542,british_shorthair,False,cat,False,cross_superclass
great_pyrenees_151,great_pyrenees,dog,0.9,0.4694,british_shorthair,False,cat,False,cross_superclass
great_pyrenees_151,great_pyrenees,dog,1.0,0.4868,british_shorthair,False,cat,False,cross_superclass
boxer_165,boxer,dog,0.0,0.0,boxer,True,dog,True,correct
boxer_165,boxer,dog,0.1,0.1001,boxer,True,dog,True,correct
boxer_165,boxer,dog,0.2,0.297,saint_bernard,False,dog,True,within_superclass
boxer_165,boxer,dog,0.3,0.3577,shiba_inu,False,dog,True,within_superclass
boxer_165,boxer,dog,0.4,0.3646,pomeranian,False,cat,False,cross_superclass
boxer_165,boxer,dog,0.5,0.3791,pomeranian,False,cat,False,cross_superclass
boxer_165,boxer,dog,0.6,0.3897,maine_coon,False,cat,False,cross_superclass
boxer_165,boxer,dog,0.7,0.3999,maine_coon,False,cat,False,cross_superclass
boxer_165,boxer,dog,0.8,0.4042,maine_coon,False,cat,False,cross_superclass
boxer_165,boxer,dog,0.9,0.4012,persian,False,cat,False,cross_superclass
boxer_165,boxer,dog,1.0,0.4049,shiba_inu,False,cat,False,cross_superclass
beagle_188,beagle,dog,0.0,0.0,saint_bernard,False,dog,True,within_superclass
beagle_188,beagle,dog,0.1,0.1173,american_bulldog,False,dog,True,within_superclass
beagle_188,beagle,dog,0.2,0.2533,saint_bernard,False,dog,True,within_superclass
beagle_188,beagle,dog,0.3,0.274,saint_bernard,False,dog,True,within_superclass
beagle_188,beagle,dog,0.4,0.3526,shiba_inu,False,dog,True,within_superclass
beagle_188,beagle,dog,0.5,0.4022,shiba_inu,False,dog,True,within_superclass
beagle_188,beagle,dog,0.6,0.4326,shiba_inu,False,dog,True,within_superclass
beagle_188,beagle,dog,0.7,0.4695,shiba_inu,False,dog,True,within_superclass
beagle_188,beagle,dog,0.8,0.4948,boxer,False,dog,True,within_superclass
beagle_188,beagle,dog,0.9,0.5102,boxer,False,dog,True,within_superclass
beagle_188,beagle,dog,1.0,0.5154,boxer,False,dog,True,within_superclass
staffordshire_bull_terrier_194,staffordshire_bull_terrier,dog,0.0,0.0,staffordshire_bull_terrier,True,dog,True,correct
staffordshire_bull_terrier_194,staffordshire_bull_terrier,dog,0.1,0.082,staffordshire_bull_terrier,True,dog,True,correct
staffordshire_bull_terrier_194,staffordshire_bull_terrier,dog,0.2,0.2189,staffordshire_bull_terrier,True,dog,True,correct
staffordshire_bull_terrier_194,staffordshire_bull_terrier,dog,0.3,0.1975,german_shorthaired,False,dog,True,within_superclass
staffordshire_bull_terrier_194,staffordshire_bull_terrier,dog,0.4,0.2347,german_shorthaired,False,dog,True,within_superclass
staffordshire_bull_terrier_194,staffordshire_bull_terrier,dog,0.5,0.296,german_shorthaired,False,dog,True,within_superclass
staffordshire_bull_terrier_194,staffordshire_bull_terrier,dog,0.6,0.3676,german_shorthaired,False,dog,True,within_superclass
staffordshire_bull_terrier_194,staffordshire_bull_terrier,dog,0.7,0.3947,german_shorthaired,False,dog,True,within_superclass
staffordshire_bull_terrier_194,staffordshire_bull_terrier,dog,0.8,0.41,newfoundland,False,dog,True,within_superclass
staffordshire_bull_terrier_194,staffordshire_bull_terrier,dog,0.9,0.4245,newfoundland,False,dog,True,within_superclass
staffordshire_bull_terrier_194,staffordshire_bull_terrier,dog,1.0,0.4306,newfoundland,False,dog,True,within_superclass
yorkshire_terrier_127,yorkshire_terrier,dog,0.0,0.0,yorkshire_terrier,True,dog,True,correct
yorkshire_terrier_127,yorkshire_terrier,dog,0.1,0.171,yorkshire_terrier,True,dog,True,correct
yorkshire_terrier_127,yorkshire_terrier,dog,0.2,0.2347,yorkshire_terrier,True,dog,True,correct
yorkshire_terrier_127,yorkshire_terrier,dog,0.3,0.3942,yorkshire_terrier,True,dog,True,correct
yorkshire_terrier_127,yorkshire_terrier,dog,0.4,0.4339,yorkshire_terrier,True,dog,True,correct
yorkshire_terrier_127,yorkshire_terrier,dog,0.5,0.444,yorkshire_terrier,True,dog,True,correct
yorkshire_terrier_127,yorkshire_terrier,dog,0.6,0.4337,havanese,False,dog,True,within_superclass
yorkshire_terrier_127,yorkshire_terrier,dog,0.7,0.4357,havanese,False,dog,True,within_superclass
yorkshire_terrier_127,yorkshire_terrier,dog,0.8,0.4408,persian,False,dog,True,within_superclass
yorkshire_terrier_127,yorkshire_terrier,dog,0.9,0.4474,persian,False,dog,True,within_superclass
yorkshire_terrier_127,yorkshire_terrier,dog,1.0,0.4554,persian,False,dog,True,within_superclass
wheaten_terrier_117,wheaten_terrier,dog,0.0,0.0,wheaten_terrier,True,dog,True,correct
wheaten_terrier_117,wheaten_terrier,dog,0.1,0.087,wheaten_terrier,True,dog,True,correct
wheaten_terrier_117,wheaten_terrier,dog,0.2,0.1996,wheaten_terrier,True,dog,True,correct
wheaten_terrier_117,wheaten_terrier,dog,0.3,0.2971,great_pyrenees,False,dog,True,within_superclass
wheaten_terrier_117,wheaten_terrier,dog,0.4,0.357,great_pyrenees,False,dog,True,within_superclass
wheaten_terrier_117,wheaten_terrier,dog,0.5,0.4338,great_pyrenees,False,dog,True,within_superclass
wheaten_terrier_117,wheaten_terrier,dog,0.6,0.5244,great_pyrenees,False,dog,True,within_superclass
wheaten_terrier_117,wheaten_terrier,dog,0.7,0.567,british_shorthair,False,dog,True,within_superclass
wheaten_terrier_117,wheaten_terrier,dog,0.8,0.5734,british_shorthair,False,dog,True,within_superclass
wheaten_terrier_117,wheaten_terrier,dog,0.9,0.5804,british_shorthair,False,dog,True,within_superclass
wheaten_terrier_117,wheaten_terrier,dog,1.0,0.5804,british_shorthair,False,dog,True,within_superclass
german_shorthaired_158,german_shorthaired,dog,0.0,0.0,german_shorthaired,True,dog,True,correct
german_shorthaired_158,german_shorthaired,dog,0.1,0.1053,german_shorthaired,True,dog,True,correct
german_shorthaired_158,german_shorthaired,dog,0.2,0.2943,german_shorthaired,True,dog,True,correct
german_shorthaired_158,german_shorthaired,dog,0.3,0.3441,german_shorthaired,True,dog,True,correct
german_shorthaired_158,german_shorthaired,dog,0.4,0.4305,german_shorthaired,True,dog,True,correct
german_shorthaired_158,german_shorthaired,dog,0.5,0.487,great_pyrenees,False,dog,True,within_superclass
german_shorthaired_158,german_shorthaired,dog,0.6,0.5338,boxer,False,dog,True,within_superclass
german_shorthaired_158,german_shorthaired,dog,0.7,0.553,boxer,False,dog,True,within_superclass
german_shorthaired_158,german_shorthaired,dog,0.8,0.5562,german_shorthaired,True,dog,True,correct
german_shorthaired_158,german_shorthaired,dog,0.9,0.5622,japanese_chin,False,dog,True,within_superclass
german_shorthaired_158,german_shorthaired,dog,1.0,0.5665,boxer,False,dog,True,within_superclass
yorkshire_terrier_183,yorkshire_terrier,dog,0.0,0.0,yorkshire_terrier,True,dog,True,correct
yorkshire_terrier_183,yorkshire_terrier,dog,0.1,0.0692,yorkshire_terrier,True,dog,True,correct
yorkshire_terrier_183,yorkshire_terrier,dog,0.2,0.1804,yorkshire_terrier,True,dog,True,correct
yorkshire_terrier_183,yorkshire_terrier,dog,0.3,0.23,yorkshire_terrier,True,dog,True,correct
yorkshire_terrier_183,yorkshire_terrier,dog,0.4,0.3323,yorkshire_terrier,True,dog,True,correct
yorkshire_terrier_183,yorkshire_terrier,dog,0.5,0.4072,yorkshire_terrier,True,dog,True,correct
yorkshire_terrier_183,yorkshire_terrier,dog,0.6,0.4481,yorkshire_terrier,True,dog,True,correct
yorkshire_terrier_183,yorkshire_terrier,dog,0.7,0.4771,boxer,False,dog,True,within_superclass
yorkshire_terrier_183,yorkshire_terrier,dog,0.8,0.4852,boxer,False,dog,True,within_superclass
yorkshire_terrier_183,yorkshire_terrier,dog,0.9,0.4906,boxer,False,dog,True,within_superclass
yorkshire_terrier_183,yorkshire_terrier,dog,1.0,0.4945,boxer,False,dog,True,within_superclass
pug_117,pug,dog,0.0,0.0,pug,True,dog,True,correct
pug_117,pug,dog,0.1,0.1508,pug,True,dog,True,correct
pug_117,pug,dog,0.2,0.3026,english_setter,False,dog,True,within_superclass
pug_117,pug,dog,0.3,0.3649,great_pyrenees,False,dog,True,within_superclass
pug_117,pug,dog,0.4,0.4099,great_pyrenees,False,dog,True,within_superclass
pug_117,pug,dog,0.5,0.4313,english_setter,False,dog,True,within_superclass
pug_117,pug,dog,0.6,0.4354,english_setter,False,dog,True,within_superclass
pug_117,pug,dog,0.7,0.4407,english_setter,False,dog,True,within_superclass
pug_117,pug,dog,0.8,0.438,english_setter,False,dog,True,within_superclass
pug_117,pug,dog,0.9,0.4315,yorkshire_terrier,False,dog,True,within_superclass
pug_117,pug,dog,1.0,0.4407,yorkshire_terrier,False,dog,True,within_superclass
miniature_pinscher_167,miniature_pinscher,dog,0.0,0.0,miniature_pinscher,True,dog,True,correct
miniature_pinscher_167,miniature_pinscher,dog,0.1,0.1759,miniature_pinscher,True,dog,True,correct
miniature_pinscher_167,miniature_pinscher,dog,0.2,0.3978,miniature_pinscher,True,dog,True,correct
miniature_pinscher_167,miniature_pinscher,dog,0.3,0.4414,shiba_inu,False,dog,True,within_superclass
miniature_pinscher_167,miniature_pinscher,dog,0.4,0.424,miniature_pinscher,True,dog,True,correct
miniature_pinscher_167,miniature_pinscher,dog,0.5,0.4169,miniature_pinscher,True,dog,True,correct
miniature_pinscher_167,miniature_pinscher,dog,0.6,0.4143,miniature_pinscher,True,dog,True,correct
miniature_pinscher_167,miniature_pinscher,dog,0.7,0.4269,miniature_pinscher,True,dog,True,correct
miniature_pinscher_167,miniature_pinscher,dog,0.8,0.4382,british_shorthair,False,dog,True,within_superclass
miniature_pinscher_167,miniature_pinscher,dog,0.9,0.4526,british_shorthair,False,dog,True,within_superclass
miniature_pinscher_167,miniature_pinscher,dog,1.0,0.4602,british_shorthair,False,dog,True,within_superclass
basset_hound_179,basset_hound,dog,0.0,0.0,basset_hound,True,dog,True,correct
basset_hound_179,basset_hound,dog,0.1,0.0952,basset_hound,True,dog,True,correct
basset_hound_179,basset_hound,dog,0.2,0.2196,basset_hound,True,dog,True,correct
basset_hound_179,basset_hound,dog,0.3,0.2966,german_shorthaired,False,dog,True,within_superclass
basset_hound_179,basset_hound,dog,0.4,0.347,german_shorthaired,False,dog,True,within_superclass
basset_hound_179,basset_hound,dog,0.5,0.3635,german_shorthaired,False,dog,True,within_superclass
basset_hound_179,basset_hound,dog,0.6,0.3693,german_shorthaired,False,dog,True,within_superclass
basset_hound_179,basset_hound,dog,0.7,0.3776,german_shorthaired,False,dog,True,within_superclass
basset_hound_179,basset_hound,dog,0.8,0.385,saint_bernard,False,dog,True,within_superclass
basset_hound_179,basset_hound,dog,0.9,0.3941,leonberger,False,dog,True,within_superclass
basset_hound_179,basset_hound,dog,1.0,0.3975,saint_bernard,False,dog,True,within_superclass
beagle_117,beagle,dog,0.0,0.0,beagle,True,dog,True,correct
beagle_117,beagle,dog,0.1,0.1159,beagle,True,dog,True,correct
beagle_117,beagle,dog,0.2,0.2093,beagle,True,dog,True,correct
beagle_117,beagle,dog,0.3,0.2146,beagle,True,dog,True,correct
beagle_117,beagle,dog,0.4,0.2643,shiba_inu,False,dog,True,within_superclass
beagle_117,beagle,dog,0.5,0.3678,shiba_inu,False,dog,True,within_superclass
beagle_117,beagle,dog,0.6,0.4916,boxer,False,dog,True,within_superclass
beagle_117,beagle,dog,0.7,0.5124,boxer,False,dog,True,within_superclass
beagle_117,beagle,dog,0.8,0.5186,boxer,False,dog,True,within_superclass
beagle_117,beagle,dog,0.9,0.5289,boxer,False,dog,True,within_superclass
beagle_117,beagle,dog,1.0,0.532,boxer,False,dog,True,within_superclass
beagle_13,beagle,dog,0.0,0.0,beagle,True,dog,True,correct
beagle_13,beagle,dog,0.1,0.1075,beagle,True,dog,True,correct
beagle_13,beagle,dog,0.2,0.2595,beagle,True,dog,True,correct
beagle_13,beagle,dog,0.3,0.1904,beagle,True,dog,True,correct
beagle_13,beagle,dog,0.4,0.2026,chihuahua,False,dog,True,within_superclass
beagle_13,beagle,dog,0.5,0.2518,chihuahua,False,dog,True,within_superclass
beagle_13,beagle,dog,0.6,0.3568,shiba_inu,False,dog,True,within_superclass
beagle_13,beagle,dog,0.7,0.407,shiba_inu,False,dog,True,within_superclass
beagle_13,beagle,dog,0.8,0.4188,british_shorthair,False,dog,True,within_superclass
beagle_13,beagle,dog,0.9,0.4243,british_shorthair,False,dog,True,within_superclass
beagle_13,beagle,dog,1.0,0.4328,british_shorthair,False,dog,True,within_superclass
British_Shorthair_151,british_shorthair,cat,0.0,0.0,british_shorthair,True,cat,True,correct
British_Shorthair_151,british_shorthair,cat,0.1,0.1145,british_shorthair,True,cat,True,correct
British_Shorthair_151,british_shorthair,cat,0.2,0.2024,siamese,False,cat,True,within_superclass
British_Shorthair_151,british_shorthair,cat,0.3,0.2484,abyssinian,False,cat,True,within_superclass
British_Shorthair_151,british_shorthair,cat,0.4,0.3034,abyssinian,False,cat,True,within_superclass
British_Shorthair_151,british_shorthair,cat,0.5,0.3808,shiba_inu,False,dog,False,cross_superclass
British_Shorthair_151,british_shorthair,cat,0.6,0.4104,shiba_inu,False,dog,False,cross_superclass
British_Shorthair_151,british_shorthair,cat,0.7,0.4223,pomeranian,False,dog,False,cross_superclass
British_Shorthair_151,british_shorthair,cat,0.8,0.4276,pomeranian,False,dog,False,cross_superclass
British_Shorthair_151,british_shorthair,cat,0.9,0.4276,pomeranian,False,dog,False,cross_superclass
British_Shorthair_151,british_shorthair,cat,1.0,0.4324,pomeranian,False,dog,False,cross_superclass
Ragdoll_136,ragdoll,cat,0.0,0.0,birman,False,cat,True,within_superclass
Ragdoll_136,ragdoll,cat,0.1,0.0909,birman,False,cat,True,within_superclass
Ragdoll_136,ragdoll,cat,0.2,0.2581,birman,False,cat,True,within_superclass
Ragdoll_136,ragdoll,cat,0.3,0.2765,birman,False,cat,True,within_superclass
Ragdoll_136,ragdoll,cat,0.4,0.3079,birman,False,cat,True,within_superclass
Ragdoll_136,ragdoll,cat,0.5,0.3356,birman,False,cat,True,within_superclass
Ragdoll_136,ragdoll,cat,0.6,0.361,birman,False,cat,True,within_superclass
Ragdoll_136,ragdoll,cat,0.7,0.3989,japanese_chin,False,cat,True,within_superclass
Ragdoll_136,ragdoll,cat,0.8,0.4603,japanese_chin,False,cat,True,within_superclass
Ragdoll_136,ragdoll,cat,0.9,0.5006,miniature_pinscher,False,dog,False,cross_superclass
Ragdoll_136,ragdoll,cat,1.0,0.5214,miniature_pinscher,False,dog,False,cross_superclass
Russian_Blue_13,russian_blue,cat,0.0,0.0,russian_blue,True,cat,True,correct
Russian_Blue_13,russian_blue,cat,0.1,0.031,russian_blue,True,cat,True,correct
Russian_Blue_13,russian_blue,cat,0.2,0.105,egyptian_mau,False,cat,True,within_superclass
Russian_Blue_13,russian_blue,cat,0.3,0.2021,egyptian_mau,False,cat,True,within_superclass
Russian_Blue_13,russian_blue,cat,0.4,0.1842,egyptian_mau,False,cat,True,within_superclass
Russian_Blue_13,russian_blue,cat,0.5,0.1843,egyptian_mau,False,cat,True,within_superclass
Russian_Blue_13,russian_blue,cat,0.6,0.1999,egyptian_mau,False,cat,True,within_superclass
Russian_Blue_13,russian_blue,cat,0.7,0.2278,egyptian_mau,False,cat,True,within_superclass
Russian_Blue_13,russian_blue,cat,0.8,0.2583,egyptian_mau,False,cat,True,within_superclass
Russian_Blue_13,russian_blue,cat,0.9,0.2884,egyptian_mau,False,cat,True,within_superclass
Russian_Blue_13,russian_blue,cat,1.0,0.3174,egyptian_mau,False,cat,True,within_superclass
keeshond_128,keeshond,dog,0.0,0.0,keeshond,True,dog,True,correct
keeshond_128,keeshond,dog,0.1,0.1018,keeshond,True,dog,True,correct
keeshond_128,keeshond,dog,0.2,0.3202,newfoundland,False,dog,True,within_superclass
keeshond_128,keeshond,dog,0.3,0.3711,newfoundland,False,dog,True,within_superclass
keeshond_128,keeshond,dog,0.4,0.3879,newfoundland,False,dog,True,within_superclass
keeshond_128,keeshond,dog,0.5,0.4328,newfoundland,False,dog,True,within_superclass
keeshond_128,keeshond,dog,0.6,0.4628,shiba_inu,False,dog,True,within_superclass
keeshond_128,keeshond,dog,0.7,0.4929,newfoundland,False,dog,True,within_superclass
keeshond_128,keeshond,dog,0.8,0.506,newfoundland,False,dog,True,within_superclass
keeshond_128,keeshond,dog,0.9,0.5169,newfoundland,False,dog,True,within_superclass
keeshond_128,keeshond,dog,1.0,0.5227,newfoundland,False,dog,True,within_superclass
japanese_chin_144,japanese_chin,dog,0.0,0.0,japanese_chin,True,dog,True,correct
japanese_chin_144,japanese_chin,dog,0.1,0.1112,japanese_chin,True,dog,True,correct
japanese_chin_144,japanese_chin,dog,0.2,0.2448,japanese_chin,True,dog,True,correct
japanese_chin_144,japanese_chin,dog,0.3,0.2219,japanese_chin,True,dog,True,correct
japanese_chin_144,japanese_chin,dog,0.4,0.2671,pug,False,dog,True,within_superclass
japanese_chin_144,japanese_chin,dog,0.5,0.3283,pug,False,dog,True,within_superclass
japanese_chin_144,japanese_chin,dog,0.6,0.3707,pug,False,dog,True,within_superclass
japanese_chin_144,japanese_chin,dog,0.7,0.4068,yorkshire_terrier,False,dog,True,within_superclass
japanese_chin_144,japanese_chin,dog,0.8,0.4277,yorkshire_terrier,False,dog,True,within_superclass
japanese_chin_144,japanese_chin,dog,0.9,0.4392,yorkshire_terrier,False,dog,True,within_superclass
japanese_chin_144,japanese_chin,dog,1.0,0.4349,yorkshire_terrier,False,dog,True,within_superclass
saint_bernard_116,saint_bernard,dog,0.0,0.0,saint_bernard,True,dog,True,correct
saint_bernard_116,saint_bernard,dog,0.1,0.1678,saint_bernard,True,dog,True,correct
saint_bernard_116,saint_bernard,dog,0.2,0.238,saint_bernard,True,dog,True,correct
saint_bernard_116,saint_bernard,dog,0.3,0.2754,saint_bernard,True,dog,True,correct
saint_bernard_116,saint_bernard,dog,0.4,0.2931,saint_bernard,True,dog,True,correct
saint_bernard_116,saint_bernard,dog,0.5,0.3342,saint_bernard,True,dog,True,correct
saint_bernard_116,saint_bernard,dog,0.6,0.4498,great_pyrenees,False,dog,True,within_superclass
saint_bernard_116,saint_bernard,dog,0.7,0.5058,boxer,False,dog,True,within_superclass
saint_bernard_116,saint_bernard,dog,0.8,0.5255,boxer,False,dog,True,within_superclass
saint_bernard_116,saint_bernard,dog,0.9,0.5368,boxer,False,dog,True,within_superclass
saint_bernard_116,saint_bernard,dog,1.0,0.5393,boxer,False,dog,True,within_superclass
japanese_chin_128,japanese_chin,dog,0.0,0.0,japanese_chin,True,dog,True,correct
japanese_chin_128,japanese_chin,dog,0.1,0.085,japanese_chin,True,dog,True,correct
japanese_chin_128,japanese_chin,dog,0.2,0.2148,japanese_chin,True,dog,True,correct
japanese_chin_128,japanese_chin,dog,0.3,0.1985,japanese_chin,True,cat,False,correct
japanese_chin_128,japanese_chin,dog,0.4,0.2357,japanese_chin,True,cat,False,correct
japanese_chin_128,japanese_chin,dog,0.5,0.2555,japanese_chin,True,cat,False,correct
japanese_chin_128,japanese_chin,dog,0.6,0.2648,japanese_chin,True,cat,False,correct
japanese_chin_128,japanese_chin,dog,0.7,0.2725,japanese_chin,True,dog,True,correct
japanese_chin_128,japanese_chin,dog,0.8,0.2792,japanese_chin,True,dog,True,correct
japanese_chin_128,japanese_chin,dog,0.9,0.2925,japanese_chin,True,dog,True,correct
japanese_chin_128,japanese_chin,dog,1.0,0.3046,japanese_chin,True,dog,True,correct
shiba_inu_109,shiba_inu,dog,0.0,0.0,shiba_inu,True,dog,True,correct
shiba_inu_109,shiba_inu,dog,0.1,0.0912,shiba_inu,True,dog,True,correct
shiba_inu_109,shiba_inu,dog,0.2,0.1582,shiba_inu,True,dog,True,correct
shiba_inu_109,shiba_inu,dog,0.3,0.218,shiba_inu,True,dog,True,correct
shiba_inu_109,shiba_inu,dog,0.4,0.2821,shiba_inu,True,cat,False,correct
shiba_inu_109,shiba_inu,dog,0.5,0.3426,shiba_inu,True,cat,False,correct
shiba_inu_109,shiba_inu,dog,0.6,0.4001,shiba_inu,True,cat,False,correct
shiba_inu_109,shiba_inu,dog,0.7,0.4412,british_shorthair,False,cat,False,cross_superclass
shiba_inu_109,shiba_inu,dog,0.8,0.4942,british_shorthair,False,cat,False,cross_superclass
shiba_inu_109,shiba_inu,dog,0.9,0.5206,british_shorthair,False,cat,False,cross_superclass
shiba_inu_109,shiba_inu,dog,1.0,0.5392,british_shorthair,False,cat,False,cross_superclass
British_Shorthair_107,british_shorthair,cat,0.0,0.0,british_shorthair,True,cat,True,correct
British_Shorthair_107,british_shorthair,cat,0.1,0.1008,british_shorthair,True,cat,True,correct
British_Shorthair_107,british_shorthair,cat,0.2,0.1818,british_shorthair,True,cat,True,correct
British_Shorthair_107,british_shorthair,cat,0.3,0.3016,british_shorthair,True,cat,True,correct
British_Shorthair_107,british_shorthair,cat,0.4,0.3372,egyptian_mau,False,cat,True,within_superclass
British_Shorthair_107,british_shorthair,cat,0.5,0.3692,british_shorthair,True,cat,True,correct
British_Shorthair_107,british_shorthair,cat,0.6,0.4256,british_shorthair,True,cat,True,correct
British_Shorthair_107,british_shorthair,cat,0.7,0.4644,british_shorthair,True,cat,True,correct
British_Shorthair_107,british_shorthair,cat,0.8,0.4907,british_shorthair,True,cat,True,correct
British_Shorthair_107,british_shorthair,cat,0.9,0.5094,yorkshire_terrier,False,dog,False,cross_superclass
British_Shorthair_107,british_shorthair,cat,1.0,0.5201,yorkshire_terrier,False,dog,False,cross_superclass
wheaten_terrier_165,wheaten_terrier,dog,0.0,0.0,wheaten_terrier,True,dog,True,correct
wheaten_terrier_165,wheaten_terrier,dog,0.1,0.0947,wheaten_terrier,True,dog,True,correct
wheaten_terrier_165,wheaten_terrier,dog,0.2,0.2394,wheaten_terrier,True,dog,True,correct
wheaten_terrier_165,wheaten_terrier,dog,0.3,0.1767,wheaten_terrier,True,dog,True,correct
wheaten_terrier_165,wheaten_terrier,dog,0.4,0.2548,wheaten_terrier,True,dog,True,correct
wheaten_terrier_165,wheaten_terrier,dog,0.5,0.2994,wheaten_terrier,True,dog,True,correct
wheaten_terrier_165,wheaten_terrier,dog,0.6,0.3309,wheaten_terrier,True,dog,True,correct
wheaten_terrier_165,wheaten_terrier,dog,0.7,0.362,wheaten_terrier,True,dog,True,correct
wheaten_terrier_165,wheaten_terrier,dog,0.8,0.3923,wheaten_terrier,True,dog,True,correct
wheaten_terrier_165,wheaten_terrier,dog,0.9,0.4316,wheaten_terrier,True,dog,True,correct
wheaten_terrier_165,wheaten_terrier,dog,1.0,0.4559,wheaten_terrier,True,dog,True,correct
leonberger_135,leonberger,dog,0.0,0.0,leonberger,True,dog,True,correct
leonberger_135,leonberger,dog,0.1,0.0854,leonberger,True,dog,True,correct
leonberger_135,leonberger,dog,0.2,0.1827,leonberger,True,dog,True,correct
leonberger_135,leonberger,dog,0.3,0.2104,leonberger,True,dog,True,correct
leonberger_135,leonberger,dog,0.4,0.2524,leonberger,True,dog,True,correct
leonberger_135,leonberger,dog,0.5,0.298,leonberger,True,dog,True,correct
leonberger_135,leonberger,dog,0.6,0.3351,leonberger,True,dog,True,correct
leonberger_135,leonberger,dog,0.7,0.3704,leonberger,True,dog,True,correct
leonberger_135,leonberger,dog,0.8,0.4075,staffordshire_bull_terrier,False,dog,True,within_superclass
leonberger_135,leonberger,dog,0.9,0.4361,scottish_terrier,False,dog,True,within_superclass
leonberger_135,leonberger,dog,1.0,0.4714,scottish_terrier,False,dog,True,within_superclass
Ragdoll_113,ragdoll,cat,0.0,0.0,birman,False,cat,True,within_superclass
Ragdoll_113,ragdoll,cat,0.1,0.0735,birman,False,cat,True,within_superclass
Ragdoll_113,ragdoll,cat,0.2,0.1677,birman,False,cat,True,within_superclass
Ragdoll_113,ragdoll,cat,0.3,0.1904,birman,False,cat,True,within_superclass
Ragdoll_113,ragdoll,cat,0.4,0.2481,birman,False,cat,True,within_superclass
Ragdoll_113,ragdoll,cat,0.5,0.319,shiba_inu,False,dog,False,cross_superclass
Ragdoll_113,ragdoll,cat,0.6,0.4115,staffordshire_bull_terrier,False,dog,False,cross_superclass
Ragdoll_113,ragdoll,cat,0.7,0.4682,pug,False,dog,False,cross_superclass
Ragdoll_113,ragdoll,cat,0.8,0.4653,pug,False,dog,False,cross_superclass
Ragdoll_113,ragdoll,cat,0.9,0.4636,german_shorthaired,False,dog,False,cross_superclass
Ragdoll_113,ragdoll,cat,1.0,0.4554,pug,False,dog,False,cross_superclass
Sphynx_119,sphynx,cat,0.0,0.0,sphynx,True,cat,True,correct
Sphynx_119,sphynx,cat,0.1,0.0762,abyssinian,False,cat,True,within_superclass
Sphynx_119,sphynx,cat,0.2,0.2394,shiba_inu,False,dog,False,cross_superclass
Sphynx_119,sphynx,cat,0.3,0.2987,shiba_inu,False,dog,False,cross_superclass
Sphynx_119,sphynx,cat,0.4,0.35,shiba_inu,False,dog,False,cross_superclass
Sphynx_119,sphynx,cat,0.5,0.3662,yorkshire_terrier,False,dog,False,cross_superclass
Sphynx_119,sphynx,cat,0.6,0.3899,yorkshire_terrier,False,cat,True,within_superclass
Sphynx_119,sphynx,cat,0.7,0.416,yorkshire_terrier,False,cat,True,within_superclass
Sphynx_119,sphynx,cat,0.8,0.4394,yorkshire_terrier,False,cat,True,within_superclass
Sphynx_119,sphynx,cat,0.9,0.4488,pomeranian,False,cat,True,within_superclass
Sphynx_119,sphynx,cat,1.0,0.4551,shiba_inu,False,cat,True,within_superclass
boxer_143,boxer,dog,0.0,0.0,boxer,True,dog,True,correct
boxer_143,boxer,dog,0.1,0.0775,boxer,True,dog,True,correct
boxer_143,boxer,dog,0.2,0.15,boxer,True,dog,True,correct
boxer_143,boxer,dog,0.3,0.1806,staffordshire_bull_terrier,False,dog,True,within_superclass
boxer_143,boxer,dog,0.4,0.2666,shiba_inu,False,dog,True,within_superclass
boxer_143,boxer,dog,0.5,0.3312,shiba_inu,False,cat,False,cross_superclass
boxer_143,boxer,dog,0.6,0.3554,shiba_inu,False,cat,False,cross_superclass
boxer_143,boxer,dog,0.7,0.3625,british_shorthair,False,cat,False,cross_superclass
boxer_143,boxer,dog,0.8,0.3729,british_shorthair,False,cat,False,cross_superclass
boxer_143,boxer,dog,0.9,0.3785,shiba_inu,False,cat,False,cross_superclass
boxer_143,boxer,dog,1.0,0.3793,shiba_inu,False,dog,True,within_superclass
chihuahua_131,chihuahua,dog,0.0,0.0,chihuahua,True,dog,True,correct
chihuahua_131,chihuahua,dog,0.1,0.2751,miniature_pinscher,False,dog,True,within_superclass
chihuahua_131,chihuahua,dog,0.2,0.3204,miniature_pinscher,False,dog,True,within_superclass
chihuahua_131,chihuahua,dog,0.3,0.4452,miniature_pinscher,False,dog,True,within_superclass
chihuahua_131,chihuahua,dog,0.4,0.4819,miniature_pinscher,False,dog,True,within_superclass
chihuahua_131,chihuahua,dog,0.5,0.5012,miniature_pinscher,False,dog,True,within_superclass
chihuahua_131,chihuahua,dog,0.6,0.5151,miniature_pinscher,False,dog,True,within_superclass
chihuahua_131,chihuahua,dog,0.7,0.5312,wheaten_terrier,False,dog,True,within_superclass
chihuahua_131,chihuahua,dog,0.8,0.5225,yorkshire_terrier,False,dog,True,within_superclass
chihuahua_131,chihuahua,dog,0.9,0.5326,yorkshire_terrier,False,dog,True,within_superclass
chihuahua_131,chihuahua,dog,1.0,0.5228,yorkshire_terrier,False,dog,True,within_superclass
British_Shorthair_187,british_shorthair,cat,0.0,0.0,british_shorthair,True,cat,True,correct
British_Shorthair_187,british_shorthair,cat,0.1,0.1296,british_shorthair,True,cat,True,correct
British_Shorthair_187,british_shorthair,cat,0.2,0.2179,british_shorthair,True,cat,True,correct
British_Shorthair_187,british_shorthair,cat,0.3,0.3023,pug,False,cat,True,within_superclass
British_Shorthair_187,british_shorthair,cat,0.4,0.3276,staffordshire_bull_terrier,False,cat,True,within_superclass
British_Shorthair_187,british_shorthair,cat,0.5,0.3579,russian_blue,False,dog,False,cross_superclass
British_Shorthair_187,british_shorthair,cat,0.6,0.3984,newfoundland,False,dog,False,cross_superclass
British_Shorthair_187,british_shorthair,cat,0.7,0.4234,newfoundland,False,dog,False,cross_superclass
British_Shorthair_187,british_shorthair,cat,0.8,0.4426,newfoundland,False,dog,False,cross_superclass
British_Shorthair_187,british_shorthair,cat,0.9,0.4583,newfoundland,False,dog,False,cross_superclass
British_Shorthair_187,british_shorthair,cat,1.0,0.4638,german_shorthaired,False,dog,False,cross_superclass
samoyed_139,samoyed,dog,0.0,0.0,samoyed,True,dog,True,correct
samoyed_139,samoyed,dog,0.1,0.0765,samoyed,True,dog,True,correct
samoyed_139,samoyed,dog,0.2,0.1833,samoyed,True,dog,True,correct
samoyed_139,samoyed,dog,0.3,0.1715,samoyed,True,dog,True,correct
samoyed_139,samoyed,dog,0.4,0.2041,samoyed,True,cat,False,correct
samoyed_139,samoyed,dog,0.5,0.2409,samoyed,True,cat,False,correct
samoyed_139,samoyed,dog,0.6,0.2681,birman,False,cat,False,cross_superclass
samoyed_139,samoyed,dog,0.7,0.2951,birman,False,cat,False,cross_superclass
samoyed_139,samoyed,dog,0.8,0.3369,birman,False,cat,False,cross_superclass
samoyed_139,samoyed,dog,0.9,0.3842,birman,False,cat,False,cross_superclass
samoyed_139,samoyed,dog,1.0,0.4288,great_pyrenees,False,cat,False,cross_superclass
english_cocker_spaniel_16,english_cocker_spaniel,dog,0.0,0.0,english_setter,False,dog,True,within_superclass
english_cocker_spaniel_16,english_cocker_spaniel,dog,0.1,0.1116,english_setter,False,dog,True,within_superclass
english_cocker_spaniel_16,english_cocker_spaniel,dog,0.2,0.2452,english_setter,False,dog,True,within_superclass
english_cocker_spaniel_16,english_cocker_spaniel,dog,0.3,0.2362,english_setter,False,dog,True,within_superclass
english_cocker_spaniel_16,english_cocker_spaniel,dog,0.4,0.2892,english_setter,False,dog,True,within_superclass
english_cocker_spaniel_16,english_cocker_spaniel,dog,0.5,0.3568,staffordshire_bull_terrier,False,dog,True,within_superclass
english_cocker_spaniel_16,english_cocker_spaniel,dog,0.6,0.398,staffordshire_bull_terrier,False,dog,True,within_superclass
english_cocker_spaniel_16,english_cocker_spaniel,dog,0.7,0.4395,german_shorthaired,False,dog,True,within_superclass
english_cocker_spaniel_16,english_cocker_spaniel,dog,0.8,0.4712,boxer,False,dog,True,within_superclass
english_cocker_spaniel_16,english_cocker_spaniel,dog,0.9,0.4972,boxer,False,dog,True,within_superclass
english_cocker_spaniel_16,english_cocker_spaniel,dog,1.0,0.5148,boxer,False,dog,True,within_superclass
Siamese_160,siamese,cat,0.0,0.0,siamese,True,cat,True,correct
Siamese_160,siamese,cat,0.1,0.0821,siamese,True,cat,True,correct
Siamese_160,siamese,cat,0.2,0.1852,siamese,True,cat,True,correct
Siamese_160,siamese,cat,0.3,0.1923,birman,False,cat,True,within_superclass
Siamese_160,siamese,cat,0.4,0.2373,birman,False,cat,True,within_superclass
Siamese_160,siamese,cat,0.5,0.3447,birman,False,cat,True,within_superclass
Siamese_160,siamese,cat,0.6,0.4145,shiba_inu,False,dog,False,cross_superclass
Siamese_160,siamese,cat,0.7,0.4336,pomeranian,False,dog,False,cross_superclass
Siamese_160,siamese,cat,0.8,0.4329,pomeranian,False,dog,False,cross_superclass
Siamese_160,siamese,cat,0.9,0.4351,pug,False,dog,False,cross_superclass
Siamese_160,siamese,cat,1.0,0.4479,pug,False,dog,False,cross_superclass
scottish_terrier_103,scottish_terrier,dog,0.0,0.0,scottish_terrier,True,dog,True,correct
scottish_terrier_103,scottish_terrier,dog,0.1,0.1066,scottish_terrier,True,dog,True,correct
scottish_terrier_103,scottish_terrier,dog,0.2,0.2281,scottish_terrier,True,dog,True,correct
scottish_terrier_103,scottish_terrier,dog,0.3,0.2965,wheaten_terrier,False,dog,True,within_superclass
scottish_terrier_103,scottish_terrier,dog,0.4,0.3532,shiba_inu,False,dog,True,within_superclass
scottish_terrier_103,scottish_terrier,dog,0.5,0.4063,shiba_inu,False,dog,True,within_superclass
scottish_terrier_103,scottish_terrier,dog,0.6,0.4426,shiba_inu,False,dog,True,within_superclass
scottish_terrier_103,scottish_terrier,dog,0.7,0.4844,shiba_inu,False,dog,True,within_superclass
scottish_terrier_103,scottish_terrier,dog,0.8,0.5105,shiba_inu,False,dog,True,within_superclass
scottish_terrier_103,scottish_terrier,dog,0.9,0.5303,shiba_inu,False,dog,True,within_superclass
scottish_terrier_103,scottish_terrier,dog,1.0,0.5511,shiba_inu,False,dog,True,within_superclass
havanese_174,havanese,dog,0.0,0.0,havanese,True,dog,True,correct
havanese_174,havanese,dog,0.1,0.0772,havanese,True,dog,True,correct
havanese_174,havanese,dog,0.2,0.2172,havanese,True,dog,True,correct
havanese_174,havanese,dog,0.3,0.2332,havanese,True,dog,True,correct
havanese_174,havanese,dog,0.4,0.2538,havanese,True,dog,True,correct
havanese_174,havanese,dog,0.5,0.301,havanese,True,dog,True,correct
havanese_174,havanese,dog,0.6,0.4026,havanese,True,dog,True,correct
havanese_174,havanese,dog,0.7,0.4616,japanese_chin,False,dog,True,within_superclass
havanese_174,havanese,dog,0.8,0.4797,bombay,False,dog,True,within_superclass
havanese_174,havanese,dog,0.9,0.4807,bombay,False,dog,True,within_superclass
havanese_174,havanese,dog,1.0,0.4796,japanese_chin,False,dog,True,within_superclass
Russian_Blue_123,russian_blue,cat,0.0,0.0,russian_blue,True,cat,True,correct
Russian_Blue_123,russian_blue,cat,0.1,0.1245,russian_blue,True,cat,True,correct
Russian_Blue_123,russian_blue,cat,0.2,0.2444,british_shorthair,False,cat,True,within_superclass
Russian_Blue_123,russian_blue,cat,0.3,0.2642,british_shorthair,False,cat,True,within_superclass
Russian_Blue_123,russian_blue,cat,0.4,0.3287,british_shorthair,False,cat,True,within_superclass
Russian_Blue_123,russian_blue,cat,0.5,0.3983,british_shorthair,False,cat,True,within_superclass
Russian_Blue_123,russian_blue,cat,0.6,0.423,german_shorthaired,False,cat,True,within_superclass
Russian_Blue_123,russian_blue,cat,0.7,0.4429,german_shorthaired,False,dog,False,cross_superclass
Russian_Blue_123,russian_blue,cat,0.8,0.4756,german_shorthaired,False,dog,False,cross_superclass
Russian_Blue_123,russian_blue,cat,0.9,0.4921,german_shorthaired,False,dog,False,cross_superclass
Russian_Blue_123,russian_blue,cat,1.0,0.4934,miniature_pinscher,False,dog,False,cross_superclass
english_setter_132,english_setter,dog,0.0,0.0,english_setter,True,dog,True,correct
english_setter_132,english_setter,dog,0.1,0.1255,english_setter,True,dog,True,correct
english_setter_132,english_setter,dog,0.2,0.2002,english_setter,True,dog,True,correct
english_setter_132,english_setter,dog,0.3,0.2736,english_setter,True,dog,True,correct
english_setter_132,english_setter,dog,0.4,0.3507,english_setter,True,dog,True,correct
english_setter_132,english_setter,dog,0.5,0.3861,english_setter,True,dog,True,correct
english_setter_132,english_setter,dog,0.6,0.4034,english_setter,True,dog,True,correct
english_setter_132,english_setter,dog,0.7,0.4381,shiba_inu,False,dog,True,within_superclass
english_setter_132,english_setter,dog,0.8,0.4692,shiba_inu,False,dog,True,within_superclass
english_setter_132,english_setter,dog,0.9,0.4886,shiba_inu,False,dog,True,within_superclass
english_setter_132,english_setter,dog,1.0,0.4966,shiba_inu,False,dog,True,within_superclass
shiba_inu_115,shiba_inu,dog,0.0,0.0,shiba_inu,True,dog,True,correct
shiba_inu_115,shiba_inu,dog,0.1,0.1144,shiba_inu,True,dog,True,correct
shiba_inu_115,shiba_inu,dog,0.2,0.2629,shiba_inu,True,dog,True,correct
shiba_inu_115,shiba_inu,dog,0.3,0.2822,shiba_inu,True,dog,True,correct
shiba_inu_115,shiba_inu,dog,0.4,0.3603,shiba_inu,True,dog,True,correct
shiba_inu_115,shiba_inu,dog,0.5,0.4227,miniature_pinscher,False,dog,True,within_superclass
shiba_inu_115,shiba_inu,dog,0.6,0.5064,miniature_pinscher,False,dog,True,within_superclass
shiba_inu_115,shiba_inu,dog,0.7,0.5502,yorkshire_terrier,False,dog,True,within_superclass
shiba_inu_115,shiba_inu,dog,0.8,0.5637,yorkshire_terrier,False,dog,True,within_superclass
shiba_inu_115,shiba_inu,dog,0.9,0.576,boxer,False,dog,True,within_superclass
shiba_inu_115,shiba_inu,dog,1.0,0.5846,boxer,False,dog,True,within_superclass
english_setter_152,english_setter,dog,0.0,0.0,english_setter,True,dog,True,correct
english_setter_152,english_setter,dog,0.1,0.057,english_setter,True,dog,True,correct
english_setter_152,english_setter,dog,0.2,0.1665,english_setter,True,dog,True,correct
english_setter_152,english_setter,dog,0.3,0.2132,english_setter,True,dog,True,correct
english_setter_152,english_setter,dog,0.4,0.1953,english_setter,True,dog,True,correct
english_setter_152,english_setter,dog,0.5,0.2224,english_setter,True,dog,True,correct
english_setter_152,english_setter,dog,0.6,0.2561,english_setter,True,dog,True,correct
english_setter_152,english_setter,dog,0.7,0.2932,english_setter,True,dog,True,correct
english_setter_152,english_setter,dog,0.8,0.3169,english_setter,True,dog,True,correct
english_setter_152,english_setter,dog,0.9,0.3481,english_setter,True,dog,True,correct
english_setter_152,english_setter,dog,1.0,0.3759,english_setter,True,dog,True,correct
Bengal_10,bengal,cat,0.0,0.0,bengal,True,cat,True,correct
Bengal_10,bengal,cat,0.1,0.1495,bengal,True,cat,True,correct
Bengal_10,bengal,cat,0.2,0.3012,bengal,True,cat,True,correct
Bengal_10,bengal,cat,0.3,0.3489,abyssinian,False,cat,True,within_superclass
Bengal_10,bengal,cat,0.4,0.414,shiba_inu,False,cat,True,within_superclass
Bengal_10,bengal,cat,0.5,0.4642,shiba_inu,False,dog,False,cross_superclass
Bengal_10,bengal,cat,0.6,0.5061,shiba_inu,False,cat,True,within_superclass
Bengal_10,bengal,cat,0.7,0.5257,miniature_pinscher,False,dog,False,cross_superclass
Bengal_10,bengal,cat,0.8,0.5366,miniature_pinscher,False,dog,False,cross_superclass
Bengal_10,bengal,cat,0.9,0.5539,miniature_pinscher,False,dog,False,cross_superclass
Bengal_10,bengal,cat,1.0,0.5632,miniature_pinscher,False,dog,False,cross_superclass
Birman_110,birman,cat,0.0,0.0,birman,True,cat,True,correct
Birman_110,birman,cat,0.1,0.0738,birman,True,cat,True,correct
Birman_110,birman,cat,0.2,0.1385,birman,True,cat,True,correct
Birman_110,birman,cat,0.3,0.1667,birman,True,cat,True,correct
Birman_110,birman,cat,0.4,0.2016,birman,True,cat,True,correct
Birman_110,birman,cat,0.5,0.299,japanese_chin,False,cat,True,within_superclass
Birman_110,birman,cat,0.6,0.3864,staffordshire_bull_terrier,False,cat,True,within_superclass
Birman_110,birman,cat,0.7,0.457,boxer,False,dog,False,cross_superclass
Birman_110,birman,cat,0.8,0.479,boxer,False,dog,False,cross_superclass
Birman_110,birman,cat,0.9,0.4929,boxer,False,dog,False,cross_superclass
Birman_110,birman,cat,1.0,0.4972,boxer,False,dog,False,cross_superclass
Ragdoll_10,ragdoll,cat,0.0,0.0,birman,False,cat,True,within_superclass
Ragdoll_10,ragdoll,cat,0.1,0.0805,birman,False,cat,True,within_superclass
Ragdoll_10,ragdoll,cat,0.2,0.2305,birman,False,cat,True,within_superclass
Ragdoll_10,ragdoll,cat,0.3,0.2,birman,False,cat,True,within_superclass
Ragdoll_10,ragdoll,cat,0.4,0.2832,birman,False,cat,True,within_superclass
Ragdoll_10,ragdoll,cat,0.5,0.3621,birman,False,cat,True,within_superclass
Ragdoll_10,ragdoll,cat,0.6,0.4443,british_shorthair,False,cat,True,within_superclass
Ragdoll_10,ragdoll,cat,0.7,0.4723,pomeranian,False,cat,True,within_superclass
Ragdoll_10,ragdoll,cat,0.8,0.4857,pomeranian,False,dog,False,cross_superclass
Ragdoll_10,ragdoll,cat,0.9,0.4919,pomeranian,False,dog,False,cross_superclass
Ragdoll_10,ragdoll,cat,1.0,0.4986,pomeranian,False,dog,False,cross_superclass
Persian_121,persian,cat,0.0,0.0,birman,False,cat,True,within_superclass
Persian_121,persian,cat,0.1,0.1032,birman,False,cat,True,within_superclass
Persian_121,persian,cat,0.2,0.1782,birman,False,cat,True,within_superclass
Persian_121,persian,cat,0.3,0.2255,birman,False,cat,True,within_superclass
Persian_121,persian,cat,0.4,0.2654,birman,False,cat,True,within_superclass
Persian_121,persian,cat,0.5,0.2892,birman,False,cat,True,within_superclass
Persian_121,persian,cat,0.6,0.3104,birman,False,cat,True,within_superclass
Persian_121,persian,cat,0.7,0.3299,persian,True,cat,True,correct
Persian_121,persian,cat,0.8,0.3475,persian,True,cat,True,correct
Persian_121,persian,cat,0.9,0.3699,persian,True,cat,True,correct
Persian_121,persian,cat,1.0,0.4005,persian,True,dog,False,correct
german_shorthaired_159,german_shorthaired,dog,0.0,0.0,german_shorthaired,True,dog,True,correct
german_shorthaired_159,german_shorthaired,dog,0.1,0.1285,german_shorthaired,True,dog,True,correct
german_shorthaired_159,german_shorthaired,dog,0.2,0.2928,saint_bernard,False,dog,True,within_superclass
german_shorthaired_159,german_shorthaired,dog,0.3,0.2902,saint_bernard,False,dog,True,within_superclass
german_shorthaired_159,german_shorthaired,dog,0.4,0.317,saint_bernard,False,dog,True,within_superclass
german_shorthaired_159,german_shorthaired,dog,0.5,0.4135,saint_bernard,False,dog,True,within_superclass
german_shorthaired_159,german_shorthaired,dog,0.6,0.4685,german_shorthaired,True,dog,True,correct
german_shorthaired_159,german_shorthaired,dog,0.7,0.4924,german_shorthaired,True,dog,True,correct
german_shorthaired_159,german_shorthaired,dog,0.8,0.5029,german_shorthaired,True,dog,True,correct
german_shorthaired_159,german_shorthaired,dog,0.9,0.509,german_shorthaired,True,dog,True,correct
german_shorthaired_159,german_shorthaired,dog,1.0,0.5155,german_shorthaired,True,dog,True,correct
Ragdoll_118,ragdoll,cat,0.0,0.0,persian,False,cat,True,within_superclass
Ragdoll_118,ragdoll,cat,0.1,0.0973,maine_coon,False,cat,True,within_superclass
Ragdoll_118,ragdoll,cat,0.2,0.1463,birman,False,cat,True,within_superclass
Ragdoll_118,ragdoll,cat,0.3,0.1592,birman,False,cat,True,within_superclass
Ragdoll_118,ragdoll,cat,0.4,0.1926,birman,False,cat,True,within_superclass
Ragdoll_118,ragdoll,cat,0.5,0.2238,birman,False,cat,True,within_superclass
Ragdoll_118,ragdoll,cat,0.6,0.2431,birman,False,cat,True,within_superclass
Ragdoll_118,ragdoll,cat,0.7,0.2672,birman,False,cat,True,within_superclass
Ragdoll_118,ragdoll,cat,0.8,0.3082,birman,False,cat,True,within_superclass
Ragdoll_118,ragdoll,cat,0.9,0.3318,boxer,False,dog,False,cross_superclass
Ragdoll_118,ragdoll,cat,1.0,0.3456,boxer,False,dog,False,cross_superclass
great_pyrenees_137,great_pyrenees,dog,0.0,0.0,great_pyrenees,True,dog,True,correct
great_pyrenees_137,great_pyrenees,dog,0.1,0.0867,great_pyrenees,True,dog,True,correct
great_pyrenees_137,great_pyrenees,dog,0.2,0.182,great_pyrenees,True,dog,True,correct
great_pyrenees_137,great_pyrenees,dog,0.3,0.1975,great_pyrenees,True,dog,True,correct
great_pyrenees_137,great_pyrenees,dog,0.4,0.3258,great_pyrenees,True,dog,True,correct
great_pyrenees_137,great_pyrenees,dog,0.5,0.3854,great_pyrenees,True,dog,True,correct
great_pyrenees_137,great_pyrenees,dog,0.6,0.4207,great_pyrenees,True,dog,True,correct
great_pyrenees_137,great_pyrenees,dog,0.7,0.4552,great_pyrenees,True,dog,True,correct
great_pyrenees_137,great_pyrenees,dog,0.8,0.4761,great_pyrenees,True,dog,True,correct
great_pyrenees_137,great_pyrenees,dog,0.9,0.4878,great_pyrenees,True,dog,True,correct
great_pyrenees_137,great_pyrenees,dog,1.0,0.4912,great_pyrenees,True,dog,True,correct
Persian_100,persian,cat,0.0,0.0,birman,False,cat,True,within_superclass
Persian_100,persian,cat,0.1,0.0989,birman,False,cat,True,within_superclass
Persian_100,persian,cat,0.2,0.2042,birman,False,cat,True,within_superclass
Persian_100,persian,cat,0.3,0.1817,maine_coon,False,cat,True,within_superclass
Persian_100,persian,cat,0.4,0.1962,maine_coon,False,cat,True,within_superclass
Persian_100,persian,cat,0.5,0.2307,british_shorthair,False,cat,True,within_superclass
Persian_100,persian,cat,0.6,0.2916,british_shorthair,False,cat,True,within_superclass
Persian_100,persian,cat,0.7,0.3556,british_shorthair,False,cat,True,within_superclass
Persian_100,persian,cat,0.8,0.397,british_shorthair,False,cat,True,within_superclass
Persian_100,persian,cat,0.9,0.4073,british_shorthair,False,cat,True,within_superclass
Persian_100,persian,cat,1.0,0.4225,pomeranian,False,cat,True,within_superclass
american_pit_bull_terrier_167,american_pit_bull_terrier,dog,0.0,0.0,staffordshire_bull_terrier,False,dog,True,within_superclass
american_pit_bull_terrier_167,american_pit_bull_terrier,dog,0.1,0.1959,staffordshire_bull_terrier,False,dog,True,within_superclass
american_pit_bull_terrier_167,american_pit_bull_terrier,dog,0.2,0.2291,staffordshire_bull_terrier,False,dog,True,within_superclass
american_pit_bull_terrier_167,american_pit_bull_terrier,dog,0.3,0.2812,staffordshire_bull_terrier,False,dog,True,within_superclass
american_pit_bull_terrier_167,american_pit_bull_terrier,dog,0.4,0.3862,german_shorthaired,False,dog,True,within_superclass
american_pit_bull_terrier_167,american_pit_bull_terrier,dog,0.5,0.4976,german_shorthaired,False,dog,True,within_superclass
american_pit_bull_terrier_167,american_pit_bull_terrier,dog,0.6,0.5304,newfoundland,False,dog,True,within_superclass
american_pit_bull_terrier_167,american_pit_bull_terrier,dog,0.7,0.5557,newfoundland,False,dog,True,within_superclass
american_pit_bull_terrier_167,american_pit_bull_terrier,dog,0.8,0.5736,newfoundland,False,dog,True,within_superclass
american_pit_bull_terrier_167,american_pit_bull_terrier,dog,0.9,0.5838,newfoundland,False,dog,True,within_superclass
american_pit_bull_terrier_167,american_pit_bull_terrier,dog,1.0,0.5884,german_shorthaired,False,dog,True,within_superclass
english_cocker_spaniel_159,english_cocker_spaniel,dog,0.0,0.0,english_cocker_spaniel,True,dog,True,correct
english_cocker_spaniel_159,english_cocker_spaniel,dog,0.1,0.1237,english_cocker_spaniel,True,dog,True,correct
english_cocker_spaniel_159,english_cocker_spaniel,dog,0.2,0.2326,basset_hound,False,dog,True,within_superclass
english_cocker_spaniel_159,english_cocker_spaniel,dog,0.3,0.265,basset_hound,False,dog,True,within_superclass
english_cocker_spaniel_159,english_cocker_spaniel,dog,0.4,0.3118,basset_hound,False,dog,True,within_superclass
english_cocker_spaniel_159,english_cocker_spaniel,dog,0.5,0.3632,japanese_chin,False,dog,True,within_superclass
english_cocker_spaniel_159,english_cocker_spaniel,dog,0.6,0.4323,havanese,False,dog,True,within_superclass
english_cocker_spaniel_159,english_cocker_spaniel,dog,0.7,0.4557,boxer,False,dog,True,within_superclass
english_cocker_spaniel_159,english_cocker_spaniel,dog,0.8,0.4544,boxer,False,dog,True,within_superclass
english_cocker_spaniel_159,english_cocker_spaniel,dog,0.9,0.4656,boxer,False,dog,True,within_superclass
english_cocker_spaniel_159,english_cocker_spaniel,dog,1.0,0.4771,boxer,False,dog,True,within_superclass
Maine_Coon_219,maine_coon,cat,0.0,0.0,maine_coon,True,cat,True,correct
Maine_Coon_219,maine_coon,cat,0.1,0.1777,maine_coon,True,cat,True,correct
Maine_Coon_219,maine_coon,cat,0.2,0.1756,british_shorthair,False,cat,True,within_superclass
Maine_Coon_219,maine_coon,cat,0.3,0.2486,british_shorthair,False,cat,True,within_superclass
Maine_Coon_219,maine_coon,cat,0.4,0.3291,british_shorthair,False,cat,True,within_superclass
Maine_Coon_219,maine_coon,cat,0.5,0.3599,british_shorthair,False,cat,True,within_superclass
Maine_Coon_219,maine_coon,cat,0.6,0.3732,british_shorthair,False,cat,True,within_superclass
Maine_Coon_219,maine_coon,cat,0.7,0.3923,british_shorthair,False,cat,True,within_superclass
Maine_Coon_219,maine_coon,cat,0.8,0.3957,british_shorthair,False,cat,True,within_superclass
Maine_Coon_219,maine_coon,cat,0.9,0.4037,british_shorthair,False,cat,True,within_superclass
Maine_Coon_219,maine_coon,cat,1.0,0.4181,british_shorthair,False,cat,True,within_superclass
great_pyrenees_102,great_pyrenees,dog,0.0,0.0,great_pyrenees,True,dog,True,correct
great_pyrenees_102,great_pyrenees,dog,0.1,0.092,great_pyrenees,True,dog,True,correct
great_pyrenees_102,great_pyrenees,dog,0.2,0.1895,great_pyrenees,True,dog,True,correct
great_pyrenees_102,great_pyrenees,dog,0.3,0.1653,great_pyrenees,True,dog,True,correct
great_pyrenees_102,great_pyrenees,dog,0.4,0.1899,great_pyrenees,True,dog,True,correct
great_pyrenees_102,great_pyrenees,dog,0.5,0.2159,great_pyrenees,True,dog,True,correct
great_pyrenees_102,great_pyrenees,dog,0.6,0.2422,great_pyrenees,True,dog,True,correct
great_pyrenees_102,great_pyrenees,dog,0.7,0.272,great_pyrenees,True,dog,True,correct
great_pyrenees_102,great_pyrenees,dog,0.8,0.2845,english_setter,False,dog,True,within_superclass
great_pyrenees_102,great_pyrenees,dog,0.9,0.3284,english_setter,False,dog,True,within_superclass
great_pyrenees_102,great_pyrenees,dog,1.0,0.3804,english_setter,False,dog,True,within_superclass
pomeranian_169,pomeranian,dog,0.0,0.0,pomeranian,True,dog,True,correct
pomeranian_169,pomeranian,dog,0.1,0.147,pomeranian,True,dog,True,correct
pomeranian_169,pomeranian,dog,0.2,0.2326,pomeranian,True,dog,True,correct
pomeranian_169,pomeranian,dog,0.3,0.2882,shiba_inu,False,cat,False,cross_superclass
pomeranian_169,pomeranian,dog,0.4,0.3767,british_shorthair,False,cat,False,cross_superclass
pomeranian_169,pomeranian,dog,0.5,0.4056,british_shorthair,False,cat,False,cross_superclass
pomeranian_169,pomeranian,dog,0.6,0.4067,british_shorthair,False,cat,False,cross_superclass
pomeranian_169,pomeranian,dog,0.7,0.4038,british_shorthair,False,dog,True,within_superclass
pomeranian_169,pomeranian,dog,0.8,0.4126,havanese,False,dog,True,within_superclass
pomeranian_169,pomeranian,dog,0.9,0.4305,wheaten_terrier,False,dog,True,within_superclass
pomeranian_169,pomeranian,dog,1.0,0.4459,yorkshire_terrier,False,dog,True,within_superclass
Ragdoll_152,ragdoll,cat,0.0,0.0,ragdoll,True,cat,True,correct
Ragdoll_152,ragdoll,cat,0.1,0.1102,ragdoll,True,cat,True,correct
Ragdoll_152,ragdoll,cat,0.2,0.2191,ragdoll,True,cat,True,correct
Ragdoll_152,ragdoll,cat,0.3,0.2269,ragdoll,True,cat,True,correct
Ragdoll_152,ragdoll,cat,0.4,0.2469,samoyed,False,cat,True,within_superclass
Ragdoll_152,ragdoll,cat,0.5,0.2764,samoyed,False,cat,True,within_superclass
Ragdoll_152,ragdoll,cat,0.6,0.3277,shiba_inu,False,dog,False,cross_superclass
Ragdoll_152,ragdoll,cat,0.7,0.3663,shiba_inu,False,dog,False,cross_superclass
Ragdoll_152,ragdoll,cat,0.8,0.3916,shiba_inu,False,dog,False,cross_superclass
Ragdoll_152,ragdoll,cat,0.9,0.3981,shiba_inu,False,dog,False,cross_superclass
Ragdoll_152,ragdoll,cat,1.0,0.4048,boxer,False,dog,False,cross_superclass
scottish_terrier_172,scottish_terrier,dog,0.0,0.0,scottish_terrier,True,dog,True,correct
scottish_terrier_172,scottish_terrier,dog,0.1,0.0579,scottish_terrier,True,dog,True,correct
scottish_terrier_172,scottish_terrier,dog,0.2,0.2076,scottish_terrier,True,dog,True,correct
scottish_terrier_172,scottish_terrier,dog,0.3,0.2047,scottish_terrier,True,cat,False,correct
scottish_terrier_172,scottish_terrier,dog,0.4,0.2137,scottish_terrier,True,cat,False,correct
scottish_terrier_172,scottish_terrier,dog,0.5,0.2558,egyptian_mau,False,cat,False,cross_superclass
scottish_terrier_172,scottish_terrier,dog,0.6,0.2933,maine_coon,False,cat,False,cross_superclass
scottish_terrier_172,scottish_terrier,dog,0.7,0.3305,maine_coon,False,cat,False,cross_superclass
scottish_terrier_172,scottish_terrier,dog,0.8,0.3581,british_shorthair,False,cat,False,cross_superclass
scottish_terrier_172,scottish_terrier,dog,0.9,0.3775,british_shorthair,False,cat,False,cross_superclass
scottish_terrier_172,scottish_terrier,dog,1.0,0.3934,british_shorthair,False,cat,False,cross_superclass
samoyed_175,samoyed,dog,0.0,0.0,samoyed,True,dog,True,correct
samoyed_175,samoyed,dog,0.1,0.1164,samoyed,True,dog,True,correct
samoyed_175,samoyed,dog,0.2,0.2089,great_pyrenees,False,dog,True,within_superclass
samoyed_175,samoyed,dog,0.3,0.2607,great_pyrenees,False,dog,True,within_superclass
samoyed_175,samoyed,dog,0.4,0.3351,great_pyrenees,False,dog,True,within_superclass
samoyed_175,samoyed,dog,0.5,0.3871,great_pyrenees,False,dog,True,within_superclass
samoyed_175,samoyed,dog,0.6,0.4109,great_pyrenees,False,dog,True,within_superclass
samoyed_175,samoyed,dog,0.7,0.4229,great_pyrenees,False,dog,True,within_superclass
samoyed_175,samoyed,dog,0.8,0.4354,great_pyrenees,False,dog,True,within_superclass
samoyed_175,samoyed,dog,0.9,0.4427,great_pyrenees,False,dog,True,within_superclass
samoyed_175,samoyed,dog,1.0,0.4432,great_pyrenees,False,dog,True,within_superclass
havanese_14,havanese,dog,0.0,0.0,havanese,True,dog,True,correct
havanese_14,havanese,dog,0.1,0.1001,havanese,True,dog,True,correct
havanese_14,havanese,dog,0.2,0.2176,havanese,True,dog,True,correct
havanese_14,havanese,dog,0.3,0.2294,pomeranian,False,dog,True,within_superclass
havanese_14,havanese,dog,0.4,0.2739,great_pyrenees,False,dog,True,within_superclass
havanese_14,havanese,dog,0.5,0.3603,great_pyrenees,False,dog,True,within_superclass
havanese_14,havanese,dog,0.6,0.4039,great_pyrenees,False,dog,True,within_superclass
havanese_14,havanese,dog,0.7,0.4396,chihuahua,False,dog,True,within_superclass
havanese_14,havanese,dog,0.8,0.4575,chihuahua,False,dog,True,within_superclass
havanese_14,havanese,dog,0.9,0.477,chihuahua,False,dog,True,within_superclass
havanese_14,havanese,dog,1.0,0.4839,great_pyrenees,False,dog,True,within_superclass
Siamese_181,siamese,cat,0.0,0.0,siamese,True,cat,True,correct
Siamese_181,siamese,cat,0.1,0.0646,siamese,True,cat,True,correct
Siamese_181,siamese,cat,0.2,0.2168,siamese,True,cat,True,correct
Siamese_181,siamese,cat,0.3,0.1569,siamese,True,cat,True,correct
Siamese_181,siamese,cat,0.4,0.2456,birman,False,cat,True,within_superclass
Siamese_181,siamese,cat,0.5,0.3592,birman,False,cat,True,within_superclass
Siamese_181,siamese,cat,0.6,0.4215,miniature_pinscher,False,dog,False,cross_superclass
Siamese_181,siamese,cat,0.7,0.4492,miniature_pinscher,False,dog,False,cross_superclass
Siamese_181,siamese,cat,0.8,0.4522,miniature_pinscher,False,dog,False,cross_superclass
Siamese_181,siamese,cat,0.9,0.4501,boxer,False,dog,False,cross_superclass
Siamese_181,siamese,cat,1.0,0.4597,german_shorthaired,False,dog,False,cross_superclass
pug_133,pug,dog,0.0,0.0,pug,True,dog,True,correct
pug_133,pug,dog,0.1,0.2546,pug,True,dog,True,correct
pug_133,pug,dog,0.2,0.1662,pug,True,dog,True,correct
pug_133,pug,dog,0.3,0.2527,japanese_chin,False,dog,True,within_superclass
pug_133,pug,dog,0.4,0.3565,japanese_chin,False,dog,True,within_superclass
pug_133,pug,dog,0.5,0.388,japanese_chin,False,dog,True,within_superclass
pug_133,pug,dog,0.6,0.4236,havanese,False,dog,True,within_superclass
pug_133,pug,dog,0.7,0.4524,havanese,False,dog,True,within_superclass
pug_133,pug,dog,0.8,0.4826,great_pyrenees,False,dog,True,within_superclass
pug_133,pug,dog,0.9,0.506,great_pyrenees,False,dog,True,within_superclass
pug_133,pug,dog,1.0,0.5046,great_pyrenees,False,dog,True,within_superclass
Bombay_113,bombay,cat,0.0,0.0,siamese,False,cat,True,within_superclass
Bombay_113,bombay,cat,0.1,0.055,siamese,False,cat,True,within_superclass
Bombay_113,bombay,cat,0.2,0.1994,egyptian_mau,False,cat,True,within_superclass
Bombay_113,bombay,cat,0.3,0.2042,egyptian_mau,False,cat,True,within_superclass
Bombay_113,bombay,cat,0.4,0.1974,egyptian_mau,False,cat,True,within_superclass
Bombay_113,bombay,cat,0.5,0.2254,egyptian_mau,False,cat,True,within_superclass
Bombay_113,bombay,cat,0.6,0.257,egyptian_mau,False,cat,True,within_superclass
Bombay_113,bombay,cat,0.7,0.2987,egyptian_mau,False,cat,True,within_superclass
Bombay_113,bombay,cat,0.8,0.3352,british_shorthair,False,cat,True,within_superclass
Bombay_113,bombay,cat,0.9,0.3738,british_shorthair,False,cat,True,within_superclass
Bombay_113,bombay,cat,1.0,0.3877,british_shorthair,False,cat,True,within_superclass
havanese_158,havanese,dog,0.0,0.0,havanese,True,dog,True,correct
havanese_158,havanese,dog,0.1,0.0884,havanese,True,dog,True,correct
havanese_158,havanese,dog,0.2,0.2002,havanese,True,dog,True,correct
havanese_158,havanese,dog,0.3,0.2032,havanese,True,dog,True,correct
havanese_158,havanese,dog,0.4,0.2601,great_pyrenees,False,dog,True,within_superclass
havanese_158,havanese,dog,0.5,0.304,havanese,True,dog,True,correct
havanese_158,havanese,dog,0.6,0.3389,great_pyrenees,False,dog,True,within_superclass
havanese_158,havanese,dog,0.7,0.3565,great_pyrenees,False,dog,True,within_superclass
havanese_158,havanese,dog,0.8,0.3658,great_pyrenees,False,dog,True,within_superclass
havanese_158,havanese,dog,0.9,0.3759,havanese,True,dog,True,correct
havanese_158,havanese,dog,1.0,0.3907,havanese,True,dog,True,correct
havanese_171,havanese,dog,0.0,0.0,havanese,True,dog,True,correct
havanese_171,havanese,dog,0.1,0.0985,havanese,True,dog,True,correct
havanese_171,havanese,dog,0.2,0.2254,havanese,True,dog,True,correct
havanese_171,havanese,dog,0.3,0.2095,havanese,True,dog,True,correct
havanese_171,havanese,dog,0.4,0.2446,havanese,True,dog,True,correct
havanese_171,havanese,dog,0.5,0.2895,japanese_chin,False,dog,True,within_superclass
havanese_171,havanese,dog,0.6,0.3152,japanese_chin,False,dog,True,within_superclass
havanese_171,havanese,dog,0.7,0.3473,japanese_chin,False,dog,True,within_superclass
havanese_171,havanese,dog,0.8,0.372,japanese_chin,False,dog,True,within_superclass
havanese_171,havanese,dog,0.9,0.3999,japanese_chin,False,dog,True,within_superclass
havanese_171,havanese,dog,1.0,0.4138,japanese_chin,False,dog,True,within_superclass
Ragdoll_105,ragdoll,cat,0.0,0.0,ragdoll,True,cat,True,correct
Ragdoll_105,ragdoll,cat,0.1,0.0831,birman,False,cat,True,within_superclass
Ragdoll_105,ragdoll,cat,0.2,0.1838,birman,False,cat,True,within_superclass
Ragdoll_105,ragdoll,cat,0.3,0.1774,birman,False,cat,True,within_superclass
Ragdoll_105,ragdoll,cat,0.4,0.1958,birman,False,cat,True,within_superclass
Ragdoll_105,ragdoll,cat,0.5,0.2232,birman,False,cat,True,within_superclass
Ragdoll_105,ragdoll,cat,0.6,0.2431,birman,False,cat,True,within_superclass
Ragdoll_105,ragdoll,cat,0.7,0.2643,pug,False,cat,True,within_superclass
Ragdoll_105,ragdoll,cat,0.8,0.282,pug,False,cat,True,within_superclass
Ragdoll_105,ragdoll,cat,0.9,0.3157,pug,False,cat,True,within_superclass
Ragdoll_105,ragdoll,cat,1.0,0.356,yorkshire_terrier,False,dog,False,cross_superclass
wheaten_terrier_102,wheaten_terrier,dog,0.0,0.0,wheaten_terrier,True,dog,True,correct
wheaten_terrier_102,wheaten_terrier,dog,0.1,0.0962,wheaten_terrier,True,dog,True,correct
wheaten_terrier_102,wheaten_terrier,dog,0.2,0.193,great_pyrenees,False,dog,True,within_superclass
wheaten_terrier_102,wheaten_terrier,dog,0.3,0.2471,pomeranian,False,dog,True,within_superclass
wheaten_terrier_102,wheaten_terrier,dog,0.4,0.3312,pomeranian,False,dog,True,within_superclass
wheaten_terrier_102,wheaten_terrier,dog,0.5,0.3807,pomeranian,False,dog,True,within_superclass
wheaten_terrier_102,wheaten_terrier,dog,0.6,0.4317,pomeranian,False,dog,True,within_superclass
wheaten_terrier_102,wheaten_terrier,dog,0.7,0.4661,pomeranian,False,dog,True,within_superclass
wheaten_terrier_102,wheaten_terrier,dog,0.8,0.4817,birman,False,dog,True,within_superclass
wheaten_terrier_102,wheaten_terrier,dog,0.9,0.5024,british_shorthair,False,dog,True,within_superclass
wheaten_terrier_102,wheaten_terrier,dog,1.0,0.5113,british_shorthair,False,dog,True,within_superclass
Sphynx_115,sphynx,cat,0.0,0.0,sphynx,True,cat,True,correct
Sphynx_115,sphynx,cat,0.1,0.1013,sphynx,True,cat,True,correct
Sphynx_115,sphynx,cat,0.2,0.3797,pug,False,cat,True,within_superclass
Sphynx_115,sphynx,cat,0.3,0.4286,shiba_inu,False,dog,False,cross_superclass
Sphynx_115,sphynx,cat,0.4,0.4433,shiba_inu,False,dog,False,cross_superclass
Sphynx_115,sphynx,cat,0.5,0.447,shiba_inu,False,dog,False,cross_superclass
Sphynx_115,sphynx,cat,0.6,0.4554,shiba_inu,False,dog,False,cross_superclass
Sphynx_115,sphynx,cat,0.7,0.4581,pomeranian,False,dog,False,cross_superclass
Sphynx_115,sphynx,cat,0.8,0.4681,pomeranian,False,dog,False,cross_superclass
Sphynx_115,sphynx,cat,0.9,0.4678,pomeranian,False,dog,False,cross_superclass
Sphynx_115,sphynx,cat,1.0,0.4694,yorkshire_terrier,False,dog,False,cross_superclass
basset_hound_178,basset_hound,dog,0.0,0.0,basset_hound,True,dog,True,correct
basset_hound_178,basset_hound,dog,0.1,0.1067,basset_hound,True,dog,True,correct
basset_hound_178,basset_hound,dog,0.2,0.2231,basset_hound,True,dog,True,correct
basset_hound_178,basset_hound,dog,0.3,0.3244,newfoundland,False,dog,True,within_superclass
basset_hound_178,basset_hound,dog,0.4,0.3729,newfoundland,False,dog,True,within_superclass
basset_hound_178,basset_hound,dog,0.5,0.3865,saint_bernard,False,dog,True,within_superclass
basset_hound_178,basset_hound,dog,0.6,0.3986,saint_bernard,False,dog,True,within_superclass
basset_hound_178,basset_hound,dog,0.7,0.4189,saint_bernard,False,dog,True,within_superclass
basset_hound_178,basset_hound,dog,0.8,0.4336,saint_bernard,False,dog,True,within_superclass
basset_hound_178,basset_hound,dog,0.9,0.4479,saint_bernard,False,dog,True,within_superclass
basset_hound_178,basset_hound,dog,1.0,0.4524,saint_bernard,False,dog,True,within_superclass
staffordshire_bull_terrier_121,staffordshire_bull_terrier,dog,0.0,0.0,staffordshire_bull_terrier,True,dog,True,correct
staffordshire_bull_terrier_121,staffordshire_bull_terrier,dog,0.1,0.0752,staffordshire_bull_terrier,True,dog,True,correct
staffordshire_bull_terrier_121,staffordshire_bull_terrier,dog,0.2,0.2024,staffordshire_bull_terrier,True,dog,True,correct
staffordshire_bull_terrier_121,staffordshire_bull_terrier,dog,0.3,0.1668,staffordshire_bull_terrier,True,dog,True,correct
staffordshire_bull_terrier_121,staffordshire_bull_terrier,dog,0.4,0.2438,staffordshire_bull_terrier,True,dog,True,correct
staffordshire_bull_terrier_121,staffordshire_bull_terrier,dog,0.5,0.3109,staffordshire_bull_terrier,True,cat,False,correct
staffordshire_bull_terrier_121,staffordshire_bull_terrier,dog,0.6,0.3496,newfoundland,False,cat,False,cross_superclass
staffordshire_bull_terrier_121,staffordshire_bull_terrier,dog,0.7,0.3745,newfoundland,False,cat,False,cross_superclass
staffordshire_bull_terrier_121,staffordshire_bull_terrier,dog,0.8,0.4012,newfoundland,False,dog,True,within_superclass
staffordshire_bull_terrier_121,staffordshire_bull_terrier,dog,0.9,0.4146,german_shorthaired,False,dog,True,within_superclass
staffordshire_bull_terrier_121,staffordshire_bull_terrier,dog,1.0,0.4252,german_shorthaired,False,dog,True,within_superclass
staffordshire_bull_terrier_185,staffordshire_bull_terrier,dog,0.0,0.0,staffordshire_bull_terrier,True,dog,True,correct
staffordshire_bull_terrier_185,staffordshire_bull_terrier,dog,0.1,0.0977,staffordshire_bull_terrier,True,dog,True,correct
staffordshire_bull_terrier_185,staffordshire_bull_terrier,dog,0.2,0.2504,staffordshire_bull_terrier,True,dog,True,correct
staffordshire_bull_terrier_185,staffordshire_bull_terrier,dog,0.3,0.2498,staffordshire_bull_terrier,True,dog,True,correct
staffordshire_bull_terrier_185,staffordshire_bull_terrier,dog,0.4,0.3198,staffordshire_bull_terrier,True,dog,True,correct
staffordshire_bull_terrier_185,staffordshire_bull_terrier,dog,0.5,0.4184,japanese_chin,False,dog,True,within_superclass
staffordshire_bull_terrier_185,staffordshire_bull_terrier,dog,0.6,0.4467,saint_bernard,False,dog,True,within_superclass
staffordshire_bull_terrier_185,staffordshire_bull_terrier,dog,0.7,0.4724,staffordshire_bull_terrier,True,dog,True,correct
staffordshire_bull_terrier_185,staffordshire_bull_terrier,dog,0.8,0.5006,staffordshire_bull_terrier,True,dog,True,correct
staffordshire_bull_terrier_185,staffordshire_bull_terrier,dog,0.9,0.5112,pug,False,dog,True,within_superclass
staffordshire_bull_terrier_185,staffordshire_bull_terrier,dog,1.0,0.5131,german_shorthaired,False,dog,True,within_superclass
beagle_141,beagle,dog,0.0,0.0,basset_hound,False,dog,True,within_superclass
beagle_141,beagle,dog,0.1,0.1699,basset_hound,False,dog,True,within_superclass
beagle_141,beagle,dog,0.2,0.2663,basset_hound,False,dog,True,within_superclass
beagle_141,beagle,dog,0.3,0.3564,chihuahua,False,dog,True,within_superclass
beagle_141,beagle,dog,0.4,0.4604,miniature_pinscher,False,dog,True,within_superclass
beagle_141,beagle,dog,0.5,0.468,miniature_pinscher,False,dog,True,within_superclass
beagle_141,beagle,dog,0.6,0.4707,miniature_pinscher,False,dog,True,within_superclass
beagle_141,beagle,dog,0.7,0.4703,shiba_inu,False,dog,True,within_superclass
beagle_141,beagle,dog,0.8,0.4733,shiba_inu,False,dog,True,within_superclass
beagle_141,beagle,dog,0.9,0.4777,boxer,False,dog,True,within_superclass
beagle_141,beagle,dog,1.0,0.4845,boxer,False,dog,True,within_superclass
Ragdoll_133,ragdoll,cat,0.0,0.0,birman,False,cat,True,within_superclass
Ragdoll_133,ragdoll,cat,0.1,0.057,birman,False,cat,True,within_superclass
Ragdoll_133,ragdoll,cat,0.2,0.1781,birman,False,cat,True,within_superclass
Ragdoll_133,ragdoll,cat,0.3,0.2001,birman,False,cat,True,within_superclass
Ragdoll_133,ragdoll,cat,0.4,0.2135,british_shorthair,False,cat,True,within_superclass
Ragdoll_133,ragdoll,cat,0.5,0.2323,british_shorthair,False,cat,True,within_superclass
Ragdoll_133,ragdoll,cat,0.6,0.2427,british_shorthair,False,cat,True,within_superclass
Ragdoll_133,ragdoll,cat,0.7,0.252,british_shorthair,False,cat,True,within_superclass
Ragdoll_133,ragdoll,cat,0.8,0.266,british_shorthair,False,cat,True,within_superclass
Ragdoll_133,ragdoll,cat,0.9,0.284,british_shorthair,False,cat,True,within_superclass
Ragdoll_133,ragdoll,cat,1.0,0.2944,british_shorthair,False,cat,True,within_superclass
wheaten_terrier_129,wheaten_terrier,dog,0.0,0.0,wheaten_terrier,True,dog,True,correct
wheaten_terrier_129,wheaten_terrier,dog,0.1,0.1163,wheaten_terrier,True,dog,True,correct
wheaten_terrier_129,wheaten_terrier,dog,0.2,0.2489,wheaten_terrier,True,dog,True,correct
wheaten_terrier_129,wheaten_terrier,dog,0.3,0.2232,great_pyrenees,False,dog,True,within_superclass
wheaten_terrier_129,wheaten_terrier,dog,0.4,0.3612,great_pyrenees,False,dog,True,within_superclass
wheaten_terrier_129,wheaten_terrier,dog,0.5,0.4306,great_pyrenees,False,dog,True,within_superclass
wheaten_terrier_129,wheaten_terrier,dog,0.6,0.4614,great_pyrenees,False,dog,True,within_superclass
wheaten_terrier_129,wheaten_terrier,dog,0.7,0.466,great_pyrenees,False,dog,True,within_superclass
wheaten_terrier_129,wheaten_terrier,dog,0.8,0.4748,english_setter,False,dog,True,within_superclass
wheaten_terrier_129,wheaten_terrier,dog,0.9,0.479,english_setter,False,dog,True,within_superclass
wheaten_terrier_129,wheaten_terrier,dog,1.0,0.4834,english_setter,False,dog,True,within_superclass
leonberger_103,leonberger,dog,0.0,0.0,leonberger,True,dog,True,correct
leonberger_103,leonberger,dog,0.1,0.0982,leonberger,True,dog,True,correct
leonberger_103,leonberger,dog,0.2,0.1571,leonberger,True,dog,True,correct
leonberger_103,leonberger,dog,0.3,0.2013,leonberger,True,dog,True,correct
leonberger_103,leonberger,dog,0.4,0.2327,leonberger,True,dog,True,correct
leonberger_103,leonberger,dog,0.5,0.2967,leonberger,True,dog,True,correct
leonberger_103,leonberger,dog,0.6,0.3337,leonberger,True,dog,True,correct
leonberger_103,leonberger,dog,0.7,0.4041,miniature_pinscher,False,dog,True,within_superclass
leonberger_103,leonberger,dog,0.8,0.4693,miniature_pinscher,False,dog,True,within_superclass
leonberger_103,leonberger,dog,0.9,0.4997,miniature_pinscher,False,dog,True,within_superclass
leonberger_103,leonberger,dog,1.0,0.5224,boxer,False,dog,True,within_superclass
american_bulldog_199,american_bulldog,dog,0.0,0.0,american_bulldog,True,dog,True,correct
american_bulldog_199,american_bulldog,dog,0.1,0.0925,american_bulldog,True,dog,True,correct
american_bulldog_199,american_bulldog,dog,0.2,0.2018,american_bulldog,True,dog,True,correct
american_bulldog_199,american_bulldog,dog,0.3,0.2154,american_bulldog,True,dog,True,correct
american_bulldog_199,american_bulldog,dog,0.4,0.251,staffordshire_bull_terrier,False,dog,True,within_superclass
american_bulldog_199,american_bulldog,dog,0.5,0.2983,staffordshire_bull_terrier,False,dog,True,within_superclass
american_bulldog_199,american_bulldog,dog,0.6,0.3286,staffordshire_bull_terrier,False,dog,True,within_superclass
american_bulldog_199,american_bulldog,dog,0.7,0.3514,chihuahua,False,dog,True,within_superclass
american_bulldog_199,american_bulldog,dog,0.8,0.3799,pomeranian,False,dog,True,within_superclass
american_bulldog_199,american_bulldog,dog,0.9,0.3979,pomeranian,False,dog,True,within_superclass
american_bulldog_199,american_bulldog,dog,1.0,0.4052,pomeranian,False,dog,True,within_superclass
english_cocker_spaniel_132,english_cocker_spaniel,dog,0.0,0.0,english_cocker_spaniel,True,dog,True,correct
english_cocker_spaniel_132,english_cocker_spaniel,dog,0.1,0.0966,english_cocker_spaniel,True,dog,True,correct
english_cocker_spaniel_132,english_cocker_spaniel,dog,0.2,0.3713,havanese,False,dog,True,within_superclass
english_cocker_spaniel_132,english_cocker_spaniel,dog,0.3,0.3912,havanese,False,dog,True,within_superclass
english_cocker_spaniel_132,english_cocker_spaniel,dog,0.4,0.4026,havanese,False,dog,True,within_superclass
english_cocker_spaniel_132,english_cocker_spaniel,dog,0.5,0.3984,havanese,False,dog,True,within_superclass
english_cocker_spaniel_132,english_cocker_spaniel,dog,0.6,0.3968,yorkshire_terrier,False,dog,True,within_superclass
english_cocker_spaniel_132,english_cocker_spaniel,dog,0.7,0.4057,yorkshire_terrier,False,dog,True,within_superclass
english_cocker_spaniel_132,english_cocker_spaniel,dog,0.8,0.4164,yorkshire_terrier,False,dog,True,within_superclass
english_cocker_spaniel_132,english_cocker_spaniel,dog,0.9,0.4264,yorkshire_terrier,False,dog,True,within_superclass
english_cocker_spaniel_132,english_cocker_spaniel,dog,1.0,0.4311,pomeranian,False,dog,True,within_superclass
leonberger_148,leonberger,dog,0.0,0.0,leonberger,True,dog,True,correct
leonberger_148,leonberger,dog,0.1,0.1388,leonberger,True,dog,True,correct
leonberger_148,leonberger,dog,0.2,0.2886,staffordshire_bull_terrier,False,dog,True,within_superclass
leonberger_148,leonberger,dog,0.3,0.3069,staffordshire_bull_terrier,False,dog,True,within_superclass
leonberger_148,leonberger,dog,0.4,0.3515,staffordshire_bull_terrier,False,dog,True,within_superclass
leonberger_148,leonberger,dog,0.5,0.375,wheaten_terrier,False,dog,True,within_superclass
leonberger_148,leonberger,dog,0.6,0.4089,miniature_pinscher,False,dog,True,within_superclass
leonberger_148,leonberger,dog,0.7,0.4431,miniature_pinscher,False,dog,True,within_superclass
leonberger_148,leonberger,dog,0.8,0.4733,miniature_pinscher,False,dog,True,within_superclass
leonberger_148,leonberger,dog,0.9,0.4944,miniature_pinscher,False,dog,True,within_superclass
leonberger_148,leonberger,dog,1.0,0.5142,miniature_pinscher,False,dog,True,within_superclass
scottish_terrier_189,scottish_terrier,dog,0.0,0.0,scottish_terrier,True,dog,True,correct
scottish_terrier_189,scottish_terrier,dog,0.1,0.1111,scottish_terrier,True,dog,True,correct
scottish_terrier_189,scottish_terrier,dog,0.2,0.2944,shiba_inu,False,dog,True,within_superclass
scottish_terrier_189,scottish_terrier,dog,0.3,0.3255,shiba_inu,False,dog,True,within_superclass
scottish_terrier_189,scottish_terrier,dog,0.4,0.4662,basset_hound,False,dog,True,within_superclass
scottish_terrier_189,scottish_terrier,dog,0.5,0.5158,beagle,False,dog,True,within_superclass
scottish_terrier_189,scottish_terrier,dog,0.6,0.5462,beagle,False,dog,True,within_superclass
scottish_terrier_189,scottish_terrier,dog,0.7,0.5663,beagle,False,cat,False,cross_superclass
scottish_terrier_189,scottish_terrier,dog,0.8,0.5767,boxer,False,cat,False,cross_superclass
scottish_terrier_189,scottish_terrier,dog,0.9,0.5826,boxer,False,cat,False,cross_superclass
scottish_terrier_189,scottish_terrier,dog,1.0,0.5749,boxer,False,cat,False,cross_superclass
pomeranian_184,pomeranian,dog,0.0,0.0,pomeranian,True,dog,True,correct
pomeranian_184,pomeranian,dog,0.1,0.102,pomeranian,True,dog,True,correct
pomeranian_184,pomeranian,dog,0.2,0.179,pomeranian,True,dog,True,correct
pomeranian_184,pomeranian,dog,0.3,0.2693,birman,False,cat,False,cross_superclass
pomeranian_184,pomeranian,dog,0.4,0.3347,birman,False,cat,False,cross_superclass
pomeranian_184,pomeranian,dog,0.5,0.3526,birman,False,cat,False,cross_superclass
pomeranian_184,pomeranian,dog,0.6,0.366,british_shorthair,False,cat,False,cross_superclass
pomeranian_184,pomeranian,dog,0.7,0.3927,british_shorthair,False,cat,False,cross_superclass
pomeranian_184,pomeranian,dog,0.8,0.4093,persian,False,dog,True,within_superclass
pomeranian_184,pomeranian,dog,0.9,0.413,persian,False,dog,True,within_superclass
pomeranian_184,pomeranian,dog,1.0,0.4211,birman,False,dog,True,within_superclass
pomeranian_181,pomeranian,dog,0.0,0.0,pomeranian,True,dog,True,correct
pomeranian_181,pomeranian,dog,0.1,0.1746,pomeranian,True,dog,True,correct
pomeranian_181,pomeranian,dog,0.2,0.2453,shiba_inu,False,dog,True,within_superclass
pomeranian_181,pomeranian,dog,0.3,0.3169,shiba_inu,False,dog,True,within_superclass
pomeranian_181,pomeranian,dog,0.4,0.3481,yorkshire_terrier,False,dog,True,within_superclass
pomeranian_181,pomeranian,dog,0.5,0.3951,yorkshire_terrier,False,dog,True,within_superclass
pomeranian_181,pomeranian,dog,0.6,0.4376,boxer,False,dog,True,within_superclass
pomeranian_181,pomeranian,dog,0.7,0.4495,boxer,False,dog,True,within_superclass
pomeranian_181,pomeranian,dog,0.8,0.4591,boxer,False,dog,True,within_superclass
pomeranian_181,pomeranian,dog,0.9,0.4682,boxer,False,dog,True,within_superclass
pomeranian_181,pomeranian,dog,1.0,0.4771,boxer,False,dog,True,within_superclass
Ragdoll_147,ragdoll,cat,0.0,0.0,ragdoll,True,cat,True,correct
Ragdoll_147,ragdoll,cat,0.1,0.1256,ragdoll,True,cat,True,correct
Ragdoll_147,ragdoll,cat,0.2,0.191,birman,False,cat,True,within_superclass
Ragdoll_147,ragdoll,cat,0.3,0.2231,birman,False,cat,True,within_superclass
Ragdoll_147,ragdoll,cat,0.4,0.2694,birman,False,cat,True,within_superclass
Ragdoll_147,ragdoll,cat,0.5,0.2946,birman,False,cat,True,within_superclass
Ragdoll_147,ragdoll,cat,0.6,0.3106,birman,False,cat,True,within_superclass
Ragdoll_147,ragdoll,cat,0.7,0.3204,birman,False,cat,True,within_superclass
Ragdoll_147,ragdoll,cat,0.8,0.3421,birman,False,cat,True,within_superclass
Ragdoll_147,ragdoll,cat,0.9,0.3756,birman,False,cat,True,within_superclass
Ragdoll_147,ragdoll,cat,1.0,0.4275,birman,False,cat,True,within_superclass
Bombay_106,bombay,cat,0.0,0.0,russian_blue,False,cat,True,within_superclass
Bombay_106,bombay,cat,0.1,0.14,persian,False,cat,True,within_superclass
Bombay_106,bombay,cat,0.2,0.1502,british_shorthair,False,cat,True,within_superclass
Bombay_106,bombay,cat,0.3,0.2743,british_shorthair,False,cat,True,within_superclass
Bombay_106,bombay,cat,0.4,0.3636,shiba_inu,False,cat,True,within_superclass
Bombay_106,bombay,cat,0.5,0.3731,boxer,False,dog,False,cross_superclass
Bombay_106,bombay,cat,0.6,0.3727,pomeranian,False,dog,False,cross_superclass
Bombay_106,bombay,cat,0.7,0.3703,british_shorthair,False,dog,False,cross_superclass
Bombay_106,bombay,cat,0.8,0.3742,newfoundland,False,dog,False,cross_superclass
Bombay_106,bombay,cat,0.9,0.3765,newfoundland,False,dog,False,cross_superclass
Bombay_106,bombay,cat,1.0,0.3746,british_shorthair,False,dog,False,cross_superclass
english_cocker_spaniel_184,english_cocker_spaniel,dog,0.0,0.0,english_cocker_spaniel,True,dog,True,correct
english_cocker_spaniel_184,english_cocker_spaniel,dog,0.1,0.0843,english_cocker_spaniel,True,dog,True,correct
english_cocker_spaniel_184,english_cocker_spaniel,dog,0.2,0.2087,english_cocker_spaniel,True,dog,True,correct
english_cocker_spaniel_184,english_cocker_spaniel,dog,0.3,0.2024,wheaten_terrier,False,dog,True,within_superclass
english_cocker_spaniel_184,english_cocker_spaniel,dog,0.4,0.1993,wheaten_terrier,False,dog,True,within_superclass
english_cocker_spaniel_184,english_cocker_spaniel,dog,0.5,0.2495,pomeranian,False,dog,True,within_superclass
english_cocker_spaniel_184,english_cocker_spaniel,dog,0.6,0.324,shiba_inu,False,dog,True,within_superclass
english_cocker_spaniel_184,english_cocker_spaniel,dog,0.7,0.384,shiba_inu,False,dog,True,within_superclass
english_cocker_spaniel_184,english_cocker_spaniel,dog,0.8,0.4138,shiba_inu,False,dog,True,within_superclass
english_cocker_spaniel_184,english_cocker_spaniel,dog,0.9,0.4439,boxer,False,dog,True,within_superclass
english_cocker_spaniel_184,english_cocker_spaniel,dog,1.0,0.4624,boxer,False,dog,True,within_superclass
Abyssinian_130,abyssinian,cat,0.0,0.0,abyssinian,True,cat,True,correct
Abyssinian_130,abyssinian,cat,0.1,0.066,abyssinian,True,cat,True,correct
Abyssinian_130,abyssinian,cat,0.2,0.2196,abyssinian,True,cat,True,correct
Abyssinian_130,abyssinian,cat,0.3,0.2255,abyssinian,True,cat,True,correct
Abyssinian_130,abyssinian,cat,0.4,0.2668,abyssinian,True,cat,True,correct
Abyssinian_130,abyssinian,cat,0.5,0.3548,miniature_pinscher,False,cat,True,within_superclass
Abyssinian_130,abyssinian,cat,0.6,0.4317,miniature_pinscher,False,dog,False,cross_superclass
Abyssinian_130,abyssinian,cat,0.7,0.4328,miniature_pinscher,False,dog,False,cross_superclass
Abyssinian_130,abyssinian,cat,0.8,0.4331,miniature_pinscher,False,dog,False,cross_superclass
Abyssinian_130,abyssinian,cat,0.9,0.4363,miniature_pinscher,False,dog,False,cross_superclass
Abyssinian_130,abyssinian,cat,1.0,0.4373,boxer,False,dog,False,cross_superclass
miniature_pinscher_190,miniature_pinscher,dog,0.0,0.0,miniature_pinscher,True,dog,True,correct
miniature_pinscher_190,miniature_pinscher,dog,0.1,0.1705,miniature_pinscher,True,dog,True,correct
miniature_pinscher_190,miniature_pinscher,dog,0.2,0.4241,miniature_pinscher,True,dog,True,correct
miniature_pinscher_190,miniature_pinscher,dog,0.3,0.4595,miniature_pinscher,True,dog,True,correct
miniature_pinscher_190,miniature_pinscher,dog,0.4,0.4661,miniature_pinscher,True,dog,True,correct
miniature_pinscher_190,miniature_pinscher,dog,0.5,0.4785,bombay,False,dog,True,within_superclass
miniature_pinscher_190,miniature_pinscher,dog,0.6,0.4885,boxer,False,dog,True,within_superclass
miniature_pinscher_190,miniature_pinscher,dog,0.7,0.4938,boxer,False,dog,True,within_superclass
miniature_pinscher_190,miniature_pinscher,dog,0.8,0.4969,boxer,False,dog,True,within_superclass
miniature_pinscher_190,miniature_pinscher,dog,0.9,0.4996,boxer,False,dog,True,within_superclass
miniature_pinscher_190,miniature_pinscher,dog,1.0,0.5048,boxer,False,dog,True,within_superclass
Abyssinian_135,abyssinian,cat,0.0,0.0,abyssinian,True,cat,True,correct
Abyssinian_135,abyssinian,cat,0.1,0.0731,abyssinian,True,cat,True,correct
Abyssinian_135,abyssinian,cat,0.2,0.1539,abyssinian,True,cat,True,correct
Abyssinian_135,abyssinian,cat,0.3,0.1454,abyssinian,True,cat,True,correct
Abyssinian_135,abyssinian,cat,0.4,0.1949,abyssinian,True,cat,True,correct
Abyssinian_135,abyssinian,cat,0.5,0.2458,maine_coon,False,cat,True,within_superclass
Abyssinian_135,abyssinian,cat,0.6,0.3031,maine_coon,False,cat,True,within_superclass
Abyssinian_135,abyssinian,cat,0.7,0.3469,miniature_pinscher,False,cat,True,within_superclass
Abyssinian_135,abyssinian,cat,0.8,0.3723,boxer,False,dog,False,cross_superclass
Abyssinian_135,abyssinian,cat,0.9,0.3861,boxer,False,dog,False,cross_superclass
Abyssinian_135,abyssinian,cat,1.0,0.3824,boxer,False,dog,False,cross_superclass
keeshond_111,keeshond,dog,0.0,0.0,keeshond,True,dog,True,correct
keeshond_111,keeshond,dog,0.1,0.0873,keeshond,True,dog,True,correct
keeshond_111,keeshond,dog,0.2,0.2512,maine_coon,False,cat,False,cross_superclass
keeshond_111,keeshond,dog,0.3,0.3004,maine_coon,False,cat,False,cross_superclass
keeshond_111,keeshond,dog,0.4,0.3251,keeshond,True,dog,True,correct
keeshond_111,keeshond,dog,0.5,0.3801,keeshond,True,dog,True,correct
keeshond_111,keeshond,dog,0.6,0.412,shiba_inu,False,cat,False,cross_superclass
keeshond_111,keeshond,dog,0.7,0.4375,pomeranian,False,cat,False,cross_superclass
keeshond_111,keeshond,dog,0.8,0.4822,pomeranian,False,dog,True,within_superclass
keeshond_111,keeshond,dog,0.9,0.5081,boxer,False,dog,True,within_superclass
keeshond_111,keeshond,dog,1.0,0.5148,boxer,False,dog,True,within_superclass
Maine_Coon_152,maine_coon,cat,0.0,0.0,maine_coon,True,cat,True,correct
Maine_Coon_152,maine_coon,cat,0.1,0.1121,maine_coon,True,cat,True,correct
Maine_Coon_152,maine_coon,cat,0.2,0.3296,maine_coon,True,cat,True,correct
Maine_Coon_152,maine_coon,cat,0.3,0.2646,maine_coon,True,cat,True,correct
Maine_Coon_152,maine_coon,cat,0.4,0.2704,british_shorthair,False,cat,True,within_superclass
Maine_Coon_152,maine_coon,cat,0.5,0.3262,british_shorthair,False,cat,True,within_superclass
Maine_Coon_152,maine_coon,cat,0.6,0.3952,british_shorthair,False,cat,True,within_superclass
Maine_Coon_152,maine_coon,cat,0.7,0.4508,british_shorthair,False,cat,True,within_superclass
Maine_Coon_152,maine_coon,cat,0.8,0.5044,british_shorthair,False,cat,True,within_superclass
Maine_Coon_152,maine_coon,cat,0.9,0.5304,british_shorthair,False,dog,False,cross_superclass
Maine_Coon_152,maine_coon,cat,1.0,0.5512,german_shorthaired,False,dog,False,cross_superclass
staffordshire_bull_terrier_100,staffordshire_bull_terrier,dog,0.0,0.0,staffordshire_bull_terrier,True,dog,True,correct
staffordshire_bull_terrier_100,staffordshire_bull_terrier,dog,0.1,0.0967,staffordshire_bull_terrier,True,dog,True,correct
staffordshire_bull_terrier_100,staffordshire_bull_terrier,dog,0.2,0.2258,leonberger,False,dog,True,within_superclass
staffordshire_bull_terrier_100,staffordshire_bull_terrier,dog,0.3,0.2549,leonberger,False,dog,True,within_superclass
staffordshire_bull_terrier_100,staffordshire_bull_terrier,dog,0.4,0.2852,leonberger,False,dog,True,within_superclass
staffordshire_bull_terrier_100,staffordshire_bull_terrier,dog,0.5,0.3184,scottish_terrier,False,dog,True,within_superclass
staffordshire_bull_terrier_100,staffordshire_bull_terrier,dog,0.6,0.3809,miniature_pinscher,False,cat,False,cross_superclass
staffordshire_bull_terrier_100,staffordshire_bull_terrier,dog,0.7,0.4518,russian_blue,False,cat,False,cross_superclass
staffordshire_bull_terrier_100,staffordshire_bull_terrier,dog,0.8,0.4736,miniature_pinscher,False,cat,False,cross_superclass
staffordshire_bull_terrier_100,staffordshire_bull_terrier,dog,0.9,0.4823,miniature_pinscher,False,cat,False,cross_superclass
staffordshire_bull_terrier_100,staffordshire_bull_terrier,dog,1.0,0.4847,miniature_pinscher,False,cat,False,cross_superclass
newfoundland_180,newfoundland,dog,0.0,0.0,newfoundland,True,dog,True,correct
newfoundland_180,newfoundland,dog,0.1,0.0684,newfoundland,True,dog,True,correct
newfoundland_180,newfoundland,dog,0.2,0.1887,newfoundland,True,dog,True,correct
newfoundland_180,newfoundland,dog,0.3,0.2616,newfoundland,True,dog,True,correct
newfoundland_180,newfoundland,dog,0.4,0.2911,newfoundland,True,dog,True,correct
newfoundland_180,newfoundland,dog,0.5,0.3055,pomeranian,False,dog,True,within_superclass
newfoundland_180,newfoundland,dog,0.6,0.3097,pomeranian,False,dog,True,within_superclass
newfoundland_180,newfoundland,dog,0.7,0.31,pomeranian,False,dog,True,within_superclass
newfoundland_180,newfoundland,dog,0.8,0.3179,pomeranian,False,dog,True,within_superclass
newfoundland_180,newfoundland,dog,0.9,0.327,staffordshire_bull_terrier,False,dog,True,within_superclass
newfoundland_180,newfoundland,dog,1.0,0.3411,staffordshire_bull_terrier,False,dog,True,within_superclass
newfoundland_142,newfoundland,dog,0.0,0.0,newfoundland,True,dog,True,correct
newfoundland_142,newfoundland,dog,0.1,0.1174,newfoundland,True,dog,True,correct
newfoundland_142,newfoundland,dog,0.2,0.2836,newfoundland,True,dog,True,correct
newfoundland_142,newfoundland,dog,0.3,0.3366,newfoundland,True,dog,True,correct
newfoundland_142,newfoundland,dog,0.4,0.358,newfoundland,True,dog,True,correct
newfoundland_142,newfoundland,dog,0.5,0.412,newfoundland,True,dog,True,correct
newfoundland_142,newfoundland,dog,0.6,0.4782,havanese,False,dog,True,within_superclass
newfoundland_142,newfoundland,dog,0.7,0.5005,japanese_chin,False,dog,True,within_superclass
newfoundland_142,newfoundland,dog,0.8,0.5016,japanese_chin,False,dog,True,within_superclass
newfoundland_142,newfoundland,dog,0.9,0.5011,japanese_chin,False,dog,True,within_superclass
newfoundland_142,newfoundland,dog,1.0,0.497,persian,False,dog,True,within_superclass
Maine_Coon_208,maine_coon,cat,0.0,0.0,maine_coon,True,cat,True,correct
Maine_Coon_208,maine_coon,cat,0.1,0.1169,maine_coon,True,cat,True,correct
Maine_Coon_208,maine_coon,cat,0.2,0.2622,maine_coon,True,cat,True,correct
Maine_Coon_208,maine_coon,cat,0.3,0.3359,birman,False,cat,True,within_superclass
Maine_Coon_208,maine_coon,cat,0.4,0.3477,birman,False,cat,True,within_superclass
Maine_Coon_208,maine_coon,cat,0.5,0.3727,birman,False,cat,True,within_superclass
Maine_Coon_208,maine_coon,cat,0.6,0.424,birman,False,cat,True,within_superclass
Maine_Coon_208,maine_coon,cat,0.7,0.4674,birman,False,cat,True,within_superclass
Maine_Coon_208,maine_coon,cat,0.8,0.4798,birman,False,cat,True,within_superclass
Maine_Coon_208,maine_coon,cat,0.9,0.4874,birman,False,cat,True,within_superclass
Maine_Coon_208,maine_coon,cat,1.0,0.4954,birman,False,cat,True,within_superclass
British_Shorthair_155,british_shorthair,cat,0.0,0.0,british_shorthair,True,cat,True,correct
British_Shorthair_155,british_shorthair,cat,0.1,0.0656,british_shorthair,True,cat,True,correct
British_Shorthair_155,british_shorthair,cat,0.2,0.266,british_shorthair,True,cat,True,correct
British_Shorthair_155,british_shorthair,cat,0.3,0.2116,egyptian_mau,False,cat,True,within_superclass
British_Shorthair_155,british_shorthair,cat,0.4,0.2289,egyptian_mau,False,cat,True,within_superclass
British_Shorthair_155,british_shorthair,cat,0.5,0.3058,egyptian_mau,False,cat,True,within_superclass
British_Shorthair_155,british_shorthair,cat,0.6,0.432,egyptian_mau,False,cat,True,within_superclass
British_Shorthair_155,british_shorthair,cat,0.7,0.4986,boxer,False,dog,False,cross_superclass
British_Shorthair_155,british_shorthair,cat,0.8,0.5075,bombay,False,dog,False,cross_superclass
British_Shorthair_155,british_shorthair,cat,0.9,0.5131,bombay,False,dog,False,cross_superclass
British_Shorthair_155,british_shorthair,cat,1.0,0.5171,bombay,False,dog,False,cross_superclass
shiba_inu_161,shiba_inu,dog,0.0,0.0,shiba_inu,True,dog,True,correct
shiba_inu_161,shiba_inu,dog,0.1,0.1209,shiba_inu,True,dog,True,correct
shiba_inu_161,shiba_inu,dog,0.2,0.2256,shiba_inu,True,dog,True,correct
shiba_inu_161,shiba_inu,dog,0.3,0.3596,shiba_inu,True,dog,True,correct
shiba_inu_161,shiba_inu,dog,0.4,0.4295,saint_bernard,False,dog,True,within_superclass
shiba_inu_161,shiba_inu,dog,0.5,0.4258,saint_bernard,False,dog,True,within_superclass
shiba_inu_161,shiba_inu,dog,0.6,0.4242,boxer,False,dog,True,within_superclass
shiba_inu_161,shiba_inu,dog,0.7,0.4287,yorkshire_terrier,False,dog,True,within_superclass
shiba_inu_161,shiba_inu,dog,0.8,0.4386,yorkshire_terrier,False,dog,True,within_superclass
shiba_inu_161,shiba_inu,dog,0.9,0.4463,yorkshire_terrier,False,dog,True,within_superclass
shiba_inu_161,shiba_inu,dog,1.0,0.4478,yorkshire_terrier,False,dog,True,within_superclass
samoyed_133,samoyed,dog,0.0,0.0,samoyed,True,dog,True,correct
samoyed_133,samoyed,dog,0.1,0.0682,samoyed,True,dog,True,correct
samoyed_133,samoyed,dog,0.2,0.1332,samoyed,True,dog,True,correct
samoyed_133,samoyed,dog,0.3,0.1789,great_pyrenees,False,dog,True,within_superclass
samoyed_133,samoyed,dog,0.4,0.2632,great_pyrenees,False,dog,True,within_superclass
samoyed_133,samoyed,dog,0.5,0.3557,great_pyrenees,False,dog,True,within_superclass
samoyed_133,samoyed,dog,0.6,0.4296,great_pyrenees,False,dog,True,within_superclass
samoyed_133,samoyed,dog,0.7,0.4766,great_pyrenees,False,dog,True,within_superclass
samoyed_133,samoyed,dog,0.8,0.4969,great_pyrenees,False,dog,True,within_superclass
samoyed_133,samoyed,dog,0.9,0.5062,great_pyrenees,False,dog,True,within_superclass
samoyed_133,samoyed,dog,1.0,0.5091,great_pyrenees,False,dog,True,within_superclass
staffordshire_bull_terrier_138,staffordshire_bull_terrier,dog,0.0,0.0,staffordshire_bull_terrier,True,dog,True,correct
staffordshire_bull_terrier_138,staffordshire_bull_terrier,dog,0.1,0.1079,staffordshire_bull_terrier,True,dog,True,correct
staffordshire_bull_terrier_138,staffordshire_bull_terrier,dog,0.2,0.1785,staffordshire_bull_terrier,True,dog,True,correct
staffordshire_bull_terrier_138,staffordshire_bull_terrier,dog,0.3,0.1652,staffordshire_bull_terrier,True,dog,True,correct
staffordshire_bull_terrier_138,staffordshire_bull_terrier,dog,0.4,0.2052,staffordshire_bull_terrier,True,dog,True,correct
staffordshire_bull_terrier_138,staffordshire_bull_terrier,dog,0.5,0.2935,japanese_chin,False,cat,False,cross_superclass
staffordshire_bull_terrier_138,staffordshire_bull_terrier,dog,0.6,0.3356,japanese_chin,False,cat,False,cross_superclass
staffordshire_bull_terrier_138,staffordshire_bull_terrier,dog,0.7,0.3627,staffordshire_bull_terrier,True,cat,False,correct
staffordshire_bull_terrier_138,staffordshire_bull_terrier,dog,0.8,0.3988,staffordshire_bull_terrier,True,dog,True,correct
staffordshire_bull_terrier_138,staffordshire_bull_terrier,dog,0.9,0.4403,boxer,False,dog,True,within_superclass
staffordshire_bull_terrier_138,staffordshire_bull_terrier,dog,1.0,0.4622,boxer,False,dog,True,within_superclass
beagle_111,beagle,dog,0.0,0.0,beagle,True,dog,True,correct
beagle_111,beagle,dog,0.1,0.0712,beagle,True,dog,True,correct
beagle_111,beagle,dog,0.2,0.137,beagle,True,dog,True,correct
beagle_111,beagle,dog,0.3,0.1689,beagle,True,dog,True,correct
beagle_111,beagle,dog,0.4,0.2048,beagle,True,dog,True,correct
beagle_111,beagle,dog,0.5,0.24,beagle,True,dog,True,correct
beagle_111,beagle,dog,0.6,0.2812,beagle,True,dog,True,correct
beagle_111,beagle,dog,0.7,0.3377,great_pyrenees,False,dog,True,within_superclass
beagle_111,beagle,dog,0.8,0.3981,great_pyrenees,False,dog,True,within_superclass
beagle_111,beagle,dog,0.9,0.4476,pomeranian,False,dog,True,within_superclass
beagle_111,beagle,dog,1.0,0.4755,birman,False,dog,True,within_superclass
wheaten_terrier_114,wheaten_terrier,dog,0.0,0.0,wheaten_terrier,True,dog,True,correct
wheaten_terrier_114,wheaten_terrier,dog,0.1,0.0981,wheaten_terrier,True,dog,True,correct
wheaten_terrier_114,wheaten_terrier,dog,0.2,0.1857,wheaten_terrier,True,dog,True,correct
wheaten_terrier_114,wheaten_terrier,dog,0.3,0.2204,wheaten_terrier,True,dog,True,correct
wheaten_terrier_114,wheaten_terrier,dog,0.4,0.2877,miniature_pinscher,False,dog,True,within_superclass
wheaten_terrier_114,wheaten_terrier,dog,0.5,0.3393,miniature_pinscher,False,dog,True,within_superclass
wheaten_terrier_114,wheaten_terrier,dog,0.6,0.3731,miniature_pinscher,False,dog,True,within_superclass
wheaten_terrier_114,wheaten_terrier,dog,0.7,0.3992,miniature_pinscher,False,dog,True,within_superclass
wheaten_terrier_114,wheaten_terrier,dog,0.8,0.4099,miniature_pinscher,False,dog,True,within_superclass
wheaten_terrier_114,wheaten_terrier,dog,0.9,0.4246,miniature_pinscher,False,dog,True,within_superclass
wheaten_terrier_114,wheaten_terrier,dog,1.0,0.4474,miniature_pinscher,False,dog,True,within_superclass
scottish_terrier_18,scottish_terrier,dog,0.0,0.0,scottish_terrier,True,dog,True,correct
scottish_terrier_18,scottish_terrier,dog,0.1,0.0964,scottish_terrier,True,dog,True,correct
scottish_terrier_18,scottish_terrier,dog,0.2,0.1602,miniature_pinscher,False,dog,True,within_superclass
scottish_terrier_18,scottish_terrier,dog,0.3,0.1762,scottish_terrier,True,dog,True,correct
scottish_terrier_18,scottish_terrier,dog,0.4,0.2236,scottish_terrier,True,dog,True,correct
scottish_terrier_18,scottish_terrier,dog,0.5,0.3233,newfoundland,False,dog,True,within_superclass
scottish_terrier_18,scottish_terrier,dog,0.6,0.4068,newfoundland,False,dog,True,within_superclass
scottish_terrier_18,scottish_terrier,dog,0.7,0.437,newfoundland,False,dog,True,within_superclass
scottish_terrier_18,scottish_terrier,dog,0.8,0.4543,newfoundland,False,dog,True,within_superclass
scottish_terrier_18,scottish_terrier,dog,0.9,0.4745,newfoundland,False,dog,True,within_superclass
scottish_terrier_18,scottish_terrier,dog,1.0,0.482,newfoundland,False,dog,True,within_superclass
Abyssinian_137,abyssinian,cat,0.0,0.0,siamese,False,cat,True,within_superclass
Abyssinian_137,abyssinian,cat,0.1,0.0107,abyssinian,True,cat,True,correct
Abyssinian_137,abyssinian,cat,0.2,0.0453,abyssinian,True,cat,True,correct
Abyssinian_137,abyssinian,cat,0.3,0.0818,abyssinian,True,cat,True,correct
Abyssinian_137,abyssinian,cat,0.4,0.1166,abyssinian,True,cat,True,correct
Abyssinian_137,abyssinian,cat,0.5,0.1443,siamese,False,cat,True,within_superclass
Abyssinian_137,abyssinian,cat,0.6,0.1679,abyssinian,True,cat,True,correct
Abyssinian_137,abyssinian,cat,0.7,0.1683,abyssinian,True,cat,True,correct
Abyssinian_137,abyssinian,cat,0.8,0.187,abyssinian,True,cat,True,correct
Abyssinian_137,abyssinian,cat,0.9,0.2082,abyssinian,True,cat,True,correct
Abyssinian_137,abyssinian,cat,1.0,0.2283,abyssinian,True,cat,True,correct
wheaten_terrier_141,wheaten_terrier,dog,0.0,0.0,wheaten_terrier,True,dog,True,correct
wheaten_terrier_141,wheaten_terrier,dog,0.1,0.0893,wheaten_terrier,True,dog,True,correct
wheaten_terrier_141,wheaten_terrier,dog,0.2,0.2208,wheaten_terrier,True,dog,True,correct
wheaten_terrier_141,wheaten_terrier,dog,0.3,0.2124,wheaten_terrier,True,dog,True,correct
wheaten_terrier_141,wheaten_terrier,dog,0.4,0.2341,wheaten_terrier,True,dog,True,correct
wheaten_terrier_141,wheaten_terrier,dog,0.5,0.2994,pomeranian,False,dog,True,within_superclass
wheaten_terrier_141,wheaten_terrier,dog,0.6,0.3571,british_shorthair,False,cat,False,cross_superclass
wheaten_terrier_141,wheaten_terrier,dog,0.7,0.4025,british_shorthair,False,cat,False,cross_superclass
wheaten_terrier_141,wheaten_terrier,dog,0.8,0.4226,british_shorthair,False,cat,False,cross_superclass
wheaten_terrier_141,wheaten_terrier,dog,0.9,0.4307,british_shorthair,False,cat,False,cross_superclass
wheaten_terrier_141,wheaten_terrier,dog,1.0,0.4381,british_shorthair,False,cat,False,cross_superclass
keeshond_178,keeshond,dog,0.0,0.0,keeshond,True,dog,True,correct
keeshond_178,keeshond,dog,0.1,0.0845,keeshond,True,dog,True,correct
keeshond_178,keeshond,dog,0.2,0.223,keeshond,True,dog,True,correct
keeshond_178,keeshond,dog,0.3,0.2506,english_setter,False,dog,True,within_superclass
keeshond_178,keeshond,dog,0.4,0.3109,english_setter,False,dog,True,within_superclass
keeshond_178,keeshond,dog,0.5,0.3669,english_setter,False,dog,True,within_superclass
keeshond_178,keeshond,dog,0.6,0.4025,newfoundland,False,dog,True,within_superclass
keeshond_178,keeshond,dog,0.7,0.4243,great_pyrenees,False,dog,True,within_superclass
keeshond_178,keeshond,dog,0.8,0.4315,saint_bernard,False,dog,True,within_superclass
keeshond_178,keeshond,dog,0.9,0.4328,havanese,False,dog,True,within_superclass
keeshond_178,keeshond,dog,1.0,0.4398,havanese,False,dog,True,within_superclass
pomeranian_170,pomeranian,dog,0.0,0.0,pomeranian,True,dog,True,correct
pomeranian_170,pomeranian,dog,0.1,0.1693,pomeranian,True,dog,True,correct
pomeranian_170,pomeranian,dog,0.2,0.196,pomeranian,True,dog,True,correct
pomeranian_170,pomeranian,dog,0.3,0.3446,pomeranian,True,dog,True,correct
pomeranian_170,pomeranian,dog,0.4,0.3824,pomeranian,True,dog,True,correct
pomeranian_170,pomeranian,dog,0.5,0.4557,pomeranian,True,dog,True,correct
pomeranian_170,pomeranian,dog,0.6,0.491,pug,False,dog,True,within_superclass
pomeranian_170,pomeranian,dog,0.7,0.5,bombay,False,cat,False,cross_superclass
pomeranian_170,pomeranian,dog,0.8,0.5073,bombay,False,dog,True,within_superclass
pomeranian_170,pomeranian,dog,0.9,0.5195,bombay,False,dog,True,within_superclass
pomeranian_170,pomeranian,dog,1.0,0.5266,bombay,False,dog,True,within_superclass
american_pit_bull_terrier_175,american_pit_bull_terrier,dog,0.0,0.0,american_bulldog,False,dog,True,within_superclass
american_pit_bull_terrier_175,american_pit_bull_terrier,dog,0.1,0.1806,american_bulldog,False,dog,True,within_superclass
american_pit_bull_terrier_175,american_pit_bull_terrier,dog,0.2,0.2049,american_bulldog,False,dog,True,within_superclass
american_pit_bull_terrier_175,american_pit_bull_terrier,dog,0.3,0.3101,american_bulldog,False,dog,True,within_superclass
american_pit_bull_terrier_175,american_pit_bull_terrier,dog,0.4,0.4529,english_setter,False,dog,True,within_superclass
american_pit_bull_terrier_175,american_pit_bull_terrier,dog,0.5,0.511,ragdoll,False,dog,True,within_superclass
american_pit_bull_terrier_175,american_pit_bull_terrier,dog,0.6,0.5222,ragdoll,False,dog,True,within_superclass
american_pit_bull_terrier_175,american_pit_bull_terrier,dog,0.7,0.5318,ragdoll,False,dog,True,within_superclass
american_pit_bull_terrier_175,american_pit_bull_terrier,dog,0.8,0.5414,ragdoll,False,dog,True,within_superclass
american_pit_bull_terrier_175,american_pit_bull_terrier,dog,0.9,0.5415,ragdoll,False,dog,True,within_superclass
american_pit_bull_terrier_175,american_pit_bull_terrier,dog,1.0,0.5367,boxer,False,dog,True,within_superclass
miniature_pinscher_104,miniature_pinscher,dog,0.0,0.0,miniature_pinscher,True,dog,True,correct
miniature_pinscher_104,miniature_pinscher,dog,0.1,0.0993,miniature_pinscher,True,dog,True,correct
miniature_pinscher_104,miniature_pinscher,dog,0.2,0.2103,miniature_pinscher,True,dog,True,correct
miniature_pinscher_104,miniature_pinscher,dog,0.3,0.3205,shiba_inu,False,dog,True,within_superclass
miniature_pinscher_104,miniature_pinscher,dog,0.4,0.335,shiba_inu,False,dog,True,within_superclass
miniature_pinscher_104,miniature_pinscher,dog,0.5,0.3743,chihuahua,False,dog,True,within_superclass
miniature_pinscher_104,miniature_pinscher,dog,0.6,0.3977,chihuahua,False,dog,True,within_superclass
miniature_pinscher_104,miniature_pinscher,dog,0.7,0.4245,miniature_pinscher,True,dog,True,correct
miniature_pinscher_104,miniature_pinscher,dog,0.8,0.4523,miniature_pinscher,True,dog,True,correct
miniature_pinscher_104,miniature_pinscher,dog,0.9,0.466,miniature_pinscher,True,dog,True,correct
miniature_pinscher_104,miniature_pinscher,dog,1.0,0.4702,miniature_pinscher,True,dog,True,correct
staffordshire_bull_terrier_192,staffordshire_bull_terrier,dog,0.0,0.0,american_pit_bull_terrier,False,dog,True,within_superclass
staffordshire_bull_terrier_192,staffordshire_bull_terrier,dog,0.1,0.1065,miniature_pinscher,False,dog,True,within_superclass
staffordshire_bull_terrier_192,staffordshire_bull_terrier,dog,0.2,0.2211,miniature_pinscher,False,dog,True,within_superclass
staffordshire_bull_terrier_192,staffordshire_bull_terrier,dog,0.3,0.2565,staffordshire_bull_terrier,True,dog,True,correct
staffordshire_bull_terrier_192,staffordshire_bull_terrier,dog,0.4,0.3239,staffordshire_bull_terrier,True,dog,True,correct
staffordshire_bull_terrier_192,staffordshire_bull_terrier,dog,0.5,0.3981,miniature_pinscher,False,dog,True,within_superclass
staffordshire_bull_terrier_192,staffordshire_bull_terrier,dog,0.6,0.4304,miniature_pinscher,False,dog,True,within_superclass
staffordshire_bull_terrier_192,staffordshire_bull_terrier,dog,0.7,0.4734,leonberger,False,dog,True,within_superclass
staffordshire_bull_terrier_192,staffordshire_bull_terrier,dog,0.8,0.4972,leonberger,False,dog,True,within_superclass
staffordshire_bull_terrier_192,staffordshire_bull_terrier,dog,0.9,0.5073,miniature_pinscher,False,dog,True,within_superclass
staffordshire_bull_terrier_192,staffordshire_bull_terrier,dog,1.0,0.5194,miniature_pinscher,False,dog,True,within_superclass
japanese_chin_185,japanese_chin,dog,0.0,0.0,japanese_chin,True,dog,True,correct
japanese_chin_185,japanese_chin,dog,0.1,0.1012,japanese_chin,True,dog,True,correct
japanese_chin_185,japanese_chin,dog,0.2,0.253,japanese_chin,True,dog,True,correct
japanese_chin_185,japanese_chin,dog,0.3,0.2047,japanese_chin,True,dog,True,correct
japanese_chin_185,japanese_chin,dog,0.4,0.2356,japanese_chin,True,dog,True,correct
japanese_chin_185,japanese_chin,dog,0.5,0.2633,japanese_chin,True,dog,True,correct
japanese_chin_185,japanese_chin,dog,0.6,0.2878,japanese_chin,True,dog,True,correct
japanese_chin_185,japanese_chin,dog,0.7,0.3242,japanese_chin,True,dog,True,correct
japanese_chin_185,japanese_chin,dog,0.8,0.3497,japanese_chin,True,dog,True,correct
japanese_chin_185,japanese_chin,dog,0.9,0.3823,japanese_chin,True,dog,True,correct
japanese_chin_185,japanese_chin,dog,1.0,0.4013,japanese_chin,True,dog,True,correct
scottish_terrier_141,scottish_terrier,dog,0.0,0.0,scottish_terrier,True,dog,True,correct
scottish_terrier_141,scottish_terrier,dog,0.1,0.0628,scottish_terrier,True,dog,True,correct
scottish_terrier_141,scottish_terrier,dog,0.2,0.2161,havanese,False,dog,True,within_superclass
scottish_terrier_141,scottish_terrier,dog,0.3,0.3323,staffordshire_bull_terrier,False,dog,True,within_superclass
scottish_terrier_141,scottish_terrier,dog,0.4,0.3536,staffordshire_bull_terrier,False,dog,True,within_superclass
scottish_terrier_141,scottish_terrier,dog,0.5,0.3739,staffordshire_bull_terrier,False,dog,True,within_superclass
scottish_terrier_141,scottish_terrier,dog,0.6,0.3881,persian,False,dog,True,within_superclass
scottish_terrier_141,scottish_terrier,dog,0.7,0.4002,boxer,False,dog,True,within_superclass
scottish_terrier_141,scottish_terrier,dog,0.8,0.4052,boxer,False,dog,True,within_superclass
scottish_terrier_141,scottish_terrier,dog,0.9,0.4034,boxer,False,dog,True,within_superclass
scottish_terrier_141,scottish_terrier,dog,1.0,0.403,yorkshire_terrier,False,dog,True,within_superclass
english_cocker_spaniel_17,english_cocker_spaniel,dog,0.0,0.0,english_cocker_spaniel,True,dog,True,correct
english_cocker_spaniel_17,english_cocker_spaniel,dog,0.1,0.1175,english_cocker_spaniel,True,dog,True,correct
english_cocker_spaniel_17,english_cocker_spaniel,dog,0.2,0.2373,english_setter,False,dog,True,within_superclass
english_cocker_spaniel_17,english_cocker_spaniel,dog,0.3,0.205,english_setter,False,dog,True,within_superclass
english_cocker_spaniel_17,english_cocker_spaniel,dog,0.4,0.2512,english_setter,False,dog,True,within_superclass
english_cocker_spaniel_17,english_cocker_spaniel,dog,0.5,0.2796,english_setter,False,dog,True,within_superclass
english_cocker_spaniel_17,english_cocker_spaniel,dog,0.6,0.3437,english_setter,False,dog,True,within_superclass
english_cocker_spaniel_17,english_cocker_spaniel,dog,0.7,0.3868,english_setter,False,dog,True,within_superclass
english_cocker_spaniel_17,english_cocker_spaniel,dog,0.8,0.4156,english_setter,False,dog,True,within_superclass
english_cocker_spaniel_17,english_cocker_spaniel,dog,0.9,0.4306,english_setter,False,dog,True,within_superclass
english_cocker_spaniel_17,english_cocker_spaniel,dog,1.0,0.4507,miniature_pinscher,False,dog,True,within_superclass
pomeranian_136,pomeranian,dog,0.0,0.0,pomeranian,True,dog,True,correct
pomeranian_136,pomeranian,dog,0.1,0.1508,pomeranian,True,dog,True,correct
pomeranian_136,pomeranian,dog,0.2,0.2886,shiba_inu,False,dog,True,within_superclass
pomeranian_136,pomeranian,dog,0.3,0.3308,shiba_inu,False,dog,True,within_superclass
pomeranian_136,pomeranian,dog,0.4,0.3894,shiba_inu,False,dog,True,within_superclass
pomeranian_136,pomeranian,dog,0.5,0.4482,shiba_inu,False,cat,False,cross_superclass
pomeranian_136,pomeranian,dog,0.6,0.4816,shiba_inu,False,cat,False,cross_superclass
pomeranian_136,pomeranian,dog,0.7,0.4947,shiba_inu,False,dog,True,within_superclass
pomeranian_136,pomeranian,dog,0.8,0.502,miniature_pinscher,False,dog,True,within_superclass
pomeranian_136,pomeranian,dog,0.9,0.5049,boxer,False,dog,True,within_superclass
pomeranian_136,pomeranian,dog,1.0,0.5055,boxer,False,dog,True,within_superclass
samoyed_154,samoyed,dog,0.0,0.0,samoyed,True,dog,True,correct
samoyed_154,samoyed,dog,0.1,0.116,keeshond,False,dog,True,within_superclass
samoyed_154,samoyed,dog,0.2,0.3043,birman,False,cat,False,cross_superclass
samoyed_154,samoyed,dog,0.3,0.3048,great_pyrenees,False,dog,True,within_superclass
samoyed_154,samoyed,dog,0.4,0.3415,birman,False,cat,False,cross_superclass
samoyed_154,samoyed,dog,0.5,0.4415,birman,False,cat,False,cross_superclass
samoyed_154,samoyed,dog,0.6,0.5113,british_shorthair,False,cat,False,cross_superclass
samoyed_154,samoyed,dog,0.7,0.5668,british_shorthair,False,cat,False,cross_superclass
samoyed_154,samoyed,dog,0.8,0.5863,british_shorthair,False,cat,False,cross_superclass
samoyed_154,samoyed,dog,0.9,0.6063,british_shorthair,False,cat,False,cross_superclass
samoyed_154,samoyed,dog,1.0,0.614,british_shorthair,False,dog,True,within_superclass
staffordshire_bull_terrier_186,staffordshire_bull_terrier,dog,0.0,0.0,staffordshire_bull_terrier,True,dog,True,correct
staffordshire_bull_terrier_186,staffordshire_bull_terrier,dog,0.1,0.0524,staffordshire_bull_terrier,True,dog,True,correct
staffordshire_bull_terrier_186,staffordshire_bull_terrier,dog,0.2,0.2152,staffordshire_bull_terrier,True,dog,True,correct
staffordshire_bull_terrier_186,staffordshire_bull_terrier,dog,0.3,0.2065,staffordshire_bull_terrier,True,dog,True,correct
staffordshire_bull_terrier_186,staffordshire_bull_terrier,dog,0.4,0.2132,staffordshire_bull_terrier,True,dog,True,correct
staffordshire_bull_terrier_186,staffordshire_bull_terrier,dog,0.5,0.2387,staffordshire_bull_terrier,True,dog,True,correct
staffordshire_bull_terrier_186,staffordshire_bull_terrier,dog,0.6,0.3005,staffordshire_bull_terrier,True,dog,True,correct
staffordshire_bull_terrier_186,staffordshire_bull_terrier,dog,0.7,0.3708,staffordshire_bull_terrier,True,dog,True,correct
staffordshire_bull_terrier_186,staffordshire_bull_terrier,dog,0.8,0.4164,staffordshire_bull_terrier,True,dog,True,correct
staffordshire_bull_terrier_186,staffordshire_bull_terrier,dog,0.9,0.4482,staffordshire_bull_terrier,True,dog,True,correct
staffordshire_bull_terrier_186,staffordshire_bull_terrier,dog,1.0,0.4771,miniature_pinscher,False,dog,True,within_superclass
newfoundland_118,newfoundland,dog,0.0,0.0,newfoundland,True,dog,True,correct
newfoundland_118,newfoundland,dog,0.1,0.1057,havanese,False,dog,True,within_superclass
newfoundland_118,newfoundland,dog,0.2,0.2895,newfoundland,True,dog,True,correct
newfoundland_118,newfoundland,dog,0.3,0.3241,leonberger,False,dog,True,within_superclass
newfoundland_118,newfoundland,dog,0.4,0.3722,leonberger,False,dog,True,within_superclass
newfoundland_118,newfoundland,dog,0.5,0.3987,leonberger,False,dog,True,within_superclass
newfoundland_118,newfoundland,dog,0.6,0.469,japanese_chin,False,dog,True,within_superclass
newfoundland_118,newfoundland,dog,0.7,0.528,japanese_chin,False,dog,True,within_superclass
newfoundland_118,newfoundland,dog,0.8,0.5381,japanese_chin,False,dog,True,within_superclass
newfoundland_118,newfoundland,dog,0.9,0.5387,japanese_chin,False,dog,True,within_superclass
newfoundland_118,newfoundland,dog,1.0,0.5411,japanese_chin,False,dog,True,within_superclass
Bengal_189,bengal,cat,0.0,0.0,bengal,True,cat,True,correct
Bengal_189,bengal,cat,0.1,0.2004,bengal,True,cat,True,correct
Bengal_189,bengal,cat,0.2,0.2331,egyptian_mau,False,cat,True,within_superclass
Bengal_189,bengal,cat,0.3,0.3821,shiba_inu,False,cat,True,within_superclass
Bengal_189,bengal,cat,0.4,0.5191,shiba_inu,False,dog,False,cross_superclass
Bengal_189,bengal,cat,0.5,0.5408,shiba_inu,False,dog,False,cross_superclass
Bengal_189,bengal,cat,0.6,0.5523,shiba_inu,False,dog,False,cross_superclass
Bengal_189,bengal,cat,0.7,0.5518,shiba_inu,False,dog,False,cross_superclass
Bengal_189,bengal,cat,0.8,0.5528,shiba_inu,False,dog,False,cross_superclass
Bengal_189,bengal,cat,0.9,0.5586,yorkshire_terrier,False,dog,False,cross_superclass
Bengal_189,bengal,cat,1.0,0.5629,great_pyrenees,False,dog,False,cross_superclass
Russian_Blue_162,russian_blue,cat,0.0,0.0,russian_blue,True,cat,True,correct
Russian_Blue_162,russian_blue,cat,0.1,0.0705,russian_blue,True,cat,True,correct
Russian_Blue_162,russian_blue,cat,0.2,0.1549,egyptian_mau,False,cat,True,within_superclass
Russian_Blue_162,russian_blue,cat,0.3,0.1883,egyptian_mau,False,cat,True,within_superclass
Russian_Blue_162,russian_blue,cat,0.4,0.2201,egyptian_mau,False,cat,True,within_superclass
Russian_Blue_162,russian_blue,cat,0.5,0.2481,egyptian_mau,False,cat,True,within_superclass
Russian_Blue_162,russian_blue,cat,0.6,0.29,scottish_terrier,False,dog,False,cross_superclass
Russian_Blue_162,russian_blue,cat,0.7,0.3794,scottish_terrier,False,dog,False,cross_superclass
Russian_Blue_162,russian_blue,cat,0.8,0.4185,shiba_inu,False,dog,False,cross_superclass
Russian_Blue_162,russian_blue,cat,0.9,0.4296,pomeranian,False,dog,False,cross_superclass
Russian_Blue_162,russian_blue,cat,1.0,0.4349,pomeranian,False,dog,False,cross_superclass
scottish_terrier_136,scottish_terrier,dog,0.0,0.0,havanese,False,dog,True,within_superclass
scottish_terrier_136,scottish_terrier,dog,0.1,0.0735,havanese,False,dog,True,within_superclass
scottish_terrier_136,scottish_terrier,dog,0.2,0.2489,havanese,False,dog,True,within_superclass
scottish_terrier_136,scottish_terrier,dog,0.3,0.2064,havanese,False,dog,True,within_superclass
scottish_terrier_136,scottish_terrier,dog,0.4,0.2712,samoyed,False,dog,True,within_superclass
scottish_terrier_136,scottish_terrier,dog,0.5,0.3325,shiba_inu,False,dog,True,within_superclass
scottish_terrier_136,scottish_terrier,dog,0.6,0.3735,shiba_inu,False,dog,True,within_superclass
scottish_terrier_136,scottish_terrier,dog,0.7,0.4035,shiba_inu,False,cat,False,cross_superclass
scottish_terrier_136,scottish_terrier,dog,0.8,0.4287,british_shorthair,False,cat,False,cross_superclass
scottish_terrier_136,scottish_terrier,dog,0.9,0.4487,british_shorthair,False,cat,False,cross_superclass
scottish_terrier_136,scottish_terrier,dog,1.0,0.4648,british_shorthair,False,cat,False,cross_superclass
beagle_155,beagle,dog,0.0,0.0,beagle,True,dog,True,correct
beagle_155,beagle,dog,0.1,0.1083,beagle,True,dog,True,correct
beagle_155,beagle,dog,0.2,0.2268,beagle,True,dog,True,correct
beagle_155,beagle,dog,0.3,0.2254,beagle,True,dog,True,correct
beagle_155,beagle,dog,0.4,0.2719,beagle,True,dog,True,correct
beagle_155,beagle,dog,0.5,0.3117,beagle,True,dog,True,correct
beagle_155,beagle,dog,0.6,0.3346,staffordshire_bull_terrier,False,dog,True,within_superclass
beagle_155,beagle,dog,0.7,0.3697,staffordshire_bull_terrier,False,dog,True,within_superclass
beagle_155,beagle,dog,0.8,0.3849,staffordshire_bull_terrier,False,dog,True,within_superclass
beagle_155,beagle,dog,0.9,0.4085,staffordshire_bull_terrier,False,dog,True,within_superclass
beagle_155,beagle,dog,1.0,0.4228,yorkshire_terrier,False,dog,True,within_superclass
Birman_152,birman,cat,0.0,0.0,birman,True,cat,True,correct
Birman_152,birman,cat,0.1,0.0893,birman,True,cat,True,correct
Birman_152,birman,cat,0.2,0.1636,birman,True,cat,True,correct
Birman_152,birman,cat,0.3,0.243,birman,True,cat,True,correct
Birman_152,birman,cat,0.4,0.2935,birman,True,cat,True,correct
Birman_152,birman,cat,0.5,0.3346,british_shorthair,False,cat,True,within_superclass
Birman_152,birman,cat,0.6,0.3702,british_shorthair,False,cat,True,within_superclass
Birman_152,birman,cat,0.7,0.4035,yorkshire_terrier,False,cat,True,within_superclass
Birman_152,birman,cat,0.8,0.4236,yorkshire_terrier,False,dog,False,cross_superclass
Birman_152,birman,cat,0.9,0.4431,yorkshire_terrier,False,dog,False,cross_superclass
Birman_152,birman,cat,1.0,0.4573,havanese,False,dog,False,cross_superclass
japanese_chin_148,japanese_chin,dog,0.0,0.0,japanese_chin,True,dog,True,correct
japanese_chin_148,japanese_chin,dog,0.1,0.0918,japanese_chin,True,dog,True,correct
japanese_chin_148,japanese_chin,dog,0.2,0.1557,japanese_chin,True,dog,True,correct
japanese_chin_148,japanese_chin,dog,0.3,0.2335,japanese_chin,True,cat,False,correct
japanese_chin_148,japanese_chin,dog,0.4,0.2951,japanese_chin,True,cat,False,correct
japanese_chin_148,japanese_chin,dog,0.5,0.3318,japanese_chin,True,dog,True,correct
japanese_chin_148,japanese_chin,dog,0.6,0.3613,pomeranian,False,dog,True,within_superclass
japanese_chin_148,japanese_chin,dog,0.7,0.3816,pomeranian,False,dog,True,within_superclass
japanese_chin_148,japanese_chin,dog,0.8,0.383,pomeranian,False,dog,True,within_superclass
japanese_chin_148,japanese_chin,dog,0.9,0.3854,pomeranian,False,dog,True,within_superclass
japanese_chin_148,japanese_chin,dog,1.0,0.3854,pomeranian,False,dog,True,within_superclass
pug_109,pug,dog,0.0,0.0,pug,True,dog,True,correct
pug_109,pug,dog,0.1,0.0745,pug,True,dog,True,correct
pug_109,pug,dog,0.2,0.2146,pug,True,dog,True,correct
pug_109,pug,dog,0.3,0.197,pug,True,dog,True,correct
pug_109,pug,dog,0.4,0.2881,pug,True,dog,True,correct
pug_109,pug,dog,0.5,0.3353,shiba_inu,False,dog,True,within_superclass
pug_109,pug,dog,0.6,0.3603,shiba_inu,False,dog,True,within_superclass
pug_109,pug,dog,0.7,0.3997,british_shorthair,False,cat,False,cross_superclass
pug_109,pug,dog,0.8,0.4301,british_shorthair,False,cat,False,cross_superclass
pug_109,pug,dog,0.9,0.4416,boxer,False,cat,False,cross_superclass
pug_109,pug,dog,1.0,0.4429,boxer,False,dog,True,within_superclass
samoyed_103,samoyed,dog,0.0,0.0,samoyed,True,dog,True,correct
samoyed_103,samoyed,dog,0.1,0.085,samoyed,True,dog,True,correct
samoyed_103,samoyed,dog,0.2,0.1837,samoyed,True,dog,True,correct
samoyed_103,samoyed,dog,0.3,0.1406,samoyed,True,dog,True,correct
samoyed_103,samoyed,dog,0.4,0.1763,samoyed,True,dog,True,correct
samoyed_103,samoyed,dog,0.5,0.2108,samoyed,True,dog,True,correct
samoyed_103,samoyed,dog,0.6,0.2296,samoyed,True,dog,True,correct
samoyed_103,samoyed,dog,0.7,0.2455,samoyed,True,dog,True,correct
samoyed_103,samoyed,dog,0.8,0.259,samoyed,True,dog,True,correct
samoyed_103,samoyed,dog,0.9,0.2727,samoyed,True,dog,True,correct
samoyed_103,samoyed,dog,1.0,0.3115,samoyed,True,dog,True,correct
Abyssinian_191,abyssinian,cat,0.0,0.0,egyptian_mau,False,cat,True,within_superclass
Abyssinian_191,abyssinian,cat,0.1,0.1982,egyptian_mau,False,cat,True,within_superclass
Abyssinian_191,abyssinian,cat,0.2,0.2688,egyptian_mau,False,cat,True,within_superclass
Abyssinian_191,abyssinian,cat,0.3,0.295,british_shorthair,False,cat,True,within_superclass
Abyssinian_191,abyssinian,cat,0.4,0.391,british_shorthair,False,cat,True,within_superclass
Abyssinian_191,abyssinian,cat,0.5,0.4621,british_shorthair,False,cat,True,within_superclass
Abyssinian_191,abyssinian,cat,0.6,0.4922,british_shorthair,False,cat,True,within_superclass
Abyssinian_191,abyssinian,cat,0.7,0.5069,british_shorthair,False,cat,True,within_superclass
Abyssinian_191,abyssinian,cat,0.8,0.5039,british_shorthair,False,cat,True,within_superclass
Abyssinian_191,abyssinian,cat,0.9,0.5073,british_shorthair,False,cat,True,within_superclass
Abyssinian_191,abyssinian,cat,1.0,0.5155,british_shorthair,False,cat,True,within_superclass
Russian_Blue_117,russian_blue,cat,0.0,0.0,russian_blue,True,cat,True,correct
Russian_Blue_117,russian_blue,cat,0.1,0.1332,russian_blue,True,cat,True,correct
Russian_Blue_117,russian_blue,cat,0.2,0.2321,egyptian_mau,False,cat,True,within_superclass
Russian_Blue_117,russian_blue,cat,0.3,0.2497,egyptian_mau,False,cat,True,within_superclass
Russian_Blue_117,russian_blue,cat,0.4,0.3726,egyptian_mau,False,cat,True,within_superclass
Russian_Blue_117,russian_blue,cat,0.5,0.4529,great_pyrenees,False,dog,False,cross_superclass
Russian_Blue_117,russian_blue,cat,0.6,0.4571,boxer,False,dog,False,cross_superclass
Russian_Blue_117,russian_blue,cat,0.7,0.4505,pomeranian,False,dog,False,cross_superclass
Russian_Blue_117,russian_blue,cat,0.8,0.4427,staffordshire_bull_terrier,False,dog,False,cross_superclass
Russian_Blue_117,russian_blue,cat,0.9,0.4419,pomeranian,False,dog,False,cross_superclass
Russian_Blue_117,russian_blue,cat,1.0,0.4546,pug,False,dog,False,cross_superclass
boxer_190,boxer,dog,0.0,0.0,boxer,True,dog,True,correct
boxer_190,boxer,dog,0.1,0.1322,boxer,True,dog,True,correct
boxer_190,boxer,dog,0.2,0.1924,boxer,True,dog,True,correct
boxer_190,boxer,dog,0.3,0.21,boxer,True,dog,True,correct
boxer_190,boxer,dog,0.4,0.2588,leonberger,False,dog,True,within_superclass
boxer_190,boxer,dog,0.5,0.2716,leonberger,False,dog,True,within_superclass
boxer_190,boxer,dog,0.6,0.3198,staffordshire_bull_terrier,False,dog,True,within_superclass
boxer_190,boxer,dog,0.7,0.3777,staffordshire_bull_terrier,False,dog,True,within_superclass
boxer_190,boxer,dog,0.8,0.439,staffordshire_bull_terrier,False,dog,True,within_superclass
boxer_190,boxer,dog,0.9,0.4722,boxer,True,dog,True,correct
boxer_190,boxer,dog,1.0,0.4873,boxer,True,dog,True,correct
american_bulldog_102,american_bulldog,dog,0.0,0.0,staffordshire_bull_terrier,False,dog,True,within_superclass
american_bulldog_102,american_bulldog,dog,0.1,0.0945,staffordshire_bull_terrier,False,dog,True,within_superclass
american_bulldog_102,american_bulldog,dog,0.2,0.1973,staffordshire_bull_terrier,False,dog,True,within_superclass
american_bulldog_102,american_bulldog,dog,0.3,0.193,staffordshire_bull_terrier,False,dog,True,within_superclass
american_bulldog_102,american_bulldog,dog,0.4,0.2355,staffordshire_bull_terrier,False,dog,True,within_superclass
american_bulldog_102,american_bulldog,dog,0.5,0.2961,miniature_pinscher,False,dog,True,within_superclass
american_bulldog_102,american_bulldog,dog,0.6,0.3745,miniature_pinscher,False,dog,True,within_superclass
american_bulldog_102,american_bulldog,dog,0.7,0.4196,miniature_pinscher,False,dog,True,within_superclass
american_bulldog_102,american_bulldog,dog,0.8,0.4447,miniature_pinscher,False,dog,True,within_superclass
american_bulldog_102,american_bulldog,dog,0.9,0.4468,miniature_pinscher,False,dog,True,within_superclass
american_bulldog_102,american_bulldog,dog,1.0,0.4535,miniature_pinscher,False,dog,True,within_superclass
shiba_inu_186,shiba_inu,dog,0.0,0.0,shiba_inu,True,dog,True,correct
shiba_inu_186,shiba_inu,dog,0.1,0.068,shiba_inu,True,dog,True,correct
shiba_inu_186,shiba_inu,dog,0.2,0.1684,shiba_inu,True,dog,True,correct
shiba_inu_186,shiba_inu,dog,0.3,0.2389,shiba_inu,True,dog,True,correct
shiba_inu_186,shiba_inu,dog,0.4,0.2494,shiba_inu,True,dog,True,correct
shiba_inu_186,shiba_inu,dog,0.5,0.286,shiba_inu,True,dog,True,correct
shiba_inu_186,shiba_inu,dog,0.6,0.3343,shiba_inu,True,cat,False,correct
shiba_inu_186,shiba_inu,dog,0.7,0.3709,shiba_inu,True,cat,False,correct
shiba_inu_186,shiba_inu,dog,0.8,0.3961,shiba_inu,True,cat,False,correct
shiba_inu_186,shiba_inu,dog,0.9,0.4159,abyssinian,False,cat,False,cross_superclass
shiba_inu_186,shiba_inu,dog,1.0,0.4396,miniature_pinscher,False,cat,False,cross_superclass
Siamese_184,siamese,cat,0.0,0.0,siamese,True,cat,True,correct
Siamese_184,siamese,cat,0.1,0.0919,siamese,True,cat,True,correct
Siamese_184,siamese,cat,0.2,0.2527,siamese,True,cat,True,correct
Siamese_184,siamese,cat,0.3,0.3567,pug,False,dog,False,cross_superclass
Siamese_184,siamese,cat,0.4,0.4189,saint_bernard,False,dog,False,cross_superclass
Siamese_184,siamese,cat,0.5,0.4121,pug,False,dog,False,cross_superclass
Siamese_184,siamese,cat,0.6,0.4167,pug,False,dog,False,cross_superclass
Siamese_184,siamese,cat,0.7,0.4468,pug,False,dog,False,cross_superclass
Siamese_184,siamese,cat,0.8,0.4826,persian,False,dog,False,cross_superclass
Siamese_184,siamese,cat,0.9,0.501,persian,False,dog,False,cross_superclass
Siamese_184,siamese,cat,1.0,0.508,british_shorthair,False,dog,False,cross_superclass
pomeranian_168,pomeranian,dog,0.0,0.0,pomeranian,True,dog,True,correct
pomeranian_168,pomeranian,dog,0.1,0.1847,pomeranian,True,dog,True,correct
pomeranian_168,pomeranian,dog,0.2,0.2352,pomeranian,True,dog,True,correct
pomeranian_168,pomeranian,dog,0.3,0.3771,shiba_inu,False,dog,True,within_superclass
pomeranian_168,pomeranian,dog,0.4,0.4124,shiba_inu,False,cat,False,cross_superclass
pomeranian_168,pomeranian,dog,0.5,0.437,shiba_inu,False,cat,False,cross_superclass
pomeranian_168,pomeranian,dog,0.6,0.4644,great_pyrenees,False,dog,True,within_superclass
pomeranian_168,pomeranian,dog,0.7,0.4794,great_pyrenees,False,dog,True,within_superclass
pomeranian_168,pomeranian,dog,0.8,0.506,great_pyrenees,False,dog,True,within_superclass
pomeranian_168,pomeranian,dog,0.9,0.5301,great_pyrenees,False,dog,True,within_superclass
pomeranian_168,pomeranian,dog,1.0,0.5414,great_pyrenees,False,dog,True,within_superclass
pomeranian_119,pomeranian,dog,0.0,0.0,pomeranian,True,dog,True,correct
pomeranian_119,pomeranian,dog,0.1,0.1747,pomeranian,True,dog,True,correct
pomeranian_119,pomeranian,dog,0.2,0.247,pomeranian,True,dog,True,correct
pomeranian_119,pomeranian,dog,0.3,0.3486,pomeranian,True,dog,True,correct
pomeranian_119,pomeranian,dog,0.4,0.4087,pomeranian,True,dog,True,correct
pomeranian_119,pomeranian,dog,0.5,0.4773,persian,False,dog,True,within_superclass
pomeranian_119,pomeranian,dog,0.6,0.4854,persian,False,dog,True,within_superclass
pomeranian_119,pomeranian,dog,0.7,0.4907,persian,False,dog,True,within_superclass
pomeranian_119,pomeranian,dog,0.8,0.4952,persian,False,dog,True,within_superclass
pomeranian_119,pomeranian,dog,0.9,0.4994,persian,False,dog,True,within_superclass
pomeranian_119,pomeranian,dog,1.0,0.5132,persian,False,dog,True,within_superclass
scottish_terrier_133,scottish_terrier,dog,0.0,0.0,havanese,False,dog,True,within_superclass
scottish_terrier_133,scottish_terrier,dog,0.1,0.1102,havanese,False,dog,True,within_superclass
scottish_terrier_133,scottish_terrier,dog,0.2,0.2458,havanese,False,dog,True,within_superclass
scottish_terrier_133,scottish_terrier,dog,0.3,0.2601,scottish_terrier,True,dog,True,correct
scottish_terrier_133,scottish_terrier,dog,0.4,0.3332,japanese_chin,False,dog,True,within_superclass
scottish_terrier_133,scottish_terrier,dog,0.5,0.401,birman,False,cat,False,cross_superclass
scottish_terrier_133,scottish_terrier,dog,0.6,0.4217,birman,False,cat,False,cross_superclass
scottish_terrier_133,scottish_terrier,dog,0.7,0.4251,birman,False,cat,False,cross_superclass
scottish_terrier_133,scottish_terrier,dog,0.8,0.4307,british_shorthair,False,cat,False,cross_superclass
scottish_terrier_133,scottish_terrier,dog,0.9,0.4408,british_shorthair,False,cat,False,cross_superclass
scottish_terrier_133,scottish_terrier,dog,1.0,0.4628,british_shorthair,False,cat,False,cross_superclass
Abyssinian_105,abyssinian,cat,0.0,0.0,abyssinian,True,cat,True,correct
Abyssinian_105,abyssinian,cat,0.1,0.133,abyssinian,True,cat,True,correct
Abyssinian_105,abyssinian,cat,0.2,0.3328,persian,False,cat,True,within_superclass
Abyssinian_105,abyssinian,cat,0.3,0.337,abyssinian,True,cat,True,correct
Abyssinian_105,abyssinian,cat,0.4,0.4306,pomeranian,False,dog,False,cross_superclass
Abyssinian_105,abyssinian,cat,0.5,0.4822,pomeranian,False,dog,False,cross_superclass
Abyssinian_105,abyssinian,cat,0.6,0.5111,pomeranian,False,dog,False,cross_superclass
Abyssinian_105,abyssinian,cat,0.7,0.5189,pomeranian,False,dog,False,cross_superclass
Abyssinian_105,abyssinian,cat,0.8,0.5281,pomeranian,False,dog,False,cross_superclass
Abyssinian_105,abyssinian,cat,0.9,0.5338,pomeranian,False,dog,False,cross_superclass
Abyssinian_105,abyssinian,cat,1.0,0.5339,birman,False,dog,False,cross_superclass
scottish_terrier_169,scottish_terrier,dog,0.0,0.0,scottish_terrier,True,dog,True,correct
scottish_terrier_169,scottish_terrier,dog,0.1,0.0856,scottish_terrier,True,dog,True,correct
scottish_terrier_169,scottish_terrier,dog,0.2,0.2475,german_shorthaired,False,dog,True,within_superclass
scottish_terrier_169,scottish_terrier,dog,0.3,0.2445,german_shorthaired,False,dog,True,within_superclass
scottish_terrier_169,scottish_terrier,dog,0.4,0.259,german_shorthaired,False,dog,True,within_superclass
scottish_terrier_169,scottish_terrier,dog,0.5,0.2793,scottish_terrier,True,dog,True,correct
scottish_terrier_169,scottish_terrier,dog,0.6,0.3294,staffordshire_bull_terrier,False,dog,True,within_superclass
scottish_terrier_169,scottish_terrier,dog,0.7,0.3707,staffordshire_bull_terrier,False,dog,True,within_superclass
scottish_terrier_169,scottish_terrier,dog,0.8,0.3855,scottish_terrier,True,dog,True,correct
scottish_terrier_169,scottish_terrier,dog,0.9,0.4022,staffordshire_bull_terrier,False,dog,True,within_superclass
scottish_terrier_169,scottish_terrier,dog,1.0,0.4161,staffordshire_bull_terrier,False,dog,True,within_superclass
boxer_162,boxer,dog,0.0,0.0,boxer,True,dog,True,correct
boxer_162,boxer,dog,0.1,0.1501,staffordshire_bull_terrier,False,dog,True,within_superclass
boxer_162,boxer,dog,0.2,0.2738,staffordshire_bull_terrier,False,dog,True,within_superclass
boxer_162,boxer,dog,0.3,0.3094,wheaten_terrier,False,dog,True,within_superclass
boxer_162,boxer,dog,0.4,0.4068,wheaten_terrier,False,dog,True,within_superclass
boxer_162,boxer,dog,0.5,0.4348,wheaten_terrier,False,dog,True,within_superclass
boxer_162,boxer,dog,0.6,0.4468,yorkshire_terrier,False,dog,True,within_superclass
boxer_162,boxer,dog,0.7,0.4618,yorkshire_terrier,False,dog,True,within_superclass
boxer_162,boxer,dog,0.8,0.4797,yorkshire_terrier,False,dog,True,within_superclass
boxer_162,boxer,dog,0.9,0.491,yorkshire_terrier,False,dog,True,within_superclass
boxer_162,boxer,dog,1.0,0.4963,yorkshire_terrier,False,dog,True,within_superclass
american_bulldog_113,american_bulldog,dog,0.0,0.0,american_bulldog,True,dog,True,correct
american_bulldog_113,american_bulldog,dog,0.1,0.1299,american_bulldog,True,dog,True,correct
american_bulldog_113,american_bulldog,dog,0.2,0.2298,american_bulldog,True,dog,True,correct
american_bulldog_113,american_bulldog,dog,0.3,0.2691,staffordshire_bull_terrier,False,dog,True,within_superclass
american_bulldog_113,american_bulldog,dog,0.4,0.4119,shiba_inu,False,dog,True,within_superclass
american_bulldog_113,american_bulldog,dog,0.5,0.4688,shiba_inu,False,dog,True,within_superclass
american_bulldog_113,american_bulldog,dog,0.6,0.479,shiba_inu,False,dog,True,within_superclass
american_bulldog_113,american_bulldog,dog,0.7,0.49,shiba_inu,False,dog,True,within_superclass
american_bulldog_113,american_bulldog,dog,0.8,0.5028,persian,False,dog,True,within_superclass
american_bulldog_113,american_bulldog,dog,0.9,0.5154,persian,False,dog,True,within_superclass
american_bulldog_113,american_bulldog,dog,1.0,0.5271,persian,False,dog,True,within_superclass
samoyed_120,samoyed,dog,0.0,0.0,samoyed,True,dog,True,correct
samoyed_120,samoyed,dog,0.1,0.0879,samoyed,True,dog,True,correct
samoyed_120,samoyed,dog,0.2,0.1671,samoyed,True,dog,True,correct
samoyed_120,samoyed,dog,0.3,0.2116,samoyed,True,dog,True,correct
samoyed_120,samoyed,dog,0.4,0.2882,samoyed,True,dog,True,correct
samoyed_120,samoyed,dog,0.5,0.3721,samoyed,True,dog,True,correct
samoyed_120,samoyed,dog,0.6,0.4074,british_shorthair,False,cat,False,cross_superclass
samoyed_120,samoyed,dog,0.7,0.4269,british_shorthair,False,cat,False,cross_superclass
samoyed_120,samoyed,dog,0.8,0.4545,british_shorthair,False,cat,False,cross_superclass
samoyed_120,samoyed,dog,0.9,0.4778,british_shorthair,False,cat,False,cross_superclass
samoyed_120,samoyed,dog,1.0,0.4885,british_shorthair,False,dog,True,within_superclass
Maine_Coon_105,maine_coon,cat,0.0,0.0,maine_coon,True,cat,True,correct
Maine_Coon_105,maine_coon,cat,0.1,0.0599,maine_coon,True,cat,True,correct
Maine_Coon_105,maine_coon,cat,0.2,0.1437,maine_coon,True,cat,True,correct
Maine_Coon_105,maine_coon,cat,0.3,0.1827,maine_coon,True,cat,True,correct
Maine_Coon_105,maine_coon,cat,0.4,0.2203,maine_coon,True,cat,True,correct
Maine_Coon_105,maine_coon,cat,0.5,0.248,maine_coon,True,cat,True,correct
Maine_Coon_105,maine_coon,cat,0.6,0.2961,maine_coon,True,cat,True,correct
Maine_Coon_105,maine_coon,cat,0.7,0.3525,maine_coon,True,cat,True,correct
Maine_Coon_105,maine_coon,cat,0.8,0.4225,british_shorthair,False,cat,True,within_superclass
Maine_Coon_105,maine_coon,cat,0.9,0.4487,boxer,False,cat,True,within_superclass
Maine_Coon_105,maine_coon,cat,1.0,0.4556,boxer,False,dog,False,cross_superclass
Abyssinian_134,abyssinian,cat,0.0,0.0,abyssinian,True,cat,True,correct
Abyssinian_134,abyssinian,cat,0.1,0.0496,abyssinian,True,cat,True,correct
Abyssinian_134,abyssinian,cat,0.2,0.1673,abyssinian,True,cat,True,correct
Abyssinian_134,abyssinian,cat,0.3,0.1672,abyssinian,True,cat,True,correct
Abyssinian_134,abyssinian,cat,0.4,0.1843,abyssinian,True,cat,True,correct
Abyssinian_134,abyssinian,cat,0.5,0.2177,abyssinian,True,cat,True,correct
Abyssinian_134,abyssinian,cat,0.6,0.2422,abyssinian,True,cat,True,correct
Abyssinian_134,abyssinian,cat,0.7,0.2678,abyssinian,True,cat,True,correct
Abyssinian_134,abyssinian,cat,0.8,0.2862,abyssinian,True,cat,True,correct
Abyssinian_134,abyssinian,cat,0.9,0.3265,abyssinian,True,cat,True,correct
Abyssinian_134,abyssinian,cat,1.0,0.3872,miniature_pinscher,False,cat,True,within_superclass
japanese_chin_162,japanese_chin,dog,0.0,0.0,japanese_chin,True,dog,True,correct
japanese_chin_162,japanese_chin,dog,0.1,0.1169,chihuahua,False,dog,True,within_superclass
japanese_chin_162,japanese_chin,dog,0.2,0.2125,chihuahua,False,dog,True,within_superclass
japanese_chin_162,japanese_chin,dog,0.3,0.2256,japanese_chin,True,dog,True,correct
japanese_chin_162,japanese_chin,dog,0.4,0.2762,japanese_chin,True,dog,True,correct
japanese_chin_162,japanese_chin,dog,0.5,0.3192,japanese_chin,True,dog,True,correct
japanese_chin_162,japanese_chin,dog,0.6,0.3688,japanese_chin,True,cat,False,correct
japanese_chin_162,japanese_chin,dog,0.7,0.4012,british_shorthair,False,cat,False,cross_superclass
japanese_chin_162,japanese_chin,dog,0.8,0.4369,japanese_chin,True,cat,False,correct
japanese_chin_162,japanese_chin,dog,0.9,0.4438,boxer,False,dog,True,within_superclass
japanese_chin_162,japanese_chin,dog,1.0,0.443,boxer,False,dog,True,within_superclass
Russian_Blue_183,russian_blue,cat,0.0,0.0,russian_blue,True,cat,True,correct
Russian_Blue_183,russian_blue,cat,0.1,0.0685,british_shorthair,False,cat,True,within_superclass
Russian_Blue_183,russian_blue,cat,0.2,0.1874,british_shorthair,False,cat,True,within_superclass
Russian_Blue_183,russian_blue,cat,0.3,0.1558,british_shorthair,False,cat,True,within_superclass
Russian_Blue_183,russian_blue,cat,0.4,0.1747,british_shorthair,False,cat,True,within_superclass
Russian_Blue_183,russian_blue,cat,0.5,0.2008,british_shorthair,False,cat,True,within_superclass
Russian_Blue_183,russian_blue,cat,0.6,0.2395,british_shorthair,False,cat,True,within_superclass
Russian_Blue_183,russian_blue,cat,0.7,0.2805,british_shorthair,False,cat,True,within_superclass
Russian_Blue_183,russian_blue,cat,0.8,0.336,british_shorthair,False,cat,True,within_superclass
Russian_Blue_183,russian_blue,cat,0.9,0.3959,british_shorthair,False,cat,True,within_superclass
Russian_Blue_183,russian_blue,cat,1.0,0.4174,british_shorthair,False,cat,True,within_superclass
Persian_114,persian,cat,0.0,0.0,persian,True,cat,True,correct
Persian_114,persian,cat,0.1,0.0741,persian,True,cat,True,correct
Persian_114,persian,cat,0.2,0.2088,maine_coon,False,cat,True,within_superclass
Persian_114,persian,cat,0.3,0.2076,maine_coon,False,cat,True,within_superclass
Persian_114,persian,cat,0.4,0.2316,maine_coon,False,cat,True,within_superclass
Persian_114,persian,cat,0.5,0.2618,japanese_chin,False,cat,True,within_superclass
Persian_114,persian,cat,0.6,0.2791,british_shorthair,False,cat,True,within_superclass
Persian_114,persian,cat,0.7,0.3028,british_shorthair,False,cat,True,within_superclass
Persian_114,persian,cat,0.8,0.3275,british_shorthair,False,cat,True,within_superclass
Persian_114,persian,cat,0.9,0.351,british_shorthair,False,cat,True,within_superclass
Persian_114,persian,cat,1.0,0.3721,british_shorthair,False,cat,True,within_superclass
miniature_pinscher_105,miniature_pinscher,dog,0.0,0.0,miniature_pinscher,True,dog,True,correct
miniature_pinscher_105,miniature_pinscher,dog,0.1,0.1865,miniature_pinscher,True,dog,True,correct
miniature_pinscher_105,miniature_pinscher,dog,0.2,0.2609,miniature_pinscher,True,dog,True,correct
miniature_pinscher_105,miniature_pinscher,dog,0.3,0.3032,miniature_pinscher,True,dog,True,correct
miniature_pinscher_105,miniature_pinscher,dog,0.4,0.3506,miniature_pinscher,True,dog,True,correct
miniature_pinscher_105,miniature_pinscher,dog,0.5,0.3824,miniature_pinscher,True,dog,True,correct
miniature_pinscher_105,miniature_pinscher,dog,0.6,0.4373,miniature_pinscher,True,dog,True,correct
miniature_pinscher_105,miniature_pinscher,dog,0.7,0.4845,boxer,False,dog,True,within_superclass
miniature_pinscher_105,miniature_pinscher,dog,0.8,0.4964,boxer,False,dog,True,within_superclass
miniature_pinscher_105,miniature_pinscher,dog,0.9,0.509,miniature_pinscher,True,dog,True,correct
miniature_pinscher_105,miniature_pinscher,dog,1.0,0.5084,miniature_pinscher,True,dog,True,correct
havanese_132,havanese,dog,0.0,0.0,havanese,True,dog,True,correct
havanese_132,havanese,dog,0.1,0.0652,havanese,True,dog,True,correct
havanese_132,havanese,dog,0.2,0.2129,havanese,True,dog,True,correct
havanese_132,havanese,dog,0.3,0.1718,havanese,True,dog,True,correct
havanese_132,havanese,dog,0.4,0.214,havanese,True,dog,True,correct
havanese_132,havanese,dog,0.5,0.2629,havanese,True,dog,True,correct
havanese_132,havanese,dog,0.6,0.281,havanese,True,dog,True,correct
havanese_132,havanese,dog,0.7,0.2826,havanese,True,dog,True,correct
havanese_132,havanese,dog,0.8,0.3194,english_setter,False,dog,True,within_superclass
havanese_132,havanese,dog,0.9,0.3608,english_setter,False,dog,True,within_superclass
havanese_132,havanese,dog,1.0,0.4132,english_setter,False,dog,True,within_superclass
chihuahua_189,chihuahua,dog,0.0,0.0,chihuahua,True,dog,True,correct
chihuahua_189,chihuahua,dog,0.1,0.1512,chihuahua,True,dog,True,correct
chihuahua_189,chihuahua,dog,0.2,0.1646,miniature_pinscher,False,dog,True,within_superclass
chihuahua_189,chihuahua,dog,0.3,0.2291,chihuahua,True,dog,True,correct
chihuahua_189,chihuahua,dog,0.4,0.3597,japanese_chin,False,dog,True,within_superclass
chihuahua_189,chihuahua,dog,0.5,0.3918,pug,False,dog,True,within_superclass
chihuahua_189,chihuahua,dog,0.6,0.4088,boxer,False,dog,True,within_superclass
chihuahua_189,chihuahua,dog,0.7,0.4184,boxer,False,dog,True,within_superclass
chihuahua_189,chihuahua,dog,0.8,0.4293,boxer,False,dog,True,within_superclass
chihuahua_189,chihuahua,dog,0.9,0.433,boxer,False,dog,True,within_superclass
chihuahua_189,chihuahua,dog,1.0,0.4425,boxer,False,dog,True,within_superclass
yorkshire_terrier_103,yorkshire_terrier,dog,0.0,0.0,yorkshire_terrier,True,dog,True,correct
yorkshire_terrier_103,yorkshire_terrier,dog,0.1,0.1374,havanese,False,dog,True,within_superclass
yorkshire_terrier_103,yorkshire_terrier,dog,0.2,0.2584,havanese,False,dog,True,within_superclass
yorkshire_terrier_103,yorkshire_terrier,dog,0.3,0.1966,havanese,False,dog,True,within_superclass
yorkshire_terrier_103,yorkshire_terrier,dog,0.4,0.2418,havanese,False,dog,True,within_superclass
yorkshire_terrier_103,yorkshire_terrier,dog,0.5,0.3197,wheaten_terrier,False,dog,True,within_superclass
yorkshire_terrier_103,yorkshire_terrier,dog,0.6,0.4158,yorkshire_terrier,True,dog,True,correct
yorkshire_terrier_103,yorkshire_terrier,dog,0.7,0.447,yorkshire_terrier,True,dog,True,correct
yorkshire_terrier_103,yorkshire_terrier,dog,0.8,0.4598,yorkshire_terrier,True,dog,True,correct
yorkshire_terrier_103,yorkshire_terrier,dog,0.9,0.469,yorkshire_terrier,True,dog,True,correct
yorkshire_terrier_103,yorkshire_terrier,dog,1.0,0.4734,yorkshire_terrier,True,dog,True,correct
newfoundland_174,newfoundland,dog,0.0,0.0,english_cocker_spaniel,False,dog,True,within_superclass
newfoundland_174,newfoundland,dog,0.1,0.063,newfoundland,True,dog,True,correct
newfoundland_174,newfoundland,dog,0.2,0.18,newfoundland,True,dog,True,correct
newfoundland_174,newfoundland,dog,0.3,0.1533,german_shorthaired,False,dog,True,within_superclass
newfoundland_174,newfoundland,dog,0.4,0.252,english_cocker_spaniel,False,dog,True,within_superclass
newfoundland_174,newfoundland,dog,0.5,0.4159,english_cocker_spaniel,False,dog,True,within_superclass
newfoundland_174,newfoundland,dog,0.6,0.4306,newfoundland,True,dog,True,correct
newfoundland_174,newfoundland,dog,0.7,0.4354,newfoundland,True,dog,True,correct
newfoundland_174,newfoundland,dog,0.8,0.4439,newfoundland,True,dog,True,correct
newfoundland_174,newfoundland,dog,0.9,0.4473,havanese,False,dog,True,within_superclass
newfoundland_174,newfoundland,dog,1.0,0.4508,havanese,False,dog,True,within_superclass
japanese_chin_183,japanese_chin,dog,0.0,0.0,japanese_chin,True,dog,True,correct
japanese_chin_183,japanese_chin,dog,0.1,0.0656,japanese_chin,True,dog,True,correct
japanese_chin_183,japanese_chin,dog,0.2,0.1821,japanese_chin,True,dog,True,correct
japanese_chin_183,japanese_chin,dog,0.3,0.2359,japanese_chin,True,dog,True,correct
japanese_chin_183,japanese_chin,dog,0.4,0.2209,japanese_chin,True,dog,True,correct
japanese_chin_183,japanese_chin,dog,0.5,0.2222,japanese_chin,True,dog,True,correct
japanese_chin_183,japanese_chin,dog,0.6,0.2303,japanese_chin,True,dog,True,correct
japanese_chin_183,japanese_chin,dog,0.7,0.2556,japanese_chin,True,dog,True,correct
japanese_chin_183,japanese_chin,dog,0.8,0.2835,japanese_chin,True,dog,True,correct
japanese_chin_183,japanese_chin,dog,0.9,0.3039,japanese_chin,True,dog,True,correct
japanese_chin_183,japanese_chin,dog,1.0,0.3265,japanese_chin,True,dog,True,correct
staffordshire_bull_terrier_199,staffordshire_bull_terrier,dog,0.0,0.0,staffordshire_bull_terrier,True,dog,True,correct
staffordshire_bull_terrier_199,staffordshire_bull_terrier,dog,0.1,0.1052,staffordshire_bull_terrier,True,dog,True,correct
staffordshire_bull_terrier_199,staffordshire_bull_terrier,dog,0.2,0.195,staffordshire_bull_terrier,True,dog,True,correct
staffordshire_bull_terrier_199,staffordshire_bull_terrier,dog,0.3,0.2409,staffordshire_bull_terrier,True,dog,True,correct
staffordshire_bull_terrier_199,staffordshire_bull_terrier,dog,0.4,0.3139,scottish_terrier,False,dog,True,within_superclass
staffordshire_bull_terrier_199,staffordshire_bull_terrier,dog,0.5,0.3923,scottish_terrier,False,dog,True,within_superclass
staffordshire_bull_terrier_199,staffordshire_bull_terrier,dog,0.6,0.4157,scottish_terrier,False,dog,True,within_superclass
staffordshire_bull_terrier_199,staffordshire_bull_terrier,dog,0.7,0.429,newfoundland,False,dog,True,within_superclass
staffordshire_bull_terrier_199,staffordshire_bull_terrier,dog,0.8,0.4379,newfoundland,False,dog,True,within_superclass
staffordshire_bull_terrier_199,staffordshire_bull_terrier,dog,0.9,0.4487,newfoundland,False,dog,True,within_superclass
staffordshire_bull_terrier_199,staffordshire_bull_terrier,dog,1.0,0.4558,newfoundland,False,dog,True,within_superclass
pug_171,pug,dog,0.0,0.0,pug,True,dog,True,correct
pug_171,pug,dog,0.1,0.1954,pug,True,dog,True,correct
pug_171,pug,dog,0.2,0.2599,pug,True,dog,True,correct
pug_171,pug,dog,0.3,0.3326,pug,True,dog,True,correct
pug_171,pug,dog,0.4,0.3168,pug,True,dog,True,correct
pug_171,pug,dog,0.5,0.3113,pug,True,dog,True,correct
pug_171,pug,dog,0.6,0.329,pug,True,dog,True,correct
pug_171,pug,dog,0.7,0.3519,pug,True,dog,True,correct
pug_171,pug,dog,0.8,0.3611,pug,True,dog,True,correct
pug_171,pug,dog,0.9,0.3764,pug,True,dog,True,correct
pug_171,pug,dog,1.0,0.3863,pug,True,dog,True,correct
miniature_pinscher_168,miniature_pinscher,dog,0.0,0.0,miniature_pinscher,True,dog,True,correct
miniature_pinscher_168,miniature_pinscher,dog,0.1,0.2462,miniature_pinscher,True,dog,True,correct
miniature_pinscher_168,miniature_pinscher,dog,0.2,0.329,miniature_pinscher,True,dog,True,correct
miniature_pinscher_168,miniature_pinscher,dog,0.3,0.4162,boxer,False,dog,True,within_superclass
miniature_pinscher_168,miniature_pinscher,dog,0.4,0.4595,bombay,False,dog,True,within_superclass
miniature_pinscher_168,miniature_pinscher,dog,0.5,0.4921,bombay,False,dog,True,within_superclass
miniature_pinscher_168,miniature_pinscher,dog,0.6,0.4934,bombay,False,dog,True,within_superclass
miniature_pinscher_168,miniature_pinscher,dog,0.7,0.5018,bombay,False,dog,True,within_superclass
miniature_pinscher_168,miniature_pinscher,dog,0.8,0.5013,bombay,False,dog,True,within_superclass
miniature_pinscher_168,miniature_pinscher,dog,0.9,0.5108,boxer,False,dog,True,within_superclass
miniature_pinscher_168,miniature_pinscher,dog,1.0,0.5121,boxer,False,dog,True,within_superclass
Bombay_185,bombay,cat,0.0,0.0,siamese,False,cat,True,within_superclass
Bombay_185,bombay,cat,0.1,0.1556,british_shorthair,False,cat,True,within_superclass
Bombay_185,bombay,cat,0.2,0.2117,british_shorthair,False,cat,True,within_superclass
Bombay_185,bombay,cat,0.3,0.2976,scottish_terrier,False,cat,True,within_superclass
Bombay_185,bombay,cat,0.4,0.3467,scottish_terrier,False,cat,True,within_superclass
Bombay_185,bombay,cat,0.5,0.3892,scottish_terrier,False,cat,True,within_superclass
Bombay_185,bombay,cat,0.6,0.4304,miniature_pinscher,False,cat,True,within_superclass
Bombay_185,bombay,cat,0.7,0.4419,boxer,False,dog,False,cross_superclass
Bombay_185,bombay,cat,0.8,0.4434,boxer,False,dog,False,cross_superclass
Bombay_185,bombay,cat,0.9,0.4419,boxer,False,dog,False,cross_superclass
Bombay_185,bombay,cat,1.0,0.443,boxer,False,dog,False,cross_superclass
pug_187,pug,dog,0.0,0.0,pug,True,dog,True,correct
pug_187,pug,dog,0.1,0.1862,pug,True,dog,True,correct
pug_187,pug,dog,0.2,0.1579,pug,True,dog,True,correct
pug_187,pug,dog,0.3,0.2427,staffordshire_bull_terrier,False,dog,True,within_superclass
pug_187,pug,dog,0.4,0.3251,siamese,False,cat,False,cross_superclass
pug_187,pug,dog,0.5,0.3793,birman,False,cat,False,cross_superclass
pug_187,pug,dog,0.6,0.4103,chihuahua,False,cat,False,cross_superclass
pug_187,pug,dog,0.7,0.4288,pug,True,cat,False,correct
pug_187,pug,dog,0.8,0.4387,pug,True,cat,False,correct
pug_187,pug,dog,0.9,0.4471,pug,True,cat,False,correct
pug_187,pug,dog,1.0,0.4539,pug,True,cat,False,correct
pug_150,pug,dog,0.0,0.0,pug,True,dog,True,correct
pug_150,pug,dog,0.1,0.2153,pug,True,dog,True,correct
pug_150,pug,dog,0.2,0.1966,pug,True,dog,True,correct
pug_150,pug,dog,0.3,0.2357,pug,True,dog,True,correct
pug_150,pug,dog,0.4,0.348,japanese_chin,False,dog,True,within_superclass
pug_150,pug,dog,0.5,0.3805,japanese_chin,False,dog,True,within_superclass
pug_150,pug,dog,0.6,0.394,british_shorthair,False,dog,True,within_superclass
pug_150,pug,dog,0.7,0.4135,havanese,False,dog,True,within_superclass
pug_150,pug,dog,0.8,0.4259,egyptian_mau,False,dog,True,within_superclass
pug_150,pug,dog,0.9,0.433,egyptian_mau,False,dog,True,within_superclass
pug_150,pug,dog,1.0,0.4361,egyptian_mau,False,dog,True,within_superclass
pug_139,pug,dog,0.0,0.0,pug,True,dog,True,correct
pug_139,pug,dog,0.1,0.2055,pug,True,dog,True,correct
pug_139,pug,dog,0.2,0.1552,pug,True,dog,True,correct
pug_139,pug,dog,0.3,0.1948,pug,True,dog,True,correct
pug_139,pug,dog,0.4,0.2237,pug,True,dog,True,correct
pug_139,pug,dog,0.5,0.2735,pug,True,dog,True,correct
pug_139,pug,dog,0.6,0.3555,pug,True,dog,True,correct
pug_139,pug,dog,0.7,0.4186,japanese_chin,False,dog,True,within_superclass
pug_139,pug,dog,0.8,0.4451,japanese_chin,False,dog,True,within_superclass
pug_139,pug,dog,0.9,0.4564,japanese_chin,False,dog,True,within_superclass
pug_139,pug,dog,1.0,0.4544,japanese_chin,False,dog,True,within_superclass
staffordshire_bull_terrier_122,staffordshire_bull_terrier,dog,0.0,0.0,staffordshire_bull_terrier,True,dog,True,correct
staffordshire_bull_terrier_122,staffordshire_bull_terrier,dog,0.1,0.097,staffordshire_bull_terrier,True,dog,True,correct
staffordshire_bull_terrier_122,staffordshire_bull_terrier,dog,0.2,0.2242,staffordshire_bull_terrier,True,dog,True,correct
staffordshire_bull_terrier_122,staffordshire_bull_terrier,dog,0.3,0.2527,staffordshire_bull_terrier,True,dog,True,correct
staffordshire_bull_terrier_122,staffordshire_bull_terrier,dog,0.4,0.3361,staffordshire_bull_terrier,True,dog,True,correct
staffordshire_bull_terrier_122,staffordshire_bull_terrier,dog,0.5,0.3952,staffordshire_bull_terrier,True,dog,True,correct
staffordshire_bull_terrier_122,staffordshire_bull_terrier,dog,0.6,0.4305,staffordshire_bull_terrier,True,dog,True,correct
staffordshire_bull_terrier_122,staffordshire_bull_terrier,dog,0.7,0.4361,german_shorthaired,False,dog,True,within_superclass
staffordshire_bull_terrier_122,staffordshire_bull_terrier,dog,0.8,0.4424,german_shorthaired,False,dog,True,within_superclass
staffordshire_bull_terrier_122,staffordshire_bull_terrier,dog,0.9,0.4513,german_shorthaired,False,dog,True,within_superclass
staffordshire_bull_terrier_122,staffordshire_bull_terrier,dog,1.0,0.461,german_shorthaired,False,dog,True,within_superclass
scottish_terrier_104,scottish_terrier,dog,0.0,0.0,scottish_terrier,True,dog,True,correct
scottish_terrier_104,scottish_terrier,dog,0.1,0.0583,scottish_terrier,True,dog,True,correct
scottish_terrier_104,scottish_terrier,dog,0.2,0.1559,scottish_terrier,True,dog,True,correct
scottish_terrier_104,scottish_terrier,dog,0.3,0.2349,scottish_terrier,True,dog,True,correct
scottish_terrier_104,scottish_terrier,dog,0.4,0.3615,scottish_terrier,True,dog,True,correct
scottish_terrier_104,scottish_terrier,dog,0.5,0.4048,scottish_terrier,True,dog,True,correct
scottish_terrier_104,scottish_terrier,dog,0.6,0.4157,scottish_terrier,True,dog,True,correct
scottish_terrier_104,scottish_terrier,dog,0.7,0.428,scottish_terrier,True,dog,True,correct
scottish_terrier_104,scottish_terrier,dog,0.8,0.4633,shiba_inu,False,dog,True,within_superclass
scottish_terrier_104,scottish_terrier,dog,0.9,0.4801,boxer,False,dog,True,within_superclass
scottish_terrier_104,scottish_terrier,dog,1.0,0.4934,boxer,False,dog,True,within_superclass
shiba_inu_165,shiba_inu,dog,0.0,0.0,shiba_inu,True,dog,True,correct
shiba_inu_165,shiba_inu,dog,0.1,0.0822,shiba_inu,True,dog,True,correct
shiba_inu_165,shiba_inu,dog,0.2,0.128,shiba_inu,True,dog,True,correct
shiba_inu_165,shiba_inu,dog,0.3,0.1403,shiba_inu,True,dog,True,correct
shiba_inu_165,shiba_inu,dog,0.4,0.1832,shiba_inu,True,dog,True,correct
shiba_inu_165,shiba_inu,dog,0.5,0.2337,shiba_inu,True,dog,True,correct
shiba_inu_165,shiba_inu,dog,0.6,0.2904,shiba_inu,True,dog,True,correct
shiba_inu_165,shiba_inu,dog,0.7,0.3412,shiba_inu,True,dog,True,correct
shiba_inu_165,shiba_inu,dog,0.8,0.3692,shiba_inu,True,dog,True,correct
shiba_inu_165,shiba_inu,dog,0.9,0.3902,shiba_inu,True,dog,True,correct
shiba_inu_165,shiba_inu,dog,1.0,0.3987,yorkshire_terrier,False,dog,True,within_superclass
Persian_131,persian,cat,0.0,0.0,persian,True,cat,True,correct
Persian_131,persian,cat,0.1,0.116,birman,False,cat,True,within_superclass
Persian_131,persian,cat,0.2,0.2037,persian,True,cat,True,correct
Persian_131,persian,cat,0.3,0.2175,birman,False,cat,True,within_superclass
Persian_131,persian,cat,0.4,0.2602,birman,False,cat,True,within_superclass
Persian_131,persian,cat,0.5,0.3198,great_pyrenees,False,cat,True,within_superclass
Persian_131,persian,cat,0.6,0.3649,great_pyrenees,False,dog,False,cross_superclass
Persian_131,persian,cat,0.7,0.4071,great_pyrenees,False,dog,False,cross_superclass
Persian_131,persian,cat,0.8,0.4297,british_shorthair,False,dog,False,cross_superclass
Persian_131,persian,cat,0.9,0.4343,british_shorthair,False,dog,False,cross_superclass
Persian_131,persian,cat,1.0,0.4465,great_pyrenees,False,dog,False,cross_superclass
basset_hound_169,basset_hound,dog,0.0,0.0,basset_hound,True,dog,True,correct
basset_hound_169,basset_hound,dog,0.1,0.1017,basset_hound,True,dog,True,correct
basset_hound_169,basset_hound,dog,0.2,0.1915,basset_hound,True,dog,True,correct
basset_hound_169,basset_hound,dog,0.3,0.195,basset_hound,True,dog,True,correct
basset_hound_169,basset_hound,dog,0.4,0.2389,basset_hound,True,dog,True,correct
basset_hound_169,basset_hound,dog,0.5,0.3321,english_cocker_spaniel,False,dog,True,within_superclass
basset_hound_169,basset_hound,dog,0.6,0.4242,havanese,False,dog,True,within_superclass
basset_hound_169,basset_hound,dog,0.7,0.4554,havanese,False,dog,True,within_superclass
basset_hound_169,basset_hound,dog,0.8,0.4742,havanese,False,dog,True,within_superclass
basset_hound_169,basset_hound,dog,0.9,0.485,havanese,False,dog,True,within_superclass
basset_hound_169,basset_hound,dog,1.0,0.4889,havanese,False,dog,True,within_superclass
scottish_terrier_153,scottish_terrier,dog,0.0,0.0,scottish_terrier,True,dog,True,correct
scottish_terrier_153,scottish_terrier,dog,0.1,0.096,scottish_terrier,True,dog,True,correct
scottish_terrier_153,scottish_terrier,dog,0.2,0.2143,scottish_terrier,True,dog,True,correct
scottish_terrier_153,scottish_terrier,dog,0.3,0.206,scottish_terrier,True,dog,True,correct
scottish_terrier_153,scottish_terrier,dog,0.4,0.2843,scottish_terrier,True,dog,True,correct
scottish_terrier_153,scottish_terrier,dog,0.5,0.3587,scottish_terrier,True,dog,True,correct
scottish_terrier_153,scottish_terrier,dog,0.6,0.4267,scottish_terrier,True,dog,True,correct
scottish_terrier_153,scottish_terrier,dog,0.7,0.4611,scottish_terrier,True,dog,True,correct
scottish_terrier_153,scottish_terrier,dog,0.8,0.4702,pomeranian,False,dog,True,within_superclass
scottish_terrier_153,scottish_terrier,dog,0.9,0.4746,persian,False,dog,True,within_superclass
scottish_terrier_153,scottish_terrier,dog,1.0,0.475,persian,False,dog,True,within_superclass
Siamese_138,siamese,cat,0.0,0.0,siamese,True,cat,True,correct
Siamese_138,siamese,cat,0.1,0.1302,siamese,True,cat,True,correct
Siamese_138,siamese,cat,0.2,0.2343,birman,False,cat,True,within_superclass
Siamese_138,siamese,cat,0.3,0.295,chihuahua,False,cat,True,within_superclass
Siamese_138,siamese,cat,0.4,0.3555,chihuahua,False,cat,True,within_superclass
Siamese_138,siamese,cat,0.5,0.4062,pomeranian,False,dog,False,cross_superclass
Siamese_138,siamese,cat,0.6,0.4361,shiba_inu,False,dog,False,cross_superclass
Siamese_138,siamese,cat,0.7,0.4601,shiba_inu,False,dog,False,cross_superclass
Siamese_138,siamese,cat,0.8,0.4727,shiba_inu,False,dog,False,cross_superclass
Siamese_138,siamese,cat,0.9,0.4853,shiba_inu,False,dog,False,cross_superclass
Siamese_138,siamese,cat,1.0,0.495,shiba_inu,False,dog,False,cross_superclass
yorkshire_terrier_145,yorkshire_terrier,dog,0.0,0.0,yorkshire_terrier,True,dog,True,correct
yorkshire_terrier_145,yorkshire_terrier,dog,0.1,0.1838,miniature_pinscher,False,dog,True,within_superclass
yorkshire_terrier_145,yorkshire_terrier,dog,0.2,0.2804,miniature_pinscher,False,cat,False,cross_superclass
yorkshire_terrier_145,yorkshire_terrier,dog,0.3,0.4158,miniature_pinscher,False,dog,True,within_superclass
yorkshire_terrier_145,yorkshire_terrier,dog,0.4,0.4629,miniature_pinscher,False,dog,True,within_superclass
yorkshire_terrier_145,yorkshire_terrier,dog,0.5,0.4932,shiba_inu,False,dog,True,within_superclass
yorkshire_terrier_145,yorkshire_terrier,dog,0.6,0.5018,shiba_inu,False,dog,True,within_superclass
yorkshire_terrier_145,yorkshire_terrier,dog,0.7,0.4989,miniature_pinscher,False,dog,True,within_superclass
yorkshire_terrier_145,yorkshire_terrier,dog,0.8,0.4927,british_shorthair,False,dog,True,within_superclass
yorkshire_terrier_145,yorkshire_terrier,dog,0.9,0.4913,british_shorthair,False,dog,True,within_superclass
yorkshire_terrier_145,yorkshire_terrier,dog,1.0,0.4949,british_shorthair,False,cat,False,cross_superclass
samoyed_147,samoyed,dog,0.0,0.0,pomeranian,False,dog,True,within_superclass
samoyed_147,samoyed,dog,0.1,0.0668,pomeranian,False,dog,True,within_superclass
samoyed_147,samoyed,dog,0.2,0.2345,samoyed,True,dog,True,correct
samoyed_147,samoyed,dog,0.3,0.2259,great_pyrenees,False,dog,True,within_superclass
samoyed_147,samoyed,dog,0.4,0.2889,samoyed,True,dog,True,correct
samoyed_147,samoyed,dog,0.5,0.3737,samoyed,True,dog,True,correct
samoyed_147,samoyed,dog,0.6,0.4401,samoyed,True,cat,False,correct
samoyed_147,samoyed,dog,0.7,0.4527,great_pyrenees,False,cat,False,cross_superclass
samoyed_147,samoyed,dog,0.8,0.4532,great_pyrenees,False,dog,True,within_superclass
samoyed_147,samoyed,dog,0.9,0.4594,great_pyrenees,False,dog,True,within_superclass
samoyed_147,samoyed,dog,1.0,0.4691,great_pyrenees,False,dog,True,within_superclass
great_pyrenees_16,great_pyrenees,dog,0.0,0.0,samoyed,False,dog,True,within_superclass
great_pyrenees_16,great_pyrenees,dog,0.1,0.0799,great_pyrenees,True,dog,True,correct
great_pyrenees_16,great_pyrenees,dog,0.2,0.1963,great_pyrenees,True,dog,True,correct
great_pyrenees_16,great_pyrenees,dog,0.3,0.2708,birman,False,dog,True,within_superclass
great_pyrenees_16,great_pyrenees,dog,0.4,0.2847,birman,False,cat,False,cross_superclass
great_pyrenees_16,great_pyrenees,dog,0.5,0.3035,birman,False,cat,False,cross_superclass
great_pyrenees_16,great_pyrenees,dog,0.6,0.3372,great_pyrenees,True,cat,False,correct
great_pyrenees_16,great_pyrenees,dog,0.7,0.3782,birman,False,cat,False,cross_superclass
great_pyrenees_16,great_pyrenees,dog,0.8,0.3964,ragdoll,False,cat,False,cross_superclass
great_pyrenees_16,great_pyrenees,dog,0.9,0.4164,ragdoll,False,cat,False,cross_superclass
great_pyrenees_16,great_pyrenees,dog,1.0,0.4296,ragdoll,False,cat,False,cross_superclass
leonberger_187,leonberger,dog,0.0,0.0,leonberger,True,dog,True,correct
leonberger_187,leonberger,dog,0.1,0.0939,leonberger,True,dog,True,correct
leonberger_187,leonberger,dog,0.2,0.2509,leonberger,True,dog,True,correct
leonberger_187,leonberger,dog,0.3,0.2181,leonberger,True,dog,True,correct
leonberger_187,leonberger,dog,0.4,0.2509,leonberger,True,dog,True,correct
leonberger_187,leonberger,dog,0.5,0.3143,leonberger,True,dog,True,correct
leonberger_187,leonberger,dog,0.6,0.3663,pug,False,dog,True,within_superclass
leonberger_187,leonberger,dog,0.7,0.395,pug,False,dog,True,within_superclass
leonberger_187,leonberger,dog,0.8,0.3984,pug,False,dog,True,within_superclass
leonberger_187,leonberger,dog,0.9,0.4075,pug,False,dog,True,within_superclass
leonberger_187,leonberger,dog,1.0,0.4141,pug,False,dog,True,within_superclass
miniature_pinscher_185,miniature_pinscher,dog,0.0,0.0,miniature_pinscher,True,dog,True,correct
miniature_pinscher_185,miniature_pinscher,dog,0.1,0.1468,miniature_pinscher,True,dog,True,correct
miniature_pinscher_185,miniature_pinscher,dog,0.2,0.2912,miniature_pinscher,True,dog,True,correct
miniature_pinscher_185,miniature_pinscher,dog,0.3,0.3498,shiba_inu,False,dog,True,within_superclass
miniature_pinscher_185,miniature_pinscher,dog,0.4,0.3694,shiba_inu,False,dog,True,within_superclass
miniature_pinscher_185,miniature_pinscher,dog,0.5,0.4058,shiba_inu,False,dog,True,within_superclass
miniature_pinscher_185,miniature_pinscher,dog,0.6,0.4478,shiba_inu,False,cat,False,cross_superclass
miniature_pinscher_185,miniature_pinscher,dog,0.7,0.4665,miniature_pinscher,True,cat,False,correct
miniature_pinscher_185,miniature_pinscher,dog,0.8,0.478,boxer,False,cat,False,cross_superclass
miniature_pinscher_185,miniature_pinscher,dog,0.9,0.4868,boxer,False,dog,True,within_superclass
miniature_pinscher_185,miniature_pinscher,dog,1.0,0.4969,boxer,False,dog,True,within_superclass
shiba_inu_15,shiba_inu,dog,0.0,0.0,shiba_inu,True,dog,True,correct
shiba_inu_15,shiba_inu,dog,0.1,0.0443,shiba_inu,True,dog,True,correct
shiba_inu_15,shiba_inu,dog,0.2,0.0918,shiba_inu,True,dog,True,correct
shiba_inu_15,shiba_inu,dog,0.3,0.0927,shiba_inu,True,dog,True,correct
shiba_inu_15,shiba_inu,dog,0.4,0.1226,shiba_inu,True,dog,True,correct
shiba_inu_15,shiba_inu,dog,0.5,0.151,shiba_inu,True,dog,True,correct
shiba_inu_15,shiba_inu,dog,0.6,0.1857,shiba_inu,True,dog,True,correct
shiba_inu_15,shiba_inu,dog,0.7,0.2168,shiba_inu,True,dog,True,correct
shiba_inu_15,shiba_inu,dog,0.8,0.2702,shiba_inu,True,dog,True,correct
shiba_inu_15,shiba_inu,dog,0.9,0.3055,shiba_inu,True,dog,True,correct
shiba_inu_15,shiba_inu,dog,1.0,0.3206,shiba_inu,True,dog,True,correct
japanese_chin_127,japanese_chin,dog,0.0,0.0,keeshond,False,dog,True,within_superclass
japanese_chin_127,japanese_chin,dog,0.1,0.1649,keeshond,False,dog,True,within_superclass
japanese_chin_127,japanese_chin,dog,0.2,0.3384,keeshond,False,dog,True,within_superclass
japanese_chin_127,japanese_chin,dog,0.3,0.3726,pomeranian,False,dog,True,within_superclass
japanese_chin_127,japanese_chin,dog,0.4,0.4367,pomeranian,False,dog,True,within_superclass
japanese_chin_127,japanese_chin,dog,0.5,0.4785,wheaten_terrier,False,dog,True,within_superclass
japanese_chin_127,japanese_chin,dog,0.6,0.4871,wheaten_terrier,False,dog,True,within_superclass
japanese_chin_127,japanese_chin,dog,0.7,0.5146,wheaten_terrier,False,dog,True,within_superclass
japanese_chin_127,japanese_chin,dog,0.8,0.5263,wheaten_terrier,False,dog,True,within_superclass
japanese_chin_127,japanese_chin,dog,0.9,0.5332,wheaten_terrier,False,dog,True,within_superclass
japanese_chin_127,japanese_chin,dog,1.0,0.5425,pomeranian,False,dog,True,within_superclass
Bombay_137,bombay,cat,0.0,0.0,russian_blue,False,cat,True,within_superclass
Bombay_137,bombay,cat,0.1,0.0855,russian_blue,False,cat,True,within_superclass
Bombay_137,bombay,cat,0.2,0.2436,egyptian_mau,False,cat,True,within_superclass
Bombay_137,bombay,cat,0.3,0.2624,egyptian_mau,False,cat,True,within_superclass
Bombay_137,bombay,cat,0.4,0.3127,egyptian_mau,False,dog,False,cross_superclass
Bombay_137,bombay,cat,0.5,0.361,shiba_inu,False,dog,False,cross_superclass
Bombay_137,bombay,cat,0.6,0.398,miniature_pinscher,False,dog,False,cross_superclass
Bombay_137,bombay,cat,0.7,0.4149,miniature_pinscher,False,dog,False,cross_superclass
Bombay_137,bombay,cat,0.8,0.4329,pomeranian,False,dog,False,cross_superclass
Bombay_137,bombay,cat,0.9,0.4418,pomeranian,False,dog,False,cross_superclass
Bombay_137,bombay,cat,1.0,0.4392,chihuahua,False,dog,False,cross_superclass
staffordshire_bull_terrier_184,staffordshire_bull_terrier,dog,0.0,0.0,staffordshire_bull_terrier,True,dog,True,correct
staffordshire_bull_terrier_184,staffordshire_bull_terrier,dog,0.1,0.082,staffordshire_bull_terrier,True,dog,True,correct
staffordshire_bull_terrier_184,staffordshire_bull_terrier,dog,0.2,0.2304,staffordshire_bull_terrier,True,dog,True,correct
staffordshire_bull_terrier_184,staffordshire_bull_terrier,dog,0.3,0.2145,staffordshire_bull_terrier,True,dog,True,correct
staffordshire_bull_terrier_184,staffordshire_bull_terrier,dog,0.4,0.3132,staffordshire_bull_terrier,True,dog,True,correct
staffordshire_bull_terrier_184,staffordshire_bull_terrier,dog,0.5,0.3977,staffordshire_bull_terrier,True,dog,True,correct
staffordshire_bull_terrier_184,staffordshire_bull_terrier,dog,0.6,0.4185,staffordshire_bull_terrier,True,dog,True,correct
staffordshire_bull_terrier_184,staffordshire_bull_terrier,dog,0.7,0.4454,staffordshire_bull_terrier,True,dog,True,correct
staffordshire_bull_terrier_184,staffordshire_bull_terrier,dog,0.8,0.4722,staffordshire_bull_terrier,True,dog,True,correct
staffordshire_bull_terrier_184,staffordshire_bull_terrier,dog,0.9,0.4883,newfoundland,False,dog,True,within_superclass
staffordshire_bull_terrier_184,staffordshire_bull_terrier,dog,1.0,0.5082,newfoundland,False,dog,True,within_superclass
beagle_149,beagle,dog,0.0,0.0,beagle,True,dog,True,correct
beagle_149,beagle,dog,0.1,0.1104,beagle,True,dog,True,correct
beagle_149,beagle,dog,0.2,0.2196,beagle,True,dog,True,correct
beagle_149,beagle,dog,0.3,0.4177,japanese_chin,False,dog,True,within_superclass
beagle_149,beagle,dog,0.4,0.4549,japanese_chin,False,dog,True,within_superclass
beagle_149,beagle,dog,0.5,0.4843,japanese_chin,False,dog,True,within_superclass
beagle_149,beagle,dog,0.6,0.5016,yorkshire_terrier,False,dog,True,within_superclass
beagle_149,beagle,dog,0.7,0.5167,pomeranian,False,dog,True,within_superclass
beagle_149,beagle,dog,0.8,0.5257,pomeranian,False,dog,True,within_superclass
beagle_149,beagle,dog,0.9,0.5336,pomeranian,False,dog,True,within_superclass
beagle_149,beagle,dog,1.0,0.5326,pomeranian,False,dog,True,within_superclass
english_setter_105,english_setter,dog,0.0,0.0,english_cocker_spaniel,False,dog,True,within_superclass
english_setter_105,english_setter,dog,0.1,0.0699,saint_bernard,False,dog,True,within_superclass
english_setter_105,english_setter,dog,0.2,0.2561,great_pyrenees,False,dog,True,within_superclass
english_setter_105,english_setter,dog,0.3,0.1848,japanese_chin,False,dog,True,within_superclass
english_setter_105,english_setter,dog,0.4,0.2333,japanese_chin,False,dog,True,within_superclass
english_setter_105,english_setter,dog,0.5,0.3077,japanese_chin,False,dog,True,within_superclass
english_setter_105,english_setter,dog,0.6,0.3623,japanese_chin,False,dog,True,within_superclass
english_setter_105,english_setter,dog,0.7,0.4014,japanese_chin,False,cat,False,cross_superclass
english_setter_105,english_setter,dog,0.8,0.4503,japanese_chin,False,cat,False,cross_superclass
english_setter_105,english_setter,dog,0.9,0.4743,japanese_chin,False,dog,True,within_superclass
english_setter_105,english_setter,dog,1.0,0.4904,japanese_chin,False,dog,True,within_superclass
english_setter_187,english_setter,dog,0.0,0.0,english_setter,True,dog,True,correct
english_setter_187,english_setter,dog,0.1,0.0871,english_setter,True,dog,True,correct
english_setter_187,english_setter,dog,0.2,0.1981,english_setter,True,dog,True,correct
english_setter_187,english_setter,dog,0.3,0.1809,english_setter,True,dog,True,correct
english_setter_187,english_setter,dog,0.4,0.1882,english_setter,True,dog,True,correct
english_setter_187,english_setter,dog,0.5,0.2305,basset_hound,False,dog,True,within_superclass
english_setter_187,english_setter,dog,0.6,0.2786,basset_hound,False,dog,True,within_superclass
english_setter_187,english_setter,dog,0.7,0.3409,abyssinian,False,cat,False,cross_superclass
english_setter_187,english_setter,dog,0.8,0.3837,british_shorthair,False,cat,False,cross_superclass
english_setter_187,english_setter,dog,0.9,0.4194,boxer,False,dog,True,within_superclass
english_setter_187,english_setter,dog,1.0,0.4432,boxer,False,dog,True,within_superclass
beagle_100,beagle,dog,0.0,0.0,beagle,True,dog,True,correct
beagle_100,beagle,dog,0.1,0.1171,beagle,True,dog,True,correct
beagle_100,beagle,dog,0.2,0.1607,beagle,True,dog,True,correct
beagle_100,beagle,dog,0.3,0.1545,beagle,True,dog,True,correct
beagle_100,beagle,dog,0.4,0.1776,beagle,True,dog,True,correct
beagle_100,beagle,dog,0.5,0.2003,beagle,True,dog,True,correct
beagle_100,beagle,dog,0.6,0.2394,beagle,True,dog,True,correct
beagle_100,beagle,dog,0.7,0.2716,japanese_chin,False,dog,True,within_superclass
beagle_100,beagle,dog,0.8,0.2837,japanese_chin,False,dog,True,within_superclass
beagle_100,beagle,dog,0.9,0.3016,japanese_chin,False,dog,True,within_superclass
beagle_100,beagle,dog,1.0,0.3145,japanese_chin,False,dog,True,within_superclass
scottish_terrier_124,scottish_terrier,dog,0.0,0.0,scottish_terrier,True,dog,True,correct
scottish_terrier_124,scottish_terrier,dog,0.1,0.0777,scottish_terrier,True,dog,True,correct
scottish_terrier_124,scottish_terrier,dog,0.2,0.2068,scottish_terrier,True,dog,True,correct
scottish_terrier_124,scottish_terrier,dog,0.3,0.1891,scottish_terrier,True,dog,True,correct
scottish_terrier_124,scottish_terrier,dog,0.4,0.2408,scottish_terrier,True,dog,True,correct
scottish_terrier_124,scottish_terrier,dog,0.5,0.3037,scottish_terrier,True,cat,False,correct
scottish_terrier_124,scottish_terrier,dog,0.6,0.3772,scottish_terrier,True,cat,False,correct
scottish_terrier_124,scottish_terrier,dog,0.7,0.4055,scottish_terrier,True,cat,False,correct
scottish_terrier_124,scottish_terrier,dog,0.8,0.4201,newfoundland,False,cat,False,cross_superclass
scottish_terrier_124,scottish_terrier,dog,0.9,0.4236,newfoundland,False,dog,True,within_superclass
scottish_terrier_124,scottish_terrier,dog,1.0,0.4172,scottish_terrier,True,dog,True,correct
Egyptian_Mau_12,egyptian_mau,cat,0.0,0.0,egyptian_mau,True,cat,True,correct
Egyptian_Mau_12,egyptian_mau,cat,0.1,0.1019,egyptian_mau,True,cat,True,correct
Egyptian_Mau_12,egyptian_mau,cat,0.2,0.3009,egyptian_mau,True,cat,True,correct
Egyptian_Mau_12,egyptian_mau,cat,0.3,0.2901,egyptian_mau,True,cat,True,correct
Egyptian_Mau_12,egyptian_mau,cat,0.4,0.2809,egyptian_mau,True,cat,True,correct
Egyptian_Mau_12,egyptian_mau,cat,0.5,0.3499,egyptian_mau,True,cat,True,correct
Egyptian_Mau_12,egyptian_mau,cat,0.6,0.4112,miniature_pinscher,False,cat,True,within_superclass
Egyptian_Mau_12,egyptian_mau,cat,0.7,0.4588,miniature_pinscher,False,dog,False,cross_superclass
Egyptian_Mau_12,egyptian_mau,cat,0.8,0.4768,staffordshire_bull_terrier,False,dog,False,cross_superclass
Egyptian_Mau_12,egyptian_mau,cat,0.9,0.4977,staffordshire_bull_terrier,False,dog,False,cross_superclass
Egyptian_Mau_12,egyptian_mau,cat,1.0,0.5004,staffordshire_bull_terrier,False,dog,False,cross_superclass
great_pyrenees_133,great_pyrenees,dog,0.0,0.0,great_pyrenees,True,dog,True,correct
great_pyrenees_133,great_pyrenees,dog,0.1,0.13,great_pyrenees,True,dog,True,correct
great_pyrenees_133,great_pyrenees,dog,0.2,0.1973,great_pyrenees,True,dog,True,correct
great_pyrenees_133,great_pyrenees,dog,0.3,0.1839,great_pyrenees,True,dog,True,correct
great_pyrenees_133,great_pyrenees,dog,0.4,0.2067,great_pyrenees,True,dog,True,correct
great_pyrenees_133,great_pyrenees,dog,0.5,0.2349,great_pyrenees,True,dog,True,correct
great_pyrenees_133,great_pyrenees,dog,0.6,0.2553,great_pyrenees,True,dog,True,correct
great_pyrenees_133,great_pyrenees,dog,0.7,0.2666,great_pyrenees,True,dog,True,correct
great_pyrenees_133,great_pyrenees,dog,0.8,0.2835,great_pyrenees,True,dog,True,correct
great_pyrenees_133,great_pyrenees,dog,0.9,0.3202,great_pyrenees,True,dog,True,correct
great_pyrenees_133,great_pyrenees,dog,1.0,0.3931,great_pyrenees,True,dog,True,correct
yorkshire_terrier_170,yorkshire_terrier,dog,0.0,0.0,yorkshire_terrier,True,dog,True,correct
yorkshire_terrier_170,yorkshire_terrier,dog,0.1,0.1098,yorkshire_terrier,True,dog,True,correct
yorkshire_terrier_170,yorkshire_terrier,dog,0.2,0.1685,yorkshire_terrier,True,dog,True,correct
yorkshire_terrier_170,yorkshire_terrier,dog,0.3,0.2926,miniature_pinscher,False,dog,True,within_superclass
yorkshire_terrier_170,yorkshire_terrier,dog,0.4,0.3803,miniature_pinscher,False,dog,True,within_superclass
yorkshire_terrier_170,yorkshire_terrier,dog,0.5,0.4089,miniature_pinscher,False,dog,True,within_superclass
yorkshire_terrier_170,yorkshire_terrier,dog,0.6,0.4434,miniature_pinscher,False,dog,True,within_superclass
yorkshire_terrier_170,yorkshire_terrier,dog,0.7,0.4516,miniature_pinscher,False,dog,True,within_superclass
yorkshire_terrier_170,yorkshire_terrier,dog,0.8,0.4519,shiba_inu,False,dog,True,within_superclass
yorkshire_terrier_170,yorkshire_terrier,dog,0.9,0.452,shiba_inu,False,dog,True,within_superclass
yorkshire_terrier_170,yorkshire_terrier,dog,1.0,0.4539,shiba_inu,False,dog,True,within_superclass
Russian_Blue_133,russian_blue,cat,0.0,0.0,russian_blue,True,cat,True,correct
Russian_Blue_133,russian_blue,cat,0.1,0.1484,russian_blue,True,cat,True,correct
Russian_Blue_133,russian_blue,cat,0.2,0.1991,russian_blue,True,cat,True,correct
Russian_Blue_133,russian_blue,cat,0.3,0.2083,russian_blue,True,cat,True,correct
Russian_Blue_133,russian_blue,cat,0.4,0.2291,british_shorthair,False,cat,True,within_superclass
Russian_Blue_133,russian_blue,cat,0.5,0.2648,british_shorthair,False,cat,True,within_superclass
Russian_Blue_133,russian_blue,cat,0.6,0.3122,staffordshire_bull_terrier,False,cat,True,within_superclass
Russian_Blue_133,russian_blue,cat,0.7,0.3534,staffordshire_bull_terrier,False,dog,False,cross_superclass
Russian_Blue_133,russian_blue,cat,0.8,0.3913,staffordshire_bull_terrier,False,dog,False,cross_superclass
Russian_Blue_133,russian_blue,cat,0.9,0.421,staffordshire_bull_terrier,False,dog,False,cross_superclass
Russian_Blue_133,russian_blue,cat,1.0,0.4368,german_shorthaired,False,dog,False,cross_superclass
Persian_145,persian,cat,0.0,0.0,birman,False,cat,True,within_superclass
Persian_145,persian,cat,0.1,0.1096,persian,True,cat,True,correct
Persian_145,persian,cat,0.2,0.2069,birman,False,cat,True,within_superclass
Persian_145,persian,cat,0.3,0.2581,birman,False,cat,True,within_superclass
Persian_145,persian,cat,0.4,0.3309,birman,False,cat,True,within_superclass
Persian_145,persian,cat,0.5,0.3601,samoyed,False,cat,True,within_superclass
Persian_145,persian,cat,0.6,0.3822,birman,False,cat,True,within_superclass
Persian_145,persian,cat,0.7,0.3976,ragdoll,False,cat,True,within_superclass
Persian_145,persian,cat,0.8,0.3961,ragdoll,False,cat,True,within_superclass
Persian_145,persian,cat,0.9,0.4222,ragdoll,False,cat,True,within_superclass
Persian_145,persian,cat,1.0,0.4232,birman,False,cat,True,within_superclass
scottish_terrier_106,scottish_terrier,dog,0.0,0.0,wheaten_terrier,False,dog,True,within_superclass
scottish_terrier_106,scottish_terrier,dog,0.1,0.0801,wheaten_terrier,False,dog,True,within_superclass
scottish_terrier_106,scottish_terrier,dog,0.2,0.1978,wheaten_terrier,False,dog,True,within_superclass
scottish_terrier_106,scottish_terrier,dog,0.3,0.2506,wheaten_terrier,False,dog,True,within_superclass
scottish_terrier_106,scottish_terrier,dog,0.4,0.3641,wheaten_terrier,False,dog,True,within_superclass
scottish_terrier_106,scottish_terrier,dog,0.5,0.4863,wheaten_terrier,False,dog,True,within_superclass
scottish_terrier_106,scottish_terrier,dog,0.6,0.5539,miniature_pinscher,False,dog,True,within_superclass
scottish_terrier_106,scottish_terrier,dog,0.7,0.5802,shiba_inu,False,dog,True,within_superclass
scottish_terrier_106,scottish_terrier,dog,0.8,0.6044,shiba_inu,False,dog,True,within_superclass
scottish_terrier_106,scottish_terrier,dog,0.9,0.6259,shiba_inu,False,dog,True,within_superclass
scottish_terrier_106,scottish_terrier,dog,1.0,0.6485,shiba_inu,False,dog,True,within_superclass
english_setter_137,english_setter,dog,0.0,0.0,english_setter,True,dog,True,correct
english_setter_137,english_setter,dog,0.1,0.1123,english_setter,True,dog,True,correct
english_setter_137,english_setter,dog,0.2,0.2556,english_setter,True,dog,True,correct
english_setter_137,english_setter,dog,0.3,0.3113,saint_bernard,False,dog,True,within_superclass
english_setter_137,english_setter,dog,0.4,0.3758,japanese_chin,False,dog,True,within_superclass
english_setter_137,english_setter,dog,0.5,0.4228,japanese_chin,False,dog,True,within_superclass
english_setter_137,english_setter,dog,0.6,0.4582,miniature_pinscher,False,dog,True,within_superclass
english_setter_137,english_setter,dog,0.7,0.4737,miniature_pinscher,False,dog,True,within_superclass
english_setter_137,english_setter,dog,0.8,0.4832,miniature_pinscher,False,dog,True,within_superclass
english_setter_137,english_setter,dog,0.9,0.485,miniature_pinscher,False,dog,True,within_superclass
english_setter_137,english_setter,dog,1.0,0.4887,miniature_pinscher,False,dog,True,within_superclass
saint_bernard_12,saint_bernard,dog,0.0,0.0,saint_bernard,True,dog,True,correct
saint_bernard_12,saint_bernard,dog,0.1,0.089,saint_bernard,True,dog,True,correct
saint_bernard_12,saint_bernard,dog,0.2,0.2278,saint_bernard,True,dog,True,correct
saint_bernard_12,saint_bernard,dog,0.3,0.1891,saint_bernard,True,dog,True,correct
saint_bernard_12,saint_bernard,dog,0.4,0.1946,saint_bernard,True,dog,True,correct
saint_bernard_12,saint_bernard,dog,0.5,0.2244,saint_bernard,True,dog,True,correct
saint_bernard_12,saint_bernard,dog,0.6,0.2622,saint_bernard,True,dog,True,correct
saint_bernard_12,saint_bernard,dog,0.7,0.3002,saint_bernard,True,dog,True,correct
saint_bernard_12,saint_bernard,dog,0.8,0.3441,saint_bernard,True,dog,True,correct
saint_bernard_12,saint_bernard,dog,0.9,0.3736,german_shorthaired,False,dog,True,within_superclass
saint_bernard_12,saint_bernard,dog,1.0,0.3927,german_shorthaired,False,dog,True,within_superclass
Persian_200,persian,cat,0.0,0.0,persian,True,cat,True,correct
Persian_200,persian,cat,0.1,0.1361,maine_coon,False,cat,True,within_superclass
Persian_200,persian,cat,0.2,0.2332,maine_coon,False,cat,True,within_superclass
Persian_200,persian,cat,0.3,0.226,birman,False,cat,True,within_superclass
Persian_200,persian,cat,0.4,0.2784,british_shorthair,False,cat,True,within_superclass
Persian_200,persian,cat,0.5,0.3148,british_shorthair,False,cat,True,within_superclass
Persian_200,persian,cat,0.6,0.373,british_shorthair,False,cat,True,within_superclass
Persian_200,persian,cat,0.7,0.4344,british_shorthair,False,cat,True,within_superclass
Persian_200,persian,cat,0.8,0.4456,british_shorthair,False,cat,True,within_superclass
Persian_200,persian,cat,0.9,0.4665,british_shorthair,False,cat,True,within_superclass
Persian_200,persian,cat,1.0,0.4866,british_shorthair,False,cat,True,within_superclass
saint_bernard_11,saint_bernard,dog,0.0,0.0,saint_bernard,True,dog,True,correct
saint_bernard_11,saint_bernard,dog,0.1,0.1181,great_pyrenees,False,dog,True,within_superclass
saint_bernard_11,saint_bernard,dog,0.2,0.1949,saint_bernard,True,dog,True,correct
saint_bernard_11,saint_bernard,dog,0.3,0.2182,saint_bernard,True,dog,True,correct
saint_bernard_11,saint_bernard,dog,0.4,0.2728,japanese_chin,False,dog,True,within_superclass
saint_bernard_11,saint_bernard,dog,0.5,0.3347,japanese_chin,False,dog,True,within_superclass
saint_bernard_11,saint_bernard,dog,0.6,0.3952,japanese_chin,False,dog,True,within_superclass
saint_bernard_11,saint_bernard,dog,0.7,0.4481,japanese_chin,False,dog,True,within_superclass
saint_bernard_11,saint_bernard,dog,0.8,0.4959,german_shorthaired,False,dog,True,within_superclass
saint_bernard_11,saint_bernard,dog,0.9,0.5215,german_shorthaired,False,dog,True,within_superclass
saint_bernard_11,saint_bernard,dog,1.0,0.5386,german_shorthaired,False,dog,True,within_superclass
chihuahua_181,chihuahua,dog,0.0,0.0,chihuahua,True,dog,True,correct
chihuahua_181,chihuahua,dog,0.1,0.0992,chihuahua,True,dog,True,correct
chihuahua_181,chihuahua,dog,0.2,0.2223,chihuahua,True,dog,True,correct
chihuahua_181,chihuahua,dog,0.3,0.3182,beagle,False,dog,True,within_superclass
chihuahua_181,chihuahua,dog,0.4,0.3623,staffordshire_bull_terrier,False,dog,True,within_superclass
chihuahua_181,chihuahua,dog,0.5,0.3995,miniature_pinscher,False,dog,True,within_superclass
chihuahua_181,chihuahua,dog,0.6,0.4088,boxer,False,dog,True,within_superclass
chihuahua_181,chihuahua,dog,0.7,0.4248,boxer,False,dog,True,within_superclass
chihuahua_181,chihuahua,dog,0.8,0.4377,boxer,False,dog,True,within_superclass
chihuahua_181,chihuahua,dog,0.9,0.4479,miniature_pinscher,False,dog,True,within_superclass
chihuahua_181,chihuahua,dog,1.0,0.4553,boxer,False,dog,True,within_superclass
keeshond_174,keeshond,dog,0.0,0.0,keeshond,True,dog,True,correct
keeshond_174,keeshond,dog,0.1,0.1471,keeshond,True,dog,True,correct
keeshond_174,keeshond,dog,0.2,0.2368,keeshond,True,dog,True,correct
keeshond_174,keeshond,dog,0.3,0.3563,japanese_chin,False,dog,True,within_superclass
keeshond_174,keeshond,dog,0.4,0.4251,japanese_chin,False,cat,False,cross_superclass
keeshond_174,keeshond,dog,0.5,0.4819,japanese_chin,False,dog,True,within_superclass
keeshond_174,keeshond,dog,0.6,0.516,japanese_chin,False,dog,True,within_superclass
keeshond_174,keeshond,dog,0.7,0.517,japanese_chin,False,dog,True,within_superclass
keeshond_174,keeshond,dog,0.8,0.52,japanese_chin,False,dog,True,within_superclass
keeshond_174,keeshond,dog,0.9,0.5221,pug,False,dog,True,within_superclass
keeshond_174,keeshond,dog,1.0,0.509,pug,False,dog,True,within_superclass
boxer_101,boxer,dog,0.0,0.0,boxer,True,dog,True,correct
boxer_101,boxer,dog,0.1,0.081,boxer,True,dog,True,correct
boxer_101,boxer,dog,0.2,0.2495,boxer,True,dog,True,correct
boxer_101,boxer,dog,0.3,0.2618,saint_bernard,False,dog,True,within_superclass
boxer_101,boxer,dog,0.4,0.2186,boxer,True,dog,True,correct
boxer_101,boxer,dog,0.5,0.2467,saint_bernard,False,dog,True,within_superclass
boxer_101,boxer,dog,0.6,0.271,saint_bernard,False,dog,True,within_superclass
boxer_101,boxer,dog,0.7,0.2823,saint_bernard,False,dog,True,within_superclass
boxer_101,boxer,dog,0.8,0.2949,saint_bernard,False,dog,True,within_superclass
boxer_101,boxer,dog,0.9,0.3057,pug,False,dog,True,within_superclass
boxer_101,boxer,dog,1.0,0.3143,pug,False,dog,True,within_superclass
Persian_197,persian,cat,0.0,0.0,birman,False,cat,True,within_superclass
Persian_197,persian,cat,0.1,0.1059,birman,False,cat,True,within_superclass
Persian_197,persian,cat,0.2,0.1372,birman,False,cat,True,within_superclass
Persian_197,persian,cat,0.3,0.1673,birman,False,cat,True,within_superclass
Persian_197,persian,cat,0.4,0.212,birman,False,cat,True,within_superclass
Persian_197,persian,cat,0.5,0.265,british_shorthair,False,cat,True,within_superclass
Persian_197,persian,cat,0.6,0.2984,british_shorthair,False,cat,True,within_superclass
Persian_197,persian,cat,0.7,0.3209,british_shorthair,False,cat,True,within_superclass
Persian_197,persian,cat,0.8,0.3629,japanese_chin,False,cat,True,within_superclass
Persian_197,persian,cat,0.9,0.3872,japanese_chin,False,cat,True,within_superclass
Persian_197,persian,cat,1.0,0.4003,british_shorthair,False,cat,True,within_superclass
shiba_inu_152,shiba_inu,dog,0.0,0.0,chihuahua,False,dog,True,within_superclass
shiba_inu_152,shiba_inu,dog,0.1,0.0976,shiba_inu,True,dog,True,correct
shiba_inu_152,shiba_inu,dog,0.2,0.2131,shiba_inu,True,dog,True,correct
shiba_inu_152,shiba_inu,dog,0.3,0.2944,shiba_inu,True,dog,True,correct
shiba_inu_152,shiba_inu,dog,0.4,0.3415,shiba_inu,True,dog,True,correct
shiba_inu_152,shiba_inu,dog,0.5,0.3571,shiba_inu,True,dog,True,correct
shiba_inu_152,shiba_inu,dog,0.6,0.3693,shiba_inu,True,dog,True,correct
shiba_inu_152,shiba_inu,dog,0.7,0.3739,shiba_inu,True,dog,True,correct
shiba_inu_152,shiba_inu,dog,0.8,0.3869,shiba_inu,True,dog,True,correct
shiba_inu_152,shiba_inu,dog,0.9,0.394,shiba_inu,True,dog,True,correct
shiba_inu_152,shiba_inu,dog,1.0,0.3996,ragdoll,False,dog,True,within_superclass
Maine_Coon_138,maine_coon,cat,0.0,0.0,maine_coon,True,cat,True,correct
Maine_Coon_138,maine_coon,cat,0.1,0.1142,maine_coon,True,cat,True,correct
Maine_Coon_138,maine_coon,cat,0.2,0.1543,maine_coon,True,cat,True,correct
Maine_Coon_138,maine_coon,cat,0.3,0.1727,birman,False,cat,True,within_superclass
Maine_Coon_138,maine_coon,cat,0.4,0.226,birman,False,cat,True,within_superclass
Maine_Coon_138,maine_coon,cat,0.5,0.2649,shiba_inu,False,cat,True,within_superclass
Maine_Coon_138,maine_coon,cat,0.6,0.2836,pomeranian,False,dog,False,cross_superclass
Maine_Coon_138,maine_coon,cat,0.7,0.3034,pomeranian,False,cat,True,within_superclass
Maine_Coon_138,maine_coon,cat,0.8,0.3251,pomeranian,False,dog,False,cross_superclass
Maine_Coon_138,maine_coon,cat,0.9,0.3514,yorkshire_terrier,False,cat,True,within_superclass
Maine_Coon_138,maine_coon,cat,1.0,0.375,birman,False,cat,True,within_superclass
samoyed_102,samoyed,dog,0.0,0.0,samoyed,True,dog,True,correct
samoyed_102,samoyed,dog,0.1,0.0911,samoyed,True,dog,True,correct
samoyed_102,samoyed,dog,0.2,0.1759,samoyed,True,dog,True,correct
samoyed_102,samoyed,dog,0.3,0.1659,samoyed,True,dog,True,correct
samoyed_102,samoyed,dog,0.4,0.1821,samoyed,True,dog,True,correct
samoyed_102,samoyed,dog,0.5,0.27,havanese,False,dog,True,within_superclass
samoyed_102,samoyed,dog,0.6,0.3202,havanese,False,dog,True,within_superclass
samoyed_102,samoyed,dog,0.7,0.3496,samoyed,True,dog,True,correct
samoyed_102,samoyed,dog,0.8,0.3825,english_setter,False,dog,True,within_superclass
samoyed_102,samoyed,dog,0.9,0.4107,english_setter,False,dog,True,within_superclass
samoyed_102,samoyed,dog,1.0,0.4452,german_shorthaired,False,dog,True,within_superclass
beagle_127,beagle,dog,0.0,0.0,beagle,True,dog,True,correct
beagle_127,beagle,dog,0.1,0.0968,beagle,True,dog,True,correct
beagle_127,beagle,dog,0.2,0.1657,beagle,True,dog,True,correct
beagle_127,beagle,dog,0.3,0.197,basset_hound,False,dog,True,within_superclass
beagle_127,beagle,dog,0.4,0.257,basset_hound,False,dog,True,within_superclass
beagle_127,beagle,dog,0.5,0.3094,miniature_pinscher,False,dog,True,within_superclass
beagle_127,beagle,dog,0.6,0.356,miniature_pinscher,False,dog,True,within_superclass
beagle_127,beagle,dog,0.7,0.3891,newfoundland,False,dog,True,within_superclass
beagle_127,beagle,dog,0.8,0.4156,newfoundland,False,dog,True,within_superclass
beagle_127,beagle,dog,0.9,0.4304,newfoundland,False,dog,True,within_superclass
beagle_127,beagle,dog,1.0,0.4386,newfoundland,False,dog,True,within_superclass
staffordshire_bull_terrier_126,staffordshire_bull_terrier,dog,0.0,0.0,staffordshire_bull_terrier,True,dog,True,correct
staffordshire_bull_terrier_126,staffordshire_bull_terrier,dog,0.1,0.0803,staffordshire_bull_terrier,True,dog,True,correct
staffordshire_bull_terrier_126,staffordshire_bull_terrier,dog,0.2,0.2675,staffordshire_bull_terrier,True,dog,True,correct
staffordshire_bull_terrier_126,staffordshire_bull_terrier,dog,0.3,0.289,staffordshire_bull_terrier,True,dog,True,correct
staffordshire_bull_terrier_126,staffordshire_bull_terrier,dog,0.4,0.3635,staffordshire_bull_terrier,True,dog,True,correct
staffordshire_bull_terrier_126,staffordshire_bull_terrier,dog,0.5,0.462,staffordshire_bull_terrier,True,dog,True,correct
staffordshire_bull_terrier_126,staffordshire_bull_terrier,dog,0.6,0.4915,staffordshire_bull_terrier,True,dog,True,correct
staffordshire_bull_terrier_126,staffordshire_bull_terrier,dog,0.7,0.4906,staffordshire_bull_terrier,True,dog,True,correct
staffordshire_bull_terrier_126,staffordshire_bull_terrier,dog,0.8,0.488,staffordshire_bull_terrier,True,dog,True,correct
staffordshire_bull_terrier_126,staffordshire_bull_terrier,dog,0.9,0.4853,scottish_terrier,False,dog,True,within_superclass
staffordshire_bull_terrier_126,staffordshire_bull_terrier,dog,1.0,0.5028,newfoundland,False,dog,True,within_superclass
Russian_Blue_104,russian_blue,cat,0.0,0.0,russian_blue,True,cat,True,correct
Russian_Blue_104,russian_blue,cat,0.1,0.1474,russian_blue,True,cat,True,correct
Russian_Blue_104,russian_blue,cat,0.2,0.2678,egyptian_mau,False,cat,True,within_superclass
Russian_Blue_104,russian_blue,cat,0.3,0.3066,egyptian_mau,False,cat,True,within_superclass
Russian_Blue_104,russian_blue,cat,0.4,0.3993,chihuahua,False,dog,False,cross_superclass
Russian_Blue_104,russian_blue,cat,0.5,0.4576,american_bulldog,False,dog,False,cross_superclass
Russian_Blue_104,russian_blue,cat,0.6,0.4833,newfoundland,False,dog,False,cross_superclass
Russian_Blue_104,russian_blue,cat,0.7,0.5047,newfoundland,False,dog,False,cross_superclass
Russian_Blue_104,russian_blue,cat,0.8,0.5262,boxer,False,dog,False,cross_superclass
Russian_Blue_104,russian_blue,cat,0.9,0.5414,boxer,False,dog,False,cross_superclass
Russian_Blue_104,russian_blue,cat,1.0,0.5603,bombay,False,dog,False,cross_superclass
Siamese_130,siamese,cat,0.0,0.0,birman,False,cat,True,within_superclass
Siamese_130,siamese,cat,0.1,0.1195,birman,False,cat,True,within_superclass
Siamese_130,siamese,cat,0.2,0.2232,birman,False,cat,True,within_superclass
Siamese_130,siamese,cat,0.3,0.2619,siamese,True,cat,True,correct
Siamese_130,siamese,cat,0.4,0.3496,sphynx,False,cat,True,within_superclass
Siamese_130,siamese,cat,0.5,0.4081,pug,False,dog,False,cross_superclass
Siamese_130,siamese,cat,0.6,0.4282,boxer,False,dog,False,cross_superclass
Siamese_130,siamese,cat,0.7,0.4483,boxer,False,dog,False,cross_superclass
Siamese_130,siamese,cat,0.8,0.4617,boxer,False,dog,False,cross_superclass
Siamese_130,siamese,cat,0.9,0.4694,persian,False,dog,False,cross_superclass
Siamese_130,siamese,cat,1.0,0.4725,persian,False,dog,False,cross_superclass
wheaten_terrier_107,wheaten_terrier,dog,0.0,0.0,wheaten_terrier,True,dog,True,correct
wheaten_terrier_107,wheaten_terrier,dog,0.1,0.0682,wheaten_terrier,True,dog,True,correct
wheaten_terrier_107,wheaten_terrier,dog,0.2,0.1938,wheaten_terrier,True,dog,True,correct
wheaten_terrier_107,wheaten_terrier,dog,0.3,0.1519,wheaten_terrier,True,dog,True,correct
wheaten_terrier_107,wheaten_terrier,dog,0.4,0.2023,great_pyrenees,False,dog,True,within_superclass
wheaten_terrier_107,wheaten_terrier,dog,0.5,0.2663,english_setter,False,dog,True,within_superclass
wheaten_terrier_107,wheaten_terrier,dog,0.6,0.3754,great_pyrenees,False,dog,True,within_superclass
wheaten_terrier_107,wheaten_terrier,dog,0.7,0.4571,great_pyrenees,False,dog,True,within_superclass
wheaten_terrier_107,wheaten_terrier,dog,0.8,0.4801,english_setter,False,dog,True,within_superclass
wheaten_terrier_107,wheaten_terrier,dog,0.9,0.4875,english_setter,False,dog,True,within_superclass
wheaten_terrier_107,wheaten_terrier,dog,1.0,0.4892,english_setter,False,dog,True,within_superclass
pug_112,pug,dog,0.0,0.0,pug,True,dog,True,correct
pug_112,pug,dog,0.1,0.1039,pug,True,dog,True,correct
pug_112,pug,dog,0.2,0.189,pug,True,dog,True,correct
pug_112,pug,dog,0.3,0.2425,american_bulldog,False,dog,True,within_superclass
pug_112,pug,dog,0.4,0.2663,american_bulldog,False,dog,True,within_superclass
pug_112,pug,dog,0.5,0.2956,japanese_chin,False,dog,True,within_superclass
pug_112,pug,dog,0.6,0.334,japanese_chin,False,dog,True,within_superclass
pug_112,pug,dog,0.7,0.3645,japanese_chin,False,dog,True,within_superclass
pug_112,pug,dog,0.8,0.3831,japanese_chin,False,dog,True,within_superclass
pug_112,pug,dog,0.9,0.3835,japanese_chin,False,dog,True,within_superclass
pug_112,pug,dog,1.0,0.3943,japanese_chin,False,dog,True,within_superclass
Russian_Blue_122,russian_blue,cat,0.0,0.0,russian_blue,True,cat,True,correct
Russian_Blue_122,russian_blue,cat,0.1,0.0998,british_shorthair,False,cat,True,within_superclass
Russian_Blue_122,russian_blue,cat,0.2,0.1837,british_shorthair,False,cat,True,within_superclass
Russian_Blue_122,russian_blue,cat,0.3,0.2307,russian_blue,True,cat,True,correct
Russian_Blue_122,russian_blue,cat,0.4,0.2536,russian_blue,True,cat,True,correct
Russian_Blue_122,russian_blue,cat,0.5,0.2921,scottish_terrier,False,dog,False,cross_superclass
Russian_Blue_122,russian_blue,cat,0.6,0.3322,scottish_terrier,False,cat,True,within_superclass
Russian_Blue_122,russian_blue,cat,0.7,0.3696,scottish_terrier,False,cat,True,within_superclass
Russian_Blue_122,russian_blue,cat,0.8,0.4141,german_shorthaired,False,dog,False,cross_superclass
Russian_Blue_122,russian_blue,cat,0.9,0.4474,german_shorthaired,False,dog,False,cross_superclass
Russian_Blue_122,russian_blue,cat,1.0,0.465,german_shorthaired,False,dog,False,cross_superclass
Birman_153,birman,cat,0.0,0.0,birman,True,cat,True,correct
Birman_153,birman,cat,0.1,0.0726,birman,True,cat,True,correct
Birman_153,birman,cat,0.2,0.1989,birman,True,cat,True,correct
Birman_153,birman,cat,0.3,0.1801,birman,True,cat,True,correct
Birman_153,birman,cat,0.4,0.2127,birman,True,cat,True,correct
Birman_153,birman,cat,0.5,0.2538,birman,True,cat,True,correct
Birman_153,birman,cat,0.6,0.2878,birman,True,cat,True,correct
Birman_153,birman,cat,0.7,0.2965,birman,True,cat,True,correct
Birman_153,birman,cat,0.8,0.3045,birman,True,cat,True,correct
Birman_153,birman,cat,0.9,0.3161,birman,True,cat,True,correct
Birman_153,birman,cat,1.0,0.3337,birman,True,cat,True,correct
american_bulldog_103,american_bulldog,dog,0.0,0.0,american_bulldog,True,dog,True,correct
american_bulldog_103,american_bulldog,dog,0.1,0.0649,american_bulldog,True,dog,True,correct
american_bulldog_103,american_bulldog,dog,0.2,0.1687,american_bulldog,True,dog,True,correct
american_bulldog_103,american_bulldog,dog,0.3,0.2329,english_setter,False,dog,True,within_superclass
american_bulldog_103,american_bulldog,dog,0.4,0.4082,english_setter,False,dog,True,within_superclass
american_bulldog_103,american_bulldog,dog,0.5,0.4382,english_setter,False,dog,True,within_superclass
american_bulldog_103,american_bulldog,dog,0.6,0.4463,english_setter,False,dog,True,within_superclass
american_bulldog_103,american_bulldog,dog,0.7,0.4492,english_setter,False,dog,True,within_superclass
american_bulldog_103,american_bulldog,dog,0.8,0.4594,english_setter,False,dog,True,within_superclass
american_bulldog_103,american_bulldog,dog,0.9,0.4698,english_setter,False,dog,True,within_superclass
american_bulldog_103,american_bulldog,dog,1.0,0.4783,english_setter,False,dog,True,within_superclass
Egyptian_Mau_188,egyptian_mau,cat,0.0,0.0,bengal,False,cat,True,within_superclass
Egyptian_Mau_188,egyptian_mau,cat,0.1,0.1573,bengal,False,cat,True,within_superclass
Egyptian_Mau_188,egyptian_mau,cat,0.2,0.3961,egyptian_mau,True,cat,True,correct
Egyptian_Mau_188,egyptian_mau,cat,0.3,0.394,egyptian_mau,True,cat,True,correct
Egyptian_Mau_188,egyptian_mau,cat,0.4,0.3979,egyptian_mau,True,cat,True,correct
Egyptian_Mau_188,egyptian_mau,cat,0.5,0.4631,egyptian_mau,True,cat,True,correct
Egyptian_Mau_188,egyptian_mau,cat,0.6,0.5388,shiba_inu,False,cat,True,within_superclass
Egyptian_Mau_188,egyptian_mau,cat,0.7,0.5686,boxer,False,dog,False,cross_superclass
Egyptian_Mau_188,egyptian_mau,cat,0.8,0.582,boxer,False,dog,False,cross_superclass
Egyptian_Mau_188,egyptian_mau,cat,0.9,0.579,boxer,False,dog,False,cross_superclass
Egyptian_Mau_188,egyptian_mau,cat,1.0,0.5791,boxer,False,dog,False,cross_superclass
Sphynx_132,sphynx,cat,0.0,0.0,sphynx,True,cat,True,correct
Sphynx_132,sphynx,cat,0.1,0.0958,sphynx,True,cat,True,correct
Sphynx_132,sphynx,cat,0.2,0.2127,sphynx,True,cat,True,correct
Sphynx_132,sphynx,cat,0.3,0.2198,sphynx,True,cat,True,correct
Sphynx_132,sphynx,cat,0.4,0.2504,abyssinian,False,cat,True,within_superclass
Sphynx_132,sphynx,cat,0.5,0.2873,abyssinian,False,cat,True,within_superclass
Sphynx_132,sphynx,cat,0.6,0.3393,abyssinian,False,cat,True,within_superclass
Sphynx_132,sphynx,cat,0.7,0.3833,miniature_pinscher,False,dog,False,cross_superclass
Sphynx_132,sphynx,cat,0.8,0.4022,miniature_pinscher,False,dog,False,cross_superclass
Sphynx_132,sphynx,cat,0.9,0.4167,miniature_pinscher,False,dog,False,cross_superclass
Sphynx_132,sphynx,cat,1.0,0.4259,miniature_pinscher,False,dog,False,cross_superclass
Ragdoll_195,ragdoll,cat,0.0,0.0,birman,False,cat,True,within_superclass
Ragdoll_195,ragdoll,cat,0.1,0.1415,birman,False,cat,True,within_superclass
Ragdoll_195,ragdoll,cat,0.2,0.2535,birman,False,cat,True,within_superclass
Ragdoll_195,ragdoll,cat,0.3,0.2458,birman,False,cat,True,within_superclass
Ragdoll_195,ragdoll,cat,0.4,0.2861,birman,False,cat,True,within_superclass
Ragdoll_195,ragdoll,cat,0.5,0.3159,birman,False,cat,True,within_superclass
Ragdoll_195,ragdoll,cat,0.6,0.3535,birman,False,cat,True,within_superclass
Ragdoll_195,ragdoll,cat,0.7,0.3698,birman,False,cat,True,within_superclass
Ragdoll_195,ragdoll,cat,0.8,0.4009,birman,False,cat,True,within_superclass
Ragdoll_195,ragdoll,cat,0.9,0.4334,boxer,False,dog,False,cross_superclass
Ragdoll_195,ragdoll,cat,1.0,0.4607,boxer,False,dog,False,cross_superclass
saint_bernard_160,saint_bernard,dog,0.0,0.0,saint_bernard,True,dog,True,correct
saint_bernard_160,saint_bernard,dog,0.1,0.1048,saint_bernard,True,dog,True,correct
saint_bernard_160,saint_bernard,dog,0.2,0.2533,great_pyrenees,False,dog,True,within_superclass
saint_bernard_160,saint_bernard,dog,0.3,0.2288,great_pyrenees,False,dog,True,within_superclass
saint_bernard_160,saint_bernard,dog,0.4,0.2226,saint_bernard,True,dog,True,correct
saint_bernard_160,saint_bernard,dog,0.5,0.2564,english_setter,False,dog,True,within_superclass
saint_bernard_160,saint_bernard,dog,0.6,0.3939,english_setter,False,dog,True,within_superclass
saint_bernard_160,saint_bernard,dog,0.7,0.4247,great_pyrenees,False,dog,True,within_superclass
saint_bernard_160,saint_bernard,dog,0.8,0.4323,ragdoll,False,dog,True,within_superclass
saint_bernard_160,saint_bernard,dog,0.9,0.4391,ragdoll,False,dog,True,within_superclass
saint_bernard_160,saint_bernard,dog,1.0,0.4456,ragdoll,False,dog,True,within_superclass
Russian_Blue_152,russian_blue,cat,0.0,0.0,russian_blue,True,cat,True,correct
Russian_Blue_152,russian_blue,cat,0.1,0.0739,russian_blue,True,cat,True,correct
Russian_Blue_152,russian_blue,cat,0.2,0.154,egyptian_mau,False,cat,True,within_superclass
Russian_Blue_152,russian_blue,cat,0.3,0.1697,egyptian_mau,False,cat,True,within_superclass
Russian_Blue_152,russian_blue,cat,0.4,0.205,british_shorthair,False,cat,True,within_superclass
Russian_Blue_152,russian_blue,cat,0.5,0.2664,british_shorthair,False,cat,True,within_superclass
Russian_Blue_152,russian_blue,cat,0.6,0.3299,british_shorthair,False,cat,True,within_superclass
Russian_Blue_152,russian_blue,cat,0.7,0.3814,british_shorthair,False,dog,False,cross_superclass
Russian_Blue_152,russian_blue,cat,0.8,0.4237,british_shorthair,False,dog,False,cross_superclass
Russian_Blue_152,russian_blue,cat,0.9,0.4508,boxer,False,dog,False,cross_superclass
Russian_Blue_152,russian_blue,cat,1.0,0.4774,boxer,False,dog,False,cross_superclass
British_Shorthair_105,british_shorthair,cat,0.0,0.0,british_shorthair,True,cat,True,correct
British_Shorthair_105,british_shorthair,cat,0.1,0.1105,british_shorthair,True,cat,True,correct
British_Shorthair_105,british_shorthair,cat,0.2,0.1632,british_shorthair,True,cat,True,correct
British_Shorthair_105,british_shorthair,cat,0.3,0.1977,british_shorthair,True,cat,True,correct
British_Shorthair_105,british_shorthair,cat,0.4,0.2633,british_shorthair,True,cat,True,correct
British_Shorthair_105,british_shorthair,cat,0.5,0.3156,british_shorthair,True,cat,True,correct
British_Shorthair_105,british_shorthair,cat,0.6,0.3601,british_shorthair,True,cat,True,correct
British_Shorthair_105,british_shorthair,cat,0.7,0.4241,boxer,False,cat,True,within_superclass
British_Shorthair_105,british_shorthair,cat,0.8,0.4469,boxer,False,dog,False,cross_superclass
British_Shorthair_105,british_shorthair,cat,0.9,0.4559,boxer,False,dog,False,cross_superclass
British_Shorthair_105,british_shorthair,cat,1.0,0.4509,boxer,False,dog,False,cross_superclass
Russian_Blue_130,russian_blue,cat,0.0,0.0,russian_blue,True,cat,True,correct
Russian_Blue_130,russian_blue,cat,0.1,0.0765,russian_blue,True,cat,True,correct
Russian_Blue_130,russian_blue,cat,0.2,0.1361,british_shorthair,False,cat,True,within_superclass
Russian_Blue_130,russian_blue,cat,0.3,0.1317,british_shorthair,False,cat,True,within_superclass
Russian_Blue_130,russian_blue,cat,0.4,0.185,british_shorthair,False,cat,True,within_superclass
Russian_Blue_130,russian_blue,cat,0.5,0.2517,british_shorthair,False,cat,True,within_superclass
Russian_Blue_130,russian_blue,cat,0.6,0.3246,british_shorthair,False,cat,True,within_superclass
Russian_Blue_130,russian_blue,cat,0.7,0.393,british_shorthair,False,dog,False,cross_superclass
Russian_Blue_130,russian_blue,cat,0.8,0.4266,staffordshire_bull_terrier,False,dog,False,cross_superclass
Russian_Blue_130,russian_blue,cat,0.9,0.4422,staffordshire_bull_terrier,False,dog,False,cross_superclass
Russian_Blue_130,russian_blue,cat,1.0,0.4524,german_shorthaired,False,dog,False,cross_superclass
Sphynx_17,sphynx,cat,0.0,0.0,sphynx,True,cat,True,correct
Sphynx_17,sphynx,cat,0.1,0.0984,sphynx,True,cat,True,correct
Sphynx_17,sphynx,cat,0.2,0.2417,siamese,False,cat,True,within_superclass
Sphynx_17,sphynx,cat,0.3,0.3346,chihuahua,False,cat,True,within_superclass
Sphynx_17,sphynx,cat,0.4,0.3532,shiba_inu,False,cat,True,within_superclass
Sphynx_17,sphynx,cat,0.5,0.3748,shiba_inu,False,dog,False,cross_superclass
Sphynx_17,sphynx,cat,0.6,0.4004,boxer,False,dog,False,cross_superclass
Sphynx_17,sphynx,cat,0.7,0.4033,boxer,False,dog,False,cross_superclass
Sphynx_17,sphynx,cat,0.8,0.4023,boxer,False,dog,False,cross_superclass
Sphynx_17,sphynx,cat,0.9,0.4029,boxer,False,dog,False,cross_superclass
Sphynx_17,sphynx,cat,1.0,0.4077,boxer,False,dog,False,cross_superclass
miniature_pinscher_152,miniature_pinscher,dog,0.0,0.0,miniature_pinscher,True,dog,True,correct
miniature_pinscher_152,miniature_pinscher,dog,0.1,0.2552,miniature_pinscher,True,dog,True,correct
miniature_pinscher_152,miniature_pinscher,dog,0.2,0.3781,german_shorthaired,False,cat,False,cross_superclass
miniature_pinscher_152,miniature_pinscher,dog,0.3,0.4571,german_shorthaired,False,dog,True,within_superclass
miniature_pinscher_152,miniature_pinscher,dog,0.4,0.4798,german_shorthaired,False,dog,True,within_superclass
miniature_pinscher_152,miniature_pinscher,dog,0.5,0.497,british_shorthair,False,dog,True,within_superclass
miniature_pinscher_152,miniature_pinscher,dog,0.6,0.5061,british_shorthair,False,dog,True,within_superclass
miniature_pinscher_152,miniature_pinscher,dog,0.7,0.5147,british_shorthair,False,dog,True,within_superclass
miniature_pinscher_152,miniature_pinscher,dog,0.8,0.5228,british_shorthair,False,dog,True,within_superclass
miniature_pinscher_152,miniature_pinscher,dog,0.9,0.5269,british_shorthair,False,dog,True,within_superclass
miniature_pinscher_152,miniature_pinscher,dog,1.0,0.5372,british_shorthair,False,dog,True,within_superclass
Abyssinian_11,abyssinian,cat,0.0,0.0,abyssinian,True,cat,True,correct
Abyssinian_11,abyssinian,cat,0.1,0.2527,abyssinian,True,cat,True,correct
Abyssinian_11,abyssinian,cat,0.2,0.2704,abyssinian,True,cat,True,correct
Abyssinian_11,abyssinian,cat,0.3,0.3359,abyssinian,True,cat,True,correct
Abyssinian_11,abyssinian,cat,0.4,0.3842,abyssinian,True,cat,True,correct
Abyssinian_11,abyssinian,cat,0.5,0.4113,wheaten_terrier,False,cat,True,within_superclass
Abyssinian_11,abyssinian,cat,0.6,0.4232,yorkshire_terrier,False,cat,True,within_superclass
Abyssinian_11,abyssinian,cat,0.7,0.4285,yorkshire_terrier,False,cat,True,within_superclass
Abyssinian_11,abyssinian,cat,0.8,0.4347,persian,False,cat,True,within_superclass
Abyssinian_11,abyssinian,cat,0.9,0.448,persian,False,cat,True,within_superclass
Abyssinian_11,abyssinian,cat,1.0,0.4609,persian,False,cat,True,within_superclass
wheaten_terrier_132,wheaten_terrier,dog,0.0,0.0,wheaten_terrier,True,dog,True,correct
wheaten_terrier_132,wheaten_terrier,dog,0.1,0.1072,wheaten_terrier,True,dog,True,correct
wheaten_terrier_132,wheaten_terrier,dog,0.2,0.256,great_pyrenees,False,dog,True,within_superclass
wheaten_terrier_132,wheaten_terrier,dog,0.3,0.2167,wheaten_terrier,True,dog,True,correct
wheaten_terrier_132,wheaten_terrier,dog,0.4,0.2295,english_setter,False,dog,True,within_superclass
wheaten_terrier_132,wheaten_terrier,dog,0.5,0.2859,english_setter,False,dog,True,within_superclass
wheaten_terrier_132,wheaten_terrier,dog,0.6,0.3551,english_setter,False,dog,True,within_superclass
wheaten_terrier_132,wheaten_terrier,dog,0.7,0.4368,english_setter,False,dog,True,within_superclass
wheaten_terrier_132,wheaten_terrier,dog,0.8,0.462,english_setter,False,dog,True,within_superclass
wheaten_terrier_132,wheaten_terrier,dog,0.9,0.4684,english_setter,False,dog,True,within_superclass
wheaten_terrier_132,wheaten_terrier,dog,1.0,0.4868,english_setter,False,dog,True,within_superclass
american_pit_bull_terrier_179,american_pit_bull_terrier,dog,0.0,0.0,boxer,False,dog,True,within_superclass
american_pit_bull_terrier_179,american_pit_bull_terrier,dog,0.1,0.2199,boxer,False,dog,True,within_superclass
american_pit_bull_terrier_179,american_pit_bull_terrier,dog,0.2,0.2008,staffordshire_bull_terrier,False,dog,True,within_superclass
american_pit_bull_terrier_179,american_pit_bull_terrier,dog,0.3,0.2285,miniature_pinscher,False,dog,True,within_superclass
american_pit_bull_terrier_179,american_pit_bull_terrier,dog,0.4,0.3439,miniature_pinscher,False,dog,True,within_superclass
american_pit_bull_terrier_179,american_pit_bull_terrier,dog,0.5,0.4921,miniature_pinscher,False,dog,True,within_superclass
american_pit_bull_terrier_179,american_pit_bull_terrier,dog,0.6,0.5244,boxer,False,dog,True,within_superclass
american_pit_bull_terrier_179,american_pit_bull_terrier,dog,0.7,0.5407,boxer,False,dog,True,within_superclass
american_pit_bull_terrier_179,american_pit_bull_terrier,dog,0.8,0.5479,boxer,False,dog,True,within_superclass
american_pit_bull_terrier_179,american_pit_bull_terrier,dog,0.9,0.548,boxer,False,dog,True,within_superclass
american_pit_bull_terrier_179,american_pit_bull_terrier,dog,1.0,0.558,bombay,False,dog,True,within_superclass
samoyed_178,samoyed,dog,0.0,0.0,samoyed,True,dog,True,correct
samoyed_178,samoyed,dog,0.1,0.0982,samoyed,True,dog,True,correct
samoyed_178,samoyed,dog,0.2,0.1905,samoyed,True,dog,True,correct
samoyed_178,samoyed,dog,0.3,0.2151,great_pyrenees,False,dog,True,within_superclass
samoyed_178,samoyed,dog,0.4,0.29,great_pyrenees,False,dog,True,within_superclass
samoyed_178,samoyed,dog,0.5,0.3738,great_pyrenees,False,dog,True,within_superclass
samoyed_178,samoyed,dog,0.6,0.4026,great_pyrenees,False,dog,True,within_superclass
samoyed_178,samoyed,dog,0.7,0.4254,american_bulldog,False,dog,True,within_superclass
samoyed_178,samoyed,dog,0.8,0.4419,american_bulldog,False,dog,True,within_superclass
samoyed_178,samoyed,dog,0.9,0.4576,boxer,False,dog,True,within_superclass
samoyed_178,samoyed,dog,1.0,0.4706,boxer,False,dog,True,within_superclass
pomeranian_157,pomeranian,dog,0.0,0.0,pomeranian,True,dog,True,correct
pomeranian_157,pomeranian,dog,0.1,0.1991,pomeranian,True,dog,True,correct
pomeranian_157,pomeranian,dog,0.2,0.2196,shiba_inu,False,dog,True,within_superclass
pomeranian_157,pomeranian,dog,0.3,0.3025,shiba_inu,False,cat,False,cross_superclass
pomeranian_157,pomeranian,dog,0.4,0.3813,boxer,False,dog,True,within_superclass
pomeranian_157,pomeranian,dog,0.5,0.402,boxer,False,dog,True,within_superclass
pomeranian_157,pomeranian,dog,0.6,0.4139,boxer,False,dog,True,within_superclass
pomeranian_157,pomeranian,dog,0.7,0.4173,boxer,False,dog,True,within_superclass
pomeranian_157,pomeranian,dog,0.8,0.4307,boxer,False,dog,True,within_superclass
pomeranian_157,pomeranian,dog,0.9,0.4459,boxer,False,dog,True,within_superclass
pomeranian_157,pomeranian,dog,1.0,0.4518,boxer,False,dog,True,within_superclass
Bombay_148,bombay,cat,0.0,0.0,persian,False,cat,True,within_superclass
Bombay_148,bombay,cat,0.1,0.157,persian,False,cat,True,within_superclass
Bombay_148,bombay,cat,0.2,0.2971,persian,False,cat,True,within_superclass
Bombay_148,bombay,cat,0.3,0.2923,miniature_pinscher,False,dog,False,cross_superclass
Bombay_148,bombay,cat,0.4,0.3055,miniature_pinscher,False,dog,False,cross_superclass
Bombay_148,bombay,cat,0.5,0.339,staffordshire_bull_terrier,False,dog,False,cross_superclass
Bombay_148,bombay,cat,0.6,0.3671,staffordshire_bull_terrier,False,dog,False,cross_superclass
Bombay_148,bombay,cat,0.7,0.4043,staffordshire_bull_terrier,False,dog,False,cross_superclass
Bombay_148,bombay,cat,0.8,0.4386,scottish_terrier,False,dog,False,cross_superclass
Bombay_148,bombay,cat,0.9,0.4795,scottish_terrier,False,dog,False,cross_superclass
Bombay_148,bombay,cat,1.0,0.5121,newfoundland,False,dog,False,cross_superclass
newfoundland_184,newfoundland,dog,0.0,0.0,newfoundland,True,dog,True,correct
newfoundland_184,newfoundland,dog,0.1,0.1311,newfoundland,True,dog,True,correct
newfoundland_184,newfoundland,dog,0.2,0.2264,newfoundland,True,dog,True,correct
newfoundland_184,newfoundland,dog,0.3,0.2698,newfoundland,True,dog,True,correct
newfoundland_184,newfoundland,dog,0.4,0.3599,newfoundland,True,dog,True,correct
newfoundland_184,newfoundland,dog,0.5,0.4255,staffordshire_bull_terrier,False,dog,True,within_superclass
newfoundland_184,newfoundland,dog,0.6,0.4376,staffordshire_bull_terrier,False,dog,True,within_superclass
newfoundland_184,newfoundland,dog,0.7,0.4342,english_cocker_spaniel,False,dog,True,within_superclass
newfoundland_184,newfoundland,dog,0.8,0.4678,staffordshire_bull_terrier,False,dog,True,within_superclass
newfoundland_184,newfoundland,dog,0.9,0.5103,pug,False,dog,True,within_superclass
newfoundland_184,newfoundland,dog,1.0,0.5374,pug,False,dog,True,within_superclass
basset_hound_158,basset_hound,dog,0.0,0.0,basset_hound,True,dog,True,correct
basset_hound_158,basset_hound,dog,0.1,0.0911,basset_hound,True,dog,True,correct
basset_hound_158,basset_hound,dog,0.2,0.1563,basset_hound,True,dog,True,correct
basset_hound_158,basset_hound,dog,0.3,0.2243,american_bulldog,False,dog,True,within_superclass
basset_hound_158,basset_hound,dog,0.4,0.3032,american_bulldog,False,cat,False,cross_superclass
basset_hound_158,basset_hound,dog,0.5,0.3388,japanese_chin,False,cat,False,cross_superclass
basset_hound_158,basset_hound,dog,0.6,0.3708,japanese_chin,False,cat,False,cross_superclass
basset_hound_158,basset_hound,dog,0.7,0.4001,shiba_inu,False,dog,True,within_superclass
basset_hound_158,basset_hound,dog,0.8,0.4258,shiba_inu,False,dog,True,within_superclass
basset_hound_158,basset_hound,dog,0.9,0.4506,miniature_pinscher,False,dog,True,within_superclass
basset_hound_158,basset_hound,dog,1.0,0.4714,miniature_pinscher,False,dog,True,within_superclass
scottish_terrier_120,scottish_terrier,dog,0.0,0.0,scottish_terrier,True,dog,True,correct
scottish_terrier_120,scottish_terrier,dog,0.1,0.0426,scottish_terrier,True,dog,True,correct
scottish_terrier_120,scottish_terrier,dog,0.2,0.2037,scottish_terrier,True,dog,True,correct
scottish_terrier_120,scottish_terrier,dog,0.3,0.2475,scottish_terrier,True,cat,False,correct
scottish_terrier_120,scottish_terrier,dog,0.4,0.2839,scottish_terrier,True,cat,False,correct
scottish_terrier_120,scottish_terrier,dog,0.5,0.3101,scottish_terrier,True,cat,False,correct
scottish_terrier_120,scottish_terrier,dog,0.6,0.3355,scottish_terrier,True,cat,False,correct
scottish_terrier_120,scottish_terrier,dog,0.7,0.364,scottish_terrier,True,cat,False,correct
scottish_terrier_120,scottish_terrier,dog,0.8,0.3968,scottish_terrier,True,cat,False,correct
scottish_terrier_120,scottish_terrier,dog,0.9,0.4164,british_shorthair,False,cat,False,cross_superclass
scottish_terrier_120,scottish_terrier,dog,1.0,0.4407,british_shorthair,False,cat,False,cross_superclass
saint_bernard_105,saint_bernard,dog,0.0,0.0,saint_bernard,True,dog,True,correct
saint_bernard_105,saint_bernard,dog,0.1,0.0769,saint_bernard,True,dog,True,correct
saint_bernard_105,saint_bernard,dog,0.2,0.2159,saint_bernard,True,dog,True,correct
saint_bernard_105,saint_bernard,dog,0.3,0.2604,saint_bernard,True,dog,True,correct
saint_bernard_105,saint_bernard,dog,0.4,0.2838,saint_bernard,True,dog,True,correct
saint_bernard_105,saint_bernard,dog,0.5,0.3295,saint_bernard,True,dog,True,correct
saint_bernard_105,saint_bernard,dog,0.6,0.3423,saint_bernard,True,dog,True,correct
saint_bernard_105,saint_bernard,dog,0.7,0.3707,saint_bernard,True,dog,True,correct
saint_bernard_105,saint_bernard,dog,0.8,0.3829,shiba_inu,False,dog,True,within_superclass
saint_bernard_105,saint_bernard,dog,0.9,0.3827,saint_bernard,True,dog,True,correct
saint_bernard_105,saint_bernard,dog,1.0,0.3858,saint_bernard,True,dog,True,correct
american_bulldog_105,american_bulldog,dog,0.0,0.0,american_bulldog,True,dog,True,correct
american_bulldog_105,american_bulldog,dog,0.1,0.0748,american_bulldog,True,dog,True,correct
american_bulldog_105,american_bulldog,dog,0.2,0.1514,american_bulldog,True,dog,True,correct
american_bulldog_105,american_bulldog,dog,0.3,0.1647,american_bulldog,True,dog,True,correct
american_bulldog_105,american_bulldog,dog,0.4,0.2113,american_bulldog,True,dog,True,correct
american_bulldog_105,american_bulldog,dog,0.5,0.3022,beagle,False,dog,True,within_superclass
american_bulldog_105,american_bulldog,dog,0.6,0.3593,beagle,False,dog,True,within_superclass
american_bulldog_105,american_bulldog,dog,0.7,0.4059,miniature_pinscher,False,dog,True,within_superclass
american_bulldog_105,american_bulldog,dog,0.8,0.4658,yorkshire_terrier,False,dog,True,within_superclass
american_bulldog_105,american_bulldog,dog,0.9,0.5057,yorkshire_terrier,False,dog,True,within_superclass
american_bulldog_105,american_bulldog,dog,1.0,0.5234,yorkshire_terrier,False,dog,True,within_superclass
British_Shorthair_124,british_shorthair,cat,0.0,0.0,british_shorthair,True,cat,True,correct
British_Shorthair_124,british_shorthair,cat,0.1,0.1061,british_shorthair,True,cat,True,correct
British_Shorthair_124,british_shorthair,cat,0.2,0.2739,egyptian_mau,False,cat,True,within_superclass
British_Shorthair_124,british_shorthair,cat,0.3,0.2365,british_shorthair,True,cat,True,correct
British_Shorthair_124,british_shorthair,cat,0.4,0.2528,egyptian_mau,False,cat,True,within_superclass
British_Shorthair_124,british_shorthair,cat,0.5,0.3039,egyptian_mau,False,cat,True,within_superclass
British_Shorthair_124,british_shorthair,cat,0.6,0.3715,egyptian_mau,False,cat,True,within_superclass
British_Shorthair_124,british_shorthair,cat,0.7,0.4132,british_shorthair,True,cat,True,correct
British_Shorthair_124,british_shorthair,cat,0.8,0.4337,british_shorthair,True,cat,True,correct
British_Shorthair_124,british_shorthair,cat,0.9,0.4463,british_shorthair,True,cat,True,correct
British_Shorthair_124,british_shorthair,cat,1.0,0.4586,british_shorthair,True,cat,True,correct
yorkshire_terrier_115,yorkshire_terrier,dog,0.0,0.0,yorkshire_terrier,True,dog,True,correct
yorkshire_terrier_115,yorkshire_terrier,dog,0.1,0.1924,yorkshire_terrier,True,dog,True,correct
yorkshire_terrier_115,yorkshire_terrier,dog,0.2,0.2489,miniature_pinscher,False,dog,True,within_superclass
yorkshire_terrier_115,yorkshire_terrier,dog,0.3,0.3417,miniature_pinscher,False,dog,True,within_superclass
yorkshire_terrier_115,yorkshire_terrier,dog,0.4,0.4129,miniature_pinscher,False,dog,True,within_superclass
yorkshire_terrier_115,yorkshire_terrier,dog,0.5,0.4644,miniature_pinscher,False,dog,True,within_superclass
yorkshire_terrier_115,yorkshire_terrier,dog,0.6,0.4805,japanese_chin,False,dog,True,within_superclass
yorkshire_terrier_115,yorkshire_terrier,dog,0.7,0.4917,japanese_chin,False,dog,True,within_superclass
yorkshire_terrier_115,yorkshire_terrier,dog,0.8,0.5019,japanese_chin,False,dog,True,within_superclass
yorkshire_terrier_115,yorkshire_terrier,dog,0.9,0.5139,british_shorthair,False,dog,True,within_superclass
yorkshire_terrier_115,yorkshire_terrier,dog,1.0,0.5139,british_shorthair,False,cat,False,cross_superclass
saint_bernard_141,saint_bernard,dog,0.0,0.0,saint_bernard,True,dog,True,correct
saint_bernard_141,saint_bernard,dog,0.1,0.1024,saint_bernard,True,dog,True,correct
saint_bernard_141,saint_bernard,dog,0.2,0.2192,saint_bernard,True,dog,True,correct
saint_bernard_141,saint_bernard,dog,0.3,0.2272,saint_bernard,True,dog,True,correct
saint_bernard_141,saint_bernard,dog,0.4,0.2775,saint_bernard,True,dog,True,correct
saint_bernard_141,saint_bernard,dog,0.5,0.384,staffordshire_bull_terrier,False,dog,True,within_superclass
saint_bernard_141,saint_bernard,dog,0.6,0.4788,staffordshire_bull_terrier,False,dog,True,within_superclass
saint_bernard_141,saint_bernard,dog,0.7,0.5132,boxer,False,dog,True,within_superclass
saint_bernard_141,saint_bernard,dog,0.8,0.5327,boxer,False,dog,True,within_superclass
saint_bernard_141,saint_bernard,dog,0.9,0.5531,boxer,False,dog,True,within_superclass
saint_bernard_141,saint_bernard,dog,1.0,0.5684,boxer,False,dog,True,within_superclass
Bombay_115,bombay,cat,0.0,0.0,russian_blue,False,cat,True,within_superclass
Bombay_115,bombay,cat,0.1,0.0751,russian_blue,False,cat,True,within_superclass
Bombay_115,bombay,cat,0.2,0.1559,russian_blue,False,cat,True,within_superclass
Bombay_115,bombay,cat,0.3,0.145,siamese,False,cat,True,within_superclass
Bombay_115,bombay,cat,0.4,0.1729,british_shorthair,False,cat,True,within_superclass
Bombay_115,bombay,cat,0.5,0.2186,british_shorthair,False,cat,True,within_superclass
Bombay_115,bombay,cat,0.6,0.2672,british_shorthair,False,cat,True,within_superclass
Bombay_115,bombay,cat,0.7,0.2927,british_shorthair,False,cat,True,within_superclass
Bombay_115,bombay,cat,0.8,0.3197,british_shorthair,False,cat,True,within_superclass
Bombay_115,bombay,cat,0.9,0.3417,british_shorthair,False,cat,True,within_superclass
Bombay_115,bombay,cat,1.0,0.3606,british_shorthair,False,cat,True,within_superclass
pug_115,pug,dog,0.0,0.0,pug,True,dog,True,correct
pug_115,pug,dog,0.1,0.0905,pug,True,dog,True,correct
pug_115,pug,dog,0.2,0.203,pug,True,dog,True,correct
pug_115,pug,dog,0.3,0.2109,pug,True,dog,True,correct
pug_115,pug,dog,0.4,0.224,pug,True,dog,True,correct
pug_115,pug,dog,0.5,0.3069,pug,True,dog,True,correct
pug_115,pug,dog,0.6,0.3853,pug,True,dog,True,correct
pug_115,pug,dog,0.7,0.4271,staffordshire_bull_terrier,False,dog,True,within_superclass
pug_115,pug,dog,0.8,0.458,german_shorthaired,False,dog,True,within_superclass
pug_115,pug,dog,0.9,0.4887,german_shorthaired,False,dog,True,within_superclass
pug_115,pug,dog,1.0,0.5077,german_shorthaired,False,dog,True,within_superclass
keeshond_18,keeshond,dog,0.0,0.0,keeshond,True,dog,True,correct
keeshond_18,keeshond,dog,0.1,0.0891,keeshond,True,dog,True,correct
keeshond_18,keeshond,dog,0.2,0.2122,keeshond,True,dog,True,correct
keeshond_18,keeshond,dog,0.3,0.1646,keeshond,True,dog,True,correct
keeshond_18,keeshond,dog,0.4,0.1947,keeshond,True,dog,True,correct
keeshond_18,keeshond,dog,0.5,0.2386,keeshond,True,dog,True,correct
keeshond_18,keeshond,dog,0.6,0.2659,keeshond,True,dog,True,correct
keeshond_18,keeshond,dog,0.7,0.2979,newfoundland,False,dog,True,within_superclass
keeshond_18,keeshond,dog,0.8,0.3212,newfoundland,False,dog,True,within_superclass
keeshond_18,keeshond,dog,0.9,0.3424,newfoundland,False,dog,True,within_superclass
keeshond_18,keeshond,dog,1.0,0.3801,newfoundland,False,dog,True,within_superclass
english_cocker_spaniel_188,english_cocker_spaniel,dog,0.0,0.0,english_cocker_spaniel,True,dog,True,correct
english_cocker_spaniel_188,english_cocker_spaniel,dog,0.1,0.1289,english_cocker_spaniel,True,dog,True,correct
english_cocker_spaniel_188,english_cocker_spaniel,dog,0.2,0.2891,havanese,False,dog,True,within_superclass
english_cocker_spaniel_188,english_cocker_spaniel,dog,0.3,0.2743,shiba_inu,False,dog,True,within_superclass
english_cocker_spaniel_188,english_cocker_spaniel,dog,0.4,0.3544,shiba_inu,False,dog,True,within_superclass
english_cocker_spaniel_188,english_cocker_spaniel,dog,0.5,0.3984,shiba_inu,False,dog,True,within_superclass
english_cocker_spaniel_188,english_cocker_spaniel,dog,0.6,0.4632,shiba_inu,False,dog,True,within_superclass
english_cocker_spaniel_188,english_cocker_spaniel,dog,0.7,0.5048,shiba_inu,False,dog,True,within_superclass
english_cocker_spaniel_188,english_cocker_spaniel,dog,0.8,0.5175,shiba_inu,False,cat,False,cross_superclass
english_cocker_spaniel_188,english_cocker_spaniel,dog,0.9,0.5191,shiba_inu,False,cat,False,cross_superclass
english_cocker_spaniel_188,english_cocker_spaniel,dog,1.0,0.5236,miniature_pinscher,False,cat,False,cross_superclass
samoyed_138,samoyed,dog,0.0,0.0,samoyed,True,dog,True,correct
samoyed_138,samoyed,dog,0.1,0.153,samoyed,True,dog,True,correct
samoyed_138,samoyed,dog,0.2,0.3138,samoyed,True,dog,True,correct
samoyed_138,samoyed,dog,0.3,0.3407,pomeranian,False,dog,True,within_superclass
samoyed_138,samoyed,dog,0.4,0.3441,pomeranian,False,dog,True,within_superclass
samoyed_138,samoyed,dog,0.5,0.3487,pomeranian,False,dog,True,within_superclass
samoyed_138,samoyed,dog,0.6,0.3624,pomeranian,False,dog,True,within_superclass
samoyed_138,samoyed,dog,0.7,0.38,pomeranian,False,dog,True,within_superclass
samoyed_138,samoyed,dog,0.8,0.3864,pomeranian,False,dog,True,within_superclass
samoyed_138,samoyed,dog,0.9,0.4037,pomeranian,False,dog,True,within_superclass
samoyed_138,samoyed,dog,1.0,0.4083,pomeranian,False,dog,True,within_superclass
leonberger_171,leonberger,dog,0.0,0.0,leonberger,True,dog,True,correct
leonberger_171,leonberger,dog,0.1,0.0832,leonberger,True,dog,True,correct
leonberger_171,leonberger,dog,0.2,0.1633,leonberger,True,dog,True,correct
leonberger_171,leonberger,dog,0.3,0.1885,leonberger,True,dog,True,correct
leonberger_171,leonberger,dog,0.4,0.2508,leonberger,True,dog,True,correct
leonberger_171,leonberger,dog,0.5,0.2895,pug,False,dog,True,within_superclass
leonberger_171,leonberger,dog,0.6,0.3159,pug,False,dog,True,within_superclass
leonberger_171,leonberger,dog,0.7,0.3328,pug,False,dog,True,within_superclass
leonberger_171,leonberger,dog,0.8,0.3419,pug,False,dog,True,within_superclass
leonberger_171,leonberger,dog,0.9,0.3386,pug,False,dog,True,within_superclass
leonberger_171,leonberger,dog,1.0,0.3432,pug,False,dog,True,within_superclass
chihuahua_171,chihuahua,dog,0.0,0.0,miniature_pinscher,False,dog,True,within_superclass
chihuahua_171,chihuahua,dog,0.1,0.1373,miniature_pinscher,False,dog,True,within_superclass
chihuahua_171,chihuahua,dog,0.2,0.2323,miniature_pinscher,False,dog,True,within_superclass
chihuahua_171,chihuahua,dog,0.3,0.2506,miniature_pinscher,False,dog,True,within_superclass
chihuahua_171,chihuahua,dog,0.4,0.3229,miniature_pinscher,False,dog,True,within_superclass
chihuahua_171,chihuahua,dog,0.5,0.3736,miniature_pinscher,False,dog,True,within_superclass
chihuahua_171,chihuahua,dog,0.6,0.4094,miniature_pinscher,False,dog,True,within_superclass
chihuahua_171,chihuahua,dog,0.7,0.4515,miniature_pinscher,False,dog,True,within_superclass
chihuahua_171,chihuahua,dog,0.8,0.476,miniature_pinscher,False,dog,True,within_superclass
chihuahua_171,chihuahua,dog,0.9,0.4853,miniature_pinscher,False,dog,True,within_superclass
chihuahua_171,chihuahua,dog,1.0,0.4889,miniature_pinscher,False,dog,True,within_superclass
newfoundland_129,newfoundland,dog,0.0,0.0,newfoundland,True,dog,True,correct
newfoundland_129,newfoundland,dog,0.1,0.0959,newfoundland,True,dog,True,correct
newfoundland_129,newfoundland,dog,0.2,0.1888,leonberger,False,dog,True,within_superclass
newfoundland_129,newfoundland,dog,0.3,0.2897,leonberger,False,dog,True,within_superclass
newfoundland_129,newfoundland,dog,0.4,0.2826,leonberger,False,dog,True,within_superclass
newfoundland_129,newfoundland,dog,0.5,0.2864,pomeranian,False,dog,True,within_superclass
newfoundland_129,newfoundland,dog,0.6,0.3063,pomeranian,False,dog,True,within_superclass
newfoundland_129,newfoundland,dog,0.7,0.3423,pomeranian,False,dog,True,within_superclass
newfoundland_129,newfoundland,dog,0.8,0.3844,pomeranian,False,dog,True,within_superclass
newfoundland_129,newfoundland,dog,0.9,0.4088,pomeranian,False,dog,True,within_superclass
newfoundland_129,newfoundland,dog,1.0,0.4241,yorkshire_terrier,False,dog,True,within_superclass
keeshond_141,keeshond,dog,0.0,0.0,keeshond,True,dog,True,correct
keeshond_141,keeshond,dog,0.1,0.1116,keeshond,True,dog,True,correct
keeshond_141,keeshond,dog,0.2,0.2393,keeshond,True,dog,True,correct
keeshond_141,keeshond,dog,0.3,0.2074,keeshond,True,dog,True,correct
keeshond_141,keeshond,dog,0.4,0.2312,keeshond,True,dog,True,correct
keeshond_141,keeshond,dog,0.5,0.2676,keeshond,True,dog,True,correct
keeshond_141,keeshond,dog,0.6,0.3146,great_pyrenees,False,dog,True,within_superclass
keeshond_141,keeshond,dog,0.7,0.3727,great_pyrenees,False,dog,True,within_superclass
keeshond_141,keeshond,dog,0.8,0.4108,great_pyrenees,False,dog,True,within_superclass
keeshond_141,keeshond,dog,0.9,0.4312,great_pyrenees,False,dog,True,within_superclass
keeshond_141,keeshond,dog,1.0,0.4462,great_pyrenees,False,dog,True,within_superclass
leonberger_124,leonberger,dog,0.0,0.0,leonberger,True,dog,True,correct
leonberger_124,leonberger,dog,0.1,0.1377,keeshond,False,dog,True,within_superclass
leonberger_124,leonberger,dog,0.2,0.226,keeshond,False,dog,True,within_superclass
leonberger_124,leonberger,dog,0.3,0.2796,leonberger,True,dog,True,correct
leonberger_124,leonberger,dog,0.4,0.3929,pomeranian,False,dog,True,within_superclass
leonberger_124,leonberger,dog,0.5,0.4685,havanese,False,dog,True,within_superclass
leonberger_124,leonberger,dog,0.6,0.4789,havanese,False,dog,True,within_superclass
leonberger_124,leonberger,dog,0.7,0.4772,havanese,False,dog,True,within_superclass
leonberger_124,leonberger,dog,0.8,0.4626,havanese,False,dog,True,within_superclass
leonberger_124,leonberger,dog,0.9,0.4481,havanese,False,dog,True,within_superclass
leonberger_124,leonberger,dog,1.0,0.4331,havanese,False,dog,True,within_superclass
saint_bernard_178,saint_bernard,dog,0.0,0.0,saint_bernard,True,dog,True,correct
saint_bernard_178,saint_bernard,dog,0.1,0.0638,saint_bernard,True,dog,True,correct
saint_bernard_178,saint_bernard,dog,0.2,0.1843,saint_bernard,True,dog,True,correct
saint_bernard_178,saint_bernard,dog,0.3,0.207,saint_bernard,True,dog,True,correct
saint_bernard_178,saint_bernard,dog,0.4,0.1838,saint_bernard,True,dog,True,correct
saint_bernard_178,saint_bernard,dog,0.5,0.2193,saint_bernard,True,dog,True,correct
saint_bernard_178,saint_bernard,dog,0.6,0.2758,english_setter,False,dog,True,within_superclass
saint_bernard_178,saint_bernard,dog,0.7,0.3149,japanese_chin,False,dog,True,within_superclass
saint_bernard_178,saint_bernard,dog,0.8,0.3142,japanese_chin,False,dog,True,within_superclass
saint_bernard_178,saint_bernard,dog,0.9,0.3002,japanese_chin,False,dog,True,within_superclass
saint_bernard_178,saint_bernard,dog,1.0,0.3073,japanese_chin,False,dog,True,within_superclass
saint_bernard_146,saint_bernard,dog,0.0,0.0,saint_bernard,True,dog,True,correct
saint_bernard_146,saint_bernard,dog,0.1,0.1064,saint_bernard,True,dog,True,correct
saint_bernard_146,saint_bernard,dog,0.2,0.2776,saint_bernard,True,dog,True,correct
saint_bernard_146,saint_bernard,dog,0.3,0.2819,saint_bernard,True,dog,True,correct
saint_bernard_146,saint_bernard,dog,0.4,0.2774,newfoundland,False,dog,True,within_superclass
saint_bernard_146,saint_bernard,dog,0.5,0.3596,newfoundland,False,dog,True,within_superclass
saint_bernard_146,saint_bernard,dog,0.6,0.4354,miniature_pinscher,False,dog,True,within_superclass
saint_bernard_146,saint_bernard,dog,0.7,0.4861,miniature_pinscher,False,dog,True,within_superclass
saint_bernard_146,saint_bernard,dog,0.8,0.5083,miniature_pinscher,False,dog,True,within_superclass
saint_bernard_146,saint_bernard,dog,0.9,0.5145,boxer,False,dog,True,within_superclass
saint_bernard_146,saint_bernard,dog,1.0,0.5206,boxer,False,dog,True,within_superclass
english_setter_115,english_setter,dog,0.0,0.0,havanese,False,dog,True,within_superclass
english_setter_115,english_setter,dog,0.1,0.13,havanese,False,dog,True,within_superclass
english_setter_115,english_setter,dog,0.2,0.1691,great_pyrenees,False,dog,True,within_superclass
english_setter_115,english_setter,dog,0.3,0.1887,english_setter,True,dog,True,correct
english_setter_115,english_setter,dog,0.4,0.2229,english_setter,True,dog,True,correct
english_setter_115,english_setter,dog,0.5,0.2675,english_setter,True,dog,True,correct
english_setter_115,english_setter,dog,0.6,0.3538,english_setter,True,dog,True,correct
english_setter_115,english_setter,dog,0.7,0.4268,great_pyrenees,False,dog,True,within_superclass
english_setter_115,english_setter,dog,0.8,0.4467,great_pyrenees,False,dog,True,within_superclass
english_setter_115,english_setter,dog,0.9,0.4476,great_pyrenees,False,dog,True,within_superclass
english_setter_115,english_setter,dog,1.0,0.4523,great_pyrenees,False,dog,True,within_superclass
pomeranian_123,pomeranian,dog,0.0,0.0,pomeranian,True,dog,True,correct
pomeranian_123,pomeranian,dog,0.1,0.19,pomeranian,True,dog,True,correct
pomeranian_123,pomeranian,dog,0.2,0.233,pomeranian,True,dog,True,correct
pomeranian_123,pomeranian,dog,0.3,0.3135,pomeranian,True,dog,True,correct
pomeranian_123,pomeranian,dog,0.4,0.3717,pomeranian,True,dog,True,correct
pomeranian_123,pomeranian,dog,0.5,0.4251,yorkshire_terrier,False,cat,False,cross_superclass
pomeranian_123,pomeranian,dog,0.6,0.491,yorkshire_terrier,False,dog,True,within_superclass
pomeranian_123,pomeranian,dog,0.7,0.5466,newfoundland,False,dog,True,within_superclass
pomeranian_123,pomeranian,dog,0.8,0.5694,newfoundland,False,dog,True,within_superclass
pomeranian_123,pomeranian,dog,0.9,0.5624,boxer,False,dog,True,within_superclass
pomeranian_123,pomeranian,dog,1.0,0.5605,boxer,False,dog,True,within_superclass
Bengal_112,bengal,cat,0.0,0.0,bengal,True,cat,True,correct
Bengal_112,bengal,cat,0.1,0.093,bengal,True,cat,True,correct
Bengal_112,bengal,cat,0.2,0.2673,egyptian_mau,False,cat,True,within_superclass
Bengal_112,bengal,cat,0.3,0.249,egyptian_mau,False,cat,True,within_superclass
Bengal_112,bengal,cat,0.4,0.2606,abyssinian,False,cat,True,within_superclass
Bengal_112,bengal,cat,0.5,0.2842,abyssinian,False,cat,True,within_superclass
Bengal_112,bengal,cat,0.6,0.3232,british_shorthair,False,cat,True,within_superclass
Bengal_112,bengal,cat,0.7,0.3949,british_shorthair,False,cat,True,within_superclass
Bengal_112,bengal,cat,0.8,0.435,staffordshire_bull_terrier,False,dog,False,cross_superclass
Bengal_112,bengal,cat,0.9,0.4312,staffordshire_bull_terrier,False,dog,False,cross_superclass
Bengal_112,bengal,cat,1.0,0.4351,staffordshire_bull_terrier,False,dog,False,cross_superclass
english_setter_158,english_setter,dog,0.0,0.0,english_setter,True,dog,True,correct
english_setter_158,english_setter,dog,0.1,0.0998,german_shorthaired,False,dog,True,within_superclass
english_setter_158,english_setter,dog,0.2,0.3327,saint_bernard,False,cat,False,cross_superclass
english_setter_158,english_setter,dog,0.3,0.3551,newfoundland,False,cat,False,cross_superclass
english_setter_158,english_setter,dog,0.4,0.364,japanese_chin,False,dog,True,within_superclass
english_setter_158,english_setter,dog,0.5,0.3337,japanese_chin,False,dog,True,within_superclass
english_setter_158,english_setter,dog,0.6,0.3359,staffordshire_bull_terrier,False,dog,True,within_superclass
english_setter_158,english_setter,dog,0.7,0.3506,staffordshire_bull_terrier,False,dog,True,within_superclass
english_setter_158,english_setter,dog,0.8,0.3946,yorkshire_terrier,False,dog,True,within_superclass
english_setter_158,english_setter,dog,0.9,0.4265,boxer,False,dog,True,within_superclass
english_setter_158,english_setter,dog,1.0,0.4394,boxer,False,dog,True,within_superclass
Ragdoll_119,ragdoll,cat,0.0,0.0,birman,False,cat,True,within_superclass
Ragdoll_119,ragdoll,cat,0.1,0.0938,birman,False,cat,True,within_superclass
Ragdoll_119,ragdoll,cat,0.2,0.2151,birman,False,cat,True,within_superclass
Ragdoll_119,ragdoll,cat,0.3,0.3343,birman,False,cat,True,within_superclass
Ragdoll_119,ragdoll,cat,0.4,0.4372,japanese_chin,False,cat,True,within_superclass
Ragdoll_119,ragdoll,cat,0.5,0.4901,japanese_chin,False,dog,False,cross_superclass
Ragdoll_119,ragdoll,cat,0.6,0.5129,boxer,False,dog,False,cross_superclass
Ragdoll_119,ragdoll,cat,0.7,0.5263,boxer,False,dog,False,cross_superclass
Ragdoll_119,ragdoll,cat,0.8,0.5316,boxer,False,dog,False,cross_superclass
Ragdoll_119,ragdoll,cat,0.9,0.5386,boxer,False,dog,False,cross_superclass
Ragdoll_119,ragdoll,cat,1.0,0.5511,boxer,False,dog,False,cross_superclass
american_bulldog_186,american_bulldog,dog,0.0,0.0,american_bulldog,True,dog,True,correct
american_bulldog_186,american_bulldog,dog,0.1,0.1169,american_bulldog,True,dog,True,correct
american_bulldog_186,american_bulldog,dog,0.2,0.2582,beagle,False,dog,True,within_superclass
american_bulldog_186,american_bulldog,dog,0.3,0.2457,beagle,False,dog,True,within_superclass
american_bulldog_186,american_bulldog,dog,0.4,0.3467,english_setter,False,dog,True,within_superclass
american_bulldog_186,american_bulldog,dog,0.5,0.3771,english_setter,False,dog,True,within_superclass
american_bulldog_186,american_bulldog,dog,0.6,0.3935,english_setter,False,dog,True,within_superclass
american_bulldog_186,american_bulldog,dog,0.7,0.4098,great_pyrenees,False,dog,True,within_superclass
american_bulldog_186,american_bulldog,dog,0.8,0.4353,havanese,False,dog,True,within_superclass
american_bulldog_186,american_bulldog,dog,0.9,0.4564,ragdoll,False,dog,True,within_superclass
american_bulldog_186,american_bulldog,dog,1.0,0.4822,ragdoll,False,dog,True,within_superclass
leonberger_108,leonberger,dog,0.0,0.0,leonberger,True,dog,True,correct
leonberger_108,leonberger,dog,0.1,0.0526,leonberger,True,dog,True,correct
leonberger_108,leonberger,dog,0.2,0.1839,leonberger,True,dog,True,correct
leonberger_108,leonberger,dog,0.3,0.1767,leonberger,True,dog,True,correct
leonberger_108,leonberger,dog,0.4,0.2573,leonberger,True,dog,True,correct
leonberger_108,leonberger,dog,0.5,0.382,leonberger,True,dog,True,correct
leonberger_108,leonberger,dog,0.6,0.4102,pomeranian,False,dog,True,within_superclass
leonberger_108,leonberger,dog,0.7,0.4126,pomeranian,False,dog,True,within_superclass
leonberger_108,leonberger,dog,0.8,0.4084,pomeranian,False,dog,True,within_superclass
leonberger_108,leonberger,dog,0.9,0.4015,wheaten_terrier,False,dog,True,within_superclass
leonberger_108,leonberger,dog,1.0,0.4058,wheaten_terrier,False,dog,True,within_superclass
american_pit_bull_terrier_154,american_pit_bull_terrier,dog,0.0,0.0,american_pit_bull_terrier,True,dog,True,correct
american_pit_bull_terrier_154,american_pit_bull_terrier,dog,0.1,0.2172,shiba_inu,False,dog,True,within_superclass
american_pit_bull_terrier_154,american_pit_bull_terrier,dog,0.2,0.2389,shiba_inu,False,cat,False,cross_superclass
american_pit_bull_terrier_154,american_pit_bull_terrier,dog,0.3,0.306,shiba_inu,False,dog,True,within_superclass
american_pit_bull_terrier_154,american_pit_bull_terrier,dog,0.4,0.3672,shiba_inu,False,dog,True,within_superclass
american_pit_bull_terrier_154,american_pit_bull_terrier,dog,0.5,0.4596,shiba_inu,False,dog,True,within_superclass
american_pit_bull_terrier_154,american_pit_bull_terrier,dog,0.6,0.4885,boxer,False,dog,True,within_superclass
american_pit_bull_terrier_154,american_pit_bull_terrier,dog,0.7,0.4961,great_pyrenees,False,dog,True,within_superclass
american_pit_bull_terrier_154,american_pit_bull_terrier,dog,0.8,0.5073,boxer,False,dog,True,within_superclass
american_pit_bull_terrier_154,american_pit_bull_terrier,dog,0.9,0.5157,boxer,False,dog,True,within_superclass
american_pit_bull_terrier_154,american_pit_bull_terrier,dog,1.0,0.5146,boxer,False,dog,True,within_superclass
japanese_chin_155,japanese_chin,dog,0.0,0.0,japanese_chin,True,dog,True,correct
japanese_chin_155,japanese_chin,dog,0.1,0.1046,japanese_chin,True,dog,True,correct
japanese_chin_155,japanese_chin,dog,0.2,0.2805,japanese_chin,True,dog,True,correct
japanese_chin_155,japanese_chin,dog,0.3,0.2578,japanese_chin,True,dog,True,correct
japanese_chin_155,japanese_chin,dog,0.4,0.3572,japanese_chin,True,dog,True,correct
japanese_chin_155,japanese_chin,dog,0.5,0.418,japanese_chin,True,dog,True,correct
japanese_chin_155,japanese_chin,dog,0.6,0.4578,japanese_chin,True,dog,True,correct
japanese_chin_155,japanese_chin,dog,0.7,0.4936,japanese_chin,True,dog,True,correct
japanese_chin_155,japanese_chin,dog,0.8,0.5129,japanese_chin,True,dog,True,correct
japanese_chin_155,japanese_chin,dog,0.9,0.5241,german_shorthaired,False,dog,True,within_superclass
japanese_chin_155,japanese_chin,dog,1.0,0.522,german_shorthaired,False,dog,True,within_superclass
Sphynx_176,sphynx,cat,0.0,0.0,sphynx,True,cat,True,correct
Sphynx_176,sphynx,cat,0.1,0.1477,sphynx,True,cat,True,correct
Sphynx_176,sphynx,cat,0.2,0.2388,british_shorthair,False,cat,True,within_superclass
Sphynx_176,sphynx,cat,0.3,0.2971,sphynx,True,cat,True,correct
Sphynx_176,sphynx,cat,0.4,0.3683,shiba_inu,False,cat,True,within_superclass
Sphynx_176,sphynx,cat,0.5,0.3966,shiba_inu,False,cat,True,within_superclass
Sphynx_176,sphynx,cat,0.6,0.433,staffordshire_bull_terrier,False,cat,True,within_superclass
Sphynx_176,sphynx,cat,0.7,0.444,boxer,False,dog,False,cross_superclass
Sphynx_176,sphynx,cat,0.8,0.4624,boxer,False,dog,False,cross_superclass
Sphynx_176,sphynx,cat,0.9,0.4714,boxer,False,dog,False,cross_superclass
Sphynx_176,sphynx,cat,1.0,0.4796,boxer,False,dog,False,cross_superclass
boxer_130,boxer,dog,0.0,0.0,boxer,True,dog,True,correct
boxer_130,boxer,dog,0.1,0.0729,boxer,True,dog,True,correct
boxer_130,boxer,dog,0.2,0.1777,boxer,True,dog,True,correct
boxer_130,boxer,dog,0.3,0.2466,boxer,True,dog,True,correct
boxer_130,boxer,dog,0.4,0.2656,boxer,True,dog,True,correct
boxer_130,boxer,dog,0.5,0.2623,staffordshire_bull_terrier,False,dog,True,within_superclass
boxer_130,boxer,dog,0.6,0.3195,staffordshire_bull_terrier,False,dog,True,within_superclass
boxer_130,boxer,dog,0.7,0.3899,miniature_pinscher,False,dog,True,within_superclass
boxer_130,boxer,dog,0.8,0.4213,boxer,True,dog,True,correct
boxer_130,boxer,dog,0.9,0.4387,boxer,True,dog,True,correct
boxer_130,boxer,dog,1.0,0.4529,boxer,True,dog,True,correct
leonberger_163,leonberger,dog,0.0,0.0,leonberger,True,dog,True,correct
leonberger_163,leonberger,dog,0.1,0.1614,leonberger,True,dog,True,correct
leonberger_163,leonberger,dog,0.2,0.2293,leonberger,True,dog,True,correct
leonberger_163,leonberger,dog,0.3,0.213,leonberger,True,dog,True,correct
leonberger_163,leonberger,dog,0.4,0.2696,saint_bernard,False,dog,True,within_superclass
leonberger_163,leonberger,dog,0.5,0.3366,staffordshire_bull_terrier,False,dog,True,within_superclass
leonberger_163,leonberger,dog,0.6,0.3803,japanese_chin,False,dog,True,within_superclass
leonberger_163,leonberger,dog,0.7,0.4374,japanese_chin,False,dog,True,within_superclass
leonberger_163,leonberger,dog,0.8,0.4653,havanese,False,dog,True,within_superclass
leonberger_163,leonberger,dog,0.9,0.4791,havanese,False,dog,True,within_superclass
leonberger_163,leonberger,dog,1.0,0.4915,havanese,False,dog,True,within_superclass
shiba_inu_146,shiba_inu,dog,0.0,0.0,shiba_inu,True,dog,True,correct
shiba_inu_146,shiba_inu,dog,0.1,0.0573,shiba_inu,True,dog,True,correct
shiba_inu_146,shiba_inu,dog,0.2,0.1941,shiba_inu,True,dog,True,correct
shiba_inu_146,shiba_inu,dog,0.3,0.2155,shiba_inu,True,dog,True,correct
shiba_inu_146,shiba_inu,dog,0.4,0.2598,shiba_inu,True,dog,True,correct
shiba_inu_146,shiba_inu,dog,0.5,0.2893,shiba_inu,True,dog,True,correct
shiba_inu_146,shiba_inu,dog,0.6,0.327,shiba_inu,True,dog,True,correct
shiba_inu_146,shiba_inu,dog,0.7,0.3765,miniature_pinscher,False,dog,True,within_superclass
shiba_inu_146,shiba_inu,dog,0.8,0.449,yorkshire_terrier,False,dog,True,within_superclass
shiba_inu_146,shiba_inu,dog,0.9,0.4916,yorkshire_terrier,False,dog,True,within_superclass
shiba_inu_146,shiba_inu,dog,1.0,0.5069,yorkshire_terrier,False,dog,True,within_superclass
english_cocker_spaniel_124,english_cocker_spaniel,dog,0.0,0.0,english_setter,False,dog,True,within_superclass
english_cocker_spaniel_124,english_cocker_spaniel,dog,0.1,0.1139,english_setter,False,dog,True,within_superclass
english_cocker_spaniel_124,english_cocker_spaniel,dog,0.2,0.2624,english_setter,False,dog,True,within_superclass
english_cocker_spaniel_124,english_cocker_spaniel,dog,0.3,0.3809,newfoundland,False,dog,True,within_superclass
english_cocker_spaniel_124,english_cocker_spaniel,dog,0.4,0.4022,american_bulldog,False,dog,True,within_superclass
english_cocker_spaniel_124,english_cocker_spaniel,dog,0.5,0.4144,staffordshire_bull_terrier,False,dog,True,within_superclass
english_cocker_spaniel_124,english_cocker_spaniel,dog,0.6,0.4505,boxer,False,dog,True,within_superclass
english_cocker_spaniel_124,english_cocker_spaniel,dog,0.7,0.4703,boxer,False,dog,True,within_superclass
english_cocker_spaniel_124,english_cocker_spaniel,dog,0.8,0.4798,boxer,False,dog,True,within_superclass
english_cocker_spaniel_124,english_cocker_spaniel,dog,0.9,0.4841,boxer,False,dog,True,within_superclass
english_cocker_spaniel_124,english_cocker_spaniel,dog,1.0,0.488,boxer,False,dog,True,within_superclass
Siamese_139,siamese,cat,0.0,0.0,siamese,True,cat,True,correct
Siamese_139,siamese,cat,0.1,0.0928,birman,False,cat,True,within_superclass
Siamese_139,siamese,cat,0.2,0.1962,siamese,True,cat,True,correct
Siamese_139,siamese,cat,0.3,0.1856,siamese,True,cat,True,correct
Siamese_139,siamese,cat,0.4,0.2294,siamese,True,cat,True,correct
Siamese_139,siamese,cat,0.5,0.2684,british_shorthair,False,cat,True,within_superclass
Siamese_139,siamese,cat,0.6,0.339,german_shorthaired,False,dog,False,cross_superclass
Siamese_139,siamese,cat,0.7,0.3867,german_shorthaired,False,cat,True,within_superclass
Siamese_139,siamese,cat,0.8,0.378,german_shorthaired,False,cat,True,within_superclass
Siamese_139,siamese,cat,0.9,0.3657,british_shorthair,False,cat,True,within_superclass
Siamese_139,siamese,cat,1.0,0.359,british_shorthair,False,cat,True,within_superclass
Ragdoll_173,ragdoll,cat,0.0,0.0,ragdoll,True,cat,True,correct
Ragdoll_173,ragdoll,cat,0.1,0.0749,birman,False,cat,True,within_superclass
Ragdoll_173,ragdoll,cat,0.2,0.1629,birman,False,cat,True,within_superclass
Ragdoll_173,ragdoll,cat,0.3,0.2113,birman,False,cat,True,within_superclass
Ragdoll_173,ragdoll,cat,0.4,0.2816,birman,False,cat,True,within_superclass
Ragdoll_173,ragdoll,cat,0.5,0.3188,birman,False,cat,True,within_superclass
Ragdoll_173,ragdoll,cat,0.6,0.3195,british_shorthair,False,cat,True,within_superclass
Ragdoll_173,ragdoll,cat,0.7,0.3249,british_shorthair,False,cat,True,within_superclass
Ragdoll_173,ragdoll,cat,0.8,0.3368,british_shorthair,False,cat,True,within_superclass
Ragdoll_173,ragdoll,cat,0.9,0.3503,british_shorthair,False,cat,True,within_superclass
Ragdoll_173,ragdoll,cat,1.0,0.3645,british_shorthair,False,cat,True,within_superclass
leonberger_186,leonberger,dog,0.0,0.0,keeshond,False,dog,True,within_superclass
leonberger_186,leonberger,dog,0.1,0.0754,keeshond,False,dog,True,within_superclass
leonberger_186,leonberger,dog,0.2,0.1653,keeshond,False,dog,True,within_superclass
leonberger_186,leonberger,dog,0.3,0.2276,pug,False,dog,True,within_superclass
leonberger_186,leonberger,dog,0.4,0.2668,pug,False,dog,True,within_superclass
leonberger_186,leonberger,dog,0.5,0.3557,pug,False,dog,True,within_superclass
leonberger_186,leonberger,dog,0.6,0.4129,boxer,False,dog,True,within_superclass
leonberger_186,leonberger,dog,0.7,0.4164,boxer,False,dog,True,within_superclass
leonberger_186,leonberger,dog,0.8,0.418,boxer,False,dog,True,within_superclass
leonberger_186,leonberger,dog,0.9,0.4272,boxer,False,dog,True,within_superclass
leonberger_186,leonberger,dog,1.0,0.4395,boxer,False,dog,True,within_superclass
Maine_Coon_145,maine_coon,cat,0.0,0.0,maine_coon,True,cat,True,correct
Maine_Coon_145,maine_coon,cat,0.1,0.1031,maine_coon,True,cat,True,correct
Maine_Coon_145,maine_coon,cat,0.2,0.2681,maine_coon,True,cat,True,correct
Maine_Coon_145,maine_coon,cat,0.3,0.2331,egyptian_mau,False,cat,True,within_superclass
Maine_Coon_145,maine_coon,cat,0.4,0.2583,british_shorthair,False,cat,True,within_superclass
Maine_Coon_145,maine_coon,cat,0.5,0.3059,british_shorthair,False,cat,True,within_superclass
Maine_Coon_145,maine_coon,cat,0.6,0.3574,british_shorthair,False,cat,True,within_superclass
Maine_Coon_145,maine_coon,cat,0.7,0.4222,british_shorthair,False,cat,True,within_superclass
Maine_Coon_145,maine_coon,cat,0.8,0.4452,british_shorthair,False,cat,True,within_superclass
Maine_Coon_145,maine_coon,cat,0.9,0.4561,british_shorthair,False,cat,True,within_superclass
Maine_Coon_145,maine_coon,cat,1.0,0.4637,boxer,False,cat,True,within_superclass
keeshond_115,keeshond,dog,0.0,0.0,keeshond,True,dog,True,correct
keeshond_115,keeshond,dog,0.1,0.0799,keeshond,True,dog,True,correct
keeshond_115,keeshond,dog,0.2,0.1757,keeshond,True,dog,True,correct
keeshond_115,keeshond,dog,0.3,0.1831,keeshond,True,dog,True,correct
keeshond_115,keeshond,dog,0.4,0.2026,keeshond,True,dog,True,correct
keeshond_115,keeshond,dog,0.5,0.26,pomeranian,False,dog,True,within_superclass
keeshond_115,keeshond,dog,0.6,0.3324,pomeranian,False,dog,True,within_superclass
keeshond_115,keeshond,dog,0.7,0.3821,pomeranian,False,dog,True,within_superclass
keeshond_115,keeshond,dog,0.8,0.4116,pug,False,dog,True,within_superclass
keeshond_115,keeshond,dog,0.9,0.4305,pug,False,dog,True,within_superclass
keeshond_115,keeshond,dog,1.0,0.4503,pug,False,dog,True,within_superclass
german_shorthaired_142,german_shorthaired,dog,0.0,0.0,german_shorthaired,True,dog,True,correct
german_shorthaired_142,german_shorthaired,dog,0.1,0.1128,english_setter,False,dog,True,within_superclass
german_shorthaired_142,german_shorthaired,dog,0.2,0.2866,miniature_pinscher,False,dog,True,within_superclass
german_shorthaired_142,german_shorthaired,dog,0.3,0.2756,german_shorthaired,True,dog,True,correct
german_shorthaired_142,german_shorthaired,dog,0.4,0.3075,miniature_pinscher,False,dog,True,within_superclass
german_shorthaired_142,german_shorthaired,dog,0.5,0.3798,miniature_pinscher,False,dog,True,within_superclass
german_shorthaired_142,german_shorthaired,dog,0.6,0.4208,miniature_pinscher,False,dog,True,within_superclass
german_shorthaired_142,german_shorthaired,dog,0.7,0.4538,miniature_pinscher,False,dog,True,within_superclass
german_shorthaired_142,german_shorthaired,dog,0.8,0.4681,shiba_inu,False,dog,True,within_superclass
german_shorthaired_142,german_shorthaired,dog,0.9,0.4765,shiba_inu,False,dog,True,within_superclass
german_shorthaired_142,german_shorthaired,dog,1.0,0.4833,shiba_inu,False,dog,True,within_superclass
Bengal_156,bengal,cat,0.0,0.0,egyptian_mau,False,cat,True,within_superclass
Bengal_156,bengal,cat,0.1,0.1391,egyptian_mau,False,cat,True,within_superclass
Bengal_156,bengal,cat,0.2,0.2237,egyptian_mau,False,cat,True,within_superclass
Bengal_156,bengal,cat,0.3,0.2674,british_shorthair,False,cat,True,within_superclass
Bengal_156,bengal,cat,0.4,0.3215,british_shorthair,False,cat,True,within_superclass
Bengal_156,bengal,cat,0.5,0.3567,british_shorthair,False,cat,True,within_superclass
Bengal_156,bengal,cat,0.6,0.4137,british_shorthair,False,cat,True,within_superclass
Bengal_156,bengal,cat,0.7,0.4523,british_shorthair,False,dog,False,cross_superclass
Bengal_156,bengal,cat,0.8,0.4567,pug,False,dog,False,cross_superclass
Bengal_156,bengal,cat,0.9,0.4612,pug,False,dog,False,cross_superclass
Bengal_156,bengal,cat,1.0,0.462,pug,False,dog,False,cross_superclass
saint_bernard_145,saint_bernard,dog,0.0,0.0,saint_bernard,True,dog,True,correct
saint_bernard_145,saint_bernard,dog,0.1,0.0881,saint_bernard,True,dog,True,correct
saint_bernard_145,saint_bernard,dog,0.2,0.2524,saint_bernard,True,dog,True,correct
saint_bernard_145,saint_bernard,dog,0.3,0.2084,saint_bernard,True,dog,True,correct
saint_bernard_145,saint_bernard,dog,0.4,0.2593,saint_bernard,True,dog,True,correct
saint_bernard_145,saint_bernard,dog,0.5,0.3593,saint_bernard,True,dog,True,correct
saint_bernard_145,saint_bernard,dog,0.6,0.4426,saint_bernard,True,dog,True,correct
saint_bernard_145,saint_bernard,dog,0.7,0.5005,english_setter,False,dog,True,within_superclass
saint_bernard_145,saint_bernard,dog,0.8,0.5304,english_setter,False,dog,True,within_superclass
saint_bernard_145,saint_bernard,dog,0.9,0.5546,english_setter,False,dog,True,within_superclass
saint_bernard_145,saint_bernard,dog,1.0,0.5702,english_setter,False,dog,True,within_superclass
Abyssinian_176,abyssinian,cat,0.0,0.0,abyssinian,True,cat,True,correct
Abyssinian_176,abyssinian,cat,0.1,0.0747,abyssinian,True,cat,True,correct
Abyssinian_176,abyssinian,cat,0.2,0.2081,abyssinian,True,cat,True,correct
Abyssinian_176,abyssinian,cat,0.3,0.2001,abyssinian,True,cat,True,correct
Abyssinian_176,abyssinian,cat,0.4,0.2294,abyssinian,True,cat,True,correct
Abyssinian_176,abyssinian,cat,0.5,0.2666,abyssinian,True,cat,True,correct
Abyssinian_176,abyssinian,cat,0.6,0.296,abyssinian,True,cat,True,correct
Abyssinian_176,abyssinian,cat,0.7,0.3135,abyssinian,True,cat,True,correct
Abyssinian_176,abyssinian,cat,0.8,0.3309,abyssinian,True,cat,True,correct
Abyssinian_176,abyssinian,cat,0.9,0.3389,abyssinian,True,cat,True,correct
Abyssinian_176,abyssinian,cat,1.0,0.3453,miniature_pinscher,False,dog,False,cross_superclass
miniature_pinscher_126,miniature_pinscher,dog,0.0,0.0,miniature_pinscher,True,dog,True,correct
miniature_pinscher_126,miniature_pinscher,dog,0.1,0.1454,miniature_pinscher,True,dog,True,correct
miniature_pinscher_126,miniature_pinscher,dog,0.2,0.1767,miniature_pinscher,True,dog,True,correct
miniature_pinscher_126,miniature_pinscher,dog,0.3,0.2757,miniature_pinscher,True,dog,True,correct
miniature_pinscher_126,miniature_pinscher,dog,0.4,0.3828,yorkshire_terrier,False,dog,True,within_superclass
miniature_pinscher_126,miniature_pinscher,dog,0.5,0.406,yorkshire_terrier,False,dog,True,within_superclass
miniature_pinscher_126,miniature_pinscher,dog,0.6,0.4195,miniature_pinscher,True,dog,True,correct
miniature_pinscher_126,miniature_pinscher,dog,0.7,0.4343,yorkshire_terrier,False,dog,True,within_superclass
miniature_pinscher_126,miniature_pinscher,dog,0.8,0.4384,yorkshire_terrier,False,dog,True,within_superclass
miniature_pinscher_126,miniature_pinscher,dog,0.9,0.448,persian,False,dog,True,within_superclass
miniature_pinscher_126,miniature_pinscher,dog,1.0,0.4535,persian,False,dog,True,within_superclass
staffordshire_bull_terrier_158,staffordshire_bull_terrier,dog,0.0,0.0,staffordshire_bull_terrier,True,dog,True,correct
staffordshire_bull_terrier_158,staffordshire_bull_terrier,dog,0.1,0.0823,staffordshire_bull_terrier,True,dog,True,correct
staffordshire_bull_terrier_158,staffordshire_bull_terrier,dog,0.2,0.1777,staffordshire_bull_terrier,True,dog,True,correct
staffordshire_bull_terrier_158,staffordshire_bull_terrier,dog,0.3,0.1956,staffordshire_bull_terrier,True,dog,True,correct
staffordshire_bull_terrier_158,staffordshire_bull_terrier,dog,0.4,0.2403,staffordshire_bull_terrier,True,dog,True,correct
staffordshire_bull_terrier_158,staffordshire_bull_terrier,dog,0.5,0.2861,japanese_chin,False,dog,True,within_superclass
staffordshire_bull_terrier_158,staffordshire_bull_terrier,dog,0.6,0.3414,staffordshire_bull_terrier,True,dog,True,correct
staffordshire_bull_terrier_158,staffordshire_bull_terrier,dog,0.7,0.3735,staffordshire_bull_terrier,True,dog,True,correct
staffordshire_bull_terrier_158,staffordshire_bull_terrier,dog,0.8,0.3957,british_shorthair,False,cat,False,cross_superclass
staffordshire_bull_terrier_158,staffordshire_bull_terrier,dog,0.9,0.4158,british_shorthair,False,cat,False,cross_superclass
staffordshire_bull_terrier_158,staffordshire_bull_terrier,dog,1.0,0.4356,newfoundland,False,dog,True,within_superclass
chihuahua_154,chihuahua,dog,0.0,0.0,chihuahua,True,dog,True,correct
chihuahua_154,chihuahua,dog,0.1,0.2114,chihuahua,True,dog,True,correct
chihuahua_154,chihuahua,dog,0.2,0.2129,chihuahua,True,dog,True,correct
chihuahua_154,chihuahua,dog,0.3,0.3051,miniature_pinscher,False,dog,True,within_superclass
chihuahua_154,chihuahua,dog,0.4,0.4696,boxer,False,dog,True,within_superclass
chihuahua_154,chihuahua,dog,0.5,0.4907,boxer,False,dog,True,within_superclass
chihuahua_154,chihuahua,dog,0.6,0.4888,boxer,False,dog,True,within_superclass
chihuahua_154,chihuahua,dog,0.7,0.4979,boxer,False,dog,True,within_superclass
chihuahua_154,chihuahua,dog,0.8,0.5007,boxer,False,dog,True,within_superclass
chihuahua_154,chihuahua,dog,0.9,0.5003,boxer,False,dog,True,within_superclass
chihuahua_154,chihuahua,dog,1.0,0.5024,bombay,False,dog,True,within_superclass
leonberger_120,leonberger,dog,0.0,0.0,leonberger,True,dog,True,correct
leonberger_120,leonberger,dog,0.1,0.0682,leonberger,True,dog,True,correct
leonberger_120,leonberger,dog,0.2,0.1982,leonberger,True,dog,True,correct
leonberger_120,leonberger,dog,0.3,0.1958,leonberger,True,dog,True,correct
leonberger_120,leonberger,dog,0.4,0.2601,leonberger,True,dog,True,correct
leonberger_120,leonberger,dog,0.5,0.4297,saint_bernard,False,dog,True,within_superclass
leonberger_120,leonberger,dog,0.6,0.4726,miniature_pinscher,False,dog,True,within_superclass
leonberger_120,leonberger,dog,0.7,0.5096,miniature_pinscher,False,dog,True,within_superclass
leonberger_120,leonberger,dog,0.8,0.5342,miniature_pinscher,False,dog,True,within_superclass
leonberger_120,leonberger,dog,0.9,0.5583,miniature_pinscher,False,dog,True,within_superclass
leonberger_120,leonberger,dog,1.0,0.5705,japanese_chin,False,dog,True,within_superclass
Persian_189,persian,cat,0.0,0.0,persian,True,cat,True,correct
Persian_189,persian,cat,0.1,0.0919,persian,True,cat,True,correct
Persian_189,persian,cat,0.2,0.2063,persian,True,cat,True,correct
Persian_189,persian,cat,0.3,0.2123,persian,True,cat,True,correct
Persian_189,persian,cat,0.4,0.2343,maine_coon,False,cat,True,within_superclass
Persian_189,persian,cat,0.5,0.2655,british_shorthair,False,cat,True,within_superclass
Persian_189,persian,cat,0.6,0.3126,british_shorthair,False,cat,True,within_superclass
Persian_189,persian,cat,0.7,0.3541,british_shorthair,False,cat,True,within_superclass
Persian_189,persian,cat,0.8,0.3865,british_shorthair,False,cat,True,within_superclass
Persian_189,persian,cat,0.9,0.4113,british_shorthair,False,cat,True,within_superclass
Persian_189,persian,cat,1.0,0.4202,british_shorthair,False,cat,True,within_superclass
Sphynx_174,sphynx,cat,0.0,0.0,sphynx,True,cat,True,correct
Sphynx_174,sphynx,cat,0.1,0.1186,sphynx,True,cat,True,correct
Sphynx_174,sphynx,cat,0.2,0.2793,sphynx,True,cat,True,correct
Sphynx_174,sphynx,cat,0.3,0.3371,sphynx,True,cat,True,correct
Sphynx_174,sphynx,cat,0.4,0.3561,sphynx,True,cat,True,correct
Sphynx_174,sphynx,cat,0.5,0.3802,british_shorthair,False,cat,True,within_superclass
Sphynx_174,sphynx,cat,0.6,0.4129,british_shorthair,False,dog,False,cross_superclass
Sphynx_174,sphynx,cat,0.7,0.4311,british_shorthair,False,dog,False,cross_superclass
Sphynx_174,sphynx,cat,0.8,0.4522,british_shorthair,False,dog,False,cross_superclass
Sphynx_174,sphynx,cat,0.9,0.4667,british_shorthair,False,dog,False,cross_superclass
Sphynx_174,sphynx,cat,1.0,0.4873,british_shorthair,False,dog,False,cross_superclass
newfoundland_160,newfoundland,dog,0.0,0.0,newfoundland,True,dog,True,correct
newfoundland_160,newfoundland,dog,0.1,0.1027,newfoundland,True,dog,True,correct
newfoundland_160,newfoundland,dog,0.2,0.2438,newfoundland,True,dog,True,correct
newfoundland_160,newfoundland,dog,0.3,0.2638,newfoundland,True,dog,True,correct
newfoundland_160,newfoundland,dog,0.4,0.2899,newfoundland,True,dog,True,correct
newfoundland_160,newfoundland,dog,0.5,0.3203,scottish_terrier,False,cat,False,cross_superclass
newfoundland_160,newfoundland,dog,0.6,0.3411,scottish_terrier,False,cat,False,cross_superclass
newfoundland_160,newfoundland,dog,0.7,0.3521,scottish_terrier,False,cat,False,cross_superclass
newfoundland_160,newfoundland,dog,0.8,0.3746,scottish_terrier,False,cat,False,cross_superclass
newfoundland_160,newfoundland,dog,0.9,0.388,scottish_terrier,False,dog,True,within_superclass
newfoundland_160,newfoundland,dog,1.0,0.4016,scottish_terrier,False,dog,True,within_superclass
wheaten_terrier_190,wheaten_terrier,dog,0.0,0.0,wheaten_terrier,True,dog,True,correct
wheaten_terrier_190,wheaten_terrier,dog,0.1,0.1012,wheaten_terrier,True,dog,True,correct
wheaten_terrier_190,wheaten_terrier,dog,0.2,0.2932,wheaten_terrier,True,dog,True,correct
wheaten_terrier_190,wheaten_terrier,dog,0.3,0.2485,wheaten_terrier,True,dog,True,correct
wheaten_terrier_190,wheaten_terrier,dog,0.4,0.3458,wheaten_terrier,True,dog,True,correct
wheaten_terrier_190,wheaten_terrier,dog,0.5,0.3819,chihuahua,False,dog,True,within_superclass
wheaten_terrier_190,wheaten_terrier,dog,0.6,0.3967,chihuahua,False,dog,True,within_superclass
wheaten_terrier_190,wheaten_terrier,dog,0.7,0.4425,chihuahua,False,dog,True,within_superclass
wheaten_terrier_190,wheaten_terrier,dog,0.8,0.4794,chihuahua,False,cat,False,cross_superclass
wheaten_terrier_190,wheaten_terrier,dog,0.9,0.4938,british_shorthair,False,dog,True,within_superclass
wheaten_terrier_190,wheaten_terrier,dog,1.0,0.51,british_shorthair,False,dog,True,within_superclass
basset_hound_175,basset_hound,dog,0.0,0.0,basset_hound,True,dog,True,correct
basset_hound_175,basset_hound,dog,0.1,0.1258,basset_hound,True,dog,True,correct
basset_hound_175,basset_hound,dog,0.2,0.2593,basset_hound,True,dog,True,correct
basset_hound_175,basset_hound,dog,0.3,0.3671,miniature_pinscher,False,dog,True,within_superclass
basset_hound_175,basset_hound,dog,0.4,0.4043,miniature_pinscher,False,dog,True,within_superclass
basset_hound_175,basset_hound,dog,0.5,0.4468,boxer,False,dog,True,within_superclass
basset_hound_175,basset_hound,dog,0.6,0.4554,boxer,False,dog,True,within_superclass
basset_hound_175,basset_hound,dog,0.7,0.4658,boxer,False,dog,True,within_superclass
basset_hound_175,basset_hound,dog,0.8,0.4784,boxer,False,dog,True,within_superclass
basset_hound_175,basset_hound,dog,0.9,0.4802,boxer,False,dog,True,within_superclass
basset_hound_175,basset_hound,dog,1.0,0.484,boxer,False,dog,True,within_superclass
Siamese_127,siamese,cat,0.0,0.0,siamese,True,cat,True,correct
Siamese_127,siamese,cat,0.1,0.0619,siamese,True,cat,True,correct
Siamese_127,siamese,cat,0.2,0.1565,birman,False,cat,True,within_superclass
Siamese_127,siamese,cat,0.3,0.1834,birman,False,cat,True,within_superclass
Siamese_127,siamese,cat,0.4,0.2484,birman,False,cat,True,within_superclass
Siamese_127,siamese,cat,0.5,0.2919,birman,False,cat,True,within_superclass
Siamese_127,siamese,cat,0.6,0.3226,pug,False,cat,True,within_superclass
Siamese_127,siamese,cat,0.7,0.3589,pug,False,cat,True,within_superclass
Siamese_127,siamese,cat,0.8,0.3787,pug,False,dog,False,cross_superclass
Siamese_127,siamese,cat,0.9,0.3949,miniature_pinscher,False,dog,False,cross_superclass
Siamese_127,siamese,cat,1.0,0.4031,miniature_pinscher,False,dog,False,cross_superclass
newfoundland_10,newfoundland,dog,0.0,0.0,english_cocker_spaniel,False,dog,True,within_superclass
newfoundland_10,newfoundland,dog,0.1,0.0916,newfoundland,True,dog,True,correct
newfoundland_10,newfoundland,dog,0.2,0.1798,leonberger,False,dog,True,within_superclass
newfoundland_10,newfoundland,dog,0.3,0.1965,leonberger,False,dog,True,within_superclass
newfoundland_10,newfoundland,dog,0.4,0.2229,leonberger,False,dog,True,within_superclass
newfoundland_10,newfoundland,dog,0.5,0.2474,leonberger,False,dog,True,within_superclass
newfoundland_10,newfoundland,dog,0.6,0.2774,leonberger,False,dog,True,within_superclass
newfoundland_10,newfoundland,dog,0.7,0.3058,leonberger,False,dog,True,within_superclass
newfoundland_10,newfoundland,dog,0.8,0.3458,newfoundland,True,dog,True,correct
newfoundland_10,newfoundland,dog,0.9,0.4074,newfoundland,True,dog,True,correct
newfoundland_10,newfoundland,dog,1.0,0.4383,newfoundland,True,dog,True,correct
scottish_terrier_109,scottish_terrier,dog,0.0,0.0,scottish_terrier,True,dog,True,correct
scottish_terrier_109,scottish_terrier,dog,0.1,0.1197,scottish_terrier,True,dog,True,correct
scottish_terrier_109,scottish_terrier,dog,0.2,0.3145,shiba_inu,False,dog,True,within_superclass
scottish_terrier_109,scottish_terrier,dog,0.3,0.2956,great_pyrenees,False,dog,True,within_superclass
scottish_terrier_109,scottish_terrier,dog,0.4,0.3068,shiba_inu,False,dog,True,within_superclass
scottish_terrier_109,scottish_terrier,dog,0.5,0.3585,shiba_inu,False,dog,True,within_superclass
scottish_terrier_109,scottish_terrier,dog,0.6,0.4162,staffordshire_bull_terrier,False,dog,True,within_superclass
scottish_terrier_109,scottish_terrier,dog,0.7,0.4738,staffordshire_bull_terrier,False,dog,True,within_superclass
scottish_terrier_109,scottish_terrier,dog,0.8,0.512,staffordshire_bull_terrier,False,dog,True,within_superclass
scottish_terrier_109,scottish_terrier,dog,0.9,0.5407,staffordshire_bull_terrier,False,dog,True,within_superclass
scottish_terrier_109,scottish_terrier,dog,1.0,0.5607,boxer,False,dog,True,within_superclass
havanese_130,havanese,dog,0.0,0.0,havanese,True,dog,True,correct
havanese_130,havanese,dog,0.1,0.0857,havanese,True,dog,True,correct
havanese_130,havanese,dog,0.2,0.2389,havanese,True,dog,True,correct
havanese_130,havanese,dog,0.3,0.2071,havanese,True,dog,True,correct
havanese_130,havanese,dog,0.4,0.2564,havanese,True,dog,True,correct
havanese_130,havanese,dog,0.5,0.3305,great_pyrenees,False,dog,True,within_superclass
havanese_130,havanese,dog,0.6,0.364,great_pyrenees,False,dog,True,within_superclass
havanese_130,havanese,dog,0.7,0.4284,great_pyrenees,False,dog,True,within_superclass
havanese_130,havanese,dog,0.8,0.4508,great_pyrenees,False,dog,True,within_superclass
havanese_130,havanese,dog,0.9,0.4593,pug,False,dog,True,within_superclass
havanese_130,havanese,dog,1.0,0.4579,pug,False,dog,True,within_superclass
Ragdoll_175,ragdoll,cat,0.0,0.0,birman,False,cat,True,within_superclass
Ragdoll_175,ragdoll,cat,0.1,0.1216,ragdoll,True,cat,True,correct
Ragdoll_175,ragdoll,cat,0.2,0.1936,birman,False,cat,True,within_superclass
Ragdoll_175,ragdoll,cat,0.3,0.284,birman,False,cat,True,within_superclass
Ragdoll_175,ragdoll,cat,0.4,0.374,egyptian_mau,False,dog,False,cross_superclass
Ragdoll_175,ragdoll,cat,0.5,0.4001,egyptian_mau,False,dog,False,cross_superclass
Ragdoll_175,ragdoll,cat,0.6,0.4169,egyptian_mau,False,dog,False,cross_superclass
Ragdoll_175,ragdoll,cat,0.7,0.4347,bombay,False,dog,False,cross_superclass
Ragdoll_175,ragdoll,cat,0.8,0.443,bombay,False,cat,True,within_superclass
Ragdoll_175,ragdoll,cat,0.9,0.4419,bombay,False,cat,True,within_superclass
Ragdoll_175,ragdoll,cat,1.0,0.4484,bombay,False,cat,True,within_superclass
great_pyrenees_168,great_pyrenees,dog,0.0,0.0,great_pyrenees,True,dog,True,correct
great_pyrenees_168,great_pyrenees,dog,0.1,0.085,great_pyrenees,True,dog,True,correct
great_pyrenees_168,great_pyrenees,dog,0.2,0.2078,great_pyrenees,True,dog,True,correct
great_pyrenees_168,great_pyrenees,dog,0.3,0.1828,great_pyrenees,True,dog,True,correct
great_pyrenees_168,great_pyrenees,dog,0.4,0.2233,great_pyrenees,True,dog,True,correct
great_pyrenees_168,great_pyrenees,dog,0.5,0.305,great_pyrenees,True,dog,True,correct
great_pyrenees_168,great_pyrenees,dog,0.6,0.3656,great_pyrenees,True,dog,True,correct
great_pyrenees_168,great_pyrenees,dog,0.7,0.3965,great_pyrenees,True,dog,True,correct
great_pyrenees_168,great_pyrenees,dog,0.8,0.4125,great_pyrenees,True,dog,True,correct
great_pyrenees_168,great_pyrenees,dog,0.9,0.4423,great_pyrenees,True,dog,True,correct
great_pyrenees_168,great_pyrenees,dog,1.0,0.4793,great_pyrenees,True,dog,True,correct
american_bulldog_151,american_bulldog,dog,0.0,0.0,american_bulldog,True,dog,True,correct
american_bulldog_151,american_bulldog,dog,0.1,0.1976,american_bulldog,True,dog,True,correct
american_bulldog_151,american_bulldog,dog,0.2,0.2416,staffordshire_bull_terrier,False,dog,True,within_superclass
american_bulldog_151,american_bulldog,dog,0.3,0.3021,staffordshire_bull_terrier,False,dog,True,within_superclass
american_bulldog_151,american_bulldog,dog,0.4,0.3755,beagle,False,dog,True,within_superclass
american_bulldog_151,american_bulldog,dog,0.5,0.401,samoyed,False,cat,False,cross_superclass
american_bulldog_151,american_bulldog,dog,0.6,0.4138,birman,False,cat,False,cross_superclass
american_bulldog_151,american_bulldog,dog,0.7,0.4334,ragdoll,False,cat,False,cross_superclass
american_bulldog_151,american_bulldog,dog,0.8,0.4515,ragdoll,False,cat,False,cross_superclass
american_bulldog_151,american_bulldog,dog,0.9,0.4743,ragdoll,False,cat,False,cross_superclass
american_bulldog_151,american_bulldog,dog,1.0,0.4871,pug,False,cat,False,cross_superclass
american_bulldog_179,american_bulldog,dog,0.0,0.0,american_bulldog,True,dog,True,correct
american_bulldog_179,american_bulldog,dog,0.1,0.0801,american_bulldog,True,dog,True,correct
american_bulldog_179,american_bulldog,dog,0.2,0.2487,american_bulldog,True,dog,True,correct
american_bulldog_179,american_bulldog,dog,0.3,0.2116,american_bulldog,True,dog,True,correct
american_bulldog_179,american_bulldog,dog,0.4,0.2319,american_bulldog,True,dog,True,correct
american_bulldog_179,american_bulldog,dog,0.5,0.2813,american_bulldog,True,dog,True,correct
american_bulldog_179,american_bulldog,dog,0.6,0.3266,american_bulldog,True,dog,True,correct
american_bulldog_179,american_bulldog,dog,0.7,0.3709,american_bulldog,True,dog,True,correct
american_bulldog_179,american_bulldog,dog,0.8,0.4036,american_bulldog,True,dog,True,correct
american_bulldog_179,american_bulldog,dog,0.9,0.4536,staffordshire_bull_terrier,False,dog,True,within_superclass
american_bulldog_179,american_bulldog,dog,1.0,0.5099,boxer,False,dog,True,within_superclass
Abyssinian_165,abyssinian,cat,0.0,0.0,abyssinian,True,cat,True,correct
Abyssinian_165,abyssinian,cat,0.1,0.1197,abyssinian,True,cat,True,correct
Abyssinian_165,abyssinian,cat,0.2,0.204,abyssinian,True,cat,True,correct
Abyssinian_165,abyssinian,cat,0.3,0.2257,abyssinian,True,cat,True,correct
Abyssinian_165,abyssinian,cat,0.4,0.2688,abyssinian,True,cat,True,correct
Abyssinian_165,abyssinian,cat,0.5,0.3016,abyssinian,True,cat,True,correct
Abyssinian_165,abyssinian,cat,0.6,0.3299,abyssinian,True,cat,True,correct
Abyssinian_165,abyssinian,cat,0.7,0.3313,abyssinian,True,cat,True,correct
Abyssinian_165,abyssinian,cat,0.8,0.3453,british_shorthair,False,cat,True,within_superclass
Abyssinian_165,abyssinian,cat,0.9,0.3695,british_shorthair,False,cat,True,within_superclass
Abyssinian_165,abyssinian,cat,1.0,0.3938,persian,False,cat,True,within_superclass
newfoundland_145,newfoundland,dog,0.0,0.0,newfoundland,True,dog,True,correct
newfoundland_145,newfoundland,dog,0.1,0.1108,newfoundland,True,dog,True,correct
newfoundland_145,newfoundland,dog,0.2,0.2757,newfoundland,True,dog,True,correct
newfoundland_145,newfoundland,dog,0.3,0.2532,newfoundland,True,dog,True,correct
newfoundland_145,newfoundland,dog,0.4,0.3215,newfoundland,True,dog,True,correct
newfoundland_145,newfoundland,dog,0.5,0.412,newfoundland,True,dog,True,correct
newfoundland_145,newfoundland,dog,0.6,0.4443,newfoundland,True,dog,True,correct
newfoundland_145,newfoundland,dog,0.7,0.4568,newfoundland,True,dog,True,correct
newfoundland_145,newfoundland,dog,0.8,0.4688,pomeranian,False,dog,True,within_superclass
newfoundland_145,newfoundland,dog,0.9,0.4758,persian,False,dog,True,within_superclass
newfoundland_145,newfoundland,dog,1.0,0.4692,newfoundland,True,dog,True,correct
Sphynx_144,sphynx,cat,0.0,0.0,sphynx,True,cat,True,correct
Sphynx_144,sphynx,cat,0.1,0.121,sphynx,True,cat,True,correct
Sphynx_144,sphynx,cat,0.2,0.2311,sphynx,True,cat,True,correct
Sphynx_144,sphynx,cat,0.3,0.2438,sphynx,True,cat,True,correct
Sphynx_144,sphynx,cat,0.4,0.2784,sphynx,True,cat,True,correct
Sphynx_144,sphynx,cat,0.5,0.3149,miniature_pinscher,False,cat,True,within_superclass
Sphynx_144,sphynx,cat,0.6,0.3586,egyptian_mau,False,cat,True,within_superclass
Sphynx_144,sphynx,cat,0.7,0.408,miniature_pinscher,False,dog,False,cross_superclass
Sphynx_144,sphynx,cat,0.8,0.4224,boxer,False,dog,False,cross_superclass
Sphynx_144,sphynx,cat,0.9,0.4193,boxer,False,dog,False,cross_superclass
Sphynx_144,sphynx,cat,1.0,0.425,boxer,False,dog,False,cross_superclass
miniature_pinscher_135,miniature_pinscher,dog,0.0,0.0,miniature_pinscher,True,dog,True,correct
miniature_pinscher_135,miniature_pinscher,dog,0.1,0.2262,miniature_pinscher,True,dog,True,correct
miniature_pinscher_135,miniature_pinscher,dog,0.2,0.252,miniature_pinscher,True,dog,True,correct
miniature_pinscher_135,miniature_pinscher,dog,0.3,0.4493,japanese_chin,False,dog,True,within_superclass
miniature_pinscher_135,miniature_pinscher,dog,0.4,0.4693,japanese_chin,False,dog,True,within_superclass
miniature_pinscher_135,miniature_pinscher,dog,0.5,0.4868,japanese_chin,False,dog,True,within_superclass
miniature_pinscher_135,miniature_pinscher,dog,0.6,0.5118,japanese_chin,False,dog,True,within_superclass
miniature_pinscher_135,miniature_pinscher,dog,0.7,0.5248,havanese,False,dog,True,within_superclass
miniature_pinscher_135,miniature_pinscher,dog,0.8,0.5562,havanese,False,dog,True,within_superclass
miniature_pinscher_135,miniature_pinscher,dog,0.9,0.5659,havanese,False,dog,True,within_superclass
miniature_pinscher_135,miniature_pinscher,dog,1.0,0.5713,german_shorthaired,False,cat,False,cross_superclass
boxer_136,boxer,dog,0.0,0.0,american_pit_bull_terrier,False,dog,True,within_superclass
boxer_136,boxer,dog,0.1,0.1478,american_pit_bull_terrier,False,dog,True,within_superclass
boxer_136,boxer,dog,0.2,0.2532,boxer,True,dog,True,correct
boxer_136,boxer,dog,0.3,0.2181,miniature_pinscher,False,dog,True,within_superclass
boxer_136,boxer,dog,0.4,0.2722,miniature_pinscher,False,dog,True,within_superclass
boxer_136,boxer,dog,0.5,0.3411,miniature_pinscher,False,dog,True,within_superclass
boxer_136,boxer,dog,0.6,0.4204,miniature_pinscher,False,dog,True,within_superclass
boxer_136,boxer,dog,0.7,0.4588,miniature_pinscher,False,dog,True,within_superclass
boxer_136,boxer,dog,0.8,0.475,miniature_pinscher,False,dog,True,within_superclass
boxer_136,boxer,dog,0.9,0.4866,miniature_pinscher,False,dog,True,within_superclass
boxer_136,boxer,dog,1.0,0.4924,miniature_pinscher,False,dog,True,within_superclass
Birman_115,birman,cat,0.0,0.0,birman,True,cat,True,correct
Birman_115,birman,cat,0.1,0.0721,birman,True,cat,True,correct
Birman_115,birman,cat,0.2,0.2218,birman,True,cat,True,correct
Birman_115,birman,cat,0.3,0.2292,birman,True,cat,True,correct
Birman_115,birman,cat,0.4,0.2851,japanese_chin,False,dog,False,cross_superclass
Birman_115,birman,cat,0.5,0.3503,shiba_inu,False,dog,False,cross_superclass
Birman_115,birman,cat,0.6,0.3814,havanese,False,dog,False,cross_superclass
Birman_115,birman,cat,0.7,0.4023,english_setter,False,dog,False,cross_superclass
Birman_115,birman,cat,0.8,0.4265,english_setter,False,dog,False,cross_superclass
Birman_115,birman,cat,0.9,0.4487,german_shorthaired,False,dog,False,cross_superclass
Birman_115,birman,cat,1.0,0.4602,german_shorthaired,False,dog,False,cross_superclass
basset_hound_141,basset_hound,dog,0.0,0.0,basset_hound,True,dog,True,correct
basset_hound_141,basset_hound,dog,0.1,0.1151,basset_hound,True,dog,True,correct
basset_hound_141,basset_hound,dog,0.2,0.2086,beagle,False,dog,True,within_superclass
basset_hound_141,basset_hound,dog,0.3,0.2107,beagle,False,dog,True,within_superclass
basset_hound_141,basset_hound,dog,0.4,0.2556,beagle,False,dog,True,within_superclass
basset_hound_141,basset_hound,dog,0.5,0.2848,beagle,False,dog,True,within_superclass
basset_hound_141,basset_hound,dog,0.6,0.3099,beagle,False,dog,True,within_superclass
basset_hound_141,basset_hound,dog,0.7,0.3225,beagle,False,dog,True,within_superclass
basset_hound_141,basset_hound,dog,0.8,0.3683,basset_hound,True,dog,True,correct
basset_hound_141,basset_hound,dog,0.9,0.4821,yorkshire_terrier,False,dog,True,within_superclass
basset_hound_141,basset_hound,dog,1.0,0.5119,boxer,False,dog,True,within_superclass
american_bulldog_109,american_bulldog,dog,0.0,0.0,american_bulldog,True,dog,True,correct
american_bulldog_109,american_bulldog,dog,0.1,0.1185,american_bulldog,True,dog,True,correct
american_bulldog_109,american_bulldog,dog,0.2,0.217,american_bulldog,True,dog,True,correct
american_bulldog_109,american_bulldog,dog,0.3,0.2863,wheaten_terrier,False,dog,True,within_superclass
american_bulldog_109,american_bulldog,dog,0.4,0.3513,great_pyrenees,False,dog,True,within_superclass
american_bulldog_109,american_bulldog,dog,0.5,0.4494,great_pyrenees,False,dog,True,within_superclass
american_bulldog_109,american_bulldog,dog,0.6,0.4829,german_shorthaired,False,dog,True,within_superclass
american_bulldog_109,american_bulldog,dog,0.7,0.4874,boxer,False,dog,True,within_superclass
american_bulldog_109,american_bulldog,dog,0.8,0.4828,boxer,False,dog,True,within_superclass
american_bulldog_109,american_bulldog,dog,0.9,0.481,pomeranian,False,dog,True,within_superclass
american_bulldog_109,american_bulldog,dog,1.0,0.4842,pug,False,dog,True,within_superclass
yorkshire_terrier_189,yorkshire_terrier,dog,0.0,0.0,yorkshire_terrier,True,dog,True,correct
yorkshire_terrier_189,yorkshire_terrier,dog,0.1,0.1053,yorkshire_terrier,True,dog,True,correct
yorkshire_terrier_189,yorkshire_terrier,dog,0.2,0.2223,yorkshire_terrier,True,dog,True,correct
yorkshire_terrier_189,yorkshire_terrier,dog,0.3,0.2393,chihuahua,False,dog,True,within_superclass
yorkshire_terrier_189,yorkshire_terrier,dog,0.4,0.2956,chihuahua,False,dog,True,within_superclass
yorkshire_terrier_189,yorkshire_terrier,dog,0.5,0.3959,egyptian_mau,False,dog,True,within_superclass
yorkshire_terrier_189,yorkshire_terrier,dog,0.6,0.4914,shiba_inu,False,cat,False,cross_superclass
yorkshire_terrier_189,yorkshire_terrier,dog,0.7,0.5142,boxer,False,dog,True,within_superclass
yorkshire_terrier_189,yorkshire_terrier,dog,0.8,0.5339,boxer,False,dog,True,within_superclass
yorkshire_terrier_189,yorkshire_terrier,dog,0.9,0.5415,boxer,False,dog,True,within_superclass
yorkshire_terrier_189,yorkshire_terrier,dog,1.0,0.5376,boxer,False,dog,True,within_superclass
american_pit_bull_terrier_169,american_pit_bull_terrier,dog,0.0,0.0,american_pit_bull_terrier,True,dog,True,correct
american_pit_bull_terrier_169,american_pit_bull_terrier,dog,0.1,0.1808,american_pit_bull_terrier,True,dog,True,correct
american_pit_bull_terrier_169,american_pit_bull_terrier,dog,0.2,0.2248,staffordshire_bull_terrier,False,dog,True,within_superclass
american_pit_bull_terrier_169,american_pit_bull_terrier,dog,0.3,0.3279,shiba_inu,False,dog,True,within_superclass
american_pit_bull_terrier_169,american_pit_bull_terrier,dog,0.4,0.401,birman,False,cat,False,cross_superclass
american_pit_bull_terrier_169,american_pit_bull_terrier,dog,0.5,0.4287,birman,False,cat,False,cross_superclass
american_pit_bull_terrier_169,american_pit_bull_terrier,dog,0.6,0.4518,birman,False,cat,False,cross_superclass
american_pit_bull_terrier_169,american_pit_bull_terrier,dog,0.7,0.4698,birman,False,cat,False,cross_superclass
american_pit_bull_terrier_169,american_pit_bull_terrier,dog,0.8,0.4834,birman,False,cat,False,cross_superclass
american_pit_bull_terrier_169,american_pit_bull_terrier,dog,0.9,0.5003,birman,False,cat,False,cross_superclass
american_pit_bull_terrier_169,american_pit_bull_terrier,dog,1.0,0.5191,birman,False,cat,False,cross_superclass
boxer_107,boxer,dog,0.0,0.0,boxer,True,dog,True,correct
boxer_107,boxer,dog,0.1,0.0754,boxer,True,dog,True,correct
boxer_107,boxer,dog,0.2,0.2024,boxer,True,dog,True,correct
boxer_107,boxer,dog,0.3,0.1606,boxer,True,dog,True,correct
boxer_107,boxer,dog,0.4,0.1663,boxer,True,dog,True,correct
boxer_107,boxer,dog,0.5,0.2087,boxer,True,dog,True,correct
boxer_107,boxer,dog,0.6,0.2706,staffordshire_bull_terrier,False,dog,True,within_superclass
boxer_107,boxer,dog,0.7,0.4251,staffordshire_bull_terrier,False,dog,True,within_superclass
boxer_107,boxer,dog,0.8,0.4717,boxer,True,dog,True,correct
boxer_107,boxer,dog,0.9,0.4819,boxer,True,dog,True,correct
boxer_107,boxer,dog,1.0,0.4812,boxer,True,dog,True,correct
Birman_161,birman,cat,0.0,0.0,birman,True,cat,True,correct
Birman_161,birman,cat,0.1,0.1267,birman,True,cat,True,correct
Birman_161,birman,cat,0.2,0.2812,birman,True,cat,True,correct
Birman_161,birman,cat,0.3,0.2642,birman,True,cat,True,correct
Birman_161,birman,cat,0.4,0.344,birman,True,cat,True,correct
Birman_161,birman,cat,0.5,0.4762,japanese_chin,False,dog,False,cross_superclass
Birman_161,birman,cat,0.6,0.578,great_pyrenees,False,dog,False,cross_superclass
Birman_161,birman,cat,0.7,0.6165,great_pyrenees,False,dog,False,cross_superclass
Birman_161,birman,cat,0.8,0.635,boxer,False,dog,False,cross_superclass
Birman_161,birman,cat,0.9,0.6371,boxer,False,dog,False,cross_superclass
Birman_161,birman,cat,1.0,0.6364,boxer,False,dog,False,cross_superclass
leonberger_131,leonberger,dog,0.0,0.0,leonberger,True,dog,True,correct
leonberger_131,leonberger,dog,0.1,0.1024,leonberger,True,dog,True,correct
leonberger_131,leonberger,dog,0.2,0.2114,leonberger,True,dog,True,correct
leonberger_131,leonberger,dog,0.3,0.2477,leonberger,True,dog,True,correct
leonberger_131,leonberger,dog,0.4,0.2794,leonberger,True,dog,True,correct
leonberger_131,leonberger,dog,0.5,0.3181,leonberger,True,dog,True,correct
leonberger_131,leonberger,dog,0.6,0.3665,leonberger,True,dog,True,correct
leonberger_131,leonberger,dog,0.7,0.4037,leonberger,True,dog,True,correct
leonberger_131,leonberger,dog,0.8,0.4548,wheaten_terrier,False,dog,True,within_superclass
leonberger_131,leonberger,dog,0.9,0.5091,yorkshire_terrier,False,dog,True,within_superclass
leonberger_131,leonberger,dog,1.0,0.5457,yorkshire_terrier,False,dog,True,within_superclass
staffordshire_bull_terrier_172,staffordshire_bull_terrier,dog,0.0,0.0,american_pit_bull_terrier,False,dog,True,within_superclass
staffordshire_bull_terrier_172,staffordshire_bull_terrier,dog,0.1,0.0589,american_pit_bull_terrier,False,dog,True,within_superclass
staffordshire_bull_terrier_172,staffordshire_bull_terrier,dog,0.2,0.2517,staffordshire_bull_terrier,True,dog,True,correct
staffordshire_bull_terrier_172,staffordshire_bull_terrier,dog,0.3,0.3247,german_shorthaired,False,dog,True,within_superclass
staffordshire_bull_terrier_172,staffordshire_bull_terrier,dog,0.4,0.3726,german_shorthaired,False,dog,True,within_superclass
staffordshire_bull_terrier_172,staffordshire_bull_terrier,dog,0.5,0.4187,miniature_pinscher,False,dog,True,within_superclass
staffordshire_bull_terrier_172,staffordshire_bull_terrier,dog,0.6,0.4811,boxer,False,dog,True,within_superclass
staffordshire_bull_terrier_172,staffordshire_bull_terrier,dog,0.7,0.4957,boxer,False,dog,True,within_superclass
staffordshire_bull_terrier_172,staffordshire_bull_terrier,dog,0.8,0.5128,boxer,False,dog,True,within_superclass
staffordshire_bull_terrier_172,staffordshire_bull_terrier,dog,0.9,0.5217,boxer,False,dog,True,within_superclass
staffordshire_bull_terrier_172,staffordshire_bull_terrier,dog,1.0,0.5234,boxer,False,dog,True,within_superclass
wheaten_terrier_162,wheaten_terrier,dog,0.0,0.0,wheaten_terrier,True,dog,True,correct
wheaten_terrier_162,wheaten_terrier,dog,0.1,0.0989,wheaten_terrier,True,dog,True,correct
wheaten_terrier_162,wheaten_terrier,dog,0.2,0.2411,wheaten_terrier,True,cat,False,correct
wheaten_terrier_162,wheaten_terrier,dog,0.3,0.3043,british_shorthair,False,cat,False,cross_superclass
wheaten_terrier_162,wheaten_terrier,dog,0.4,0.3632,birman,False,dog,True,within_superclass
wheaten_terrier_162,wheaten_terrier,dog,0.5,0.3811,ragdoll,False,dog,True,within_superclass
wheaten_terrier_162,wheaten_terrier,dog,0.6,0.3964,japanese_chin,False,dog,True,within_superclass
wheaten_terrier_162,wheaten_terrier,dog,0.7,0.4159,japanese_chin,False,dog,True,within_superclass
wheaten_terrier_162,wheaten_terrier,dog,0.8,0.4431,japanese_chin,False,dog,True,within_superclass
wheaten_terrier_162,wheaten_terrier,dog,0.9,0.4638,japanese_chin,False,dog,True,within_superclass
wheaten_terrier_162,wheaten_terrier,dog,1.0,0.4833,japanese_chin,False,dog,True,within_superclass
german_shorthaired_131,german_shorthaired,dog,0.0,0.0,german_shorthaired,True,dog,True,correct
german_shorthaired_131,german_shorthaired,dog,0.1,0.1016,german_shorthaired,True,dog,True,correct
german_shorthaired_131,german_shorthaired,dog,0.2,0.2918,german_shorthaired,True,dog,True,correct
german_shorthaired_131,german_shorthaired,dog,0.3,0.4222,german_shorthaired,True,dog,True,correct
german_shorthaired_131,german_shorthaired,dog,0.4,0.4409,ragdoll,False,dog,True,within_superclass
german_shorthaired_131,german_shorthaired,dog,0.5,0.4578,ragdoll,False,dog,True,within_superclass
german_shorthaired_131,german_shorthaired,dog,0.6,0.4853,boxer,False,dog,True,within_superclass
german_shorthaired_131,german_shorthaired,dog,0.7,0.5106,boxer,False,dog,True,within_superclass
german_shorthaired_131,german_shorthaired,dog,0.8,0.5246,boxer,False,dog,True,within_superclass
german_shorthaired_131,german_shorthaired,dog,0.9,0.5373,boxer,False,dog,True,within_superclass
german_shorthaired_131,german_shorthaired,dog,1.0,0.5473,boxer,False,dog,True,within_superclass
Egyptian_Mau_193,egyptian_mau,cat,0.0,0.0,egyptian_mau,True,cat,True,correct
Egyptian_Mau_193,egyptian_mau,cat,0.1,0.1498,egyptian_mau,True,cat,True,correct
Egyptian_Mau_193,egyptian_mau,cat,0.2,0.1989,egyptian_mau,True,cat,True,correct
Egyptian_Mau_193,egyptian_mau,cat,0.3,0.2582,egyptian_mau,True,cat,True,correct
Egyptian_Mau_193,egyptian_mau,cat,0.4,0.356,egyptian_mau,True,cat,True,correct
Egyptian_Mau_193,egyptian_mau,cat,0.5,0.3976,egyptian_mau,True,cat,True,correct
Egyptian_Mau_193,egyptian_mau,cat,0.6,0.4257,egyptian_mau,True,cat,True,correct
Egyptian_Mau_193,egyptian_mau,cat,0.7,0.4435,british_shorthair,False,cat,True,within_superclass
Egyptian_Mau_193,egyptian_mau,cat,0.8,0.4594,british_shorthair,False,cat,True,within_superclass
Egyptian_Mau_193,egyptian_mau,cat,0.9,0.4731,bombay,False,cat,True,within_superclass
Egyptian_Mau_193,egyptian_mau,cat,1.0,0.4772,bombay,False,dog,False,cross_superclass
havanese_155,havanese,dog,0.0,0.0,havanese,True,dog,True,correct
havanese_155,havanese,dog,0.1,0.1016,havanese,True,dog,True,correct
havanese_155,havanese,dog,0.2,0.2225,havanese,True,dog,True,correct
havanese_155,havanese,dog,0.3,0.1776,havanese,True,dog,True,correct
havanese_155,havanese,dog,0.4,0.2244,havanese,True,dog,True,correct
havanese_155,havanese,dog,0.5,0.2455,havanese,True,dog,True,correct
havanese_155,havanese,dog,0.6,0.2731,havanese,True,dog,True,correct
havanese_155,havanese,dog,0.7,0.3207,havanese,True,dog,True,correct
havanese_155,havanese,dog,0.8,0.3543,japanese_chin,False,dog,True,within_superclass
havanese_155,havanese,dog,0.9,0.3775,japanese_chin,False,dog,True,within_superclass
havanese_155,havanese,dog,1.0,0.4109,japanese_chin,False,dog,True,within_superclass
shiba_inu_117,shiba_inu,dog,0.0,0.0,shiba_inu,True,dog,True,correct
shiba_inu_117,shiba_inu,dog,0.1,0.1274,shiba_inu,True,dog,True,correct
shiba_inu_117,shiba_inu,dog,0.2,0.2653,shiba_inu,True,dog,True,correct
shiba_inu_117,shiba_inu,dog,0.3,0.212,shiba_inu,True,dog,True,correct
shiba_inu_117,shiba_inu,dog,0.4,0.2671,shiba_inu,True,cat,False,correct
shiba_inu_117,shiba_inu,dog,0.5,0.3274,shiba_inu,True,cat,False,correct
shiba_inu_117,shiba_inu,dog,0.6,0.358,abyssinian,False,cat,False,cross_superclass
shiba_inu_117,shiba_inu,dog,0.7,0.3712,abyssinian,False,cat,False,cross_superclass
shiba_inu_117,shiba_inu,dog,0.8,0.3683,abyssinian,False,cat,False,cross_superclass
shiba_inu_117,shiba_inu,dog,0.9,0.3871,abyssinian,False,cat,False,cross_superclass
shiba_inu_117,shiba_inu,dog,1.0,0.4181,shiba_inu,True,cat,False,correct
havanese_111,havanese,dog,0.0,0.0,havanese,True,dog,True,correct
havanese_111,havanese,dog,0.1,0.0785,havanese,True,dog,True,correct
havanese_111,havanese,dog,0.2,0.2566,havanese,True,dog,True,correct
havanese_111,havanese,dog,0.3,0.2083,japanese_chin,False,dog,True,within_superclass
havanese_111,havanese,dog,0.4,0.2781,japanese_chin,False,dog,True,within_superclass
havanese_111,havanese,dog,0.5,0.3642,japanese_chin,False,dog,True,within_superclass
havanese_111,havanese,dog,0.6,0.3969,japanese_chin,False,dog,True,within_superclass
havanese_111,havanese,dog,0.7,0.409,japanese_chin,False,dog,True,within_superclass
havanese_111,havanese,dog,0.8,0.4246,japanese_chin,False,dog,True,within_superclass
havanese_111,havanese,dog,0.9,0.4299,japanese_chin,False,dog,True,within_superclass
havanese_111,havanese,dog,1.0,0.4364,newfoundland,False,dog,True,within_superclass
basset_hound_137,basset_hound,dog,0.0,0.0,basset_hound,True,dog,True,correct
basset_hound_137,basset_hound,dog,0.1,0.1342,basset_hound,True,dog,True,correct
basset_hound_137,basset_hound,dog,0.2,0.3095,basset_hound,True,dog,True,correct
basset_hound_137,basset_hound,dog,0.3,0.4295,shiba_inu,False,dog,True,within_superclass
basset_hound_137,basset_hound,dog,0.4,0.4681,shiba_inu,False,dog,True,within_superclass
basset_hound_137,basset_hound,dog,0.5,0.4833,pomeranian,False,dog,True,within_superclass
basset_hound_137,basset_hound,dog,0.6,0.4879,ragdoll,False,dog,True,within_superclass
basset_hound_137,basset_hound,dog,0.7,0.5068,ragdoll,False,dog,True,within_superclass
basset_hound_137,basset_hound,dog,0.8,0.5206,ragdoll,False,dog,True,within_superclass
basset_hound_137,basset_hound,dog,0.9,0.5331,bombay,False,dog,True,within_superclass
basset_hound_137,basset_hound,dog,1.0,0.5449,bombay,False,dog,True,within_superclass
Persian_217,persian,cat,0.0,0.0,maine_coon,False,cat,True,within_superclass
Persian_217,persian,cat,0.1,0.1511,maine_coon,False,cat,True,within_superclass
Persian_217,persian,cat,0.2,0.2907,maine_coon,False,cat,True,within_superclass
Persian_217,persian,cat,0.3,0.3939,british_shorthair,False,cat,True,within_superclass
Persian_217,persian,cat,0.4,0.4208,british_shorthair,False,cat,True,within_superclass
Persian_217,persian,cat,0.5,0.4418,british_shorthair,False,cat,True,within_superclass
Persian_217,persian,cat,0.6,0.4507,british_shorthair,False,cat,True,within_superclass
Persian_217,persian,cat,0.7,0.4553,british_shorthair,False,cat,True,within_superclass
Persian_217,persian,cat,0.8,0.4684,british_shorthair,False,cat,True,within_superclass
Persian_217,persian,cat,0.9,0.4861,british_shorthair,False,cat,True,within_superclass
Persian_217,persian,cat,1.0,0.4908,yorkshire_terrier,False,dog,False,cross_superclass
scottish_terrier_111,scottish_terrier,dog,0.0,0.0,scottish_terrier,True,dog,True,correct
scottish_terrier_111,scottish_terrier,dog,0.1,0.1308,scottish_terrier,True,dog,True,correct
scottish_terrier_111,scottish_terrier,dog,0.2,0.3205,scottish_terrier,True,cat,False,correct
scottish_terrier_111,scottish_terrier,dog,0.3,0.2902,scottish_terrier,True,cat,False,correct
scottish_terrier_111,scottish_terrier,dog,0.4,0.3049,scottish_terrier,True,cat,False,correct
scottish_terrier_111,scottish_terrier,dog,0.5,0.3277,scottish_terrier,True,cat,False,correct
scottish_terrier_111,scottish_terrier,dog,0.6,0.3448,scottish_terrier,True,cat,False,correct
scottish_terrier_111,scottish_terrier,dog,0.7,0.3665,scottish_terrier,True,dog,True,correct
scottish_terrier_111,scottish_terrier,dog,0.8,0.3946,scottish_terrier,True,dog,True,correct
scottish_terrier_111,scottish_terrier,dog,0.9,0.4262,scottish_terrier,True,dog,True,correct
scottish_terrier_111,scottish_terrier,dog,1.0,0.4537,staffordshire_bull_terrier,False,dog,True,within_superclass
staffordshire_bull_terrier_107,staffordshire_bull_terrier,dog,0.0,0.0,staffordshire_bull_terrier,True,dog,True,correct
staffordshire_bull_terrier_107,staffordshire_bull_terrier,dog,0.1,0.0831,newfoundland,False,dog,True,within_superclass
staffordshire_bull_terrier_107,staffordshire_bull_terrier,dog,0.2,0.2086,newfoundland,False,dog,True,within_superclass
staffordshire_bull_terrier_107,staffordshire_bull_terrier,dog,0.3,0.1784,newfoundland,False,dog,True,within_superclass
staffordshire_bull_terrier_107,staffordshire_bull_terrier,dog,0.4,0.2243,english_cocker_spaniel,False,dog,True,within_superclass
staffordshire_bull_terrier_107,staffordshire_bull_terrier,dog,0.5,0.2945,english_cocker_spaniel,False,dog,True,within_superclass
staffordshire_bull_terrier_107,staffordshire_bull_terrier,dog,0.6,0.3427,english_cocker_spaniel,False,dog,True,within_superclass
staffordshire_bull_terrier_107,staffordshire_bull_terrier,dog,0.7,0.3531,english_cocker_spaniel,False,dog,True,within_superclass
staffordshire_bull_terrier_107,staffordshire_bull_terrier,dog,0.8,0.3639,english_cocker_spaniel,False,dog,True,within_superclass
staffordshire_bull_terrier_107,staffordshire_bull_terrier,dog,0.9,0.3747,english_cocker_spaniel,False,dog,True,within_superclass
staffordshire_bull_terrier_107,staffordshire_bull_terrier,dog,1.0,0.3932,english_cocker_spaniel,False,dog,True,within_superclass
american_bulldog_135,american_bulldog,dog,0.0,0.0,american_bulldog,True,dog,True,correct
american_bulldog_135,american_bulldog,dog,0.1,0.1766,american_bulldog,True,dog,True,correct
american_bulldog_135,american_bulldog,dog,0.2,0.2532,american_bulldog,True,dog,True,correct
american_bulldog_135,american_bulldog,dog,0.3,0.3087,american_bulldog,True,dog,True,correct
american_bulldog_135,american_bulldog,dog,0.4,0.3789,english_setter,False,dog,True,within_superclass
american_bulldog_135,american_bulldog,dog,0.5,0.4064,english_setter,False,dog,True,within_superclass
american_bulldog_135,american_bulldog,dog,0.6,0.4565,great_pyrenees,False,dog,True,within_superclass
american_bulldog_135,american_bulldog,dog,0.7,0.4946,great_pyrenees,False,dog,True,within_superclass
american_bulldog_135,american_bulldog,dog,0.8,0.5177,great_pyrenees,False,dog,True,within_superclass
american_bulldog_135,american_bulldog,dog,0.9,0.534,great_pyrenees,False,dog,True,within_superclass
american_bulldog_135,american_bulldog,dog,1.0,0.5412,great_pyrenees,False,dog,True,within_superclass
chihuahua_141,chihuahua,dog,0.0,0.0,chihuahua,True,dog,True,correct
chihuahua_141,chihuahua,dog,0.1,0.2011,chihuahua,True,dog,True,correct
chihuahua_141,chihuahua,dog,0.2,0.244,chihuahua,True,dog,True,correct
chihuahua_141,chihuahua,dog,0.3,0.2923,chihuahua,True,dog,True,correct
chihuahua_141,chihuahua,dog,0.4,0.377,miniature_pinscher,False,dog,True,within_superclass
chihuahua_141,chihuahua,dog,0.5,0.485,japanese_chin,False,dog,True,within_superclass
chihuahua_141,chihuahua,dog,0.6,0.5128,japanese_chin,False,dog,True,within_superclass
chihuahua_141,chihuahua,dog,0.7,0.5284,boxer,False,dog,True,within_superclass
chihuahua_141,chihuahua,dog,0.8,0.5398,boxer,False,dog,True,within_superclass
chihuahua_141,chihuahua,dog,0.9,0.5526,boxer,False,dog,True,within_superclass
chihuahua_141,chihuahua,dog,1.0,0.5549,british_shorthair,False,cat,False,cross_superclass
Siamese_129,siamese,cat,0.0,0.0,siamese,True,cat,True,correct
Siamese_129,siamese,cat,0.1,0.0452,birman,False,cat,True,within_superclass
Siamese_129,siamese,cat,0.2,0.1613,birman,False,cat,True,within_superclass
Siamese_129,siamese,cat,0.3,0.1832,birman,False,cat,True,within_superclass
Siamese_129,siamese,cat,0.4,0.2058,birman,False,cat,True,within_superclass
Siamese_129,siamese,cat,0.5,0.2736,birman,False,cat,True,within_superclass
Siamese_129,siamese,cat,0.6,0.3457,birman,False,cat,True,within_superclass
Siamese_129,siamese,cat,0.7,0.3768,british_shorthair,False,cat,True,within_superclass
Siamese_129,siamese,cat,0.8,0.4062,shiba_inu,False,dog,False,cross_superclass
Siamese_129,siamese,cat,0.9,0.4263,staffordshire_bull_terrier,False,dog,False,cross_superclass
Siamese_129,siamese,cat,1.0,0.4505,staffordshire_bull_terrier,False,dog,False,cross_superclass
havanese_121,havanese,dog,0.0,0.0,havanese,True,dog,True,correct
havanese_121,havanese,dog,0.1,0.0686,havanese,True,dog,True,correct
havanese_121,havanese,dog,0.2,0.2546,pomeranian,False,dog,True,within_superclass
havanese_121,havanese,dog,0.3,0.3521,pomeranian,False,dog,True,within_superclass
havanese_121,havanese,dog,0.4,0.4166,boxer,False,dog,True,within_superclass
havanese_121,havanese,dog,0.5,0.4241,boxer,False,dog,True,within_superclass
havanese_121,havanese,dog,0.6,0.441,boxer,False,dog,True,within_superclass
havanese_121,havanese,dog,0.7,0.4475,boxer,False,dog,True,within_superclass
havanese_121,havanese,dog,0.8,0.4592,boxer,False,dog,True,within_superclass
havanese_121,havanese,dog,0.9,0.4772,boxer,False,dog,True,within_superclass
havanese_121,havanese,dog,1.0,0.4744,boxer,False,dog,True,within_superclass
basset_hound_129,basset_hound,dog,0.0,0.0,basset_hound,True,dog,True,correct
basset_hound_129,basset_hound,dog,0.1,0.0632,basset_hound,True,dog,True,correct
basset_hound_129,basset_hound,dog,0.2,0.1589,basset_hound,True,dog,True,correct
basset_hound_129,basset_hound,dog,0.3,0.1367,basset_hound,True,dog,True,correct
basset_hound_129,basset_hound,dog,0.4,0.1676,basset_hound,True,dog,True,correct
basset_hound_129,basset_hound,dog,0.5,0.2034,basset_hound,True,dog,True,correct
basset_hound_129,basset_hound,dog,0.6,0.2404,basset_hound,True,dog,True,correct
basset_hound_129,basset_hound,dog,0.7,0.2763,wheaten_terrier,False,dog,True,within_superclass
basset_hound_129,basset_hound,dog,0.8,0.3012,wheaten_terrier,False,dog,True,within_superclass
basset_hound_129,basset_hound,dog,0.9,0.3219,wheaten_terrier,False,dog,True,within_superclass
basset_hound_129,basset_hound,dog,1.0,0.3334,wheaten_terrier,False,dog,True,within_superclass
basset_hound_139,basset_hound,dog,0.0,0.0,basset_hound,True,dog,True,correct
basset_hound_139,basset_hound,dog,0.1,0.1242,basset_hound,True,dog,True,correct
basset_hound_139,basset_hound,dog,0.2,0.2002,basset_hound,True,dog,True,correct
basset_hound_139,basset_hound,dog,0.3,0.1898,basset_hound,True,dog,True,correct
basset_hound_139,basset_hound,dog,0.4,0.2136,basset_hound,True,dog,True,correct
basset_hound_139,basset_hound,dog,0.5,0.2907,basset_hound,True,dog,True,correct
basset_hound_139,basset_hound,dog,0.6,0.3575,basset_hound,True,dog,True,correct
basset_hound_139,basset_hound,dog,0.7,0.41,shiba_inu,False,dog,True,within_superclass
basset_hound_139,basset_hound,dog,0.8,0.4414,shiba_inu,False,dog,True,within_superclass
basset_hound_139,basset_hound,dog,0.9,0.4664,yorkshire_terrier,False,dog,True,within_superclass
basset_hound_139,basset_hound,dog,1.0,0.4814,yorkshire_terrier,False,dog,True,within_superclass
wheaten_terrier_109,wheaten_terrier,dog,0.0,0.0,wheaten_terrier,True,dog,True,correct
wheaten_terrier_109,wheaten_terrier,dog,0.1,0.0982,havanese,False,dog,True,within_superclass
wheaten_terrier_109,wheaten_terrier,dog,0.2,0.2167,great_pyrenees,False,dog,True,within_superclass
wheaten_terrier_109,wheaten_terrier,dog,0.3,0.1927,great_pyrenees,False,dog,True,within_superclass
wheaten_terrier_109,wheaten_terrier,dog,0.4,0.2289,great_pyrenees,False,dog,True,within_superclass
wheaten_terrier_109,wheaten_terrier,dog,0.5,0.2455,great_pyrenees,False,dog,True,within_superclass
wheaten_terrier_109,wheaten_terrier,dog,0.6,0.2603,great_pyrenees,False,dog,True,within_superclass
wheaten_terrier_109,wheaten_terrier,dog,0.7,0.2884,great_pyrenees,False,dog,True,within_superclass
wheaten_terrier_109,wheaten_terrier,dog,0.8,0.3047,great_pyrenees,False,dog,True,within_superclass
wheaten_terrier_109,wheaten_terrier,dog,0.9,0.3453,english_setter,False,dog,True,within_superclass
wheaten_terrier_109,wheaten_terrier,dog,1.0,0.3975,english_setter,False,dog,True,within_superclass
Persian_195,persian,cat,0.0,0.0,persian,True,cat,True,correct
Persian_195,persian,cat,0.1,0.0796,birman,False,cat,True,within_superclass
Persian_195,persian,cat,0.2,0.2046,birman,False,cat,True,within_superclass
Persian_195,persian,cat,0.3,0.2273,persian,True,cat,True,correct
Persian_195,persian,cat,0.4,0.2717,shiba_inu,False,cat,True,within_superclass
Persian_195,persian,cat,0.5,0.3176,shiba_inu,False,cat,True,within_superclass
Persian_195,persian,cat,0.6,0.3537,british_shorthair,False,cat,True,within_superclass
Persian_195,persian,cat,0.7,0.377,british_shorthair,False,cat,True,within_superclass
Persian_195,persian,cat,0.8,0.3892,british_shorthair,False,cat,True,within_superclass
Persian_195,persian,cat,0.9,0.4116,british_shorthair,False,cat,True,within_superclass
Persian_195,persian,cat,1.0,0.4188,british_shorthair,False,cat,True,within_superclass
Sphynx_185,sphynx,cat,0.0,0.0,sphynx,True,cat,True,correct
Sphynx_185,sphynx,cat,0.1,0.0958,sphynx,True,cat,True,correct
Sphynx_185,sphynx,cat,0.2,0.1838,sphynx,True,cat,True,correct
Sphynx_185,sphynx,cat,0.3,0.1667,sphynx,True,cat,True,correct
Sphynx_185,sphynx,cat,0.4,0.1889,sphynx,True,cat,True,correct
Sphynx_185,sphynx,cat,0.5,0.2388,sphynx,True,cat,True,correct
Sphynx_185,sphynx,cat,0.6,0.2917,chihuahua,False,cat,True,within_superclass
Sphynx_185,sphynx,cat,0.7,0.3418,boxer,False,cat,True,within_superclass
Sphynx_185,sphynx,cat,0.8,0.3678,boxer,False,dog,False,cross_superclass
Sphynx_185,sphynx,cat,0.9,0.3835,boxer,False,dog,False,cross_superclass
Sphynx_185,sphynx,cat,1.0,0.395,boxer,False,dog,False,cross_superclass
keeshond_105,keeshond,dog,0.0,0.0,keeshond,True,dog,True,correct
keeshond_105,keeshond,dog,0.1,0.1335,keeshond,True,dog,True,correct
keeshond_105,keeshond,dog,0.2,0.3079,keeshond,True,dog,True,correct
keeshond_105,keeshond,dog,0.3,0.2563,keeshond,True,dog,True,correct
keeshond_105,keeshond,dog,0.4,0.3316,keeshond,True,dog,True,correct
keeshond_105,keeshond,dog,0.5,0.4548,saint_bernard,False,dog,True,within_superclass
keeshond_105,keeshond,dog,0.6,0.5017,japanese_chin,False,dog,True,within_superclass
keeshond_105,keeshond,dog,0.7,0.5244,japanese_chin,False,dog,True,within_superclass
keeshond_105,keeshond,dog,0.8,0.5347,persian,False,dog,True,within_superclass
keeshond_105,keeshond,dog,0.9,0.5491,persian,False,dog,True,within_superclass
keeshond_105,keeshond,dog,1.0,0.5529,persian,False,dog,True,within_superclass
american_pit_bull_terrier_11,american_pit_bull_terrier,dog,0.0,0.0,american_pit_bull_terrier,True,dog,True,correct
american_pit_bull_terrier_11,american_pit_bull_terrier,dog,0.1,0.1149,american_pit_bull_terrier,True,dog,True,correct
american_pit_bull_terrier_11,american_pit_bull_terrier,dog,0.2,0.226,american_pit_bull_terrier,True,dog,True,correct
american_pit_bull_terrier_11,american_pit_bull_terrier,dog,0.3,0.3141,staffordshire_bull_terrier,False,dog,True,within_superclass
american_pit_bull_terrier_11,american_pit_bull_terrier,dog,0.4,0.3545,staffordshire_bull_terrier,False,dog,True,within_superclass
american_pit_bull_terrier_11,american_pit_bull_terrier,dog,0.5,0.3515,staffordshire_bull_terrier,False,dog,True,within_superclass
american_pit_bull_terrier_11,american_pit_bull_terrier,dog,0.6,0.3796,staffordshire_bull_terrier,False,dog,True,within_superclass
american_pit_bull_terrier_11,american_pit_bull_terrier,dog,0.7,0.4154,staffordshire_bull_terrier,False,dog,True,within_superclass
american_pit_bull_terrier_11,american_pit_bull_terrier,dog,0.8,0.4383,staffordshire_bull_terrier,False,dog,True,within_superclass
american_pit_bull_terrier_11,american_pit_bull_terrier,dog,0.9,0.4469,boxer,False,dog,True,within_superclass
american_pit_bull_terrier_11,american_pit_bull_terrier,dog,1.0,0.4491,boxer,False,dog,True,within_superclass
boxer_169,boxer,dog,0.0,0.0,boxer,True,dog,True,correct
boxer_169,boxer,dog,0.1,0.1144,boxer,True,dog,True,correct
boxer_169,boxer,dog,0.2,0.2295,boxer,True,dog,True,correct
boxer_169,boxer,dog,0.3,0.2433,boxer,True,dog,True,correct
boxer_169,boxer,dog,0.4,0.2679,boxer,True,dog,True,correct
boxer_169,boxer,dog,0.5,0.295,boxer,True,dog,True,correct
boxer_169,boxer,dog,0.6,0.3115,staffordshire_bull_terrier,False,dog,True,within_superclass
boxer_169,boxer,dog,0.7,0.3908,shiba_inu,False,dog,True,within_superclass
boxer_169,boxer,dog,0.8,0.4858,shiba_inu,False,dog,True,within_superclass
boxer_169,boxer,dog,0.9,0.5204,boxer,True,dog,True,correct
boxer_169,boxer,dog,1.0,0.5303,boxer,True,dog,True,correct
saint_bernard_175,saint_bernard,dog,0.0,0.0,saint_bernard,True,dog,True,correct
saint_bernard_175,saint_bernard,dog,0.1,0.0892,saint_bernard,True,dog,True,correct
saint_bernard_175,saint_bernard,dog,0.2,0.1903,saint_bernard,True,dog,True,correct
saint_bernard_175,saint_bernard,dog,0.3,0.1929,boxer,False,dog,True,within_superclass
saint_bernard_175,saint_bernard,dog,0.4,0.277,boxer,False,dog,True,within_superclass
saint_bernard_175,saint_bernard,dog,0.5,0.3233,shiba_inu,False,cat,False,cross_superclass
saint_bernard_175,saint_bernard,dog,0.6,0.3558,abyssinian,False,cat,False,cross_superclass
saint_bernard_175,saint_bernard,dog,0.7,0.3793,abyssinian,False,cat,False,cross_superclass
saint_bernard_175,saint_bernard,dog,0.8,0.3933,abyssinian,False,cat,False,cross_superclass
saint_bernard_175,saint_bernard,dog,0.9,0.417,abyssinian,False,cat,False,cross_superclass
saint_bernard_175,saint_bernard,dog,1.0,0.4399,abyssinian,False,cat,False,cross_superclass
Abyssinian_122,abyssinian,cat,0.0,0.0,abyssinian,True,cat,True,correct
Abyssinian_122,abyssinian,cat,0.1,0.1455,abyssinian,True,cat,True,correct
Abyssinian_122,abyssinian,cat,0.2,0.2346,abyssinian,True,cat,True,correct
Abyssinian_122,abyssinian,cat,0.3,0.2283,abyssinian,True,cat,True,correct
Abyssinian_122,abyssinian,cat,0.4,0.2716,abyssinian,True,cat,True,correct
Abyssinian_122,abyssinian,cat,0.5,0.3168,british_shorthair,False,cat,True,within_superclass
Abyssinian_122,abyssinian,cat,0.6,0.3442,british_shorthair,False,cat,True,within_superclass
Abyssinian_122,abyssinian,cat,0.7,0.3677,abyssinian,True,cat,True,correct
Abyssinian_122,abyssinian,cat,0.8,0.3761,abyssinian,True,cat,True,correct
Abyssinian_122,abyssinian,cat,0.9,0.3896,british_shorthair,False,cat,True,within_superclass
Abyssinian_122,abyssinian,cat,1.0,0.4012,british_shorthair,False,cat,True,within_superclass
samoyed_156,samoyed,dog,0.0,0.0,samoyed,True,dog,True,correct
samoyed_156,samoyed,dog,0.1,0.0939,samoyed,True,dog,True,correct
samoyed_156,samoyed,dog,0.2,0.2153,samoyed,True,dog,True,correct
samoyed_156,samoyed,dog,0.3,0.2392,samoyed,True,dog,True,correct
samoyed_156,samoyed,dog,0.4,0.2639,samoyed,True,dog,True,correct
samoyed_156,samoyed,dog,0.5,0.2691,samoyed,True,dog,True,correct
samoyed_156,samoyed,dog,0.6,0.2962,samoyed,True,dog,True,correct
samoyed_156,samoyed,dog,0.7,0.3317,great_pyrenees,False,dog,True,within_superclass
samoyed_156,samoyed,dog,0.8,0.3629,great_pyrenees,False,dog,True,within_superclass
samoyed_156,samoyed,dog,0.9,0.3949,great_pyrenees,False,dog,True,within_superclass
samoyed_156,samoyed,dog,1.0,0.4171,wheaten_terrier,False,dog,True,within_superclass
miniature_pinscher_13,miniature_pinscher,dog,0.0,0.0,miniature_pinscher,True,dog,True,correct
miniature_pinscher_13,miniature_pinscher,dog,0.1,0.0887,miniature_pinscher,True,dog,True,correct
miniature_pinscher_13,miniature_pinscher,dog,0.2,0.2507,miniature_pinscher,True,dog,True,correct
miniature_pinscher_13,miniature_pinscher,dog,0.3,0.274,miniature_pinscher,True,dog,True,correct
miniature_pinscher_13,miniature_pinscher,dog,0.4,0.3726,miniature_pinscher,True,dog,True,correct
miniature_pinscher_13,miniature_pinscher,dog,0.5,0.4234,miniature_pinscher,True,dog,True,correct
miniature_pinscher_13,miniature_pinscher,dog,0.6,0.4333,miniature_pinscher,True,dog,True,correct
miniature_pinscher_13,miniature_pinscher,dog,0.7,0.4399,miniature_pinscher,True,dog,True,correct
miniature_pinscher_13,miniature_pinscher,dog,0.8,0.448,miniature_pinscher,True,dog,True,correct
miniature_pinscher_13,miniature_pinscher,dog,0.9,0.4624,boxer,False,dog,True,within_superclass
miniature_pinscher_13,miniature_pinscher,dog,1.0,0.4727,boxer,False,dog,True,within_superclass
miniature_pinscher_164,miniature_pinscher,dog,0.0,0.0,miniature_pinscher,True,dog,True,correct
miniature_pinscher_164,miniature_pinscher,dog,0.1,0.2204,miniature_pinscher,True,dog,True,correct
miniature_pinscher_164,miniature_pinscher,dog,0.2,0.3064,miniature_pinscher,True,dog,True,correct
miniature_pinscher_164,miniature_pinscher,dog,0.3,0.3744,miniature_pinscher,True,dog,True,correct
miniature_pinscher_164,miniature_pinscher,dog,0.4,0.4441,miniature_pinscher,True,dog,True,correct
miniature_pinscher_164,miniature_pinscher,dog,0.5,0.4555,miniature_pinscher,True,dog,True,correct
miniature_pinscher_164,miniature_pinscher,dog,0.6,0.455,miniature_pinscher,True,dog,True,correct
miniature_pinscher_164,miniature_pinscher,dog,0.7,0.4653,miniature_pinscher,True,dog,True,correct
miniature_pinscher_164,miniature_pinscher,dog,0.8,0.4882,miniature_pinscher,True,dog,True,correct
miniature_pinscher_164,miniature_pinscher,dog,0.9,0.507,boxer,False,dog,True,within_superclass
miniature_pinscher_164,miniature_pinscher,dog,1.0,0.5195,boxer,False,dog,True,within_superclass
Siamese_154,siamese,cat,0.0,0.0,siamese,True,cat,True,correct
Siamese_154,siamese,cat,0.1,0.1026,siamese,True,cat,True,correct
Siamese_154,siamese,cat,0.2,0.1949,siamese,True,cat,True,correct
Siamese_154,siamese,cat,0.3,0.2156,pug,False,cat,True,within_superclass
Siamese_154,siamese,cat,0.4,0.2773,pug,False,dog,False,cross_superclass
Siamese_154,siamese,cat,0.5,0.3617,pug,False,dog,False,cross_superclass
Siamese_154,siamese,cat,0.6,0.3985,pug,False,dog,False,cross_superclass
Siamese_154,siamese,cat,0.7,0.4088,wheaten_terrier,False,dog,False,cross_superclass
Siamese_154,siamese,cat,0.8,0.4145,wheaten_terrier,False,dog,False,cross_superclass
Siamese_154,siamese,cat,0.9,0.4232,wheaten_terrier,False,dog,False,cross_superclass
Siamese_154,siamese,cat,1.0,0.4298,yorkshire_terrier,False,dog,False,cross_superclass
saint_bernard_134,saint_bernard,dog,0.0,0.0,saint_bernard,True,dog,True,correct
saint_bernard_134,saint_bernard,dog,0.1,0.0805,american_bulldog,False,dog,True,within_superclass
saint_bernard_134,saint_bernard,dog,0.2,0.1779,american_bulldog,False,dog,True,within_superclass
saint_bernard_134,saint_bernard,dog,0.3,0.2632,saint_bernard,True,dog,True,correct
saint_bernard_134,saint_bernard,dog,0.4,0.4142,great_pyrenees,False,dog,True,within_superclass
saint_bernard_134,saint_bernard,dog,0.5,0.4701,boxer,False,dog,True,within_superclass
saint_bernard_134,saint_bernard,dog,0.6,0.4834,boxer,False,dog,True,within_superclass
saint_bernard_134,saint_bernard,dog,0.7,0.4909,boxer,False,dog,True,within_superclass
saint_bernard_134,saint_bernard,dog,0.8,0.5019,boxer,False,dog,True,within_superclass
saint_bernard_134,saint_bernard,dog,0.9,0.5073,boxer,False,dog,True,within_superclass
saint_bernard_134,saint_bernard,dog,1.0,0.5163,boxer,False,dog,True,within_superclass
miniature_pinscher_147,miniature_pinscher,dog,0.0,0.0,miniature_pinscher,True,dog,True,correct
miniature_pinscher_147,miniature_pinscher,dog,0.1,0.2121,miniature_pinscher,True,dog,True,correct
miniature_pinscher_147,miniature_pinscher,dog,0.2,0.2441,miniature_pinscher,True,dog,True,correct
miniature_pinscher_147,miniature_pinscher,dog,0.3,0.3847,miniature_pinscher,True,dog,True,correct
miniature_pinscher_147,miniature_pinscher,dog,0.4,0.4119,miniature_pinscher,True,dog,True,correct
miniature_pinscher_147,miniature_pinscher,dog,0.5,0.4313,miniature_pinscher,True,dog,True,correct
miniature_pinscher_147,miniature_pinscher,dog,0.6,0.4524,boxer,False,dog,True,within_superclass
miniature_pinscher_147,miniature_pinscher,dog,0.7,0.4663,shiba_inu,False,dog,True,within_superclass
miniature_pinscher_147,miniature_pinscher,dog,0.8,0.4868,shiba_inu,False,dog,True,within_superclass
miniature_pinscher_147,miniature_pinscher,dog,0.9,0.4985,shiba_inu,False,dog,True,within_superclass
miniature_pinscher_147,miniature_pinscher,dog,1.0,0.5087,shiba_inu,False,dog,True,within_superclass
Ragdoll_115,ragdoll,cat,0.0,0.0,birman,False,cat,True,within_superclass
Ragdoll_115,ragdoll,cat,0.1,0.1288,birman,False,cat,True,within_superclass
Ragdoll_115,ragdoll,cat,0.2,0.2387,birman,False,cat,True,within_superclass
Ragdoll_115,ragdoll,cat,0.3,0.2767,birman,False,cat,True,within_superclass
Ragdoll_115,ragdoll,cat,0.4,0.3047,birman,False,cat,True,within_superclass
Ragdoll_115,ragdoll,cat,0.5,0.3227,birman,False,cat,True,within_superclass
Ragdoll_115,ragdoll,cat,0.6,0.3449,birman,False,cat,True,within_superclass
Ragdoll_115,ragdoll,cat,0.7,0.3722,birman,False,cat,True,within_superclass
Ragdoll_115,ragdoll,cat,0.8,0.4193,birman,False,cat,True,within_superclass
Ragdoll_115,ragdoll,cat,0.9,0.4641,birman,False,cat,True,within_superclass
Ragdoll_115,ragdoll,cat,1.0,0.5074,chihuahua,False,dog,False,cross_superclass
Siamese_198,siamese,cat,0.0,0.0,siamese,True,cat,True,correct
Siamese_198,siamese,cat,0.1,0.1342,siamese,True,cat,True,correct
Siamese_198,siamese,cat,0.2,0.214,birman,False,cat,True,within_superclass
Siamese_198,siamese,cat,0.3,0.2611,siamese,True,cat,True,correct
Siamese_198,siamese,cat,0.4,0.3067,birman,False,cat,True,within_superclass
Siamese_198,siamese,cat,0.5,0.3842,birman,False,cat,True,within_superclass
Siamese_198,siamese,cat,0.6,0.4177,pug,False,dog,False,cross_superclass
Siamese_198,siamese,cat,0.7,0.4442,pug,False,dog,False,cross_superclass
Siamese_198,siamese,cat,0.8,0.4784,pug,False,dog,False,cross_superclass
Siamese_198,siamese,cat,0.9,0.488,pug,False,dog,False,cross_superclass
Siamese_198,siamese,cat,1.0,0.4862,pug,False,dog,False,cross_superclass
beagle_162,beagle,dog,0.0,0.0,beagle,True,dog,True,correct
beagle_162,beagle,dog,0.1,0.1297,beagle,True,dog,True,correct
beagle_162,beagle,dog,0.2,0.1428,beagle,True,dog,True,correct
beagle_162,beagle,dog,0.3,0.1906,beagle,True,dog,True,correct
beagle_162,beagle,dog,0.4,0.2467,beagle,True,dog,True,correct
beagle_162,beagle,dog,0.5,0.2954,beagle,True,dog,True,correct
beagle_162,beagle,dog,0.6,0.3748,beagle,True,dog,True,correct
beagle_162,beagle,dog,0.7,0.4392,beagle,True,dog,True,correct
beagle_162,beagle,dog,0.8,0.4646,shiba_inu,False,dog,True,within_superclass
beagle_162,beagle,dog,0.9,0.4674,shiba_inu,False,dog,True,within_superclass
beagle_162,beagle,dog,1.0,0.4646,yorkshire_terrier,False,dog,True,within_superclass
shiba_inu_156,shiba_inu,dog,0.0,0.0,saint_bernard,False,dog,True,within_superclass
shiba_inu_156,shiba_inu,dog,0.1,0.1313,english_setter,False,dog,True,within_superclass
shiba_inu_156,shiba_inu,dog,0.2,0.2483,english_setter,False,dog,True,within_superclass
shiba_inu_156,shiba_inu,dog,0.3,0.2131,saint_bernard,False,dog,True,within_superclass
shiba_inu_156,shiba_inu,dog,0.4,0.2489,japanese_chin,False,dog,True,within_superclass
shiba_inu_156,shiba_inu,dog,0.5,0.2925,japanese_chin,False,dog,True,within_superclass
shiba_inu_156,shiba_inu,dog,0.6,0.3384,japanese_chin,False,dog,True,within_superclass
shiba_inu_156,shiba_inu,dog,0.7,0.3862,japanese_chin,False,dog,True,within_superclass
shiba_inu_156,shiba_inu,dog,0.8,0.4446,yorkshire_terrier,False,cat,False,cross_superclass
shiba_inu_156,shiba_inu,dog,0.9,0.4749,yorkshire_terrier,False,cat,False,cross_superclass
shiba_inu_156,shiba_inu,dog,1.0,0.4929,havanese,False,cat,False,cross_superclass
pug_17,pug,dog,0.0,0.0,pug,True,dog,True,correct
pug_17,pug,dog,0.1,0.1326,pug,True,dog,True,correct
pug_17,pug,dog,0.2,0.288,pug,True,dog,True,correct
pug_17,pug,dog,0.3,0.2573,pug,True,dog,True,correct
pug_17,pug,dog,0.4,0.2418,pug,True,dog,True,correct
pug_17,pug,dog,0.5,0.2685,pug,True,dog,True,correct
pug_17,pug,dog,0.6,0.3282,pug,True,dog,True,correct
pug_17,pug,dog,0.7,0.3697,pug,True,dog,True,correct
pug_17,pug,dog,0.8,0.4011,pug,True,dog,True,correct
pug_17,pug,dog,0.9,0.4245,pug,True,dog,True,correct
pug_17,pug,dog,1.0,0.4485,pug,True,dog,True,correct
Russian_Blue_182,russian_blue,cat,0.0,0.0,russian_blue,True,cat,True,correct
Russian_Blue_182,russian_blue,cat,0.1,0.0703,russian_blue,True,cat,True,correct
Russian_Blue_182,russian_blue,cat,0.2,0.2022,egyptian_mau,False,cat,True,within_superclass
Russian_Blue_182,russian_blue,cat,0.3,0.2788,egyptian_mau,False,cat,True,within_superclass
Russian_Blue_182,russian_blue,cat,0.4,0.3465,egyptian_mau,False,cat,True,within_superclass
Russian_Blue_182,russian_blue,cat,0.5,0.4239,birman,False,cat,True,within_superclass
Russian_Blue_182,russian_blue,cat,0.6,0.4558,birman,False,cat,True,within_superclass
Russian_Blue_182,russian_blue,cat,0.7,0.4733,birman,False,cat,True,within_superclass
Russian_Blue_182,russian_blue,cat,0.8,0.4836,boxer,False,dog,False,cross_superclass
Russian_Blue_182,russian_blue,cat,0.9,0.4841,boxer,False,dog,False,cross_superclass
Russian_Blue_182,russian_blue,cat,1.0,0.4797,boxer,False,dog,False,cross_superclass
newfoundland_179,newfoundland,dog,0.0,0.0,leonberger,False,dog,True,within_superclass
newfoundland_179,newfoundland,dog,0.1,0.1266,leonberger,False,dog,True,within_superclass
newfoundland_179,newfoundland,dog,0.2,0.2698,leonberger,False,dog,True,within_superclass
newfoundland_179,newfoundland,dog,0.3,0.2918,leonberger,False,dog,True,within_superclass
newfoundland_179,newfoundland,dog,0.4,0.3233,leonberger,False,dog,True,within_superclass
newfoundland_179,newfoundland,dog,0.5,0.3701,leonberger,False,dog,True,within_superclass
newfoundland_179,newfoundland,dog,0.6,0.4213,leonberger,False,dog,True,within_superclass
newfoundland_179,newfoundland,dog,0.7,0.4758,yorkshire_terrier,False,dog,True,within_superclass
newfoundland_179,newfoundland,dog,0.8,0.4992,newfoundland,True,dog,True,correct
newfoundland_179,newfoundland,dog,0.9,0.51,newfoundland,True,dog,True,correct
newfoundland_179,newfoundland,dog,1.0,0.5127,newfoundland,True,dog,True,correct
boxer_180,boxer,dog,0.0,0.0,boxer,True,dog,True,correct
boxer_180,boxer,dog,0.1,0.113,boxer,True,dog,True,correct
boxer_180,boxer,dog,0.2,0.2231,boxer,True,dog,True,correct
boxer_180,boxer,dog,0.3,0.2221,leonberger,False,dog,True,within_superclass
boxer_180,boxer,dog,0.4,0.2807,leonberger,False,dog,True,within_superclass
boxer_180,boxer,dog,0.5,0.3451,pug,False,dog,True,within_superclass
boxer_180,boxer,dog,0.6,0.3812,pug,False,dog,True,within_superclass
boxer_180,boxer,dog,0.7,0.4115,pug,False,dog,True,within_superclass
boxer_180,boxer,dog,0.8,0.4413,pug,False,dog,True,within_superclass
boxer_180,boxer,dog,0.9,0.4768,pug,False,dog,True,within_superclass
boxer_180,boxer,dog,1.0,0.5161,miniature_pinscher,False,dog,True,within_superclass
Bombay_163,bombay,cat,0.0,0.0,british_shorthair,False,cat,True,within_superclass
Bombay_163,bombay,cat,0.1,0.0687,egyptian_mau,False,cat,True,within_superclass
Bombay_163,bombay,cat,0.2,0.2016,egyptian_mau,False,cat,True,within_superclass
Bombay_163,bombay,cat,0.3,0.1623,egyptian_mau,False,cat,True,within_superclass
Bombay_163,bombay,cat,0.4,0.1792,egyptian_mau,False,cat,True,within_superclass
Bombay_163,bombay,cat,0.5,0.2053,egyptian_mau,False,cat,True,within_superclass
Bombay_163,bombay,cat,0.6,0.2516,egyptian_mau,False,cat,True,within_superclass
Bombay_163,bombay,cat,0.7,0.2778,british_shorthair,False,cat,True,within_superclass
Bombay_163,bombay,cat,0.8,0.2988,british_shorthair,False,cat,True,within_superclass
Bombay_163,bombay,cat,0.9,0.3148,british_shorthair,False,cat,True,within_superclass
Bombay_163,bombay,cat,1.0,0.3222,british_shorthair,False,cat,True,within_superclass
english_cocker_spaniel_147,english_cocker_spaniel,dog,0.0,0.0,english_cocker_spaniel,True,dog,True,correct
english_cocker_spaniel_147,english_cocker_spaniel,dog,0.1,0.1372,newfoundland,False,dog,True,within_superclass
english_cocker_spaniel_147,english_cocker_spaniel,dog,0.2,0.2183,newfoundland,False,dog,True,within_superclass
english_cocker_spaniel_147,english_cocker_spaniel,dog,0.3,0.295,newfoundland,False,dog,True,within_superclass
english_cocker_spaniel_147,english_cocker_spaniel,dog,0.4,0.3732,newfoundland,False,dog,True,within_superclass
english_cocker_spaniel_147,english_cocker_spaniel,dog,0.5,0.3971,newfoundland,False,dog,True,within_superclass
english_cocker_spaniel_147,english_cocker_spaniel,dog,0.6,0.4074,staffordshire_bull_terrier,False,dog,True,within_superclass
english_cocker_spaniel_147,english_cocker_spaniel,dog,0.7,0.4159,staffordshire_bull_terrier,False,dog,True,within_superclass
english_cocker_spaniel_147,english_cocker_spaniel,dog,0.8,0.4146,staffordshire_bull_terrier,False,dog,True,within_superclass
english_cocker_spaniel_147,english_cocker_spaniel,dog,0.9,0.4193,miniature_pinscher,False,dog,True,within_superclass
english_cocker_spaniel_147,english_cocker_spaniel,dog,1.0,0.4164,miniature_pinscher,False,dog,True,within_superclass
Persian_10,persian,cat,0.0,0.0,birman,False,cat,True,within_superclass
Persian_10,persian,cat,0.1,0.0865,birman,False,cat,True,within_superclass
Persian_10,persian,cat,0.2,0.1807,birman,False,cat,True,within_superclass
Persian_10,persian,cat,0.3,0.1837,birman,False,cat,True,within_superclass
Persian_10,persian,cat,0.4,0.1808,birman,False,cat,True,within_superclass
Persian_10,persian,cat,0.5,0.2292,birman,False,cat,True,within_superclass
Persian_10,persian,cat,0.6,0.2886,birman,False,cat,True,within_superclass
Persian_10,persian,cat,0.7,0.3467,birman,False,cat,True,within_superclass
Persian_10,persian,cat,0.8,0.3972,pomeranian,False,dog,False,cross_superclass
Persian_10,persian,cat,0.9,0.4468,pug,False,dog,False,cross_superclass
Persian_10,persian,cat,1.0,0.4709,pug,False,dog,False,cross_superclass
english_cocker_spaniel_171,english_cocker_spaniel,dog,0.0,0.0,english_cocker_spaniel,True,dog,True,correct
english_cocker_spaniel_171,english_cocker_spaniel,dog,0.1,0.1142,havanese,False,dog,True,within_superclass
english_cocker_spaniel_171,english_cocker_spaniel,dog,0.2,0.2375,newfoundland,False,dog,True,within_superclass
english_cocker_spaniel_171,english_cocker_spaniel,dog,0.3,0.2726,newfoundland,False,dog,True,within_superclass
english_cocker_spaniel_171,english_cocker_spaniel,dog,0.4,0.3217,newfoundland,False,dog,True,within_superclass
english_cocker_spaniel_171,english_cocker_spaniel,dog,0.5,0.3792,newfoundland,False,dog,True,within_superclass
english_cocker_spaniel_171,english_cocker_spaniel,dog,0.6,0.4123,newfoundland,False,dog,True,within_superclass
english_cocker_spaniel_171,english_cocker_spaniel,dog,0.7,0.4206,newfoundland,False,dog,True,within_superclass
english_cocker_spaniel_171,english_cocker_spaniel,dog,0.8,0.4315,newfoundland,False,dog,True,within_superclass
english_cocker_spaniel_171,english_cocker_spaniel,dog,0.9,0.4446,german_shorthaired,False,dog,True,within_superclass
english_cocker_spaniel_171,english_cocker_spaniel,dog,1.0,0.4627,german_shorthaired,False,dog,True,within_superclass
Bengal_147,bengal,cat,0.0,0.0,bengal,True,cat,True,correct
Bengal_147,bengal,cat,0.1,0.1903,bengal,True,cat,True,correct
Bengal_147,bengal,cat,0.2,0.2055,bengal,True,cat,True,correct
Bengal_147,bengal,cat,0.3,0.2387,shiba_inu,False,cat,True,within_superclass
Bengal_147,bengal,cat,0.4,0.28,abyssinian,False,cat,True,within_superclass
Bengal_147,bengal,cat,0.5,0.3745,persian,False,cat,True,within_superclass
Bengal_147,bengal,cat,0.6,0.4091,persian,False,dog,False,cross_superclass
Bengal_147,bengal,cat,0.7,0.4243,yorkshire_terrier,False,dog,False,cross_superclass
Bengal_147,bengal,cat,0.8,0.4312,yorkshire_terrier,False,dog,False,cross_superclass
Bengal_147,bengal,cat,0.9,0.4402,yorkshire_terrier,False,dog,False,cross_superclass
Bengal_147,bengal,cat,1.0,0.4367,yorkshire_terrier,False,dog,False,cross_superclass
Egyptian_Mau_176,egyptian_mau,cat,0.0,0.0,egyptian_mau,True,cat,True,correct
Egyptian_Mau_176,egyptian_mau,cat,0.1,0.1784,egyptian_mau,True,cat,True,correct
Egyptian_Mau_176,egyptian_mau,cat,0.2,0.2227,egyptian_mau,True,cat,True,correct
Egyptian_Mau_176,egyptian_mau,cat,0.3,0.236,egyptian_mau,True,cat,True,correct
Egyptian_Mau_176,egyptian_mau,cat,0.4,0.311,british_shorthair,False,cat,True,within_superclass
Egyptian_Mau_176,egyptian_mau,cat,0.5,0.3918,british_shorthair,False,dog,False,cross_superclass
Egyptian_Mau_176,egyptian_mau,cat,0.6,0.438,bombay,False,dog,False,cross_superclass
Egyptian_Mau_176,egyptian_mau,cat,0.7,0.4646,bombay,False,dog,False,cross_superclass
Egyptian_Mau_176,egyptian_mau,cat,0.8,0.5085,bombay,False,dog,False,cross_superclass
Egyptian_Mau_176,egyptian_mau,cat,0.9,0.5394,bombay,False,dog,False,cross_superclass
Egyptian_Mau_176,egyptian_mau,cat,1.0,0.5474,bombay,False,dog,False,cross_superclass
english_setter_176,english_setter,dog,0.0,0.0,english_setter,True,dog,True,correct
english_setter_176,english_setter,dog,0.1,0.083,english_setter,True,dog,True,correct
english_setter_176,english_setter,dog,0.2,0.1977,basset_hound,False,dog,True,within_superclass
english_setter_176,english_setter,dog,0.3,0.2398,english_setter,True,dog,True,correct
english_setter_176,english_setter,dog,0.4,0.3601,japanese_chin,False,dog,True,within_superclass
english_setter_176,english_setter,dog,0.5,0.3964,german_shorthaired,False,dog,True,within_superclass
english_setter_176,english_setter,dog,0.6,0.4241,german_shorthaired,False,dog,True,within_superclass
english_setter_176,english_setter,dog,0.7,0.4333,german_shorthaired,False,dog,True,within_superclass
english_setter_176,english_setter,dog,0.8,0.429,german_shorthaired,False,dog,True,within_superclass
english_setter_176,english_setter,dog,0.9,0.4296,german_shorthaired,False,dog,True,within_superclass
english_setter_176,english_setter,dog,1.0,0.4292,german_shorthaired,False,dog,True,within_superclass
miniature_pinscher_123,miniature_pinscher,dog,0.0,0.0,miniature_pinscher,True,dog,True,correct
miniature_pinscher_123,miniature_pinscher,dog,0.1,0.1587,miniature_pinscher,True,dog,True,correct
miniature_pinscher_123,miniature_pinscher,dog,0.2,0.2215,miniature_pinscher,True,dog,True,correct
miniature_pinscher_123,miniature_pinscher,dog,0.3,0.2491,miniature_pinscher,True,dog,True,correct
miniature_pinscher_123,miniature_pinscher,dog,0.4,0.3171,miniature_pinscher,True,dog,True,correct
miniature_pinscher_123,miniature_pinscher,dog,0.5,0.3995,miniature_pinscher,True,dog,True,correct
miniature_pinscher_123,miniature_pinscher,dog,0.6,0.4232,miniature_pinscher,True,dog,True,correct
miniature_pinscher_123,miniature_pinscher,dog,0.7,0.4375,boxer,False,dog,True,within_superclass
miniature_pinscher_123,miniature_pinscher,dog,0.8,0.4454,boxer,False,dog,True,within_superclass
miniature_pinscher_123,miniature_pinscher,dog,0.9,0.4534,boxer,False,dog,True,within_superclass
miniature_pinscher_123,miniature_pinscher,dog,1.0,0.4571,boxer,False,dog,True,within_superclass
Bengal_102,bengal,cat,0.0,0.0,bengal,True,cat,True,correct
Bengal_102,bengal,cat,0.1,0.1647,bengal,True,cat,True,correct
Bengal_102,bengal,cat,0.2,0.2665,bengal,True,cat,True,correct
Bengal_102,bengal,cat,0.3,0.2828,egyptian_mau,False,cat,True,within_superclass
Bengal_102,bengal,cat,0.4,0.3119,egyptian_mau,False,cat,True,within_superclass
Bengal_102,bengal,cat,0.5,0.3447,egyptian_mau,False,cat,True,within_superclass
Bengal_102,bengal,cat,0.6,0.3652,egyptian_mau,False,cat,True,within_superclass
Bengal_102,bengal,cat,0.7,0.3946,miniature_pinscher,False,cat,True,within_superclass
Bengal_102,bengal,cat,0.8,0.4323,miniature_pinscher,False,dog,False,cross_superclass
Bengal_102,bengal,cat,0.9,0.457,miniature_pinscher,False,dog,False,cross_superclass
Bengal_102,bengal,cat,1.0,0.4684,miniature_pinscher,False,dog,False,cross_superclass
english_cocker_spaniel_137,english_cocker_spaniel,dog,0.0,0.0,havanese,False,dog,True,within_superclass
english_cocker_spaniel_137,english_cocker_spaniel,dog,0.1,0.1513,havanese,False,dog,True,within_superclass
english_cocker_spaniel_137,english_cocker_spaniel,dog,0.2,0.3245,leonberger,False,dog,True,within_superclass
english_cocker_spaniel_137,english_cocker_spaniel,dog,0.3,0.2516,leonberger,False,dog,True,within_superclass
english_cocker_spaniel_137,english_cocker_spaniel,dog,0.4,0.3369,leonberger,False,dog,True,within_superclass
english_cocker_spaniel_137,english_cocker_spaniel,dog,0.5,0.4267,newfoundland,False,dog,True,within_superclass
english_cocker_spaniel_137,english_cocker_spaniel,dog,0.6,0.4616,havanese,False,dog,True,within_superclass
english_cocker_spaniel_137,english_cocker_spaniel,dog,0.7,0.49,havanese,False,dog,True,within_superclass
english_cocker_spaniel_137,english_cocker_spaniel,dog,0.8,0.5105,german_shorthaired,False,dog,True,within_superclass
english_cocker_spaniel_137,english_cocker_spaniel,dog,0.9,0.5288,german_shorthaired,False,dog,True,within_superclass
english_cocker_spaniel_137,english_cocker_spaniel,dog,1.0,0.5366,newfoundland,False,dog,True,within_superclass
pug_164,pug,dog,0.0,0.0,pug,True,dog,True,correct
pug_164,pug,dog,0.1,0.1622,pug,True,dog,True,correct
pug_164,pug,dog,0.2,0.2083,pug,True,dog,True,correct
pug_164,pug,dog,0.3,0.2422,pug,True,dog,True,correct
pug_164,pug,dog,0.4,0.3216,japanese_chin,False,dog,True,within_superclass
pug_164,pug,dog,0.5,0.3717,pug,True,dog,True,correct
pug_164,pug,dog,0.6,0.4152,pug,True,dog,True,correct
pug_164,pug,dog,0.7,0.429,pug,True,dog,True,correct
pug_164,pug,dog,0.8,0.4353,pug,True,dog,True,correct
pug_164,pug,dog,0.9,0.4348,newfoundland,False,dog,True,within_superclass
pug_164,pug,dog,1.0,0.4463,newfoundland,False,dog,True,within_superclass
english_cocker_spaniel_102,english_cocker_spaniel,dog,0.0,0.0,english_setter,False,dog,True,within_superclass
english_cocker_spaniel_102,english_cocker_spaniel,dog,0.1,0.143,english_setter,False,dog,True,within_superclass
english_cocker_spaniel_102,english_cocker_spaniel,dog,0.2,0.272,havanese,False,dog,True,within_superclass
english_cocker_spaniel_102,english_cocker_spaniel,dog,0.3,0.2705,great_pyrenees,False,dog,True,within_superclass
english_cocker_spaniel_102,english_cocker_spaniel,dog,0.4,0.2959,great_pyrenees,False,dog,True,within_superclass
english_cocker_spaniel_102,english_cocker_spaniel,dog,0.5,0.3466,great_pyrenees,False,dog,True,within_superclass
english_cocker_spaniel_102,english_cocker_spaniel,dog,0.6,0.3923,great_pyrenees,False,dog,True,within_superclass
english_cocker_spaniel_102,english_cocker_spaniel,dog,0.7,0.4339,great_pyrenees,False,dog,True,within_superclass
english_cocker_spaniel_102,english_cocker_spaniel,dog,0.8,0.4554,shiba_inu,False,dog,True,within_superclass
english_cocker_spaniel_102,english_cocker_spaniel,dog,0.9,0.4664,shiba_inu,False,dog,True,within_superclass
english_cocker_spaniel_102,english_cocker_spaniel,dog,1.0,0.4717,shiba_inu,False,dog,True,within_superclass
Egyptian_Mau_101,egyptian_mau,cat,0.0,0.0,egyptian_mau,True,cat,True,correct
Egyptian_Mau_101,egyptian_mau,cat,0.1,0.0888,egyptian_mau,True,cat,True,correct
Egyptian_Mau_101,egyptian_mau,cat,0.2,0.1764,egyptian_mau,True,cat,True,correct
Egyptian_Mau_101,egyptian_mau,cat,0.3,0.1818,egyptian_mau,True,cat,True,correct
Egyptian_Mau_101,egyptian_mau,cat,0.4,0.2104,egyptian_mau,True,cat,True,correct
Egyptian_Mau_101,egyptian_mau,cat,0.5,0.2762,egyptian_mau,True,cat,True,correct
Egyptian_Mau_101,egyptian_mau,cat,0.6,0.3307,chihuahua,False,cat,True,within_superclass
Egyptian_Mau_101,egyptian_mau,cat,0.7,0.3709,boxer,False,dog,False,cross_superclass
Egyptian_Mau_101,egyptian_mau,cat,0.8,0.3975,boxer,False,dog,False,cross_superclass
Egyptian_Mau_101,egyptian_mau,cat,0.9,0.4101,boxer,False,dog,False,cross_superclass
Egyptian_Mau_101,egyptian_mau,cat,1.0,0.4215,boxer,False,dog,False,cross_superclass
British_Shorthair_175,british_shorthair,cat,0.0,0.0,british_shorthair,True,cat,True,correct
British_Shorthair_175,british_shorthair,cat,0.1,0.0967,british_shorthair,True,cat,True,correct
British_Shorthair_175,british_shorthair,cat,0.2,0.219,british_shorthair,True,cat,True,correct
British_Shorthair_175,british_shorthair,cat,0.3,0.2232,british_shorthair,True,cat,True,correct
British_Shorthair_175,british_shorthair,cat,0.4,0.2447,british_shorthair,True,cat,True,correct
British_Shorthair_175,british_shorthair,cat,0.5,0.2915,british_shorthair,True,cat,True,correct
British_Shorthair_175,british_shorthair,cat,0.6,0.3431,british_shorthair,True,cat,True,correct
British_Shorthair_175,british_shorthair,cat,0.7,0.3918,british_shorthair,True,cat,True,correct
British_Shorthair_175,british_shorthair,cat,0.8,0.449,british_shorthair,True,cat,True,correct
British_Shorthair_175,british_shorthair,cat,0.9,0.478,british_shorthair,True,cat,True,correct
British_Shorthair_175,british_shorthair,cat,1.0,0.4947,british_shorthair,True,cat,True,correct
shiba_inu_192,shiba_inu,dog,0.0,0.0,shiba_inu,True,dog,True,correct
shiba_inu_192,shiba_inu,dog,0.1,0.1405,shiba_inu,True,dog,True,correct
shiba_inu_192,shiba_inu,dog,0.2,0.2522,shiba_inu,True,dog,True,correct
shiba_inu_192,shiba_inu,dog,0.3,0.261,shiba_inu,True,dog,True,correct
shiba_inu_192,shiba_inu,dog,0.4,0.2809,shiba_inu,True,dog,True,correct
shiba_inu_192,shiba_inu,dog,0.5,0.3169,shiba_inu,True,dog,True,correct
shiba_inu_192,shiba_inu,dog,0.6,0.3627,shiba_inu,True,dog,True,correct
shiba_inu_192,shiba_inu,dog,0.7,0.4071,shiba_inu,True,dog,True,correct
shiba_inu_192,shiba_inu,dog,0.8,0.5123,yorkshire_terrier,False,dog,True,within_superclass
shiba_inu_192,shiba_inu,dog,0.9,0.5401,yorkshire_terrier,False,dog,True,within_superclass
shiba_inu_192,shiba_inu,dog,1.0,0.551,boxer,False,dog,True,within_superclass
great_pyrenees_158,great_pyrenees,dog,0.0,0.0,great_pyrenees,True,dog,True,correct
great_pyrenees_158,great_pyrenees,dog,0.1,0.086,great_pyrenees,True,dog,True,correct
great_pyrenees_158,great_pyrenees,dog,0.2,0.2523,great_pyrenees,True,dog,True,correct
great_pyrenees_158,great_pyrenees,dog,0.3,0.197,great_pyrenees,True,dog,True,correct
great_pyrenees_158,great_pyrenees,dog,0.4,0.2644,samoyed,False,dog,True,within_superclass
great_pyrenees_158,great_pyrenees,dog,0.5,0.3586,birman,False,cat,False,cross_superclass
great_pyrenees_158,great_pyrenees,dog,0.6,0.4182,birman,False,cat,False,cross_superclass
great_pyrenees_158,great_pyrenees,dog,0.7,0.4449,birman,False,cat,False,cross_superclass
great_pyrenees_158,great_pyrenees,dog,0.8,0.4542,shiba_inu,False,cat,False,cross_superclass
great_pyrenees_158,great_pyrenees,dog,0.9,0.4641,shiba_inu,False,dog,True,within_superclass
great_pyrenees_158,great_pyrenees,dog,1.0,0.4728,shiba_inu,False,cat,False,cross_superclass
keeshond_12,keeshond,dog,0.0,0.0,keeshond,True,dog,True,correct
keeshond_12,keeshond,dog,0.1,0.1049,keeshond,True,dog,True,correct
keeshond_12,keeshond,dog,0.2,0.2166,newfoundland,False,dog,True,within_superclass
keeshond_12,keeshond,dog,0.3,0.2058,newfoundland,False,dog,True,within_superclass
keeshond_12,keeshond,dog,0.4,0.2369,newfoundland,False,dog,True,within_superclass
keeshond_12,keeshond,dog,0.5,0.2891,staffordshire_bull_terrier,False,dog,True,within_superclass
keeshond_12,keeshond,dog,0.6,0.3376,english_cocker_spaniel,False,dog,True,within_superclass
keeshond_12,keeshond,dog,0.7,0.3964,english_cocker_spaniel,False,dog,True,within_superclass
keeshond_12,keeshond,dog,0.8,0.4542,havanese,False,dog,True,within_superclass
keeshond_12,keeshond,dog,0.9,0.4723,persian,False,dog,True,within_superclass
keeshond_12,keeshond,dog,1.0,0.4761,persian,False,dog,True,within_superclass
basset_hound_171,basset_hound,dog,0.0,0.0,basset_hound,True,dog,True,correct
basset_hound_171,basset_hound,dog,0.1,0.1314,basset_hound,True,dog,True,correct
basset_hound_171,basset_hound,dog,0.2,0.1811,basset_hound,True,dog,True,correct
basset_hound_171,basset_hound,dog,0.3,0.2906,boxer,False,dog,True,within_superclass
basset_hound_171,basset_hound,dog,0.4,0.3012,german_shorthaired,False,dog,True,within_superclass
basset_hound_171,basset_hound,dog,0.5,0.3623,german_shorthaired,False,dog,True,within_superclass
basset_hound_171,basset_hound,dog,0.6,0.4365,german_shorthaired,False,dog,True,within_superclass
basset_hound_171,basset_hound,dog,0.7,0.4638,ragdoll,False,cat,False,cross_superclass
basset_hound_171,basset_hound,dog,0.8,0.4776,boxer,False,cat,False,cross_superclass
basset_hound_171,basset_hound,dog,0.9,0.4888,boxer,False,dog,True,within_superclass
basset_hound_171,basset_hound,dog,1.0,0.4884,boxer,False,dog,True,within_superclass
basset_hound_144,basset_hound,dog,0.0,0.0,basset_hound,True,dog,True,correct
basset_hound_144,basset_hound,dog,0.1,0.1351,basset_hound,True,dog,True,correct
basset_hound_144,basset_hound,dog,0.2,0.2327,saint_bernard,False,dog,True,within_superclass
basset_hound_144,basset_hound,dog,0.3,0.2952,leonberger,False,dog,True,within_superclass
basset_hound_144,basset_hound,dog,0.4,0.3085,great_pyrenees,False,dog,True,within_superclass
basset_hound_144,basset_hound,dog,0.5,0.3537,saint_bernard,False,dog,True,within_superclass
basset_hound_144,basset_hound,dog,0.6,0.4061,saint_bernard,False,dog,True,within_superclass
basset_hound_144,basset_hound,dog,0.7,0.4587,newfoundland,False,dog,True,within_superclass
basset_hound_144,basset_hound,dog,0.8,0.5156,boxer,False,dog,True,within_superclass
basset_hound_144,basset_hound,dog,0.9,0.539,boxer,False,dog,True,within_superclass
basset_hound_144,basset_hound,dog,1.0,0.5556,bombay,False,dog,True,within_superclass
Maine_Coon_140,maine_coon,cat,0.0,0.0,maine_coon,True,cat,True,correct
Maine_Coon_140,maine_coon,cat,0.1,0.1054,egyptian_mau,False,cat,True,within_superclass
Maine_Coon_140,maine_coon,cat,0.2,0.2294,egyptian_mau,False,cat,True,within_superclass
Maine_Coon_140,maine_coon,cat,0.3,0.1866,egyptian_mau,False,cat,True,within_superclass
Maine_Coon_140,maine_coon,cat,0.4,0.2736,egyptian_mau,False,cat,True,within_superclass
Maine_Coon_140,maine_coon,cat,0.5,0.4267,boxer,False,cat,True,within_superclass
Maine_Coon_140,maine_coon,cat,0.6,0.4728,boxer,False,dog,False,cross_superclass
Maine_Coon_140,maine_coon,cat,0.7,0.4826,boxer,False,dog,False,cross_superclass
Maine_Coon_140,maine_coon,cat,0.8,0.489,boxer,False,dog,False,cross_superclass
Maine_Coon_140,maine_coon,cat,0.9,0.5045,boxer,False,dog,False,cross_superclass
Maine_Coon_140,maine_coon,cat,1.0,0.5164,boxer,False,dog,False,cross_superclass
Bengal_186,bengal,cat,0.0,0.0,bengal,True,cat,True,correct
Bengal_186,bengal,cat,0.1,0.105,bengal,True,cat,True,correct
Bengal_186,bengal,cat,0.2,0.172,bengal,True,cat,True,correct
Bengal_186,bengal,cat,0.3,0.178,bengal,True,cat,True,correct
Bengal_186,bengal,cat,0.4,0.2138,abyssinian,False,cat,True,within_superclass
Bengal_186,bengal,cat,0.5,0.2621,abyssinian,False,cat,True,within_superclass
Bengal_186,bengal,cat,0.6,0.3171,chihuahua,False,cat,True,within_superclass
Bengal_186,bengal,cat,0.7,0.4141,chihuahua,False,cat,True,within_superclass
Bengal_186,bengal,cat,0.8,0.4878,pomeranian,False,dog,False,cross_superclass
Bengal_186,bengal,cat,0.9,0.5111,boxer,False,dog,False,cross_superclass
Bengal_186,bengal,cat,1.0,0.5156,boxer,False,dog,False,cross_superclass
Egyptian_Mau_104,egyptian_mau,cat,0.0,0.0,egyptian_mau,True,cat,True,correct
Egyptian_Mau_104,egyptian_mau,cat,0.1,0.2829,egyptian_mau,True,cat,True,correct
Egyptian_Mau_104,egyptian_mau,cat,0.2,0.2661,egyptian_mau,True,cat,True,correct
Egyptian_Mau_104,egyptian_mau,cat,0.3,0.3537,scottish_terrier,False,dog,False,cross_superclass
Egyptian_Mau_104,egyptian_mau,cat,0.4,0.4463,german_shorthaired,False,dog,False,cross_superclass
Egyptian_Mau_104,egyptian_mau,cat,0.5,0.4763,bombay,False,dog,False,cross_superclass
Egyptian_Mau_104,egyptian_mau,cat,0.6,0.4836,newfoundland,False,dog,False,cross_superclass
Egyptian_Mau_104,egyptian_mau,cat,0.7,0.4883,newfoundland,False,dog,False,cross_superclass
Egyptian_Mau_104,egyptian_mau,cat,0.8,0.5016,newfoundland,False,dog,False,cross_superclass
Egyptian_Mau_104,egyptian_mau,cat,0.9,0.5265,newfoundland,False,dog,False,cross_superclass
Egyptian_Mau_104,egyptian_mau,cat,1.0,0.5363,newfoundland,False,dog,False,cross_superclass
Persian_12,persian,cat,0.0,0.0,birman,False,cat,True,within_superclass
Persian_12,persian,cat,0.1,0.084,birman,False,cat,True,within_superclass
Persian_12,persian,cat,0.2,0.1676,birman,False,cat,True,within_superclass
Persian_12,persian,cat,0.3,0.1396,british_shorthair,False,cat,True,within_superclass
Persian_12,persian,cat,0.4,0.1995,british_shorthair,False,cat,True,within_superclass
Persian_12,persian,cat,0.5,0.2642,british_shorthair,False,cat,True,within_superclass
Persian_12,persian,cat,0.6,0.3153,british_shorthair,False,cat,True,within_superclass
Persian_12,persian,cat,0.7,0.364,wheaten_terrier,False,dog,False,cross_superclass
Persian_12,persian,cat,0.8,0.3809,pug,False,dog,False,cross_superclass
Persian_12,persian,cat,0.9,0.4021,pug,False,dog,False,cross_superclass
Persian_12,persian,cat,1.0,0.4117,pug,False,dog,False,cross_superclass
boxer_121,boxer,dog,0.0,0.0,american_bulldog,False,dog,True,within_superclass
boxer_121,boxer,dog,0.1,0.1597,boxer,True,dog,True,correct
boxer_121,boxer,dog,0.2,0.2933,shiba_inu,False,dog,True,within_superclass
boxer_121,boxer,dog,0.3,0.4763,boxer,True,dog,True,correct
boxer_121,boxer,dog,0.4,0.5059,boxer,True,dog,True,correct
boxer_121,boxer,dog,0.5,0.4924,boxer,True,dog,True,correct
boxer_121,boxer,dog,0.6,0.4852,boxer,True,dog,True,correct
boxer_121,boxer,dog,0.7,0.4932,boxer,True,dog,True,correct
boxer_121,boxer,dog,0.8,0.5082,boxer,True,dog,True,correct
boxer_121,boxer,dog,0.9,0.5177,boxer,True,dog,True,correct
boxer_121,boxer,dog,1.0,0.5256,boxer,True,dog,True,correct
beagle_193,beagle,dog,0.0,0.0,beagle,True,dog,True,correct
beagle_193,beagle,dog,0.1,0.123,beagle,True,dog,True,correct
beagle_193,beagle,dog,0.2,0.271,beagle,True,dog,True,correct
beagle_193,beagle,dog,0.3,0.3216,beagle,True,dog,True,correct
beagle_193,beagle,dog,0.4,0.3895,boxer,False,dog,True,within_superclass
beagle_193,beagle,dog,0.5,0.4447,boxer,False,dog,True,within_superclass
beagle_193,beagle,dog,0.6,0.4322,boxer,False,dog,True,within_superclass
beagle_193,beagle,dog,0.7,0.414,staffordshire_bull_terrier,False,dog,True,within_superclass
beagle_193,beagle,dog,0.8,0.4202,pomeranian,False,dog,True,within_superclass
beagle_193,beagle,dog,0.9,0.4261,pomeranian,False,dog,True,within_superclass
beagle_193,beagle,dog,1.0,0.4425,pomeranian,False,cat,False,cross_superclass
British_Shorthair_178,british_shorthair,cat,0.0,0.0,british_shorthair,True,cat,True,correct
British_Shorthair_178,british_shorthair,cat,0.1,0.1414,british_shorthair,True,cat,True,correct
British_Shorthair_178,british_shorthair,cat,0.2,0.2078,british_shorthair,True,cat,True,correct
British_Shorthair_178,british_shorthair,cat,0.3,0.2392,british_shorthair,True,cat,True,correct
British_Shorthair_178,british_shorthair,cat,0.4,0.294,british_shorthair,True,cat,True,correct
British_Shorthair_178,british_shorthair,cat,0.5,0.3446,birman,False,cat,True,within_superclass
British_Shorthair_178,british_shorthair,cat,0.6,0.3963,japanese_chin,False,dog,False,cross_superclass
British_Shorthair_178,british_shorthair,cat,0.7,0.4281,japanese_chin,False,dog,False,cross_superclass
British_Shorthair_178,british_shorthair,cat,0.8,0.4433,havanese,False,dog,False,cross_superclass
British_Shorthair_178,british_shorthair,cat,0.9,0.4516,havanese,False,dog,False,cross_superclass
British_Shorthair_178,british_shorthair,cat,1.0,0.454,havanese,False,dog,False,cross_superclass
Bombay_162,bombay,cat,0.0,0.0,british_shorthair,False,cat,True,within_superclass
Bombay_162,bombay,cat,0.1,0.0663,russian_blue,False,cat,True,within_superclass
Bombay_162,bombay,cat,0.2,0.2267,staffordshire_bull_terrier,False,cat,True,within_superclass
Bombay_162,bombay,cat,0.3,0.2907,staffordshire_bull_terrier,False,cat,True,within_superclass
Bombay_162,bombay,cat,0.4,0.3589,staffordshire_bull_terrier,False,cat,True,within_superclass
Bombay_162,bombay,cat,0.5,0.4156,staffordshire_bull_terrier,False,cat,True,within_superclass
Bombay_162,bombay,cat,0.6,0.4429,staffordshire_bull_terrier,False,dog,False,cross_superclass
Bombay_162,bombay,cat,0.7,0.4557,scottish_terrier,False,dog,False,cross_superclass
Bombay_162,bombay,cat,0.8,0.4587,scottish_terrier,False,dog,False,cross_superclass
Bombay_162,bombay,cat,0.9,0.4534,scottish_terrier,False,dog,False,cross_superclass
Bombay_162,bombay,cat,1.0,0.457,scottish_terrier,False,dog,False,cross_superclass
Siamese_195,siamese,cat,0.0,0.0,siamese,True,cat,True,correct
Siamese_195,siamese,cat,0.1,0.1496,siamese,True,cat,True,correct
Siamese_195,siamese,cat,0.2,0.2634,siamese,True,cat,True,correct
Siamese_195,siamese,cat,0.3,0.2604,birman,False,cat,True,within_superclass
Siamese_195,siamese,cat,0.4,0.316,birman,False,cat,True,within_superclass
Siamese_195,siamese,cat,0.5,0.3696,siamese,True,dog,False,correct
Siamese_195,siamese,cat,0.6,0.4012,pug,False,dog,False,cross_superclass
Siamese_195,siamese,cat,0.7,0.4431,pug,False,dog,False,cross_superclass
Siamese_195,siamese,cat,0.8,0.4698,pug,False,dog,False,cross_superclass
Siamese_195,siamese,cat,0.9,0.4814,pug,False,dog,False,cross_superclass
Siamese_195,siamese,cat,1.0,0.4791,pug,False,dog,False,cross_superclass
wheaten_terrier_149,wheaten_terrier,dog,0.0,0.0,wheaten_terrier,True,dog,True,correct
wheaten_terrier_149,wheaten_terrier,dog,0.1,0.0653,wheaten_terrier,True,dog,True,correct
wheaten_terrier_149,wheaten_terrier,dog,0.2,0.1264,wheaten_terrier,True,dog,True,correct
wheaten_terrier_149,wheaten_terrier,dog,0.3,0.173,wheaten_terrier,True,dog,True,correct
wheaten_terrier_149,wheaten_terrier,dog,0.4,0.2749,havanese,False,dog,True,within_superclass
wheaten_terrier_149,wheaten_terrier,dog,0.5,0.3361,havanese,False,dog,True,within_superclass
wheaten_terrier_149,wheaten_terrier,dog,0.6,0.3546,great_pyrenees,False,dog,True,within_superclass
wheaten_terrier_149,wheaten_terrier,dog,0.7,0.3517,great_pyrenees,False,dog,True,within_superclass
wheaten_terrier_149,wheaten_terrier,dog,0.8,0.3612,great_pyrenees,False,dog,True,within_superclass
wheaten_terrier_149,wheaten_terrier,dog,0.9,0.3651,pug,False,dog,True,within_superclass
wheaten_terrier_149,wheaten_terrier,dog,1.0,0.3645,pug,False,dog,True,within_superclass
english_cocker_spaniel_174,english_cocker_spaniel,dog,0.0,0.0,english_cocker_spaniel,True,dog,True,correct
english_cocker_spaniel_174,english_cocker_spaniel,dog,0.1,0.1246,english_cocker_spaniel,True,dog,True,correct
english_cocker_spaniel_174,english_cocker_spaniel,dog,0.2,0.267,english_setter,False,dog,True,within_superclass
english_cocker_spaniel_174,english_cocker_spaniel,dog,0.3,0.2808,english_cocker_spaniel,True,dog,True,correct
english_cocker_spaniel_174,english_cocker_spaniel,dog,0.4,0.2962,english_cocker_spaniel,True,dog,True,correct
english_cocker_spaniel_174,english_cocker_spaniel,dog,0.5,0.3419,english_cocker_spaniel,True,dog,True,correct
english_cocker_spaniel_174,english_cocker_spaniel,dog,0.6,0.366,havanese,False,dog,True,within_superclass
english_cocker_spaniel_174,english_cocker_spaniel,dog,0.7,0.3788,yorkshire_terrier,False,dog,True,within_superclass
english_cocker_spaniel_174,english_cocker_spaniel,dog,0.8,0.3853,german_shorthaired,False,dog,True,within_superclass
english_cocker_spaniel_174,english_cocker_spaniel,dog,0.9,0.3904,german_shorthaired,False,dog,True,within_superclass
english_cocker_spaniel_174,english_cocker_spaniel,dog,1.0,0.3997,german_shorthaired,False,dog,True,within_superclass
Ragdoll_138,ragdoll,cat,0.0,0.0,birman,False,cat,True,within_superclass
Ragdoll_138,ragdoll,cat,0.1,0.0978,birman,False,cat,True,within_superclass
Ragdoll_138,ragdoll,cat,0.2,0.2562,birman,False,cat,True,within_superclass
Ragdoll_138,ragdoll,cat,0.3,0.2677,birman,False,cat,True,within_superclass
Ragdoll_138,ragdoll,cat,0.4,0.3806,japanese_chin,False,dog,False,cross_superclass
Ragdoll_138,ragdoll,cat,0.5,0.4125,japanese_chin,False,dog,False,cross_superclass
Ragdoll_138,ragdoll,cat,0.6,0.4098,japanese_chin,False,cat,True,within_superclass
Ragdoll_138,ragdoll,cat,0.7,0.3841,japanese_chin,False,cat,True,within_superclass
Ragdoll_138,ragdoll,cat,0.8,0.3957,japanese_chin,False,cat,True,within_superclass
Ragdoll_138,ragdoll,cat,0.9,0.4075,japanese_chin,False,cat,True,within_superclass
Ragdoll_138,ragdoll,cat,1.0,0.4233,japanese_chin,False,cat,True,within_superclass
saint_bernard_135,saint_bernard,dog,0.0,0.0,saint_bernard,True,dog,True,correct
saint_bernard_135,saint_bernard,dog,0.1,0.114,saint_bernard,True,dog,True,correct
saint_bernard_135,saint_bernard,dog,0.2,0.2572,saint_bernard,True,dog,True,correct
saint_bernard_135,saint_bernard,dog,0.3,0.214,saint_bernard,True,dog,True,correct
saint_bernard_135,saint_bernard,dog,0.4,0.2979,saint_bernard,True,dog,True,correct
saint_bernard_135,saint_bernard,dog,0.5,0.4006,saint_bernard,True,dog,True,correct
saint_bernard_135,saint_bernard,dog,0.6,0.4702,boxer,False,dog,True,within_superclass
saint_bernard_135,saint_bernard,dog,0.7,0.5045,boxer,False,dog,True,within_superclass
saint_bernard_135,saint_bernard,dog,0.8,0.5198,boxer,False,dog,True,within_superclass
saint_bernard_135,saint_bernard,dog,0.9,0.535,boxer,False,dog,True,within_superclass
saint_bernard_135,saint_bernard,dog,1.0,0.5459,boxer,False,dog,True,within_superclass
Bombay_171,bombay,cat,0.0,0.0,egyptian_mau,False,cat,True,within_superclass
Bombay_171,bombay,cat,0.1,0.301,miniature_pinscher,False,cat,True,within_superclass
Bombay_171,bombay,cat,0.2,0.4946,pomeranian,False,dog,False,cross_superclass
Bombay_171,bombay,cat,0.3,0.5186,pomeranian,False,dog,False,cross_superclass
Bombay_171,bombay,cat,0.4,0.5295,chihuahua,False,dog,False,cross_superclass
Bombay_171,bombay,cat,0.5,0.5331,chihuahua,False,dog,False,cross_superclass
Bombay_171,bombay,cat,0.6,0.5159,chihuahua,False,dog,False,cross_superclass
Bombay_171,bombay,cat,0.7,0.5242,chihuahua,False,dog,False,cross_superclass
Bombay_171,bombay,cat,0.8,0.537,chihuahua,False,dog,False,cross_superclass
Bombay_171,bombay,cat,0.9,0.5391,boxer,False,dog,False,cross_superclass
Bombay_171,bombay,cat,1.0,0.5391,boxer,False,dog,False,cross_superclass
staffordshire_bull_terrier_116,staffordshire_bull_terrier,dog,0.0,0.0,staffordshire_bull_terrier,True,dog,True,correct
staffordshire_bull_terrier_116,staffordshire_bull_terrier,dog,0.1,0.1044,staffordshire_bull_terrier,True,dog,True,correct
staffordshire_bull_terrier_116,staffordshire_bull_terrier,dog,0.2,0.2976,staffordshire_bull_terrier,True,dog,True,correct
staffordshire_bull_terrier_116,staffordshire_bull_terrier,dog,0.3,0.2417,staffordshire_bull_terrier,True,dog,True,correct
staffordshire_bull_terrier_116,staffordshire_bull_terrier,dog,0.4,0.2533,staffordshire_bull_terrier,True,dog,True,correct
staffordshire_bull_terrier_116,staffordshire_bull_terrier,dog,0.5,0.3123,staffordshire_bull_terrier,True,dog,True,correct
staffordshire_bull_terrier_116,staffordshire_bull_terrier,dog,0.6,0.3682,staffordshire_bull_terrier,True,dog,True,correct
staffordshire_bull_terrier_116,staffordshire_bull_terrier,dog,0.7,0.4127,staffordshire_bull_terrier,True,dog,True,correct
staffordshire_bull_terrier_116,staffordshire_bull_terrier,dog,0.8,0.4586,german_shorthaired,False,dog,True,within_superclass
staffordshire_bull_terrier_116,staffordshire_bull_terrier,dog,0.9,0.4839,german_shorthaired,False,dog,True,within_superclass
staffordshire_bull_terrier_116,staffordshire_bull_terrier,dog,1.0,0.5023,german_shorthaired,False,dog,True,within_superclass
staffordshire_bull_terrier_190,staffordshire_bull_terrier,dog,0.0,0.0,staffordshire_bull_terrier,True,dog,True,correct
staffordshire_bull_terrier_190,staffordshire_bull_terrier,dog,0.1,0.1237,staffordshire_bull_terrier,True,dog,True,correct
staffordshire_bull_terrier_190,staffordshire_bull_terrier,dog,0.2,0.2528,american_bulldog,False,dog,True,within_superclass
staffordshire_bull_terrier_190,staffordshire_bull_terrier,dog,0.3,0.2464,staffordshire_bull_terrier,True,dog,True,correct
staffordshire_bull_terrier_190,staffordshire_bull_terrier,dog,0.4,0.3492,japanese_chin,False,dog,True,within_superclass
staffordshire_bull_terrier_190,staffordshire_bull_terrier,dog,0.5,0.4049,japanese_chin,False,cat,False,cross_superclass
staffordshire_bull_terrier_190,staffordshire_bull_terrier,dog,0.6,0.4451,japanese_chin,False,cat,False,cross_superclass
staffordshire_bull_terrier_190,staffordshire_bull_terrier,dog,0.7,0.4723,japanese_chin,False,cat,False,cross_superclass
staffordshire_bull_terrier_190,staffordshire_bull_terrier,dog,0.8,0.4854,japanese_chin,False,dog,True,within_superclass
staffordshire_bull_terrier_190,staffordshire_bull_terrier,dog,0.9,0.4872,japanese_chin,False,dog,True,within_superclass
staffordshire_bull_terrier_190,staffordshire_bull_terrier,dog,1.0,0.4905,japanese_chin,False,dog,True,within_superclass
Bengal_171,bengal,cat,0.0,0.0,abyssinian,False,cat,True,within_superclass
Bengal_171,bengal,cat,0.1,0.1656,egyptian_mau,False,cat,True,within_superclass
Bengal_171,bengal,cat,0.2,0.188,abyssinian,False,cat,True,within_superclass
Bengal_171,bengal,cat,0.3,0.2458,birman,False,cat,True,within_superclass
Bengal_171,bengal,cat,0.4,0.301,british_shorthair,False,cat,True,within_superclass
Bengal_171,bengal,cat,0.5,0.3616,british_shorthair,False,cat,True,within_superclass
Bengal_171,bengal,cat,0.6,0.4072,british_shorthair,False,cat,True,within_superclass
Bengal_171,bengal,cat,0.7,0.4202,british_shorthair,False,cat,True,within_superclass
Bengal_171,bengal,cat,0.8,0.4295,british_shorthair,False,cat,True,within_superclass
Bengal_171,bengal,cat,0.9,0.4373,british_shorthair,False,cat,True,within_superclass
Bengal_171,bengal,cat,1.0,0.4445,british_shorthair,False,cat,True,within_superclass
american_bulldog_136,american_bulldog,dog,0.0,0.0,american_bulldog,True,dog,True,correct
american_bulldog_136,american_bulldog,dog,0.1,0.1071,american_bulldog,True,dog,True,correct
american_bulldog_136,american_bulldog,dog,0.2,0.2307,staffordshire_bull_terrier,False,dog,True,within_superclass
american_bulldog_136,american_bulldog,dog,0.3,0.2201,staffordshire_bull_terrier,False,dog,True,within_superclass
american_bulldog_136,american_bulldog,dog,0.4,0.2535,staffordshire_bull_terrier,False,dog,True,within_superclass
american_bulldog_136,american_bulldog,dog,0.5,0.2828,samoyed,False,dog,True,within_superclass
american_bulldog_136,american_bulldog,dog,0.6,0.3246,english_setter,False,dog,True,within_superclass
american_bulldog_136,american_bulldog,dog,0.7,0.4053,english_setter,False,dog,True,within_superclass
american_bulldog_136,american_bulldog,dog,0.8,0.4351,english_setter,False,dog,True,within_superclass
american_bulldog_136,american_bulldog,dog,0.9,0.4486,english_setter,False,dog,True,within_superclass
american_bulldog_136,american_bulldog,dog,1.0,0.4556,english_setter,False,dog,True,within_superclass
leonberger_100,leonberger,dog,0.0,0.0,leonberger,True,dog,True,correct
leonberger_100,leonberger,dog,0.1,0.12,leonberger,True,dog,True,correct
leonberger_100,leonberger,dog,0.2,0.2143,leonberger,True,dog,True,correct
leonberger_100,leonberger,dog,0.3,0.23,leonberger,True,dog,True,correct
leonberger_100,leonberger,dog,0.4,0.2634,leonberger,True,dog,True,correct
leonberger_100,leonberger,dog,0.5,0.2988,leonberger,True,dog,True,correct
leonberger_100,leonberger,dog,0.6,0.3683,havanese,False,dog,True,within_superclass
leonberger_100,leonberger,dog,0.7,0.413,havanese,False,dog,True,within_superclass
leonberger_100,leonberger,dog,0.8,0.44,havanese,False,dog,True,within_superclass
leonberger_100,leonberger,dog,0.9,0.4516,havanese,False,dog,True,within_superclass
leonberger_100,leonberger,dog,1.0,0.4549,newfoundland,False,dog,True,within_superclass
english_setter_159,english_setter,dog,0.0,0.0,english_setter,True,dog,True,correct
english_setter_159,english_setter,dog,0.1,0.0815,english_setter,True,dog,True,correct
english_setter_159,english_setter,dog,0.2,0.2211,english_setter,True,dog,True,correct
english_setter_159,english_setter,dog,0.3,0.1873,wheaten_terrier,False,dog,True,within_superclass
english_setter_159,english_setter,dog,0.4,0.2643,wheaten_terrier,False,dog,True,within_superclass
english_setter_159,english_setter,dog,0.5,0.3633,miniature_pinscher,False,dog,True,within_superclass
english_setter_159,english_setter,dog,0.6,0.4206,miniature_pinscher,False,dog,True,within_superclass
english_setter_159,english_setter,dog,0.7,0.4472,miniature_pinscher,False,dog,True,within_superclass
english_setter_159,english_setter,dog,0.8,0.4682,german_shorthaired,False,dog,True,within_superclass
english_setter_159,english_setter,dog,0.9,0.4855,boxer,False,dog,True,within_superclass
english_setter_159,english_setter,dog,1.0,0.4958,boxer,False,dog,True,within_superclass
beagle_169,beagle,dog,0.0,0.0,boxer,False,dog,True,within_superclass
beagle_169,beagle,dog,0.1,0.0786,beagle,True,dog,True,correct
beagle_169,beagle,dog,0.2,0.2308,shiba_inu,False,dog,True,within_superclass
beagle_169,beagle,dog,0.3,0.2317,shiba_inu,False,dog,True,within_superclass
beagle_169,beagle,dog,0.4,0.2871,shiba_inu,False,dog,True,within_superclass
beagle_169,beagle,dog,0.5,0.3489,shiba_inu,False,dog,True,within_superclass
beagle_169,beagle,dog,0.6,0.3843,shiba_inu,False,dog,True,within_superclass
beagle_169,beagle,dog,0.7,0.4092,shiba_inu,False,dog,True,within_superclass
beagle_169,beagle,dog,0.8,0.4372,shiba_inu,False,dog,True,within_superclass
beagle_169,beagle,dog,0.9,0.4674,yorkshire_terrier,False,dog,True,within_superclass
beagle_169,beagle,dog,1.0,0.4768,yorkshire_terrier,False,dog,True,within_superclass
Maine_Coon_195,maine_coon,cat,0.0,0.0,maine_coon,True,cat,True,correct
Maine_Coon_195,maine_coon,cat,0.1,0.0791,maine_coon,True,cat,True,correct
Maine_Coon_195,maine_coon,cat,0.2,0.2042,maine_coon,True,cat,True,correct
Maine_Coon_195,maine_coon,cat,0.3,0.2131,maine_coon,True,cat,True,correct
Maine_Coon_195,maine_coon,cat,0.4,0.2545,pomeranian,False,cat,True,within_superclass
Maine_Coon_195,maine_coon,cat,0.5,0.3301,pomeranian,False,cat,True,within_superclass
Maine_Coon_195,maine_coon,cat,0.6,0.3687,pomeranian,False,cat,True,within_superclass
Maine_Coon_195,maine_coon,cat,0.7,0.3962,british_shorthair,False,cat,True,within_superclass
Maine_Coon_195,maine_coon,cat,0.8,0.4158,british_shorthair,False,cat,True,within_superclass
Maine_Coon_195,maine_coon,cat,0.9,0.4304,british_shorthair,False,cat,True,within_superclass
Maine_Coon_195,maine_coon,cat,1.0,0.4555,british_shorthair,False,cat,True,within_superclass
american_pit_bull_terrier_153,american_pit_bull_terrier,dog,0.0,0.0,staffordshire_bull_terrier,False,dog,True,within_superclass
american_pit_bull_terrier_153,american_pit_bull_terrier,dog,0.1,0.1404,staffordshire_bull_terrier,False,dog,True,within_superclass
american_pit_bull_terrier_153,american_pit_bull_terrier,dog,0.2,0.1744,staffordshire_bull_terrier,False,dog,True,within_superclass
american_pit_bull_terrier_153,american_pit_bull_terrier,dog,0.3,0.228,staffordshire_bull_terrier,False,dog,True,within_superclass
american_pit_bull_terrier_153,american_pit_bull_terrier,dog,0.4,0.272,miniature_pinscher,False,dog,True,within_superclass
american_pit_bull_terrier_153,american_pit_bull_terrier,dog,0.5,0.3257,staffordshire_bull_terrier,False,dog,True,within_superclass
american_pit_bull_terrier_153,american_pit_bull_terrier,dog,0.6,0.4213,staffordshire_bull_terrier,False,dog,True,within_superclass
american_pit_bull_terrier_153,american_pit_bull_terrier,dog,0.7,0.5082,boxer,False,dog,True,within_superclass
american_pit_bull_terrier_153,american_pit_bull_terrier,dog,0.8,0.5332,boxer,False,dog,True,within_superclass
american_pit_bull_terrier_153,american_pit_bull_terrier,dog,0.9,0.5367,boxer,False,dog,True,within_superclass
american_pit_bull_terrier_153,american_pit_bull_terrier,dog,1.0,0.5368,boxer,False,dog,True,within_superclass
Bombay_102,bombay,cat,0.0,0.0,siamese,False,cat,True,within_superclass
Bombay_102,bombay,cat,0.1,0.1717,siamese,False,cat,True,within_superclass
Bombay_102,bombay,cat,0.2,0.2064,british_shorthair,False,cat,True,within_superclass
Bombay_102,bombay,cat,0.3,0.3861,shiba_inu,False,cat,True,within_superclass
Bombay_102,bombay,cat,0.4,0.4099,boxer,False,dog,False,cross_superclass
Bombay_102,bombay,cat,0.5,0.4212,boxer,False,dog,False,cross_superclass
Bombay_102,bombay,cat,0.6,0.4387,boxer,False,dog,False,cross_superclass
Bombay_102,bombay,cat,0.7,0.4559,boxer,False,dog,False,cross_superclass
Bombay_102,bombay,cat,0.8,0.4697,boxer,False,dog,False,cross_superclass
Bombay_102,bombay,cat,0.9,0.4769,boxer,False,dog,False,cross_superclass
Bombay_102,bombay,cat,1.0,0.4811,boxer,False,dog,False,cross_superclass
Maine_Coon_104,maine_coon,cat,0.0,0.0,maine_coon,True,cat,True,correct
Maine_Coon_104,maine_coon,cat,0.1,0.1251,maine_coon,True,cat,True,correct
Maine_Coon_104,maine_coon,cat,0.2,0.2995,maine_coon,True,cat,True,correct
Maine_Coon_104,maine_coon,cat,0.3,0.2869,shiba_inu,False,cat,True,within_superclass
Maine_Coon_104,maine_coon,cat,0.4,0.3118,shiba_inu,False,cat,True,within_superclass
Maine_Coon_104,maine_coon,cat,0.5,0.3301,abyssinian,False,cat,True,within_superclass
Maine_Coon_104,maine_coon,cat,0.6,0.3834,abyssinian,False,cat,True,within_superclass
Maine_Coon_104,maine_coon,cat,0.7,0.4163,abyssinian,False,cat,True,within_superclass
Maine_Coon_104,maine_coon,cat,0.8,0.4851,miniature_pinscher,False,cat,True,within_superclass
Maine_Coon_104,maine_coon,cat,0.9,0.5261,boxer,False,dog,False,cross_superclass
Maine_Coon_104,maine_coon,cat,1.0,0.5446,boxer,False,dog,False,cross_superclass
Bengal_172,bengal,cat,0.0,0.0,bengal,True,cat,True,correct
Bengal_172,bengal,cat,0.1,0.1594,bengal,True,cat,True,correct
Bengal_172,bengal,cat,0.2,0.2296,abyssinian,False,cat,True,within_superclass
Bengal_172,bengal,cat,0.3,0.3102,abyssinian,False,cat,True,within_superclass
Bengal_172,bengal,cat,0.4,0.3644,miniature_pinscher,False,dog,False,cross_superclass
Bengal_172,bengal,cat,0.5,0.4006,miniature_pinscher,False,dog,False,cross_superclass
Bengal_172,bengal,cat,0.6,0.4361,boxer,False,dog,False,cross_superclass
Bengal_172,bengal,cat,0.7,0.4619,boxer,False,dog,False,cross_superclass
Bengal_172,bengal,cat,0.8,0.4736,boxer,False,dog,False,cross_superclass
Bengal_172,bengal,cat,0.9,0.4808,boxer,False,dog,False,cross_superclass
Bengal_172,bengal,cat,1.0,0.4861,boxer,False,cat,True,within_superclass
yorkshire_terrier_131,yorkshire_terrier,dog,0.0,0.0,yorkshire_terrier,True,dog,True,correct
yorkshire_terrier_131,yorkshire_terrier,dog,0.1,0.1886,yorkshire_terrier,True,dog,True,correct
yorkshire_terrier_131,yorkshire_terrier,dog,0.2,0.3664,pomeranian,False,dog,True,within_superclass
yorkshire_terrier_131,yorkshire_terrier,dog,0.3,0.4371,pomeranian,False,dog,True,within_superclass
yorkshire_terrier_131,yorkshire_terrier,dog,0.4,0.48,havanese,False,dog,True,within_superclass
yorkshire_terrier_131,yorkshire_terrier,dog,0.5,0.4953,boxer,False,dog,True,within_superclass
yorkshire_terrier_131,yorkshire_terrier,dog,0.6,0.498,boxer,False,dog,True,within_superclass
yorkshire_terrier_131,yorkshire_terrier,dog,0.7,0.5171,boxer,False,dog,True,within_superclass
yorkshire_terrier_131,yorkshire_terrier,dog,0.8,0.5336,boxer,False,dog,True,within_superclass
yorkshire_terrier_131,yorkshire_terrier,dog,0.9,0.542,boxer,False,dog,True,within_superclass
yorkshire_terrier_131,yorkshire_terrier,dog,1.0,0.5463,boxer,False,dog,True,within_superclass
american_pit_bull_terrier_131,american_pit_bull_terrier,dog,0.0,0.0,staffordshire_bull_terrier,False,dog,True,within_superclass
american_pit_bull_terrier_131,american_pit_bull_terrier,dog,0.1,0.1549,staffordshire_bull_terrier,False,dog,True,within_superclass
american_pit_bull_terrier_131,american_pit_bull_terrier,dog,0.2,0.2805,german_shorthaired,False,dog,True,within_superclass
american_pit_bull_terrier_131,american_pit_bull_terrier,dog,0.3,0.3564,scottish_terrier,False,dog,True,within_superclass
american_pit_bull_terrier_131,american_pit_bull_terrier,dog,0.4,0.5157,persian,False,dog,True,within_superclass
american_pit_bull_terrier_131,american_pit_bull_terrier,dog,0.5,0.5402,pomeranian,False,dog,True,within_superclass
american_pit_bull_terrier_131,american_pit_bull_terrier,dog,0.6,0.5528,pomeranian,False,dog,True,within_superclass
american_pit_bull_terrier_131,american_pit_bull_terrier,dog,0.7,0.5498,boxer,False,dog,True,within_superclass
american_pit_bull_terrier_131,american_pit_bull_terrier,dog,0.8,0.5483,miniature_pinscher,False,dog,True,within_superclass
american_pit_bull_terrier_131,american_pit_bull_terrier,dog,0.9,0.5448,miniature_pinscher,False,dog,True,within_superclass
american_pit_bull_terrier_131,american_pit_bull_terrier,dog,1.0,0.5452,pug,False,dog,True,within_superclass
British_Shorthair_174,british_shorthair,cat,0.0,0.0,british_shorthair,True,cat,True,correct
British_Shorthair_174,british_shorthair,cat,0.1,0.0604,british_shorthair,True,cat,True,correct
British_Shorthair_174,british_shorthair,cat,0.2,0.1734,british_shorthair,True,cat,True,correct
British_Shorthair_174,british_shorthair,cat,0.3,0.2096,british_shorthair,True,cat,True,correct
British_Shorthair_174,british_shorthair,cat,0.4,0.2485,russian_blue,False,cat,True,within_superclass
British_Shorthair_174,british_shorthair,cat,0.5,0.3231,british_shorthair,True,cat,True,correct
British_Shorthair_174,british_shorthair,cat,0.6,0.3806,british_shorthair,True,cat,True,correct
British_Shorthair_174,british_shorthair,cat,0.7,0.4206,british_shorthair,True,cat,True,correct
British_Shorthair_174,british_shorthair,cat,0.8,0.4488,british_shorthair,True,cat,True,correct
British_Shorthair_174,british_shorthair,cat,0.9,0.4696,british_shorthair,True,cat,True,correct
British_Shorthair_174,british_shorthair,cat,1.0,0.4883,british_shorthair,True,cat,True,correct
beagle_133,beagle,dog,0.0,0.0,beagle,True,dog,True,correct
beagle_133,beagle,dog,0.1,0.1186,beagle,True,dog,True,correct
beagle_133,beagle,dog,0.2,0.2733,beagle,True,dog,True,correct
beagle_133,beagle,dog,0.3,0.2442,beagle,True,dog,True,correct
beagle_133,beagle,dog,0.4,0.2355,beagle,True,dog,True,correct
beagle_133,beagle,dog,0.5,0.2802,beagle,True,dog,True,correct
beagle_133,beagle,dog,0.6,0.3556,beagle,True,dog,True,correct
beagle_133,beagle,dog,0.7,0.3959,staffordshire_bull_terrier,False,dog,True,within_superclass
beagle_133,beagle,dog,0.8,0.4098,staffordshire_bull_terrier,False,dog,True,within_superclass
beagle_133,beagle,dog,0.9,0.4285,pug,False,dog,True,within_superclass
beagle_133,beagle,dog,1.0,0.4457,pug,False,dog,True,within_superclass
american_pit_bull_terrier_180,american_pit_bull_terrier,dog,0.0,0.0,staffordshire_bull_terrier,False,dog,True,within_superclass
american_pit_bull_terrier_180,american_pit_bull_terrier,dog,0.1,0.1587,american_pit_bull_terrier,True,dog,True,correct
american_pit_bull_terrier_180,american_pit_bull_terrier,dog,0.2,0.2285,staffordshire_bull_terrier,False,dog,True,within_superclass
american_pit_bull_terrier_180,american_pit_bull_terrier,dog,0.3,0.2925,shiba_inu,False,dog,True,within_superclass
american_pit_bull_terrier_180,american_pit_bull_terrier,dog,0.4,0.3357,shiba_inu,False,dog,True,within_superclass
american_pit_bull_terrier_180,american_pit_bull_terrier,dog,0.5,0.3798,shiba_inu,False,dog,True,within_superclass
american_pit_bull_terrier_180,american_pit_bull_terrier,dog,0.6,0.4795,boxer,False,dog,True,within_superclass
american_pit_bull_terrier_180,american_pit_bull_terrier,dog,0.7,0.5154,boxer,False,dog,True,within_superclass
american_pit_bull_terrier_180,american_pit_bull_terrier,dog,0.8,0.5228,boxer,False,dog,True,within_superclass
american_pit_bull_terrier_180,american_pit_bull_terrier,dog,0.9,0.5264,boxer,False,dog,True,within_superclass
american_pit_bull_terrier_180,american_pit_bull_terrier,dog,1.0,0.5254,boxer,False,cat,False,cross_superclass
english_cocker_spaniel_170,english_cocker_spaniel,dog,0.0,0.0,english_setter,False,dog,True,within_superclass
english_cocker_spaniel_170,english_cocker_spaniel,dog,0.1,0.1034,basset_hound,False,dog,True,within_superclass
english_cocker_spaniel_170,english_cocker_spaniel,dog,0.2,0.1843,basset_hound,False,dog,True,within_superclass
english_cocker_spaniel_170,english_cocker_spaniel,dog,0.3,0.2117,english_setter,False,dog,True,within_superclass
english_cocker_spaniel_170,english_cocker_spaniel,dog,0.4,0.2455,basset_hound,False,dog,True,within_superclass
english_cocker_spaniel_170,english_cocker_spaniel,dog,0.5,0.284,boxer,False,dog,True,within_superclass
english_cocker_spaniel_170,english_cocker_spaniel,dog,0.6,0.3428,miniature_pinscher,False,dog,True,within_superclass
english_cocker_spaniel_170,english_cocker_spaniel,dog,0.7,0.4009,miniature_pinscher,False,dog,True,within_superclass
english_cocker_spaniel_170,english_cocker_spaniel,dog,0.8,0.444,miniature_pinscher,False,dog,True,within_superclass
english_cocker_spaniel_170,english_cocker_spaniel,dog,0.9,0.4701,boxer,False,dog,True,within_superclass
english_cocker_spaniel_170,english_cocker_spaniel,dog,1.0,0.4791,boxer,False,dog,True,within_superclass
Bengal_142,bengal,cat,0.0,0.0,bengal,True,cat,True,correct
Bengal_142,bengal,cat,0.1,0.1871,egyptian_mau,False,cat,True,within_superclass
Bengal_142,bengal,cat,0.2,0.2387,british_shorthair,False,cat,True,within_superclass
Bengal_142,bengal,cat,0.3,0.3526,british_shorthair,False,cat,True,within_superclass
Bengal_142,bengal,cat,0.4,0.3927,miniature_pinscher,False,cat,True,within_superclass
Bengal_142,bengal,cat,0.5,0.4036,miniature_pinscher,False,cat,True,within_superclass
Bengal_142,bengal,cat,0.6,0.4183,miniature_pinscher,False,cat,True,within_superclass
Bengal_142,bengal,cat,0.7,0.4469,miniature_pinscher,False,cat,True,within_superclass
Bengal_142,bengal,cat,0.8,0.4779,british_shorthair,False,cat,True,within_superclass
Bengal_142,bengal,cat,0.9,0.4975,british_shorthair,False,cat,True,within_superclass
Bengal_142,bengal,cat,1.0,0.5065,british_shorthair,False,cat,True,within_superclass
Russian_Blue_157,russian_blue,cat,0.0,0.0,russian_blue,True,cat,True,correct
Russian_Blue_157,russian_blue,cat,0.1,0.1023,russian_blue,True,cat,True,correct
Russian_Blue_157,russian_blue,cat,0.2,0.2136,shiba_inu,False,dog,False,cross_superclass
Russian_Blue_157,russian_blue,cat,0.3,0.268,staffordshire_bull_terrier,False,dog,False,cross_superclass
Russian_Blue_157,russian_blue,cat,0.4,0.3166,staffordshire_bull_terrier,False,dog,False,cross_superclass
Russian_Blue_157,russian_blue,cat,0.5,0.3398,scottish_terrier,False,dog,False,cross_superclass
Russian_Blue_157,russian_blue,cat,0.6,0.3562,british_shorthair,False,cat,True,within_superclass
Russian_Blue_157,russian_blue,cat,0.7,0.4096,miniature_pinscher,False,dog,False,cross_superclass
Russian_Blue_157,russian_blue,cat,0.8,0.4264,miniature_pinscher,False,dog,False,cross_superclass
Russian_Blue_157,russian_blue,cat,0.9,0.4303,miniature_pinscher,False,dog,False,cross_superclass
Russian_Blue_157,russian_blue,cat,1.0,0.4304,pomeranian,False,dog,False,cross_superclass
Bombay_184,bombay,cat,0.0,0.0,egyptian_mau,False,cat,True,within_superclass
Bombay_184,bombay,cat,0.1,0.0903,egyptian_mau,False,cat,True,within_superclass
Bombay_184,bombay,cat,0.2,0.2193,egyptian_mau,False,cat,True,within_superclass
Bombay_184,bombay,cat,0.3,0.2115,egyptian_mau,False,cat,True,within_superclass
Bombay_184,bombay,cat,0.4,0.2736,british_shorthair,False,cat,True,within_superclass
Bombay_184,bombay,cat,0.5,0.3027,pug,False,cat,True,within_superclass
Bombay_184,bombay,cat,0.6,0.3335,japanese_chin,False,cat,True,within_superclass
Bombay_184,bombay,cat,0.7,0.3415,japanese_chin,False,cat,True,within_superclass
Bombay_184,bombay,cat,0.8,0.3513,japanese_chin,False,cat,True,within_superclass
Bombay_184,bombay,cat,0.9,0.3676,japanese_chin,False,cat,True,within_superclass
Bombay_184,bombay,cat,1.0,0.3976,british_shorthair,False,cat,True,within_superclass
beagle_161,beagle,dog,0.0,0.0,beagle,True,dog,True,correct
beagle_161,beagle,dog,0.1,0.1311,miniature_pinscher,False,dog,True,within_superclass
beagle_161,beagle,dog,0.2,0.2422,shiba_inu,False,dog,True,within_superclass
beagle_161,beagle,dog,0.3,0.3355,miniature_pinscher,False,dog,True,within_superclass
beagle_161,beagle,dog,0.4,0.4199,pomeranian,False,cat,False,cross_superclass
beagle_161,beagle,dog,0.5,0.4202,pomeranian,False,dog,True,within_superclass
beagle_161,beagle,dog,0.6,0.4337,pomeranian,False,dog,True,within_superclass
beagle_161,beagle,dog,0.7,0.4561,pomeranian,False,dog,True,within_superclass
beagle_161,beagle,dog,0.8,0.4688,pomeranian,False,dog,True,within_superclass
beagle_161,beagle,dog,0.9,0.4712,pomeranian,False,dog,True,within_superclass
beagle_161,beagle,dog,1.0,0.4736,pomeranian,False,dog,True,within_superclass
english_setter_182,english_setter,dog,0.0,0.0,english_setter,True,dog,True,correct
english_setter_182,english_setter,dog,0.1,0.0866,english_setter,True,dog,True,correct
english_setter_182,english_setter,dog,0.2,0.2387,english_setter,True,dog,True,correct
english_setter_182,english_setter,dog,0.3,0.2314,english_setter,True,dog,True,correct
english_setter_182,english_setter,dog,0.4,0.328,english_setter,True,dog,True,correct
english_setter_182,english_setter,dog,0.5,0.443,english_setter,True,dog,True,correct
english_setter_182,english_setter,dog,0.6,0.4977,english_setter,True,dog,True,correct
english_setter_182,english_setter,dog,0.7,0.5144,great_pyrenees,False,dog,True,within_superclass
english_setter_182,english_setter,dog,0.8,0.5194,great_pyrenees,False,dog,True,within_superclass
english_setter_182,english_setter,dog,0.9,0.5193,great_pyrenees,False,dog,True,within_superclass
english_setter_182,english_setter,dog,1.0,0.5303,great_pyrenees,False,dog,True,within_superclass
Sphynx_124,sphynx,cat,0.0,0.0,sphynx,True,cat,True,correct
Sphynx_124,sphynx,cat,0.1,0.0994,sphynx,True,cat,True,correct
Sphynx_124,sphynx,cat,0.2,0.1953,sphynx,True,cat,True,correct
Sphynx_124,sphynx,cat,0.3,0.2335,sphynx,True,cat,True,correct
Sphynx_124,sphynx,cat,0.4,0.3094,british_shorthair,False,cat,True,within_superclass
Sphynx_124,sphynx,cat,0.5,0.4025,british_shorthair,False,cat,True,within_superclass
Sphynx_124,sphynx,cat,0.6,0.4467,british_shorthair,False,cat,True,within_superclass
Sphynx_124,sphynx,cat,0.7,0.4622,british_shorthair,False,cat,True,within_superclass
Sphynx_124,sphynx,cat,0.8,0.4823,british_shorthair,False,cat,True,within_superclass
Sphynx_124,sphynx,cat,0.9,0.5009,miniature_pinscher,False,dog,False,cross_superclass
Sphynx_124,sphynx,cat,1.0,0.5104,miniature_pinscher,False,dog,False,cross_superclass
Birman_126,birman,cat,0.0,0.0,birman,True,cat,True,correct
Birman_126,birman,cat,0.1,0.1249,birman,True,cat,True,correct
Birman_126,birman,cat,0.2,0.2466,birman,True,cat,True,correct
Birman_126,birman,cat,0.3,0.2399,birman,True,cat,True,correct
Birman_126,birman,cat,0.4,0.2888,birman,True,cat,True,correct
Birman_126,birman,cat,0.5,0.3141,birman,True,cat,True,correct
Birman_126,birman,cat,0.6,0.3523,birman,True,cat,True,correct
Birman_126,birman,cat,0.7,0.376,birman,True,cat,True,correct
Birman_126,birman,cat,0.8,0.3983,british_shorthair,False,cat,True,within_superclass
Birman_126,birman,cat,0.9,0.4577,british_shorthair,False,cat,True,within_superclass
Birman_126,birman,cat,1.0,0.4916,british_shorthair,False,cat,True,within_superclass
basset_hound_188,basset_hound,dog,0.0,0.0,basset_hound,True,dog,True,correct
basset_hound_188,basset_hound,dog,0.1,0.0885,beagle,False,dog,True,within_superclass
basset_hound_188,basset_hound,dog,0.2,0.1914,beagle,False,dog,True,within_superclass
basset_hound_188,basset_hound,dog,0.3,0.1776,beagle,False,dog,True,within_superclass
basset_hound_188,basset_hound,dog,0.4,0.2255,beagle,False,dog,True,within_superclass
basset_hound_188,basset_hound,dog,0.5,0.2684,beagle,False,dog,True,within_superclass
basset_hound_188,basset_hound,dog,0.6,0.3379,shiba_inu,False,dog,True,within_superclass
basset_hound_188,basset_hound,dog,0.7,0.4061,shiba_inu,False,dog,True,within_superclass
basset_hound_188,basset_hound,dog,0.8,0.4402,chihuahua,False,dog,True,within_superclass
basset_hound_188,basset_hound,dog,0.9,0.4649,boxer,False,dog,True,within_superclass
basset_hound_188,basset_hound,dog,1.0,0.4883,boxer,False,dog,True,within_superclass
yorkshire_terrier_159,yorkshire_terrier,dog,0.0,0.0,yorkshire_terrier,True,dog,True,correct
yorkshire_terrier_159,yorkshire_terrier,dog,0.1,0.0924,yorkshire_terrier,True,dog,True,correct
yorkshire_terrier_159,yorkshire_terrier,dog,0.2,0.4551,miniature_pinscher,False,dog,True,within_superclass
yorkshire_terrier_159,yorkshire_terrier,dog,0.3,0.4958,japanese_chin,False,dog,True,within_superclass
yorkshire_terrier_159,yorkshire_terrier,dog,0.4,0.5111,miniature_pinscher,False,dog,True,within_superclass
yorkshire_terrier_159,yorkshire_terrier,dog,0.5,0.5502,miniature_pinscher,False,dog,True,within_superclass
yorkshire_terrier_159,yorkshire_terrier,dog,0.6,0.5628,miniature_pinscher,False,dog,True,within_superclass
yorkshire_terrier_159,yorkshire_terrier,dog,0.7,0.5737,miniature_pinscher,False,dog,True,within_superclass
yorkshire_terrier_159,yorkshire_terrier,dog,0.8,0.5755,miniature_pinscher,False,dog,True,within_superclass
yorkshire_terrier_159,yorkshire_terrier,dog,0.9,0.572,boxer,False,dog,True,within_superclass
yorkshire_terrier_159,yorkshire_terrier,dog,1.0,0.5676,boxer,False,dog,True,within_superclass
leonberger_13,leonberger,dog,0.0,0.0,leonberger,True,dog,True,correct
leonberger_13,leonberger,dog,0.1,0.1183,leonberger,True,dog,True,correct
leonberger_13,leonberger,dog,0.2,0.21,boxer,False,dog,True,within_superclass
leonberger_13,leonberger,dog,0.3,0.3397,boxer,False,dog,True,within_superclass
leonberger_13,leonberger,dog,0.4,0.4579,miniature_pinscher,False,dog,True,within_superclass
leonberger_13,leonberger,dog,0.5,0.4994,miniature_pinscher,False,dog,True,within_superclass
leonberger_13,leonberger,dog,0.6,0.5091,miniature_pinscher,False,dog,True,within_superclass
leonberger_13,leonberger,dog,0.7,0.5086,miniature_pinscher,False,dog,True,within_superclass
leonberger_13,leonberger,dog,0.8,0.5139,miniature_pinscher,False,dog,True,within_superclass
leonberger_13,leonberger,dog,0.9,0.5201,miniature_pinscher,False,dog,True,within_superclass
leonberger_13,leonberger,dog,1.0,0.5219,miniature_pinscher,False,dog,True,within_superclass
Persian_19,persian,cat,0.0,0.0,persian,True,cat,True,correct
Persian_19,persian,cat,0.1,0.1173,birman,False,cat,True,within_superclass
Persian_19,persian,cat,0.2,0.2266,birman,False,cat,True,within_superclass
Persian_19,persian,cat,0.3,0.265,birman,False,cat,True,within_superclass
Persian_19,persian,cat,0.4,0.2522,birman,False,cat,True,within_superclass
Persian_19,persian,cat,0.5,0.3053,pomeranian,False,cat,True,within_superclass
Persian_19,persian,cat,0.6,0.3585,pomeranian,False,dog,False,cross_superclass
Persian_19,persian,cat,0.7,0.3835,pomeranian,False,dog,False,cross_superclass
Persian_19,persian,cat,0.8,0.407,pomeranian,False,dog,False,cross_superclass
Persian_19,persian,cat,0.9,0.4152,pomeranian,False,dog,False,cross_superclass
Persian_19,persian,cat,1.0,0.4275,yorkshire_terrier,False,dog,False,cross_superclass
Ragdoll_126,ragdoll,cat,0.0,0.0,birman,False,cat,True,within_superclass
Ragdoll_126,ragdoll,cat,0.1,0.1033,birman,False,cat,True,within_superclass
Ragdoll_126,ragdoll,cat,0.2,0.219,birman,False,cat,True,within_superclass
Ragdoll_126,ragdoll,cat,0.3,0.1767,birman,False,cat,True,within_superclass
Ragdoll_126,ragdoll,cat,0.4,0.18,japanese_chin,False,cat,True,within_superclass
Ragdoll_126,ragdoll,cat,0.5,0.2158,japanese_chin,False,cat,True,within_superclass
Ragdoll_126,ragdoll,cat,0.6,0.2866,birman,False,cat,True,within_superclass
Ragdoll_126,ragdoll,cat,0.7,0.3669,birman,False,dog,False,cross_superclass
Ragdoll_126,ragdoll,cat,0.8,0.3814,birman,False,dog,False,cross_superclass
Ragdoll_126,ragdoll,cat,0.9,0.3794,chihuahua,False,dog,False,cross_superclass
Ragdoll_126,ragdoll,cat,1.0,0.3844,chihuahua,False,dog,False,cross_superclass
Egyptian_Mau_112,egyptian_mau,cat,0.0,0.0,british_shorthair,False,cat,True,within_superclass
Egyptian_Mau_112,egyptian_mau,cat,0.1,0.0843,british_shorthair,False,cat,True,within_superclass
Egyptian_Mau_112,egyptian_mau,cat,0.2,0.2042,egyptian_mau,True,cat,True,correct
Egyptian_Mau_112,egyptian_mau,cat,0.3,0.2717,egyptian_mau,True,cat,True,correct
Egyptian_Mau_112,egyptian_mau,cat,0.4,0.3374,british_shorthair,False,cat,True,within_superclass
Egyptian_Mau_112,egyptian_mau,cat,0.5,0.3936,birman,False,cat,True,within_superclass
Egyptian_Mau_112,egyptian_mau,cat,0.6,0.4138,birman,False,cat,True,within_superclass
Egyptian_Mau_112,egyptian_mau,cat,0.7,0.422,birman,False,cat,True,within_superclass
Egyptian_Mau_112,egyptian_mau,cat,0.8,0.4258,birman,False,cat,True,within_superclass
Egyptian_Mau_112,egyptian_mau,cat,0.9,0.4251,birman,False,cat,True,within_superclass
Egyptian_Mau_112,egyptian_mau,cat,1.0,0.4345,birman,False,cat,True,within_superclass
Russian_Blue_198,russian_blue,cat,0.0,0.0,russian_blue,True,cat,True,correct
Russian_Blue_198,russian_blue,cat,0.1,0.0795,russian_blue,True,cat,True,correct
Russian_Blue_198,russian_blue,cat,0.2,0.187,russian_blue,True,cat,True,correct
Russian_Blue_198,russian_blue,cat,0.3,0.2094,british_shorthair,False,cat,True,within_superclass
Russian_Blue_198,russian_blue,cat,0.4,0.2558,british_shorthair,False,cat,True,within_superclass
Russian_Blue_198,russian_blue,cat,0.5,0.3023,british_shorthair,False,cat,True,within_superclass
Russian_Blue_198,russian_blue,cat,0.6,0.383,british_shorthair,False,cat,True,within_superclass
Russian_Blue_198,russian_blue,cat,0.7,0.4556,british_shorthair,False,cat,True,within_superclass
Russian_Blue_198,russian_blue,cat,0.8,0.4724,british_shorthair,False,cat,True,within_superclass
Russian_Blue_198,russian_blue,cat,0.9,0.4827,british_shorthair,False,cat,True,within_superclass
Russian_Blue_198,russian_blue,cat,1.0,0.484,british_shorthair,False,cat,True,within_superclass
Siamese_155,siamese,cat,0.0,0.0,siamese,True,cat,True,correct
Siamese_155,siamese,cat,0.1,0.1711,siamese,True,cat,True,correct
Siamese_155,siamese,cat,0.2,0.3121,siamese,True,cat,True,correct
Siamese_155,siamese,cat,0.3,0.2811,shiba_inu,False,cat,True,within_superclass
Siamese_155,siamese,cat,0.4,0.285,siamese,True,cat,True,correct
Siamese_155,siamese,cat,0.5,0.2937,siamese,True,cat,True,correct
Siamese_155,siamese,cat,0.6,0.3155,abyssinian,False,cat,True,within_superclass
Siamese_155,siamese,cat,0.7,0.3332,abyssinian,False,cat,True,within_superclass
Siamese_155,siamese,cat,0.8,0.3472,abyssinian,False,cat,True,within_superclass
Siamese_155,siamese,cat,0.9,0.3598,abyssinian,False,cat,True,within_superclass
Siamese_155,siamese,cat,1.0,0.3686,british_shorthair,False,cat,True,within_superclass
shiba_inu_110,shiba_inu,dog,0.0,0.0,shiba_inu,True,dog,True,correct
shiba_inu_110,shiba_inu,dog,0.1,0.0513,shiba_inu,True,dog,True,correct
shiba_inu_110,shiba_inu,dog,0.2,0.1409,shiba_inu,True,dog,True,correct
shiba_inu_110,shiba_inu,dog,0.3,0.1584,shiba_inu,True,dog,True,correct
shiba_inu_110,shiba_inu,dog,0.4,0.1612,shiba_inu,True,dog,True,correct
shiba_inu_110,shiba_inu,dog,0.5,0.2393,shiba_inu,True,dog,True,correct
shiba_inu_110,shiba_inu,dog,0.6,0.3221,shiba_inu,True,dog,True,correct
shiba_inu_110,shiba_inu,dog,0.7,0.3858,yorkshire_terrier,False,dog,True,within_superclass
shiba_inu_110,shiba_inu,dog,0.8,0.4451,yorkshire_terrier,False,dog,True,within_superclass
shiba_inu_110,shiba_inu,dog,0.9,0.4573,yorkshire_terrier,False,dog,True,within_superclass
shiba_inu_110,shiba_inu,dog,1.0,0.4552,yorkshire_terrier,False,dog,True,within_superclass
pomeranian_151,pomeranian,dog,0.0,0.0,pomeranian,True,dog,True,correct
pomeranian_151,pomeranian,dog,0.1,0.2207,shiba_inu,False,dog,True,within_superclass
pomeranian_151,pomeranian,dog,0.2,0.2456,shiba_inu,False,dog,True,within_superclass
pomeranian_151,pomeranian,dog,0.3,0.3361,shiba_inu,False,dog,True,within_superclass
pomeranian_151,pomeranian,dog,0.4,0.4151,wheaten_terrier,False,dog,True,within_superclass
pomeranian_151,pomeranian,dog,0.5,0.4576,saint_bernard,False,dog,True,within_superclass
pomeranian_151,pomeranian,dog,0.6,0.4724,yorkshire_terrier,False,dog,True,within_superclass
pomeranian_151,pomeranian,dog,0.7,0.4891,yorkshire_terrier,False,dog,True,within_superclass
pomeranian_151,pomeranian,dog,0.8,0.4928,yorkshire_terrier,False,dog,True,within_superclass
pomeranian_151,pomeranian,dog,0.9,0.5096,yorkshire_terrier,False,dog,True,within_superclass
pomeranian_151,pomeranian,dog,1.0,0.5266,yorkshire_terrier,False,cat,False,cross_superclass
Persian_191,persian,cat,0.0,0.0,maine_coon,False,cat,True,within_superclass
Persian_191,persian,cat,0.1,0.146,maine_coon,False,cat,True,within_superclass
Persian_191,persian,cat,0.2,0.2862,british_shorthair,False,cat,True,within_superclass
Persian_191,persian,cat,0.3,0.3926,british_shorthair,False,cat,True,within_superclass
Persian_191,persian,cat,0.4,0.4785,saint_bernard,False,cat,True,within_superclass
Persian_191,persian,cat,0.5,0.4903,saint_bernard,False,dog,False,cross_superclass
Persian_191,persian,cat,0.6,0.5191,birman,False,dog,False,cross_superclass
Persian_191,persian,cat,0.7,0.5376,great_pyrenees,False,dog,False,cross_superclass
Persian_191,persian,cat,0.8,0.5608,great_pyrenees,False,dog,False,cross_superclass
Persian_191,persian,cat,0.9,0.562,chihuahua,False,dog,False,cross_superclass
Persian_191,persian,cat,1.0,0.5678,chihuahua,False,dog,False,cross_superclass
Russian_Blue_12,russian_blue,cat,0.0,0.0,russian_blue,True,cat,True,correct
Russian_Blue_12,russian_blue,cat,0.1,0.0383,russian_blue,True,cat,True,correct
Russian_Blue_12,russian_blue,cat,0.2,0.1047,russian_blue,True,cat,True,correct
Russian_Blue_12,russian_blue,cat,0.3,0.1712,egyptian_mau,False,cat,True,within_superclass
Russian_Blue_12,russian_blue,cat,0.4,0.1703,egyptian_mau,False,cat,True,within_superclass
Russian_Blue_12,russian_blue,cat,0.5,0.1367,egyptian_mau,False,cat,True,within_superclass
Russian_Blue_12,russian_blue,cat,0.6,0.1452,british_shorthair,False,cat,True,within_superclass
Russian_Blue_12,russian_blue,cat,0.7,0.1718,british_shorthair,False,cat,True,within_superclass
Russian_Blue_12,russian_blue,cat,0.8,0.197,british_shorthair,False,cat,True,within_superclass
Russian_Blue_12,russian_blue,cat,0.9,0.2209,british_shorthair,False,cat,True,within_superclass
Russian_Blue_12,russian_blue,cat,1.0,0.2381,british_shorthair,False,cat,True,within_superclass
Ragdoll_201,ragdoll,cat,0.0,0.0,birman,False,cat,True,within_superclass
Ragdoll_201,ragdoll,cat,0.1,0.0642,birman,False,cat,True,within_superclass
Ragdoll_201,ragdoll,cat,0.2,0.1783,birman,False,cat,True,within_superclass
Ragdoll_201,ragdoll,cat,0.3,0.2068,birman,False,cat,True,within_superclass
Ragdoll_201,ragdoll,cat,0.4,0.2552,pomeranian,False,dog,False,cross_superclass
Ragdoll_201,ragdoll,cat,0.5,0.3004,japanese_chin,False,dog,False,cross_superclass
Ragdoll_201,ragdoll,cat,0.6,0.3592,great_pyrenees,False,dog,False,cross_superclass
Ragdoll_201,ragdoll,cat,0.7,0.4164,great_pyrenees,False,dog,False,cross_superclass
Ragdoll_201,ragdoll,cat,0.8,0.4527,great_pyrenees,False,dog,False,cross_superclass
Ragdoll_201,ragdoll,cat,0.9,0.4712,great_pyrenees,False,dog,False,cross_superclass
Ragdoll_201,ragdoll,cat,1.0,0.4749,great_pyrenees,False,dog,False,cross_superclass
american_pit_bull_terrier_151,american_pit_bull_terrier,dog,0.0,0.0,american_bulldog,False,dog,True,within_superclass
american_pit_bull_terrier_151,american_pit_bull_terrier,dog,0.1,0.1175,american_bulldog,False,dog,True,within_superclass
american_pit_bull_terrier_151,american_pit_bull_terrier,dog,0.2,0.2411,american_bulldog,False,dog,True,within_superclass
american_pit_bull_terrier_151,american_pit_bull_terrier,dog,0.3,0.3017,english_setter,False,dog,True,within_superclass
american_pit_bull_terrier_151,american_pit_bull_terrier,dog,0.4,0.3487,english_setter,False,dog,True,within_superclass
american_pit_bull_terrier_151,american_pit_bull_terrier,dog,0.5,0.4066,english_setter,False,dog,True,within_superclass
american_pit_bull_terrier_151,american_pit_bull_terrier,dog,0.6,0.4362,english_setter,False,dog,True,within_superclass
american_pit_bull_terrier_151,american_pit_bull_terrier,dog,0.7,0.4602,english_setter,False,dog,True,within_superclass
american_pit_bull_terrier_151,american_pit_bull_terrier,dog,0.8,0.4679,english_setter,False,dog,True,within_superclass
american_pit_bull_terrier_151,american_pit_bull_terrier,dog,0.9,0.4664,great_pyrenees,False,dog,True,within_superclass
american_pit_bull_terrier_151,american_pit_bull_terrier,dog,1.0,0.481,great_pyrenees,False,dog,True,within_superclass
great_pyrenees_100,great_pyrenees,dog,0.0,0.0,great_pyrenees,True,dog,True,correct
great_pyrenees_100,great_pyrenees,dog,0.1,0.0954,great_pyrenees,True,dog,True,correct
great_pyrenees_100,great_pyrenees,dog,0.2,0.2147,great_pyrenees,True,dog,True,correct
great_pyrenees_100,great_pyrenees,dog,0.3,0.1911,great_pyrenees,True,dog,True,correct
great_pyrenees_100,great_pyrenees,dog,0.4,0.2116,great_pyrenees,True,dog,True,correct
great_pyrenees_100,great_pyrenees,dog,0.5,0.2262,great_pyrenees,True,dog,True,correct
great_pyrenees_100,great_pyrenees,dog,0.6,0.2494,great_pyrenees,True,dog,True,correct
great_pyrenees_100,great_pyrenees,dog,0.7,0.2913,great_pyrenees,True,dog,True,correct
great_pyrenees_100,great_pyrenees,dog,0.8,0.3492,great_pyrenees,True,dog,True,correct
great_pyrenees_100,great_pyrenees,dog,0.9,0.4163,english_setter,False,dog,True,within_superclass
great_pyrenees_100,great_pyrenees,dog,1.0,0.4466,english_setter,False,dog,True,within_superclass
newfoundland_136,newfoundland,dog,0.0,0.0,leonberger,False,dog,True,within_superclass
newfoundland_136,newfoundland,dog,0.1,0.1208,newfoundland,True,dog,True,correct
newfoundland_136,newfoundland,dog,0.2,0.2592,newfoundland,True,dog,True,correct
newfoundland_136,newfoundland,dog,0.3,0.208,leonberger,False,dog,True,within_superclass
newfoundland_136,newfoundland,dog,0.4,0.2373,leonberger,False,dog,True,within_superclass
newfoundland_136,newfoundland,dog,0.5,0.3034,leonberger,False,dog,True,within_superclass
newfoundland_136,newfoundland,dog,0.6,0.375,leonberger,False,dog,True,within_superclass
newfoundland_136,newfoundland,dog,0.7,0.4376,newfoundland,True,dog,True,correct
newfoundland_136,newfoundland,dog,0.8,0.4802,newfoundland,True,dog,True,correct
newfoundland_136,newfoundland,dog,0.9,0.5003,newfoundland,True,dog,True,correct
newfoundland_136,newfoundland,dog,1.0,0.504,newfoundland,True,dog,True,correct
Maine_Coon_176,maine_coon,cat,0.0,0.0,maine_coon,True,cat,True,correct
Maine_Coon_176,maine_coon,cat,0.1,0.0568,maine_coon,True,cat,True,correct
Maine_Coon_176,maine_coon,cat,0.2,0.159,maine_coon,True,cat,True,correct
Maine_Coon_176,maine_coon,cat,0.3,0.1444,maine_coon,True,cat,True,correct
Maine_Coon_176,maine_coon,cat,0.4,0.1608,british_shorthair,False,cat,True,within_superclass
Maine_Coon_176,maine_coon,cat,0.5,0.2109,british_shorthair,False,cat,True,within_superclass
Maine_Coon_176,maine_coon,cat,0.6,0.3136,british_shorthair,False,cat,True,within_superclass
Maine_Coon_176,maine_coon,cat,0.7,0.376,maine_coon,True,cat,True,correct
Maine_Coon_176,maine_coon,cat,0.8,0.3963,british_shorthair,False,cat,True,within_superclass
Maine_Coon_176,maine_coon,cat,0.9,0.4101,british_shorthair,False,cat,True,within_superclass
Maine_Coon_176,maine_coon,cat,1.0,0.425,british_shorthair,False,cat,True,within_superclass
samoyed_110,samoyed,dog,0.0,0.0,samoyed,True,dog,True,correct
samoyed_110,samoyed,dog,0.1,0.1415,samoyed,True,dog,True,correct
samoyed_110,samoyed,dog,0.2,0.2157,samoyed,True,dog,True,correct
samoyed_110,samoyed,dog,0.3,0.2073,samoyed,True,dog,True,correct
samoyed_110,samoyed,dog,0.4,0.2552,samoyed,True,dog,True,correct
samoyed_110,samoyed,dog,0.5,0.2908,samoyed,True,dog,True,correct
samoyed_110,samoyed,dog,0.6,0.3127,samoyed,True,dog,True,correct
samoyed_110,samoyed,dog,0.7,0.3451,samoyed,True,dog,True,correct
samoyed_110,samoyed,dog,0.8,0.3838,samoyed,True,dog,True,correct
samoyed_110,samoyed,dog,0.9,0.4254,great_pyrenees,False,dog,True,within_superclass
samoyed_110,samoyed,dog,1.0,0.4501,great_pyrenees,False,dog,True,within_superclass
Persian_18,persian,cat,0.0,0.0,birman,False,cat,True,within_superclass
Persian_18,persian,cat,0.1,0.0736,birman,False,cat,True,within_superclass
Persian_18,persian,cat,0.2,0.1988,birman,False,cat,True,within_superclass
Persian_18,persian,cat,0.3,0.1798,birman,False,cat,True,within_superclass
Persian_18,persian,cat,0.4,0.2347,birman,False,cat,True,within_superclass
Persian_18,persian,cat,0.5,0.2795,birman,False,cat,True,within_superclass
Persian_18,persian,cat,0.6,0.3307,birman,False,cat,True,within_superclass
Persian_18,persian,cat,0.7,0.4034,japanese_chin,False,dog,False,cross_superclass
Persian_18,persian,cat,0.8,0.4264,pomeranian,False,dog,False,cross_superclass
Persian_18,persian,cat,0.9,0.4521,japanese_chin,False,dog,False,cross_superclass
Persian_18,persian,cat,1.0,0.4632,pug,False,dog,False,cross_superclass
Siamese_131,siamese,cat,0.0,0.0,siamese,True,cat,True,correct
Siamese_131,siamese,cat,0.1,0.05,siamese,True,cat,True,correct
Siamese_131,siamese,cat,0.2,0.1623,birman,False,cat,True,within_superclass
Siamese_131,siamese,cat,0.3,0.1762,birman,False,cat,True,within_superclass
Siamese_131,siamese,cat,0.4,0.1669,birman,False,cat,True,within_superclass
Siamese_131,siamese,cat,0.5,0.1817,birman,False,cat,True,within_superclass
Siamese_131,siamese,cat,0.6,0.2217,birman,False,cat,True,within_superclass
Siamese_131,siamese,cat,0.7,0.2464,birman,False,cat,True,within_superclass
Siamese_131,siamese,cat,0.8,0.2659,birman,False,cat,True,within_superclass
Siamese_131,siamese,cat,0.9,0.2833,birman,False,cat,True,within_superclass
Siamese_131,siamese,cat,1.0,0.2965,birman,False,cat,True,within_superclass
american_bulldog_198,american_bulldog,dog,0.0,0.0,american_bulldog,True,dog,True,correct
american_bulldog_198,american_bulldog,dog,0.1,0.099,american_bulldog,True,dog,True,correct
american_bulldog_198,american_bulldog,dog,0.2,0.2081,american_bulldog,True,dog,True,correct
american_bulldog_198,american_bulldog,dog,0.3,0.244,great_pyrenees,False,dog,True,within_superclass
american_bulldog_198,american_bulldog,dog,0.4,0.2716,great_pyrenees,False,dog,True,within_superclass
american_bulldog_198,american_bulldog,dog,0.5,0.3119,great_pyrenees,False,dog,True,within_superclass
american_bulldog_198,american_bulldog,dog,0.6,0.3453,english_setter,False,dog,True,within_superclass
american_bulldog_198,american_bulldog,dog,0.7,0.3824,great_pyrenees,False,dog,True,within_superclass
american_bulldog_198,american_bulldog,dog,0.8,0.434,great_pyrenees,False,dog,True,within_superclass
american_bulldog_198,american_bulldog,dog,0.9,0.4879,great_pyrenees,False,dog,True,within_superclass
american_bulldog_198,american_bulldog,dog,1.0,0.5218,chihuahua,False,dog,True,within_superclass
english_setter_110,english_setter,dog,0.0,0.0,english_setter,True,dog,True,correct
english_setter_110,english_setter,dog,0.1,0.1057,english_setter,True,dog,True,correct
english_setter_110,english_setter,dog,0.2,0.3068,english_setter,True,dog,True,correct
english_setter_110,english_setter,dog,0.3,0.3711,miniature_pinscher,False,dog,True,within_superclass
english_setter_110,english_setter,dog,0.4,0.4341,chihuahua,False,dog,True,within_superclass
english_setter_110,english_setter,dog,0.5,0.4686,chihuahua,False,dog,True,within_superclass
english_setter_110,english_setter,dog,0.6,0.4873,chihuahua,False,dog,True,within_superclass
english_setter_110,english_setter,dog,0.7,0.501,boxer,False,dog,True,within_superclass
english_setter_110,english_setter,dog,0.8,0.5023,boxer,False,dog,True,within_superclass
english_setter_110,english_setter,dog,0.9,0.5027,boxer,False,dog,True,within_superclass
english_setter_110,english_setter,dog,1.0,0.5076,boxer,False,dog,True,within_superclass
american_pit_bull_terrier_139,american_pit_bull_terrier,dog,0.0,0.0,american_bulldog,False,dog,True,within_superclass
american_pit_bull_terrier_139,american_pit_bull_terrier,dog,0.1,0.2539,boxer,False,dog,True,within_superclass
american_pit_bull_terrier_139,american_pit_bull_terrier,dog,0.2,0.2064,saint_bernard,False,dog,True,within_superclass
american_pit_bull_terrier_139,american_pit_bull_terrier,dog,0.3,0.2686,saint_bernard,False,dog,True,within_superclass
american_pit_bull_terrier_139,american_pit_bull_terrier,dog,0.4,0.385,shiba_inu,False,dog,True,within_superclass
american_pit_bull_terrier_139,american_pit_bull_terrier,dog,0.5,0.4016,wheaten_terrier,False,dog,True,within_superclass
american_pit_bull_terrier_139,american_pit_bull_terrier,dog,0.6,0.3997,wheaten_terrier,False,dog,True,within_superclass
american_pit_bull_terrier_139,american_pit_bull_terrier,dog,0.7,0.402,wheaten_terrier,False,dog,True,within_superclass
american_pit_bull_terrier_139,american_pit_bull_terrier,dog,0.8,0.4021,wheaten_terrier,False,dog,True,within_superclass
american_pit_bull_terrier_139,american_pit_bull_terrier,dog,0.9,0.4083,wheaten_terrier,False,dog,True,within_superclass
american_pit_bull_terrier_139,american_pit_bull_terrier,dog,1.0,0.4128,wheaten_terrier,False,dog,True,within_superclass
great_pyrenees_12,great_pyrenees,dog,0.0,0.0,great_pyrenees,True,dog,True,correct
great_pyrenees_12,great_pyrenees,dog,0.1,0.0846,great_pyrenees,True,dog,True,correct
great_pyrenees_12,great_pyrenees,dog,0.2,0.1984,great_pyrenees,True,dog,True,correct
great_pyrenees_12,great_pyrenees,dog,0.3,0.2442,great_pyrenees,True,dog,True,correct
great_pyrenees_12,great_pyrenees,dog,0.4,0.3028,great_pyrenees,True,dog,True,correct
great_pyrenees_12,great_pyrenees,dog,0.5,0.3517,great_pyrenees,True,dog,True,correct
great_pyrenees_12,great_pyrenees,dog,0.6,0.3647,japanese_chin,False,dog,True,within_superclass
great_pyrenees_12,great_pyrenees,dog,0.7,0.3789,japanese_chin,False,dog,True,within_superclass
great_pyrenees_12,great_pyrenees,dog,0.8,0.3923,japanese_chin,False,dog,True,within_superclass
great_pyrenees_12,great_pyrenees,dog,0.9,0.4023,german_shorthaired,False,dog,True,within_superclass
great_pyrenees_12,great_pyrenees,dog,1.0,0.4315,german_shorthaired,False,dog,True,within_superclass
Bombay_169,bombay,cat,0.0,0.0,russian_blue,False,cat,True,within_superclass
Bombay_169,bombay,cat,0.1,0.083,russian_blue,False,cat,True,within_superclass
Bombay_169,bombay,cat,0.2,0.2185,egyptian_mau,False,cat,True,within_superclass
Bombay_169,bombay,cat,0.3,0.2328,egyptian_mau,False,cat,True,within_superclass
Bombay_169,bombay,cat,0.4,0.272,british_shorthair,False,cat,True,within_superclass
Bombay_169,bombay,cat,0.5,0.3005,british_shorthair,False,cat,True,within_superclass
Bombay_169,bombay,cat,0.6,0.3517,british_shorthair,False,cat,True,within_superclass
Bombay_169,bombay,cat,0.7,0.4242,birman,False,cat,True,within_superclass
Bombay_169,bombay,cat,0.8,0.441,boxer,False,cat,True,within_superclass
Bombay_169,bombay,cat,0.9,0.4437,boxer,False,dog,False,cross_superclass
Bombay_169,bombay,cat,1.0,0.4495,boxer,False,dog,False,cross_superclass
Bengal_135,bengal,cat,0.0,0.0,egyptian_mau,False,cat,True,within_superclass
Bengal_135,bengal,cat,0.1,0.3188,birman,False,cat,True,within_superclass
Bengal_135,bengal,cat,0.2,0.3552,persian,False,dog,False,cross_superclass
Bengal_135,bengal,cat,0.3,0.3957,persian,False,dog,False,cross_superclass
Bengal_135,bengal,cat,0.4,0.4241,great_pyrenees,False,dog,False,cross_superclass
Bengal_135,bengal,cat,0.5,0.4146,persian,False,dog,False,cross_superclass
Bengal_135,bengal,cat,0.6,0.4157,persian,False,dog,False,cross_superclass
Bengal_135,bengal,cat,0.7,0.4001,persian,False,dog,False,cross_superclass
Bengal_135,bengal,cat,0.8,0.3977,bombay,False,dog,False,cross_superclass
Bengal_135,bengal,cat,0.9,0.4036,bombay,False,dog,False,cross_superclass
Bengal_135,bengal,cat,1.0,0.3945,bombay,False,dog,False,cross_superclass
staffordshire_bull_terrier_14,staffordshire_bull_terrier,dog,0.0,0.0,staffordshire_bull_terrier,True,dog,True,correct
staffordshire_bull_terrier_14,staffordshire_bull_terrier,dog,0.1,0.1165,staffordshire_bull_terrier,True,dog,True,correct
staffordshire_bull_terrier_14,staffordshire_bull_terrier,dog,0.2,0.2253,staffordshire_bull_terrier,True,dog,True,correct
staffordshire_bull_terrier_14,staffordshire_bull_terrier,dog,0.3,0.1794,staffordshire_bull_terrier,True,dog,True,correct
staffordshire_bull_terrier_14,staffordshire_bull_terrier,dog,0.4,0.2158,staffordshire_bull_terrier,True,dog,True,correct
staffordshire_bull_terrier_14,staffordshire_bull_terrier,dog,0.5,0.2851,staffordshire_bull_terrier,True,dog,True,correct
staffordshire_bull_terrier_14,staffordshire_bull_terrier,dog,0.6,0.4279,staffordshire_bull_terrier,True,dog,True,correct
staffordshire_bull_terrier_14,staffordshire_bull_terrier,dog,0.7,0.5139,staffordshire_bull_terrier,True,dog,True,correct
staffordshire_bull_terrier_14,staffordshire_bull_terrier,dog,0.8,0.5348,staffordshire_bull_terrier,True,dog,True,correct
staffordshire_bull_terrier_14,staffordshire_bull_terrier,dog,0.9,0.5366,staffordshire_bull_terrier,True,dog,True,correct
staffordshire_bull_terrier_14,staffordshire_bull_terrier,dog,1.0,0.5338,staffordshire_bull_terrier,True,dog,True,correct
samoyed_109,samoyed,dog,0.0,0.0,samoyed,True,dog,True,correct
samoyed_109,samoyed,dog,0.1,0.0908,samoyed,True,dog,True,correct
samoyed_109,samoyed,dog,0.2,0.2074,samoyed,True,dog,True,correct
samoyed_109,samoyed,dog,0.3,0.173,samoyed,True,dog,True,correct
samoyed_109,samoyed,dog,0.4,0.1983,samoyed,True,dog,True,correct
samoyed_109,samoyed,dog,0.5,0.2403,samoyed,True,dog,True,correct
samoyed_109,samoyed,dog,0.6,0.2841,samoyed,True,dog,True,correct
samoyed_109,samoyed,dog,0.7,0.3261,great_pyrenees,False,cat,False,cross_superclass
samoyed_109,samoyed,dog,0.8,0.3688,british_shorthair,False,cat,False,cross_superclass
samoyed_109,samoyed,dog,0.9,0.4047,british_shorthair,False,cat,False,cross_superclass
samoyed_109,samoyed,dog,1.0,0.4242,british_shorthair,False,cat,False,cross_superclass
pug_127,pug,dog,0.0,0.0,pug,True,dog,True,correct
pug_127,pug,dog,0.1,0.1722,pug,True,dog,True,correct
pug_127,pug,dog,0.2,0.1698,pug,True,dog,True,correct
pug_127,pug,dog,0.3,0.219,american_bulldog,False,dog,True,within_superclass
pug_127,pug,dog,0.4,0.2818,staffordshire_bull_terrier,False,dog,True,within_superclass
pug_127,pug,dog,0.5,0.3786,staffordshire_bull_terrier,False,dog,True,within_superclass
pug_127,pug,dog,0.6,0.4674,staffordshire_bull_terrier,False,dog,True,within_superclass
pug_127,pug,dog,0.7,0.501,staffordshire_bull_terrier,False,dog,True,within_superclass
pug_127,pug,dog,0.8,0.5267,german_shorthaired,False,dog,True,within_superclass
pug_127,pug,dog,0.9,0.5438,german_shorthaired,False,dog,True,within_superclass
pug_127,pug,dog,1.0,0.5554,german_shorthaired,False,dog,True,within_superclass
Abyssinian_17,abyssinian,cat,0.0,0.0,abyssinian,True,cat,True,correct
Abyssinian_17,abyssinian,cat,0.1,0.1368,abyssinian,True,cat,True,correct
Abyssinian_17,abyssinian,cat,0.2,0.213,abyssinian,True,cat,True,correct
Abyssinian_17,abyssinian,cat,0.3,0.2776,shiba_inu,False,cat,True,within_superclass
Abyssinian_17,abyssinian,cat,0.4,0.3215,shiba_inu,False,cat,True,within_superclass
Abyssinian_17,abyssinian,cat,0.5,0.3503,british_shorthair,False,cat,True,within_superclass
Abyssinian_17,abyssinian,cat,0.6,0.3558,british_shorthair,False,cat,True,within_superclass
Abyssinian_17,abyssinian,cat,0.7,0.3498,british_shorthair,False,cat,True,within_superclass
Abyssinian_17,abyssinian,cat,0.8,0.3479,british_shorthair,False,cat,True,within_superclass
Abyssinian_17,abyssinian,cat,0.9,0.3602,british_shorthair,False,cat,True,within_superclass
Abyssinian_17,abyssinian,cat,1.0,0.3824,british_shorthair,False,cat,True,within_superclass
British_Shorthair_116,british_shorthair,cat,0.0,0.0,british_shorthair,True,cat,True,correct
British_Shorthair_116,british_shorthair,cat,0.1,0.0397,british_shorthair,True,cat,True,correct
British_Shorthair_116,british_shorthair,cat,0.2,0.1174,british_shorthair,True,cat,True,correct
British_Shorthair_116,british_shorthair,cat,0.3,0.1216,british_shorthair,True,cat,True,correct
British_Shorthair_116,british_shorthair,cat,0.4,0.1625,british_shorthair,True,cat,True,correct
British_Shorthair_116,british_shorthair,cat,0.5,0.2072,british_shorthair,True,cat,True,correct
British_Shorthair_116,british_shorthair,cat,0.6,0.2422,russian_blue,False,cat,True,within_superclass
British_Shorthair_116,british_shorthair,cat,0.7,0.2841,russian_blue,False,dog,False,cross_superclass
British_Shorthair_116,british_shorthair,cat,0.8,0.3123,russian_blue,False,dog,False,cross_superclass
British_Shorthair_116,british_shorthair,cat,0.9,0.3274,british_shorthair,True,dog,False,correct
British_Shorthair_116,british_shorthair,cat,1.0,0.3495,british_shorthair,True,dog,False,correct
staffordshire_bull_terrier_125,staffordshire_bull_terrier,dog,0.0,0.0,american_pit_bull_terrier,False,dog,True,within_superclass
staffordshire_bull_terrier_125,staffordshire_bull_terrier,dog,0.1,0.0795,boxer,False,dog,True,within_superclass
staffordshire_bull_terrier_125,staffordshire_bull_terrier,dog,0.2,0.1325,german_shorthaired,False,dog,True,within_superclass
staffordshire_bull_terrier_125,staffordshire_bull_terrier,dog,0.3,0.255,german_shorthaired,False,dog,True,within_superclass
staffordshire_bull_terrier_125,staffordshire_bull_terrier,dog,0.4,0.3726,german_shorthaired,False,dog,True,within_superclass
staffordshire_bull_terrier_125,staffordshire_bull_terrier,dog,0.5,0.4161,german_shorthaired,False,dog,True,within_superclass
staffordshire_bull_terrier_125,staffordshire_bull_terrier,dog,0.6,0.4384,newfoundland,False,dog,True,within_superclass
staffordshire_bull_terrier_125,staffordshire_bull_terrier,dog,0.7,0.4581,newfoundland,False,dog,True,within_superclass
staffordshire_bull_terrier_125,staffordshire_bull_terrier,dog,0.8,0.4716,newfoundland,False,dog,True,within_superclass
staffordshire_bull_terrier_125,staffordshire_bull_terrier,dog,0.9,0.4845,newfoundland,False,dog,True,within_superclass
staffordshire_bull_terrier_125,staffordshire_bull_terrier,dog,1.0,0.4907,newfoundland,False,dog,True,within_superclass
miniature_pinscher_148,miniature_pinscher,dog,0.0,0.0,miniature_pinscher,True,dog,True,correct
miniature_pinscher_148,miniature_pinscher,dog,0.1,0.1505,miniature_pinscher,True,dog,True,correct
miniature_pinscher_148,miniature_pinscher,dog,0.2,0.2187,miniature_pinscher,True,dog,True,correct
miniature_pinscher_148,miniature_pinscher,dog,0.3,0.3087,miniature_pinscher,True,dog,True,correct
miniature_pinscher_148,miniature_pinscher,dog,0.4,0.4307,miniature_pinscher,True,dog,True,correct
miniature_pinscher_148,miniature_pinscher,dog,0.5,0.4708,miniature_pinscher,True,dog,True,correct
miniature_pinscher_148,miniature_pinscher,dog,0.6,0.4839,boxer,False,dog,True,within_superclass
miniature_pinscher_148,miniature_pinscher,dog,0.7,0.4969,boxer,False,dog,True,within_superclass
miniature_pinscher_148,miniature_pinscher,dog,0.8,0.5036,boxer,False,dog,True,within_superclass
miniature_pinscher_148,miniature_pinscher,dog,0.9,0.5185,boxer,False,dog,True,within_superclass
miniature_pinscher_148,miniature_pinscher,dog,1.0,0.5246,boxer,False,dog,True,within_superclass
Siamese_191,siamese,cat,0.0,0.0,siamese,True,cat,True,correct
Siamese_191,siamese,cat,0.1,0.1223,chihuahua,False,dog,False,cross_superclass
Siamese_191,siamese,cat,0.2,0.2503,miniature_pinscher,False,dog,False,cross_superclass
Siamese_191,siamese,cat,0.3,0.1963,miniature_pinscher,False,dog,False,cross_superclass
Siamese_191,siamese,cat,0.4,0.2064,miniature_pinscher,False,dog,False,cross_superclass
Siamese_191,siamese,cat,0.5,0.2276,boxer,False,dog,False,cross_superclass
Siamese_191,siamese,cat,0.6,0.2778,boxer,False,dog,False,cross_superclass
Siamese_191,siamese,cat,0.7,0.3017,boxer,False,dog,False,cross_superclass
Siamese_191,siamese,cat,0.8,0.3148,chihuahua,False,dog,False,cross_superclass
Siamese_191,siamese,cat,0.9,0.332,chihuahua,False,dog,False,cross_superclass
Siamese_191,siamese,cat,1.0,0.3445,chihuahua,False,dog,False,cross_superclass
beagle_189,beagle,dog,0.0,0.0,beagle,True,dog,True,correct
beagle_189,beagle,dog,0.1,0.1016,miniature_pinscher,False,dog,True,within_superclass
beagle_189,beagle,dog,0.2,0.1687,beagle,True,dog,True,correct
beagle_189,beagle,dog,0.3,0.2378,chihuahua,False,dog,True,within_superclass
beagle_189,beagle,dog,0.4,0.2685,chihuahua,False,dog,True,within_superclass
beagle_189,beagle,dog,0.5,0.3198,chihuahua,False,dog,True,within_superclass
beagle_189,beagle,dog,0.6,0.3625,chihuahua,False,dog,True,within_superclass
beagle_189,beagle,dog,0.7,0.3933,boxer,False,dog,True,within_superclass
beagle_189,beagle,dog,0.8,0.4173,boxer,False,dog,True,within_superclass
beagle_189,beagle,dog,0.9,0.4275,boxer,False,dog,True,within_superclass
beagle_189,beagle,dog,1.0,0.4242,boxer,False,dog,True,within_superclass
Bombay_141,bombay,cat,0.0,0.0,siamese,False,cat,True,within_superclass
Bombay_141,bombay,cat,0.1,0.1164,british_shorthair,False,cat,True,within_superclass
Bombay_141,bombay,cat,0.2,0.2834,egyptian_mau,False,cat,True,within_superclass
Bombay_141,bombay,cat,0.3,0.2055,british_shorthair,False,cat,True,within_superclass
Bombay_141,bombay,cat,0.4,0.2262,british_shorthair,False,cat,True,within_superclass
Bombay_141,bombay,cat,0.5,0.2964,british_shorthair,False,cat,True,within_superclass
Bombay_141,bombay,cat,0.6,0.3846,miniature_pinscher,False,dog,False,cross_superclass
Bombay_141,bombay,cat,0.7,0.4085,staffordshire_bull_terrier,False,dog,False,cross_superclass
Bombay_141,bombay,cat,0.8,0.4153,newfoundland,False,dog,False,cross_superclass
Bombay_141,bombay,cat,0.9,0.4393,newfoundland,False,dog,False,cross_superclass
Bombay_141,bombay,cat,1.0,0.4597,newfoundland,False,dog,False,cross_superclass
saint_bernard_109,saint_bernard,dog,0.0,0.0,saint_bernard,True,dog,True,correct
saint_bernard_109,saint_bernard,dog,0.1,0.152,saint_bernard,True,dog,True,correct
saint_bernard_109,saint_bernard,dog,0.2,0.2872,saint_bernard,True,dog,True,correct
saint_bernard_109,saint_bernard,dog,0.3,0.3017,saint_bernard,True,dog,True,correct
saint_bernard_109,saint_bernard,dog,0.4,0.3868,japanese_chin,False,cat,False,cross_superclass
saint_bernard_109,saint_bernard,dog,0.5,0.4354,japanese_chin,False,dog,True,within_superclass
saint_bernard_109,saint_bernard,dog,0.6,0.4635,japanese_chin,False,dog,True,within_superclass
saint_bernard_109,saint_bernard,dog,0.7,0.4789,pomeranian,False,dog,True,within_superclass
saint_bernard_109,saint_bernard,dog,0.8,0.4955,pomeranian,False,dog,True,within_superclass
saint_bernard_109,saint_bernard,dog,0.9,0.5145,pomeranian,False,dog,True,within_superclass
saint_bernard_109,saint_bernard,dog,1.0,0.5268,pomeranian,False,dog,True,within_superclass
staffordshire_bull_terrier_180,staffordshire_bull_terrier,dog,0.0,0.0,staffordshire_bull_terrier,True,dog,True,correct
staffordshire_bull_terrier_180,staffordshire_bull_terrier,dog,0.1,0.1108,staffordshire_bull_terrier,True,dog,True,correct
staffordshire_bull_terrier_180,staffordshire_bull_terrier,dog,0.2,0.2231,staffordshire_bull_terrier,True,dog,True,correct
staffordshire_bull_terrier_180,staffordshire_bull_terrier,dog,0.3,0.2786,staffordshire_bull_terrier,True,dog,True,correct
staffordshire_bull_terrier_180,staffordshire_bull_terrier,dog,0.4,0.4091,scottish_terrier,False,dog,True,within_superclass
staffordshire_bull_terrier_180,staffordshire_bull_terrier,dog,0.5,0.4577,scottish_terrier,False,dog,True,within_superclass
staffordshire_bull_terrier_180,staffordshire_bull_terrier,dog,0.6,0.4762,staffordshire_bull_terrier,True,dog,True,correct
staffordshire_bull_terrier_180,staffordshire_bull_terrier,dog,0.7,0.4881,staffordshire_bull_terrier,True,dog,True,correct
staffordshire_bull_terrier_180,staffordshire_bull_terrier,dog,0.8,0.4998,newfoundland,False,dog,True,within_superclass
staffordshire_bull_terrier_180,staffordshire_bull_terrier,dog,0.9,0.5123,newfoundland,False,dog,True,within_superclass
staffordshire_bull_terrier_180,staffordshire_bull_terrier,dog,1.0,0.5162,newfoundland,False,dog,True,within_superclass
great_pyrenees_176,great_pyrenees,dog,0.0,0.0,samoyed,False,dog,True,within_superclass
great_pyrenees_176,great_pyrenees,dog,0.1,0.0715,great_pyrenees,True,dog,True,correct
great_pyrenees_176,great_pyrenees,dog,0.2,0.2314,great_pyrenees,True,dog,True,correct
great_pyrenees_176,great_pyrenees,dog,0.3,0.2935,great_pyrenees,True,dog,True,correct
great_pyrenees_176,great_pyrenees,dog,0.4,0.3342,great_pyrenees,True,dog,True,correct
great_pyrenees_176,great_pyrenees,dog,0.5,0.4059,great_pyrenees,True,dog,True,correct
great_pyrenees_176,great_pyrenees,dog,0.6,0.4508,great_pyrenees,True,dog,True,correct
great_pyrenees_176,great_pyrenees,dog,0.7,0.4576,great_pyrenees,True,dog,True,correct
great_pyrenees_176,great_pyrenees,dog,0.8,0.4692,great_pyrenees,True,dog,True,correct
great_pyrenees_176,great_pyrenees,dog,0.9,0.4833,great_pyrenees,True,dog,True,correct
great_pyrenees_176,great_pyrenees,dog,1.0,0.5032,great_pyrenees,True,dog,True,correct
Birman_121,birman,cat,0.0,0.0,birman,True,cat,True,correct
Birman_121,birman,cat,0.1,0.0885,birman,True,cat,True,correct
Birman_121,birman,cat,0.2,0.183,birman,True,cat,True,correct
Birman_121,birman,cat,0.3,0.1946,birman,True,cat,True,correct
Birman_121,birman,cat,0.4,0.2632,birman,True,cat,True,correct
Birman_121,birman,cat,0.5,0.2987,japanese_chin,False,dog,False,cross_superclass
Birman_121,birman,cat,0.6,0.3289,japanese_chin,False,dog,False,cross_superclass
Birman_121,birman,cat,0.7,0.3628,havanese,False,dog,False,cross_superclass
Birman_121,birman,cat,0.8,0.3938,havanese,False,dog,False,cross_superclass
Birman_121,birman,cat,0.9,0.4175,havanese,False,dog,False,cross_superclass
Birman_121,birman,cat,1.0,0.4161,havanese,False,dog,False,cross_superclass
newfoundland_14,newfoundland,dog,0.0,0.0,newfoundland,True,dog,True,correct
newfoundland_14,newfoundland,dog,0.1,0.1003,newfoundland,True,dog,True,correct
newfoundland_14,newfoundland,dog,0.2,0.182,newfoundland,True,dog,True,correct
newfoundland_14,newfoundland,dog,0.3,0.3951,havanese,False,dog,True,within_superclass
newfoundland_14,newfoundland,dog,0.4,0.43,havanese,False,dog,True,within_superclass
newfoundland_14,newfoundland,dog,0.5,0.4517,havanese,False,dog,True,within_superclass
newfoundland_14,newfoundland,dog,0.6,0.4713,japanese_chin,False,dog,True,within_superclass
newfoundland_14,newfoundland,dog,0.7,0.4814,japanese_chin,False,dog,True,within_superclass
newfoundland_14,newfoundland,dog,0.8,0.4815,japanese_chin,False,dog,True,within_superclass
newfoundland_14,newfoundland,dog,0.9,0.4839,newfoundland,True,dog,True,correct
newfoundland_14,newfoundland,dog,1.0,0.4838,boxer,False,dog,True,within_superclass
Sphynx_110,sphynx,cat,0.0,0.0,sphynx,True,cat,True,correct
Sphynx_110,sphynx,cat,0.1,0.1085,sphynx,True,cat,True,correct
Sphynx_110,sphynx,cat,0.2,0.2353,chihuahua,False,dog,False,cross_superclass
Sphynx_110,sphynx,cat,0.3,0.2889,chihuahua,False,dog,False,cross_superclass
Sphynx_110,sphynx,cat,0.4,0.3132,staffordshire_bull_terrier,False,dog,False,cross_superclass
Sphynx_110,sphynx,cat,0.5,0.3552,miniature_pinscher,False,dog,False,cross_superclass
Sphynx_110,sphynx,cat,0.6,0.3932,shiba_inu,False,dog,False,cross_superclass
Sphynx_110,sphynx,cat,0.7,0.4052,shiba_inu,False,dog,False,cross_superclass
Sphynx_110,sphynx,cat,0.8,0.4188,boxer,False,dog,False,cross_superclass
Sphynx_110,sphynx,cat,0.9,0.43,shiba_inu,False,dog,False,cross_superclass
Sphynx_110,sphynx,cat,1.0,0.4311,boxer,False,dog,False,cross_superclass
english_setter_179,english_setter,dog,0.0,0.0,english_setter,True,dog,True,correct
english_setter_179,english_setter,dog,0.1,0.0957,english_setter,True,dog,True,correct
english_setter_179,english_setter,dog,0.2,0.1719,english_setter,True,dog,True,correct
english_setter_179,english_setter,dog,0.3,0.1981,american_bulldog,False,dog,True,within_superclass
english_setter_179,english_setter,dog,0.4,0.2367,american_bulldog,False,dog,True,within_superclass
english_setter_179,english_setter,dog,0.5,0.2835,american_bulldog,False,dog,True,within_superclass
english_setter_179,english_setter,dog,0.6,0.3284,american_bulldog,False,dog,True,within_superclass
english_setter_179,english_setter,dog,0.7,0.3714,american_bulldog,False,dog,True,within_superclass
english_setter_179,english_setter,dog,0.8,0.4125,havanese,False,dog,True,within_superclass
english_setter_179,english_setter,dog,0.9,0.4368,havanese,False,dog,True,within_superclass
english_setter_179,english_setter,dog,1.0,0.4478,havanese,False,dog,True,within_superclass
Bombay_153,bombay,cat,0.0,0.0,british_shorthair,False,cat,True,within_superclass
Bombay_153,bombay,cat,0.1,0.1629,british_shorthair,False,cat,True,within_superclass
Bombay_153,bombay,cat,0.2,0.2582,british_shorthair,False,cat,True,within_superclass
Bombay_153,bombay,cat,0.3,0.2257,british_shorthair,False,cat,True,within_superclass
Bombay_153,bombay,cat,0.4,0.2682,british_shorthair,False,cat,True,within_superclass
Bombay_153,bombay,cat,0.5,0.3299,egyptian_mau,False,cat,True,within_superclass
Bombay_153,bombay,cat,0.6,0.3878,scottish_terrier,False,dog,False,cross_superclass
Bombay_153,bombay,cat,0.7,0.4126,yorkshire_terrier,False,dog,False,cross_superclass
Bombay_153,bombay,cat,0.8,0.4181,yorkshire_terrier,False,dog,False,cross_superclass
Bombay_153,bombay,cat,0.9,0.4208,yorkshire_terrier,False,dog,False,cross_superclass
Bombay_153,bombay,cat,1.0,0.4225,yorkshire_terrier,False,dog,False,cross_superclass
newfoundland_113,newfoundland,dog,0.0,0.0,newfoundland,True,dog,True,correct
newfoundland_113,newfoundland,dog,0.1,0.0955,newfoundland,True,dog,True,correct
newfoundland_113,newfoundland,dog,0.2,0.1989,newfoundland,True,dog,True,correct
newfoundland_113,newfoundland,dog,0.3,0.2296,newfoundland,True,dog,True,correct
newfoundland_113,newfoundland,dog,0.4,0.3161,newfoundland,True,dog,True,correct
newfoundland_113,newfoundland,dog,0.5,0.3867,newfoundland,True,dog,True,correct
newfoundland_113,newfoundland,dog,0.6,0.4419,newfoundland,True,dog,True,correct
newfoundland_113,newfoundland,dog,0.7,0.4647,newfoundland,True,dog,True,correct
newfoundland_113,newfoundland,dog,0.8,0.476,newfoundland,True,dog,True,correct
newfoundland_113,newfoundland,dog,0.9,0.4824,newfoundland,True,dog,True,correct
newfoundland_113,newfoundland,dog,1.0,0.49,newfoundland,True,dog,True,correct
Sphynx_183,sphynx,cat,0.0,0.0,russian_blue,False,cat,True,within_superclass
Sphynx_183,sphynx,cat,0.1,0.0813,russian_blue,False,cat,True,within_superclass
Sphynx_183,sphynx,cat,0.2,0.2165,russian_blue,False,cat,True,within_superclass
Sphynx_183,sphynx,cat,0.3,0.2679,british_shorthair,False,cat,True,within_superclass
Sphynx_183,sphynx,cat,0.4,0.3489,british_shorthair,False,cat,True,within_superclass
Sphynx_183,sphynx,cat,0.5,0.4107,boxer,False,dog,False,cross_superclass
Sphynx_183,sphynx,cat,0.6,0.4602,boxer,False,dog,False,cross_superclass
Sphynx_183,sphynx,cat,0.7,0.4723,boxer,False,dog,False,cross_superclass
Sphynx_183,sphynx,cat,0.8,0.4808,boxer,False,dog,False,cross_superclass
Sphynx_183,sphynx,cat,0.9,0.4854,boxer,False,dog,False,cross_superclass
Sphynx_183,sphynx,cat,1.0,0.4906,boxer,False,dog,False,cross_superclass
american_pit_bull_terrier_128,american_pit_bull_terrier,dog,0.0,0.0,german_shorthaired,False,dog,True,within_superclass
american_pit_bull_terrier_128,american_pit_bull_terrier,dog,0.1,0.2101,american_pit_bull_terrier,True,dog,True,correct
american_pit_bull_terrier_128,american_pit_bull_terrier,dog,0.2,0.2336,american_pit_bull_terrier,True,dog,True,correct
american_pit_bull_terrier_128,american_pit_bull_terrier,dog,0.3,0.4229,boxer,False,dog,True,within_superclass
american_pit_bull_terrier_128,american_pit_bull_terrier,dog,0.4,0.4138,boxer,False,dog,True,within_superclass
american_pit_bull_terrier_128,american_pit_bull_terrier,dog,0.5,0.4383,boxer,False,dog,True,within_superclass
american_pit_bull_terrier_128,american_pit_bull_terrier,dog,0.6,0.4494,boxer,False,dog,True,within_superclass
american_pit_bull_terrier_128,american_pit_bull_terrier,dog,0.7,0.4649,boxer,False,dog,True,within_superclass
american_pit_bull_terrier_128,american_pit_bull_terrier,dog,0.8,0.4855,pug,False,dog,True,within_superclass
american_pit_bull_terrier_128,american_pit_bull_terrier,dog,0.9,0.5057,boxer,False,dog,True,within_superclass
american_pit_bull_terrier_128,american_pit_bull_terrier,dog,1.0,0.515,boxer,False,dog,True,within_superclass
english_setter_157,english_setter,dog,0.0,0.0,english_setter,True,dog,True,correct
english_setter_157,english_setter,dog,0.1,0.1131,english_setter,True,dog,True,correct
english_setter_157,english_setter,dog,0.2,0.229,english_setter,True,dog,True,correct
english_setter_157,english_setter,dog,0.3,0.2041,english_setter,True,dog,True,correct
english_setter_157,english_setter,dog,0.4,0.2229,english_setter,True,dog,True,correct
english_setter_157,english_setter,dog,0.5,0.2354,english_setter,True,dog,True,correct
english_setter_157,english_setter,dog,0.6,0.3043,english_setter,True,dog,True,correct
english_setter_157,english_setter,dog,0.7,0.3881,german_shorthaired,False,dog,True,within_superclass
english_setter_157,english_setter,dog,0.8,0.4293,german_shorthaired,False,dog,True,within_superclass
english_setter_157,english_setter,dog,0.9,0.457,newfoundland,False,dog,True,within_superclass
english_setter_157,english_setter,dog,1.0,0.482,newfoundland,False,dog,True,within_superclass
great_pyrenees_169,great_pyrenees,dog,0.0,0.0,great_pyrenees,True,dog,True,correct
great_pyrenees_169,great_pyrenees,dog,0.1,0.0722,great_pyrenees,True,dog,True,correct
great_pyrenees_169,great_pyrenees,dog,0.2,0.1525,great_pyrenees,True,dog,True,correct
great_pyrenees_169,great_pyrenees,dog,0.3,0.1567,great_pyrenees,True,dog,True,correct
great_pyrenees_169,great_pyrenees,dog,0.4,0.1861,great_pyrenees,True,dog,True,correct
great_pyrenees_169,great_pyrenees,dog,0.5,0.233,great_pyrenees,True,dog,True,correct
great_pyrenees_169,great_pyrenees,dog,0.6,0.2714,great_pyrenees,True,dog,True,correct
great_pyrenees_169,great_pyrenees,dog,0.7,0.3048,great_pyrenees,True,dog,True,correct
great_pyrenees_169,great_pyrenees,dog,0.8,0.3321,great_pyrenees,True,dog,True,correct
great_pyrenees_169,great_pyrenees,dog,0.9,0.3671,great_pyrenees,True,dog,True,correct
great_pyrenees_169,great_pyrenees,dog,1.0,0.3822,great_pyrenees,True,dog,True,correct
japanese_chin_116,japanese_chin,dog,0.0,0.0,japanese_chin,True,dog,True,correct
japanese_chin_116,japanese_chin,dog,0.1,0.1013,japanese_chin,True,dog,True,correct
japanese_chin_116,japanese_chin,dog,0.2,0.25,japanese_chin,True,dog,True,correct
japanese_chin_116,japanese_chin,dog,0.3,0.2317,english_setter,False,dog,True,within_superclass
japanese_chin_116,japanese_chin,dog,0.4,0.2492,english_setter,False,dog,True,within_superclass
japanese_chin_116,japanese_chin,dog,0.5,0.2927,english_setter,False,dog,True,within_superclass
japanese_chin_116,japanese_chin,dog,0.6,0.3469,english_setter,False,dog,True,within_superclass
japanese_chin_116,japanese_chin,dog,0.7,0.4266,japanese_chin,True,dog,True,correct
japanese_chin_116,japanese_chin,dog,0.8,0.4624,japanese_chin,True,dog,True,correct
japanese_chin_116,japanese_chin,dog,0.9,0.4654,german_shorthaired,False,dog,True,within_superclass
japanese_chin_116,japanese_chin,dog,1.0,0.4671,german_shorthaired,False,dog,True,within_superclass
Bombay_139,bombay,cat,0.0,0.0,sphynx,False,cat,True,within_superclass
Bombay_139,bombay,cat,0.1,0.1359,sphynx,False,cat,True,within_superclass
Bombay_139,bombay,cat,0.2,0.2329,egyptian_mau,False,cat,True,within_superclass
Bombay_139,bombay,cat,0.3,0.2721,egyptian_mau,False,cat,True,within_superclass
Bombay_139,bombay,cat,0.4,0.3662,egyptian_mau,False,cat,True,within_superclass
Bombay_139,bombay,cat,0.5,0.4246,shiba_inu,False,dog,False,cross_superclass
Bombay_139,bombay,cat,0.6,0.4539,shiba_inu,False,dog,False,cross_superclass
Bombay_139,bombay,cat,0.7,0.4625,shiba_inu,False,dog,False,cross_superclass
Bombay_139,bombay,cat,0.8,0.4665,great_pyrenees,False,dog,False,cross_superclass
Bombay_139,bombay,cat,0.9,0.4723,great_pyrenees,False,dog,False,cross_superclass
Bombay_139,bombay,cat,1.0,0.4743,great_pyrenees,False,dog,False,cross_superclass
basset_hound_11,basset_hound,dog,0.0,0.0,basset_hound,True,dog,True,correct
basset_hound_11,basset_hound,dog,0.1,0.0924,basset_hound,True,dog,True,correct
basset_hound_11,basset_hound,dog,0.2,0.2619,beagle,False,dog,True,within_superclass
basset_hound_11,basset_hound,dog,0.3,0.2507,basset_hound,True,dog,True,correct
basset_hound_11,basset_hound,dog,0.4,0.2924,basset_hound,True,dog,True,correct
basset_hound_11,basset_hound,dog,0.5,0.4008,boxer,False,cat,False,cross_superclass
basset_hound_11,basset_hound,dog,0.6,0.4215,japanese_chin,False,cat,False,cross_superclass
basset_hound_11,basset_hound,dog,0.7,0.4424,saint_bernard,False,dog,True,within_superclass
basset_hound_11,basset_hound,dog,0.8,0.4549,boxer,False,dog,True,within_superclass
basset_hound_11,basset_hound,dog,0.9,0.4649,boxer,False,dog,True,within_superclass
basset_hound_11,basset_hound,dog,1.0,0.4692,boxer,False,dog,True,within_superclass
english_cocker_spaniel_15,english_cocker_spaniel,dog,0.0,0.0,english_cocker_spaniel,True,dog,True,correct
english_cocker_spaniel_15,english_cocker_spaniel,dog,0.1,0.0808,english_cocker_spaniel,True,dog,True,correct
english_cocker_spaniel_15,english_cocker_spaniel,dog,0.2,0.1436,english_cocker_spaniel,True,dog,True,correct
english_cocker_spaniel_15,english_cocker_spaniel,dog,0.3,0.1414,english_cocker_spaniel,True,dog,True,correct
english_cocker_spaniel_15,english_cocker_spaniel,dog,0.4,0.1823,english_cocker_spaniel,True,dog,True,correct
english_cocker_spaniel_15,english_cocker_spaniel,dog,0.5,0.2115,leonberger,False,dog,True,within_superclass
english_cocker_spaniel_15,english_cocker_spaniel,dog,0.6,0.2277,leonberger,False,dog,True,within_superclass
english_cocker_spaniel_15,english_cocker_spaniel,dog,0.7,0.2582,english_cocker_spaniel,True,dog,True,correct
english_cocker_spaniel_15,english_cocker_spaniel,dog,0.8,0.2901,english_cocker_spaniel,True,dog,True,correct
english_cocker_spaniel_15,english_cocker_spaniel,dog,0.9,0.3153,yorkshire_terrier,False,dog,True,within_superclass
english_cocker_spaniel_15,english_cocker_spaniel,dog,1.0,0.3437,yorkshire_terrier,False,dog,True,within_superclass
german_shorthaired_15,german_shorthaired,dog,0.0,0.0,german_shorthaired,True,dog,True,correct
german_shorthaired_15,german_shorthaired,dog,0.1,0.0741,german_shorthaired,True,dog,True,correct
german_shorthaired_15,german_shorthaired,dog,0.2,0.1777,german_shorthaired,True,dog,True,correct
german_shorthaired_15,german_shorthaired,dog,0.3,0.2298,german_shorthaired,True,dog,True,correct
german_shorthaired_15,german_shorthaired,dog,0.4,0.3813,german_shorthaired,True,dog,True,correct
german_shorthaired_15,german_shorthaired,dog,0.5,0.4343,german_shorthaired,True,dog,True,correct
german_shorthaired_15,german_shorthaired,dog,0.6,0.4844,newfoundland,False,dog,True,within_superclass
german_shorthaired_15,german_shorthaired,dog,0.7,0.5085,newfoundland,False,dog,True,within_superclass
german_shorthaired_15,german_shorthaired,dog,0.8,0.5254,newfoundland,False,dog,True,within_superclass
german_shorthaired_15,german_shorthaired,dog,0.9,0.5369,boxer,False,dog,True,within_superclass
german_shorthaired_15,german_shorthaired,dog,1.0,0.5408,boxer,False,dog,True,within_superclass
german_shorthaired_172,german_shorthaired,dog,0.0,0.0,german_shorthaired,True,dog,True,correct
german_shorthaired_172,german_shorthaired,dog,0.1,0.1119,german_shorthaired,True,dog,True,correct
german_shorthaired_172,german_shorthaired,dog,0.2,0.3288,german_shorthaired,True,dog,True,correct
german_shorthaired_172,german_shorthaired,dog,0.3,0.3504,german_shorthaired,True,dog,True,correct
german_shorthaired_172,german_shorthaired,dog,0.4,0.3657,german_shorthaired,True,dog,True,correct
german_shorthaired_172,german_shorthaired,dog,0.5,0.3949,english_setter,False,dog,True,within_superclass
german_shorthaired_172,german_shorthaired,dog,0.6,0.4211,english_setter,False,dog,True,within_superclass
german_shorthaired_172,german_shorthaired,dog,0.7,0.4431,english_setter,False,dog,True,within_superclass
german_shorthaired_172,german_shorthaired,dog,0.8,0.4503,english_setter,False,dog,True,within_superclass
german_shorthaired_172,german_shorthaired,dog,0.9,0.4576,english_setter,False,dog,True,within_superclass
german_shorthaired_172,german_shorthaired,dog,1.0,0.4832,english_setter,False,dog,True,within_superclass
Maine_Coon_137,maine_coon,cat,0.0,0.0,maine_coon,True,cat,True,correct
Maine_Coon_137,maine_coon,cat,0.1,0.134,maine_coon,True,cat,True,correct
Maine_Coon_137,maine_coon,cat,0.2,0.207,maine_coon,True,cat,True,correct
Maine_Coon_137,maine_coon,cat,0.3,0.231,maine_coon,True,cat,True,correct
Maine_Coon_137,maine_coon,cat,0.4,0.2965,maine_coon,True,cat,True,correct
Maine_Coon_137,maine_coon,cat,0.5,0.3522,birman,False,cat,True,within_superclass
Maine_Coon_137,maine_coon,cat,0.6,0.4066,birman,False,cat,True,within_superclass
Maine_Coon_137,maine_coon,cat,0.7,0.4147,shiba_inu,False,cat,True,within_superclass
Maine_Coon_137,maine_coon,cat,0.8,0.417,shiba_inu,False,cat,True,within_superclass
Maine_Coon_137,maine_coon,cat,0.9,0.4245,shiba_inu,False,cat,True,within_superclass
Maine_Coon_137,maine_coon,cat,1.0,0.4235,shiba_inu,False,cat,True,within_superclass
Siamese_148,siamese,cat,0.0,0.0,siamese,True,cat,True,correct
Siamese_148,siamese,cat,0.1,0.0732,siamese,True,cat,True,correct
Siamese_148,siamese,cat,0.2,0.1754,siamese,True,cat,True,correct
Siamese_148,siamese,cat,0.3,0.2842,siamese,True,cat,True,correct
Siamese_148,siamese,cat,0.4,0.3467,siamese,True,cat,True,correct
Siamese_148,siamese,cat,0.5,0.4333,birman,False,cat,True,within_superclass
Siamese_148,siamese,cat,0.6,0.4709,birman,False,cat,True,within_superclass
Siamese_148,siamese,cat,0.7,0.4949,british_shorthair,False,cat,True,within_superclass
Siamese_148,siamese,cat,0.8,0.5117,british_shorthair,False,cat,True,within_superclass
Siamese_148,siamese,cat,0.9,0.5303,british_shorthair,False,cat,True,within_superclass
Siamese_148,siamese,cat,1.0,0.5351,british_shorthair,False,cat,True,within_superclass
german_shorthaired_112,german_shorthaired,dog,0.0,0.0,german_shorthaired,True,dog,True,correct
german_shorthaired_112,german_shorthaired,dog,0.1,0.0781,german_shorthaired,True,dog,True,correct
german_shorthaired_112,german_shorthaired,dog,0.2,0.2181,german_shorthaired,True,dog,True,correct
german_shorthaired_112,german_shorthaired,dog,0.3,0.1841,german_shorthaired,True,dog,True,correct
german_shorthaired_112,german_shorthaired,dog,0.4,0.1962,german_shorthaired,True,dog,True,correct
german_shorthaired_112,german_shorthaired,dog,0.5,0.366,german_shorthaired,True,dog,True,correct
german_shorthaired_112,german_shorthaired,dog,0.6,0.4315,german_shorthaired,True,dog,True,correct
german_shorthaired_112,german_shorthaired,dog,0.7,0.4573,german_shorthaired,True,dog,True,correct
german_shorthaired_112,german_shorthaired,dog,0.8,0.4608,german_shorthaired,True,dog,True,correct
german_shorthaired_112,german_shorthaired,dog,0.9,0.4896,german_shorthaired,True,dog,True,correct
german_shorthaired_112,german_shorthaired,dog,1.0,0.5183,german_shorthaired,True,dog,True,correct
great_pyrenees_147,great_pyrenees,dog,0.0,0.0,great_pyrenees,True,dog,True,correct
great_pyrenees_147,great_pyrenees,dog,0.1,0.1609,great_pyrenees,True,dog,True,correct
great_pyrenees_147,great_pyrenees,dog,0.2,0.3402,great_pyrenees,True,dog,True,correct
great_pyrenees_147,great_pyrenees,dog,0.3,0.3338,great_pyrenees,True,dog,True,correct
great_pyrenees_147,great_pyrenees,dog,0.4,0.3622,great_pyrenees,True,dog,True,correct
great_pyrenees_147,great_pyrenees,dog,0.5,0.4859,great_pyrenees,True,dog,True,correct
great_pyrenees_147,great_pyrenees,dog,0.6,0.5181,shiba_inu,False,dog,True,within_superclass
great_pyrenees_147,great_pyrenees,dog,0.7,0.5406,miniature_pinscher,False,dog,True,within_superclass
great_pyrenees_147,great_pyrenees,dog,0.8,0.549,miniature_pinscher,False,dog,True,within_superclass
great_pyrenees_147,great_pyrenees,dog,0.9,0.5524,miniature_pinscher,False,dog,True,within_superclass
great_pyrenees_147,great_pyrenees,dog,1.0,0.5518,miniature_pinscher,False,dog,True,within_superclass
german_shorthaired_173,german_shorthaired,dog,0.0,0.0,german_shorthaired,True,dog,True,correct
german_shorthaired_173,german_shorthaired,dog,0.1,0.0695,german_shorthaired,True,dog,True,correct
german_shorthaired_173,german_shorthaired,dog,0.2,0.2455,german_shorthaired,True,dog,True,correct
german_shorthaired_173,german_shorthaired,dog,0.3,0.3378,german_shorthaired,True,dog,True,correct
german_shorthaired_173,german_shorthaired,dog,0.4,0.3711,german_shorthaired,True,dog,True,correct
german_shorthaired_173,german_shorthaired,dog,0.5,0.3967,miniature_pinscher,False,dog,True,within_superclass
german_shorthaired_173,german_shorthaired,dog,0.6,0.4095,miniature_pinscher,False,dog,True,within_superclass
german_shorthaired_173,german_shorthaired,dog,0.7,0.4062,miniature_pinscher,False,dog,True,within_superclass
german_shorthaired_173,german_shorthaired,dog,0.8,0.4158,pug,False,dog,True,within_superclass
german_shorthaired_173,german_shorthaired,dog,0.9,0.4254,pug,False,dog,True,within_superclass
german_shorthaired_173,german_shorthaired,dog,1.0,0.4399,pug,False,dog,True,within_superclass
Abyssinian_117,abyssinian,cat,0.0,0.0,abyssinian,True,cat,True,correct
Abyssinian_117,abyssinian,cat,0.1,0.0564,british_shorthair,False,cat,True,within_superclass
Abyssinian_117,abyssinian,cat,0.2,0.1763,british_shorthair,False,cat,True,within_superclass
Abyssinian_117,abyssinian,cat,0.3,0.1538,british_shorthair,False,cat,True,within_superclass
Abyssinian_117,abyssinian,cat,0.4,0.181,british_shorthair,False,cat,True,within_superclass
Abyssinian_117,abyssinian,cat,0.5,0.2443,british_shorthair,False,cat,True,within_superclass
Abyssinian_117,abyssinian,cat,0.6,0.2944,miniature_pinscher,False,dog,False,cross_superclass
Abyssinian_117,abyssinian,cat,0.7,0.3459,miniature_pinscher,False,dog,False,cross_superclass
Abyssinian_117,abyssinian,cat,0.8,0.3927,miniature_pinscher,False,dog,False,cross_superclass
Abyssinian_117,abyssinian,cat,0.9,0.4157,miniature_pinscher,False,dog,False,cross_superclass
Abyssinian_117,abyssinian,cat,1.0,0.4276,japanese_chin,False,dog,False,cross_superclass
yorkshire_terrier_134,yorkshire_terrier,dog,0.0,0.0,yorkshire_terrier,True,dog,True,correct
yorkshire_terrier_134,yorkshire_terrier,dog,0.1,0.1327,yorkshire_terrier,True,dog,True,correct
yorkshire_terrier_134,yorkshire_terrier,dog,0.2,0.2694,yorkshire_terrier,True,dog,True,correct
yorkshire_terrier_134,yorkshire_terrier,dog,0.3,0.3847,miniature_pinscher,False,dog,True,within_superclass
yorkshire_terrier_134,yorkshire_terrier,dog,0.4,0.5048,boxer,False,dog,True,within_superclass
yorkshire_terrier_134,yorkshire_terrier,dog,0.5,0.5466,boxer,False,dog,True,within_superclass
yorkshire_terrier_134,yorkshire_terrier,dog,0.6,0.5676,boxer,False,dog,True,within_superclass
yorkshire_terrier_134,yorkshire_terrier,dog,0.7,0.5667,boxer,False,dog,True,within_superclass
yorkshire_terrier_134,yorkshire_terrier,dog,0.8,0.5569,bombay,False,dog,True,within_superclass
yorkshire_terrier_134,yorkshire_terrier,dog,0.9,0.555,bombay,False,dog,True,within_superclass
yorkshire_terrier_134,yorkshire_terrier,dog,1.0,0.5471,bombay,False,dog,True,within_superclass
Bengal_173,bengal,cat,0.0,0.0,bengal,True,cat,True,correct
Bengal_173,bengal,cat,0.1,0.1821,bengal,True,cat,True,correct
Bengal_173,bengal,cat,0.2,0.2189,bengal,True,cat,True,correct
Bengal_173,bengal,cat,0.3,0.3556,chihuahua,False,dog,False,cross_superclass
Bengal_173,bengal,cat,0.4,0.434,shiba_inu,False,dog,False,cross_superclass
Bengal_173,bengal,cat,0.5,0.4532,german_shorthaired,False,dog,False,cross_superclass
Bengal_173,bengal,cat,0.6,0.4538,british_shorthair,False,dog,False,cross_superclass
Bengal_173,bengal,cat,0.7,0.4602,british_shorthair,False,dog,False,cross_superclass
Bengal_173,bengal,cat,0.8,0.4497,british_shorthair,False,dog,False,cross_superclass
Bengal_173,bengal,cat,0.9,0.4511,british_shorthair,False,dog,False,cross_superclass
Bengal_173,bengal,cat,1.0,0.4506,british_shorthair,False,dog,False,cross_superclass
japanese_chin_11,japanese_chin,dog,0.0,0.0,japanese_chin,True,dog,True,correct
japanese_chin_11,japanese_chin,dog,0.1,0.0828,japanese_chin,True,dog,True,correct
japanese_chin_11,japanese_chin,dog,0.2,0.1883,japanese_chin,True,dog,True,correct
japanese_chin_11,japanese_chin,dog,0.3,0.2121,japanese_chin,True,dog,True,correct
japanese_chin_11,japanese_chin,dog,0.4,0.2481,japanese_chin,True,dog,True,correct
japanese_chin_11,japanese_chin,dog,0.5,0.2788,japanese_chin,True,dog,True,correct
japanese_chin_11,japanese_chin,dog,0.6,0.3148,english_setter,False,dog,True,within_superclass
japanese_chin_11,japanese_chin,dog,0.7,0.3961,japanese_chin,True,dog,True,correct
japanese_chin_11,japanese_chin,dog,0.8,0.4523,japanese_chin,True,dog,True,correct
japanese_chin_11,japanese_chin,dog,0.9,0.4627,japanese_chin,True,dog,True,correct
japanese_chin_11,japanese_chin,dog,1.0,0.4686,japanese_chin,True,dog,True,correct
Egyptian_Mau_161,egyptian_mau,cat,0.0,0.0,egyptian_mau,True,cat,True,correct
Egyptian_Mau_161,egyptian_mau,cat,0.1,0.0777,egyptian_mau,True,cat,True,correct
Egyptian_Mau_161,egyptian_mau,cat,0.2,0.1916,egyptian_mau,True,cat,True,correct
Egyptian_Mau_161,egyptian_mau,cat,0.3,0.1723,egyptian_mau,True,cat,True,correct
Egyptian_Mau_161,egyptian_mau,cat,0.4,0.1938,egyptian_mau,True,cat,True,correct
Egyptian_Mau_161,egyptian_mau,cat,0.5,0.243,egyptian_mau,True,cat,True,correct
Egyptian_Mau_161,egyptian_mau,cat,0.6,0.3252,egyptian_mau,True,cat,True,correct
Egyptian_Mau_161,egyptian_mau,cat,0.7,0.3716,british_shorthair,False,cat,True,within_superclass
Egyptian_Mau_161,egyptian_mau,cat,0.8,0.4099,british_shorthair,False,cat,True,within_superclass
Egyptian_Mau_161,egyptian_mau,cat,0.9,0.4343,boxer,False,dog,False,cross_superclass
Egyptian_Mau_161,egyptian_mau,cat,1.0,0.4473,boxer,False,dog,False,cross_superclass
Persian_125,persian,cat,0.0,0.0,british_shorthair,False,cat,True,within_superclass
Persian_125,persian,cat,0.1,0.1283,british_shorthair,False,cat,True,within_superclass
Persian_125,persian,cat,0.2,0.2082,british_shorthair,False,cat,True,within_superclass
Persian_125,persian,cat,0.3,0.2109,british_shorthair,False,cat,True,within_superclass
Persian_125,persian,cat,0.4,0.2615,british_shorthair,False,cat,True,within_superclass
Persian_125,persian,cat,0.5,0.3065,british_shorthair,False,cat,True,within_superclass
Persian_125,persian,cat,0.6,0.3438,pomeranian,False,cat,True,within_superclass
Persian_125,persian,cat,0.7,0.3849,pomeranian,False,dog,False,cross_superclass
Persian_125,persian,cat,0.8,0.409,pomeranian,False,dog,False,cross_superclass
Persian_125,persian,cat,0.9,0.4268,pomeranian,False,dog,False,cross_superclass
Persian_125,persian,cat,1.0,0.44,pomeranian,False,dog,False,cross_superclass
saint_bernard_138,saint_bernard,dog,0.0,0.0,saint_bernard,True,dog,True,correct
saint_bernard_138,saint_bernard,dog,0.1,0.075,saint_bernard,True,dog,True,correct
saint_bernard_138,saint_bernard,dog,0.2,0.2209,saint_bernard,True,dog,True,correct
saint_bernard_138,saint_bernard,dog,0.3,0.2276,saint_bernard,True,dog,True,correct
saint_bernard_138,saint_bernard,dog,0.4,0.2722,beagle,False,dog,True,within_superclass
saint_bernard_138,saint_bernard,dog,0.5,0.3226,japanese_chin,False,dog,True,within_superclass
saint_bernard_138,saint_bernard,dog,0.6,0.389,british_shorthair,False,dog,True,within_superclass
saint_bernard_138,saint_bernard,dog,0.7,0.4459,british_shorthair,False,cat,False,cross_superclass
saint_bernard_138,saint_bernard,dog,0.8,0.4732,british_shorthair,False,cat,False,cross_superclass
saint_bernard_138,saint_bernard,dog,0.9,0.4872,british_shorthair,False,cat,False,cross_superclass
saint_bernard_138,saint_bernard,dog,1.0,0.5051,british_shorthair,False,dog,True,within_superclass
Birman_189,birman,cat,0.0,0.0,birman,True,cat,True,correct
Birman_189,birman,cat,0.1,0.1077,birman,True,cat,True,correct
Birman_189,birman,cat,0.2,0.1802,birman,True,cat,True,correct
Birman_189,birman,cat,0.3,0.2315,birman,True,cat,True,correct
Birman_189,birman,cat,0.4,0.311,japanese_chin,False,cat,True,within_superclass
Birman_189,birman,cat,0.5,0.384,japanese_chin,False,dog,False,cross_superclass
Birman_189,birman,cat,0.6,0.4254,boxer,False,dog,False,cross_superclass
Birman_189,birman,cat,0.7,0.4431,boxer,False,dog,False,cross_superclass
Birman_189,birman,cat,0.8,0.4691,boxer,False,dog,False,cross_superclass
Birman_189,birman,cat,0.9,0.4847,boxer,False,dog,False,cross_superclass
Birman_189,birman,cat,1.0,0.4911,boxer,False,dog,False,cross_superclass
Persian_17,persian,cat,0.0,0.0,british_shorthair,False,cat,True,within_superclass
Persian_17,persian,cat,0.1,0.0574,british_shorthair,False,cat,True,within_superclass
Persian_17,persian,cat,0.2,0.1376,birman,False,cat,True,within_superclass
Persian_17,persian,cat,0.3,0.1333,british_shorthair,False,cat,True,within_superclass
Persian_17,persian,cat,0.4,0.1542,british_shorthair,False,cat,True,within_superclass
Persian_17,persian,cat,0.5,0.1827,british_shorthair,False,cat,True,within_superclass
Persian_17,persian,cat,0.6,0.2142,british_shorthair,False,cat,True,within_superclass
Persian_17,persian,cat,0.7,0.2344,british_shorthair,False,cat,True,within_superclass
Persian_17,persian,cat,0.8,0.2876,british_shorthair,False,cat,True,within_superclass
Persian_17,persian,cat,0.9,0.3402,birman,False,cat,True,within_superclass
Persian_17,persian,cat,1.0,0.3696,birman,False,cat,True,within_superclass
german_shorthaired_160,german_shorthaired,dog,0.0,0.0,english_setter,False,dog,True,within_superclass
german_shorthaired_160,german_shorthaired,dog,0.1,0.0853,english_setter,False,dog,True,within_superclass
german_shorthaired_160,german_shorthaired,dog,0.2,0.2691,english_setter,False,dog,True,within_superclass
german_shorthaired_160,german_shorthaired,dog,0.3,0.3384,saint_bernard,False,dog,True,within_superclass
german_shorthaired_160,german_shorthaired,dog,0.4,0.3951,saint_bernard,False,dog,True,within_superclass
german_shorthaired_160,german_shorthaired,dog,0.5,0.4244,saint_bernard,False,dog,True,within_superclass
german_shorthaired_160,german_shorthaired,dog,0.6,0.4327,saint_bernard,False,dog,True,within_superclass
german_shorthaired_160,german_shorthaired,dog,0.7,0.4434,saint_bernard,False,dog,True,within_superclass
german_shorthaired_160,german_shorthaired,dog,0.8,0.4529,saint_bernard,False,dog,True,within_superclass
german_shorthaired_160,german_shorthaired,dog,0.9,0.4654,saint_bernard,False,dog,True,within_superclass
german_shorthaired_160,german_shorthaired,dog,1.0,0.4774,boxer,False,dog,True,within_superclass
japanese_chin_179,japanese_chin,dog,0.0,0.0,japanese_chin,True,dog,True,correct
japanese_chin_179,japanese_chin,dog,0.1,0.0864,japanese_chin,True,dog,True,correct
japanese_chin_179,japanese_chin,dog,0.2,0.1961,japanese_chin,True,dog,True,correct
japanese_chin_179,japanese_chin,dog,0.3,0.2266,japanese_chin,True,dog,True,correct
japanese_chin_179,japanese_chin,dog,0.4,0.2842,japanese_chin,True,dog,True,correct
japanese_chin_179,japanese_chin,dog,0.5,0.3392,japanese_chin,True,dog,True,correct
japanese_chin_179,japanese_chin,dog,0.6,0.3675,japanese_chin,True,dog,True,correct
japanese_chin_179,japanese_chin,dog,0.7,0.3994,german_shorthaired,False,dog,True,within_superclass
japanese_chin_179,japanese_chin,dog,0.8,0.4215,boxer,False,dog,True,within_superclass
japanese_chin_179,japanese_chin,dog,0.9,0.4393,boxer,False,dog,True,within_superclass
japanese_chin_179,japanese_chin,dog,1.0,0.4507,boxer,False,dog,True,within_superclass
British_Shorthair_121,british_shorthair,cat,0.0,0.0,british_shorthair,True,cat,True,correct
British_Shorthair_121,british_shorthair,cat,0.1,0.0935,british_shorthair,True,cat,True,correct
British_Shorthair_121,british_shorthair,cat,0.2,0.2374,british_shorthair,True,cat,True,correct
British_Shorthair_121,british_shorthair,cat,0.3,0.25,british_shorthair,True,cat,True,correct
British_Shorthair_121,british_shorthair,cat,0.4,0.3321,british_shorthair,True,cat,True,correct
British_Shorthair_121,british_shorthair,cat,0.5,0.3921,british_shorthair,True,cat,True,correct
British_Shorthair_121,british_shorthair,cat,0.6,0.4337,british_shorthair,True,cat,True,correct
British_Shorthair_121,british_shorthair,cat,0.7,0.4626,german_shorthaired,False,dog,False,cross_superclass
British_Shorthair_121,british_shorthair,cat,0.8,0.482,german_shorthaired,False,dog,False,cross_superclass
British_Shorthair_121,british_shorthair,cat,0.9,0.5001,german_shorthaired,False,dog,False,cross_superclass
British_Shorthair_121,british_shorthair,cat,1.0,0.5103,boxer,False,dog,False,cross_superclass
yorkshire_terrier_166,yorkshire_terrier,dog,0.0,0.0,yorkshire_terrier,True,dog,True,correct
yorkshire_terrier_166,yorkshire_terrier,dog,0.1,0.1017,yorkshire_terrier,True,dog,True,correct
yorkshire_terrier_166,yorkshire_terrier,dog,0.2,0.2604,yorkshire_terrier,True,dog,True,correct
yorkshire_terrier_166,yorkshire_terrier,dog,0.3,0.2966,pomeranian,False,dog,True,within_superclass
yorkshire_terrier_166,yorkshire_terrier,dog,0.4,0.3267,pomeranian,False,dog,True,within_superclass
yorkshire_terrier_166,yorkshire_terrier,dog,0.5,0.3832,pomeranian,False,dog,True,within_superclass
yorkshire_terrier_166,yorkshire_terrier,dog,0.6,0.4148,pomeranian,False,dog,True,within_superclass
yorkshire_terrier_166,yorkshire_terrier,dog,0.7,0.4372,yorkshire_terrier,True,dog,True,correct
yorkshire_terrier_166,yorkshire_terrier,dog,0.8,0.4517,yorkshire_terrier,True,dog,True,correct
yorkshire_terrier_166,yorkshire_terrier,dog,0.9,0.4695,yorkshire_terrier,True,dog,True,correct
yorkshire_terrier_166,yorkshire_terrier,dog,1.0,0.4827,yorkshire_terrier,True,dog,True,correct
staffordshire_bull_terrier_152,staffordshire_bull_terrier,dog,0.0,0.0,staffordshire_bull_terrier,True,dog,True,correct
staffordshire_bull_terrier_152,staffordshire_bull_terrier,dog,0.1,0.116,staffordshire_bull_terrier,True,dog,True,correct
staffordshire_bull_terrier_152,staffordshire_bull_terrier,dog,0.2,0.3012,staffordshire_bull_terrier,True,dog,True,correct
staffordshire_bull_terrier_152,staffordshire_bull_terrier,dog,0.3,0.2595,staffordshire_bull_terrier,True,dog,True,correct
staffordshire_bull_terrier_152,staffordshire_bull_terrier,dog,0.4,0.3586,staffordshire_bull_terrier,True,dog,True,correct
staffordshire_bull_terrier_152,staffordshire_bull_terrier,dog,0.5,0.5357,staffordshire_bull_terrier,True,dog,True,correct
staffordshire_bull_terrier_152,staffordshire_bull_terrier,dog,0.6,0.5624,staffordshire_bull_terrier,True,dog,True,correct
staffordshire_bull_terrier_152,staffordshire_bull_terrier,dog,0.7,0.5739,miniature_pinscher,False,dog,True,within_superclass
staffordshire_bull_terrier_152,staffordshire_bull_terrier,dog,0.8,0.585,miniature_pinscher,False,dog,True,within_superclass
staffordshire_bull_terrier_152,staffordshire_bull_terrier,dog,0.9,0.5855,miniature_pinscher,False,dog,True,within_superclass
staffordshire_bull_terrier_152,staffordshire_bull_terrier,dog,1.0,0.5937,german_shorthaired,False,dog,True,within_superclass
Maine_Coon_201,maine_coon,cat,0.0,0.0,maine_coon,True,cat,True,correct
Maine_Coon_201,maine_coon,cat,0.1,0.1053,egyptian_mau,False,cat,True,within_superclass
Maine_Coon_201,maine_coon,cat,0.2,0.2317,egyptian_mau,False,cat,True,within_superclass
Maine_Coon_201,maine_coon,cat,0.3,0.212,egyptian_mau,False,cat,True,within_superclass
Maine_Coon_201,maine_coon,cat,0.4,0.2625,british_shorthair,False,cat,True,within_superclass
Maine_Coon_201,maine_coon,cat,0.5,0.3151,british_shorthair,False,cat,True,within_superclass
Maine_Coon_201,maine_coon,cat,0.6,0.3512,british_shorthair,False,cat,True,within_superclass
Maine_Coon_201,maine_coon,cat,0.7,0.4019,boxer,False,cat,True,within_superclass
Maine_Coon_201,maine_coon,cat,0.8,0.436,boxer,False,dog,False,cross_superclass
Maine_Coon_201,maine_coon,cat,0.9,0.4525,boxer,False,dog,False,cross_superclass
Maine_Coon_201,maine_coon,cat,1.0,0.4568,boxer,False,dog,False,cross_superclass
shiba_inu_157,shiba_inu,dog,0.0,0.0,saint_bernard,False,dog,True,within_superclass
shiba_inu_157,shiba_inu,dog,0.1,0.1445,saint_bernard,False,dog,True,within_superclass
shiba_inu_157,shiba_inu,dog,0.2,0.2767,saint_bernard,False,dog,True,within_superclass
shiba_inu_157,shiba_inu,dog,0.3,0.2721,saint_bernard,False,dog,True,within_superclass
shiba_inu_157,shiba_inu,dog,0.4,0.335,saint_bernard,False,cat,False,cross_superclass
shiba_inu_157,shiba_inu,dog,0.5,0.3864,saint_bernard,False,cat,False,cross_superclass
shiba_inu_157,shiba_inu,dog,0.6,0.4311,saint_bernard,False,dog,True,within_superclass
shiba_inu_157,shiba_inu,dog,0.7,0.4834,yorkshire_terrier,False,dog,True,within_superclass
shiba_inu_157,shiba_inu,dog,0.8,0.5121,yorkshire_terrier,False,dog,True,within_superclass
shiba_inu_157,shiba_inu,dog,0.9,0.5403,yorkshire_terrier,False,dog,True,within_superclass
shiba_inu_157,shiba_inu,dog,1.0,0.5448,yorkshire_terrier,False,dog,True,within_superclass
shiba_inu_150,shiba_inu,dog,0.0,0.0,shiba_inu,True,dog,True,correct
shiba_inu_150,shiba_inu,dog,0.1,0.0957,shiba_inu,True,dog,True,correct
shiba_inu_150,shiba_inu,dog,0.2,0.1927,shiba_inu,True,dog,True,correct
shiba_inu_150,shiba_inu,dog,0.3,0.1622,shiba_inu,True,dog,True,correct
shiba_inu_150,shiba_inu,dog,0.4,0.1879,shiba_inu,True,dog,True,correct
shiba_inu_150,shiba_inu,dog,0.5,0.2328,shiba_inu,True,dog,True,correct
shiba_inu_150,shiba_inu,dog,0.6,0.2773,shiba_inu,True,cat,False,correct
shiba_inu_150,shiba_inu,dog,0.7,0.3086,shiba_inu,True,cat,False,correct
shiba_inu_150,shiba_inu,dog,0.8,0.3306,shiba_inu,True,cat,False,correct
shiba_inu_150,shiba_inu,dog,0.9,0.3597,shiba_inu,True,dog,True,correct
shiba_inu_150,shiba_inu,dog,1.0,0.3805,shiba_inu,True,dog,True,correct
japanese_chin_125,japanese_chin,dog,0.0,0.0,japanese_chin,True,dog,True,correct
japanese_chin_125,japanese_chin,dog,0.1,0.0718,japanese_chin,True,dog,True,correct
japanese_chin_125,japanese_chin,dog,0.2,0.2143,japanese_chin,True,dog,True,correct
japanese_chin_125,japanese_chin,dog,0.3,0.2065,japanese_chin,True,dog,True,correct
japanese_chin_125,japanese_chin,dog,0.4,0.2863,japanese_chin,True,dog,True,correct
japanese_chin_125,japanese_chin,dog,0.5,0.3099,japanese_chin,True,dog,True,correct
japanese_chin_125,japanese_chin,dog,0.6,0.3275,japanese_chin,True,dog,True,correct
japanese_chin_125,japanese_chin,dog,0.7,0.3777,pomeranian,False,dog,True,within_superclass
japanese_chin_125,japanese_chin,dog,0.8,0.422,pomeranian,False,dog,True,within_superclass
japanese_chin_125,japanese_chin,dog,0.9,0.4504,pomeranian,False,dog,True,within_superclass
japanese_chin_125,japanese_chin,dog,1.0,0.4705,boxer,False,dog,True,within_superclass
wheaten_terrier_188,wheaten_terrier,dog,0.0,0.0,wheaten_terrier,True,dog,True,correct
wheaten_terrier_188,wheaten_terrier,dog,0.1,0.1276,wheaten_terrier,True,dog,True,correct
wheaten_terrier_188,wheaten_terrier,dog,0.2,0.2949,wheaten_terrier,True,dog,True,correct
wheaten_terrier_188,wheaten_terrier,dog,0.3,0.4262,miniature_pinscher,False,dog,True,within_superclass
wheaten_terrier_188,wheaten_terrier,dog,0.4,0.4625,miniature_pinscher,False,dog,True,within_superclass
wheaten_terrier_188,wheaten_terrier,dog,0.5,0.5149,miniature_pinscher,False,dog,True,within_superclass
wheaten_terrier_188,wheaten_terrier,dog,0.6,0.5232,miniature_pinscher,False,dog,True,within_superclass
wheaten_terrier_188,wheaten_terrier,dog,0.7,0.5414,miniature_pinscher,False,dog,True,within_superclass
wheaten_terrier_188,wheaten_terrier,dog,0.8,0.5508,miniature_pinscher,False,dog,True,within_superclass
wheaten_terrier_188,wheaten_terrier,dog,0.9,0.5544,boxer,False,dog,True,within_superclass
wheaten_terrier_188,wheaten_terrier,dog,1.0,0.5553,boxer,False,dog,True,within_superclass
samoyed_104,samoyed,dog,0.0,0.0,samoyed,True,dog,True,correct
samoyed_104,samoyed,dog,0.1,0.1134,samoyed,True,dog,True,correct
samoyed_104,samoyed,dog,0.2,0.1788,samoyed,True,dog,True,correct
samoyed_104,samoyed,dog,0.3,0.2218,samoyed,True,dog,True,correct
samoyed_104,samoyed,dog,0.4,0.2583,samoyed,True,dog,True,correct
samoyed_104,samoyed,dog,0.5,0.3113,samoyed,True,dog,True,correct
samoyed_104,samoyed,dog,0.6,0.3509,samoyed,True,dog,True,correct
samoyed_104,samoyed,dog,0.7,0.3872,pomeranian,False,dog,True,within_superclass
samoyed_104,samoyed,dog,0.8,0.4365,british_shorthair,False,dog,True,within_superclass
samoyed_104,samoyed,dog,0.9,0.471,british_shorthair,False,dog,True,within_superclass
samoyed_104,samoyed,dog,1.0,0.4916,british_shorthair,False,cat,False,cross_superclass
chihuahua_145,chihuahua,dog,0.0,0.0,chihuahua,True,dog,True,correct
chihuahua_145,chihuahua,dog,0.1,0.2711,miniature_pinscher,False,dog,True,within_superclass
chihuahua_145,chihuahua,dog,0.2,0.2437,miniature_pinscher,False,dog,True,within_superclass
chihuahua_145,chihuahua,dog,0.3,0.416,staffordshire_bull_terrier,False,dog,True,within_superclass
chihuahua_145,chihuahua,dog,0.4,0.4655,boxer,False,dog,True,within_superclass
chihuahua_145,chihuahua,dog,0.5,0.4573,boxer,False,dog,True,within_superclass
chihuahua_145,chihuahua,dog,0.6,0.4318,boxer,False,dog,True,within_superclass
chihuahua_145,chihuahua,dog,0.7,0.4499,boxer,False,dog,True,within_superclass
chihuahua_145,chihuahua,dog,0.8,0.4562,british_shorthair,False,dog,True,within_superclass
chihuahua_145,chihuahua,dog,0.9,0.463,british_shorthair,False,dog,True,within_superclass
chihuahua_145,chihuahua,dog,1.0,0.4552,british_shorthair,False,dog,True,within_superclass
english_setter_113,english_setter,dog,0.0,0.0,english_setter,True,dog,True,correct
english_setter_113,english_setter,dog,0.1,0.1534,english_setter,True,dog,True,correct
english_setter_113,english_setter,dog,0.2,0.2406,english_setter,True,dog,True,correct
english_setter_113,english_setter,dog,0.3,0.2281,english_setter,True,dog,True,correct
english_setter_113,english_setter,dog,0.4,0.3055,english_setter,True,dog,True,correct
english_setter_113,english_setter,dog,0.5,0.4072,staffordshire_bull_terrier,False,dog,True,within_superclass
english_setter_113,english_setter,dog,0.6,0.4773,german_shorthaired,False,dog,True,within_superclass
english_setter_113,english_setter,dog,0.7,0.507,boxer,False,dog,True,within_superclass
english_setter_113,english_setter,dog,0.8,0.5263,boxer,False,dog,True,within_superclass
english_setter_113,english_setter,dog,0.9,0.5302,boxer,False,dog,True,within_superclass
english_setter_113,english_setter,dog,1.0,0.5402,boxer,False,dog,True,within_superclass
keeshond_103,keeshond,dog,0.0,0.0,keeshond,True,dog,True,correct
keeshond_103,keeshond,dog,0.1,0.1187,keeshond,True,dog,True,correct
keeshond_103,keeshond,dog,0.2,0.2916,keeshond,True,dog,True,correct
keeshond_103,keeshond,dog,0.3,0.2743,havanese,False,dog,True,within_superclass
keeshond_103,keeshond,dog,0.4,0.3233,havanese,False,dog,True,within_superclass
keeshond_103,keeshond,dog,0.5,0.3311,great_pyrenees,False,dog,True,within_superclass
keeshond_103,keeshond,dog,0.6,0.3743,great_pyrenees,False,dog,True,within_superclass
keeshond_103,keeshond,dog,0.7,0.4147,japanese_chin,False,dog,True,within_superclass
keeshond_103,keeshond,dog,0.8,0.4264,japanese_chin,False,dog,True,within_superclass
keeshond_103,keeshond,dog,0.9,0.4456,japanese_chin,False,dog,True,within_superclass
keeshond_103,keeshond,dog,1.0,0.4526,japanese_chin,False,dog,True,within_superclass
keeshond_10,keeshond,dog,0.0,0.0,keeshond,True,dog,True,correct
keeshond_10,keeshond,dog,0.1,0.107,keeshond,True,dog,True,correct
keeshond_10,keeshond,dog,0.2,0.2484,keeshond,True,dog,True,correct
keeshond_10,keeshond,dog,0.3,0.2503,american_bulldog,False,dog,True,within_superclass
keeshond_10,keeshond,dog,0.4,0.2731,american_bulldog,False,dog,True,within_superclass
keeshond_10,keeshond,dog,0.5,0.3037,staffordshire_bull_terrier,False,dog,True,within_superclass
keeshond_10,keeshond,dog,0.6,0.3406,staffordshire_bull_terrier,False,dog,True,within_superclass
keeshond_10,keeshond,dog,0.7,0.3674,staffordshire_bull_terrier,False,dog,True,within_superclass
keeshond_10,keeshond,dog,0.8,0.3944,staffordshire_bull_terrier,False,dog,True,within_superclass
keeshond_10,keeshond,dog,0.9,0.4084,staffordshire_bull_terrier,False,dog,True,within_superclass
keeshond_10,keeshond,dog,1.0,0.4182,great_pyrenees,False,dog,True,within_superclass
yorkshire_terrier_167,yorkshire_terrier,dog,0.0,0.0,yorkshire_terrier,True,dog,True,correct
yorkshire_terrier_167,yorkshire_terrier,dog,0.1,0.0963,yorkshire_terrier,True,dog,True,correct
yorkshire_terrier_167,yorkshire_terrier,dog,0.2,0.2193,yorkshire_terrier,True,dog,True,correct
yorkshire_terrier_167,yorkshire_terrier,dog,0.3,0.2198,yorkshire_terrier,True,dog,True,correct
yorkshire_terrier_167,yorkshire_terrier,dog,0.4,0.3136,chihuahua,False,dog,True,within_superclass
yorkshire_terrier_167,yorkshire_terrier,dog,0.5,0.3712,chihuahua,False,dog,True,within_superclass
yorkshire_terrier_167,yorkshire_terrier,dog,0.6,0.4081,yorkshire_terrier,True,dog,True,correct
yorkshire_terrier_167,yorkshire_terrier,dog,0.7,0.424,yorkshire_terrier,True,dog,True,correct
yorkshire_terrier_167,yorkshire_terrier,dog,0.8,0.4289,yorkshire_terrier,True,dog,True,correct
yorkshire_terrier_167,yorkshire_terrier,dog,0.9,0.4372,yorkshire_terrier,True,dog,True,correct
yorkshire_terrier_167,yorkshire_terrier,dog,1.0,0.4563,yorkshire_terrier,True,dog,True,correct
Egyptian_Mau_133,egyptian_mau,cat,0.0,0.0,egyptian_mau,True,cat,True,correct
Egyptian_Mau_133,egyptian_mau,cat,0.1,0.1271,egyptian_mau,True,cat,True,correct
Egyptian_Mau_133,egyptian_mau,cat,0.2,0.238,egyptian_mau,True,cat,True,correct
Egyptian_Mau_133,egyptian_mau,cat,0.3,0.2714,egyptian_mau,True,cat,True,correct
Egyptian_Mau_133,egyptian_mau,cat,0.4,0.329,british_shorthair,False,cat,True,within_superclass
Egyptian_Mau_133,egyptian_mau,cat,0.5,0.3531,british_shorthair,False,cat,True,within_superclass
Egyptian_Mau_133,egyptian_mau,cat,0.6,0.382,british_shorthair,False,cat,True,within_superclass
Egyptian_Mau_133,egyptian_mau,cat,0.7,0.4407,staffordshire_bull_terrier,False,dog,False,cross_superclass
Egyptian_Mau_133,egyptian_mau,cat,0.8,0.4803,staffordshire_bull_terrier,False,dog,False,cross_superclass
Egyptian_Mau_133,egyptian_mau,cat,0.9,0.5095,chihuahua,False,dog,False,cross_superclass
Egyptian_Mau_133,egyptian_mau,cat,1.0,0.5216,chihuahua,False,dog,False,cross_superclass
keeshond_177,keeshond,dog,0.0,0.0,keeshond,True,dog,True,correct
keeshond_177,keeshond,dog,0.1,0.0657,keeshond,True,dog,True,correct
keeshond_177,keeshond,dog,0.2,0.2153,keeshond,True,dog,True,correct
keeshond_177,keeshond,dog,0.3,0.2356,keeshond,True,dog,True,correct
keeshond_177,keeshond,dog,0.4,0.2726,shiba_inu,False,dog,True,within_superclass
keeshond_177,keeshond,dog,0.5,0.3131,american_bulldog,False,dog,True,within_superclass
keeshond_177,keeshond,dog,0.6,0.3702,japanese_chin,False,cat,False,cross_superclass
keeshond_177,keeshond,dog,0.7,0.4362,british_shorthair,False,cat,False,cross_superclass
keeshond_177,keeshond,dog,0.8,0.4849,british_shorthair,False,cat,False,cross_superclass
keeshond_177,keeshond,dog,0.9,0.5113,japanese_chin,False,dog,True,within_superclass
keeshond_177,keeshond,dog,1.0,0.5232,japanese_chin,False,dog,True,within_superclass
basset_hound_124,basset_hound,dog,0.0,0.0,basset_hound,True,dog,True,correct
basset_hound_124,basset_hound,dog,0.1,0.0932,basset_hound,True,dog,True,correct
basset_hound_124,basset_hound,dog,0.2,0.1853,basset_hound,True,dog,True,correct
basset_hound_124,basset_hound,dog,0.3,0.1874,beagle,False,dog,True,within_superclass
basset_hound_124,basset_hound,dog,0.4,0.2131,beagle,False,dog,True,within_superclass
basset_hound_124,basset_hound,dog,0.5,0.2657,beagle,False,dog,True,within_superclass
basset_hound_124,basset_hound,dog,0.6,0.3125,beagle,False,dog,True,within_superclass
basset_hound_124,basset_hound,dog,0.7,0.4404,yorkshire_terrier,False,dog,True,within_superclass
basset_hound_124,basset_hound,dog,0.8,0.4739,yorkshire_terrier,False,dog,True,within_superclass
basset_hound_124,basset_hound,dog,0.9,0.4822,yorkshire_terrier,False,dog,True,within_superclass
basset_hound_124,basset_hound,dog,1.0,0.4964,yorkshire_terrier,False,dog,True,within_superclass
British_Shorthair_129,british_shorthair,cat,0.0,0.0,russian_blue,False,cat,True,within_superclass
British_Shorthair_129,british_shorthair,cat,0.1,0.1123,russian_blue,False,cat,True,within_superclass
British_Shorthair_129,british_shorthair,cat,0.2,0.2188,russian_blue,False,cat,True,within_superclass
British_Shorthair_129,british_shorthair,cat,0.3,0.2585,british_shorthair,True,cat,True,correct
British_Shorthair_129,british_shorthair,cat,0.4,0.3329,british_shorthair,True,cat,True,correct
British_Shorthair_129,british_shorthair,cat,0.5,0.3726,british_shorthair,True,cat,True,correct
British_Shorthair_129,british_shorthair,cat,0.6,0.3995,british_shorthair,True,cat,True,correct
British_Shorthair_129,british_shorthair,cat,0.7,0.4063,british_shorthair,True,cat,True,correct
British_Shorthair_129,british_shorthair,cat,0.8,0.4149,staffordshire_bull_terrier,False,dog,False,cross_superclass
British_Shorthair_129,british_shorthair,cat,0.9,0.4133,german_shorthaired,False,dog,False,cross_superclass
British_Shorthair_129,british_shorthair,cat,1.0,0.4157,german_shorthaired,False,dog,False,cross_superclass
Abyssinian_18,abyssinian,cat,0.0,0.0,abyssinian,True,cat,True,correct
Abyssinian_18,abyssinian,cat,0.1,0.1762,abyssinian,True,cat,True,correct
Abyssinian_18,abyssinian,cat,0.2,0.2794,abyssinian,True,cat,True,correct
Abyssinian_18,abyssinian,cat,0.3,0.3082,miniature_pinscher,False,dog,False,cross_superclass
Abyssinian_18,abyssinian,cat,0.4,0.341,miniature_pinscher,False,dog,False,cross_superclass
Abyssinian_18,abyssinian,cat,0.5,0.3701,boxer,False,dog,False,cross_superclass
Abyssinian_18,abyssinian,cat,0.6,0.3779,boxer,False,dog,False,cross_superclass
Abyssinian_18,abyssinian,cat,0.7,0.3849,boxer,False,dog,False,cross_superclass
Abyssinian_18,abyssinian,cat,0.8,0.3942,boxer,False,dog,False,cross_superclass
Abyssinian_18,abyssinian,cat,0.9,0.403,boxer,False,dog,False,cross_superclass
Abyssinian_18,abyssinian,cat,1.0,0.4108,boxer,False,dog,False,cross_superclass
Birman_107,birman,cat,0.0,0.0,birman,True,cat,True,correct
Birman_107,birman,cat,0.1,0.0935,birman,True,cat,True,correct
Birman_107,birman,cat,0.2,0.1796,birman,True,cat,True,correct
Birman_107,birman,cat,0.3,0.2398,birman,True,cat,True,correct
Birman_107,birman,cat,0.4,0.2684,shiba_inu,False,cat,True,within_superclass
Birman_107,birman,cat,0.5,0.2694,shiba_inu,False,cat,True,within_superclass
Birman_107,birman,cat,0.6,0.2743,shiba_inu,False,dog,False,cross_superclass
Birman_107,birman,cat,0.7,0.2818,shiba_inu,False,dog,False,cross_superclass
Birman_107,birman,cat,0.8,0.286,shiba_inu,False,dog,False,cross_superclass
Birman_107,birman,cat,0.9,0.2927,shiba_inu,False,dog,False,cross_superclass
Birman_107,birman,cat,1.0,0.2981,shiba_inu,False,dog,False,cross_superclass
pomeranian_133,pomeranian,dog,0.0,0.0,pomeranian,True,dog,True,correct
pomeranian_133,pomeranian,dog,0.1,0.0908,pomeranian,True,dog,True,correct
pomeranian_133,pomeranian,dog,0.2,0.2118,pomeranian,True,cat,False,correct
pomeranian_133,pomeranian,dog,0.3,0.2441,maine_coon,False,cat,False,cross_superclass
pomeranian_133,pomeranian,dog,0.4,0.3613,newfoundland,False,dog,True,within_superclass
pomeranian_133,pomeranian,dog,0.5,0.44,german_shorthaired,False,dog,True,within_superclass
pomeranian_133,pomeranian,dog,0.6,0.4666,german_shorthaired,False,dog,True,within_superclass
pomeranian_133,pomeranian,dog,0.7,0.4881,german_shorthaired,False,dog,True,within_superclass
pomeranian_133,pomeranian,dog,0.8,0.5061,german_shorthaired,False,dog,True,within_superclass
pomeranian_133,pomeranian,dog,0.9,0.5086,havanese,False,dog,True,within_superclass
pomeranian_133,pomeranian,dog,1.0,0.5122,german_shorthaired,False,dog,True,within_superclass
Persian_160,persian,cat,0.0,0.0,persian,True,cat,True,correct
Persian_160,persian,cat,0.1,0.0848,persian,True,cat,True,correct
Persian_160,persian,cat,0.2,0.1983,birman,False,cat,True,within_superclass
Persian_160,persian,cat,0.3,0.2146,persian,True,cat,True,correct
Persian_160,persian,cat,0.4,0.2516,british_shorthair,False,cat,True,within_superclass
Persian_160,persian,cat,0.5,0.2895,british_shorthair,False,cat,True,within_superclass
Persian_160,persian,cat,0.6,0.3445,british_shorthair,False,cat,True,within_superclass
Persian_160,persian,cat,0.7,0.3805,british_shorthair,False,cat,True,within_superclass
Persian_160,persian,cat,0.8,0.3888,british_shorthair,False,cat,True,within_superclass
Persian_160,persian,cat,0.9,0.401,british_shorthair,False,cat,True,within_superclass
Persian_160,persian,cat,1.0,0.4159,british_shorthair,False,cat,True,within_superclass
British_Shorthair_126,british_shorthair,cat,0.0,0.0,british_shorthair,True,cat,True,correct
British_Shorthair_126,british_shorthair,cat,0.1,0.0958,british_shorthair,True,cat,True,correct
British_Shorthair_126,british_shorthair,cat,0.2,0.1959,british_shorthair,True,cat,True,correct
British_Shorthair_126,british_shorthair,cat,0.3,0.2049,british_shorthair,True,cat,True,correct
British_Shorthair_126,british_shorthair,cat,0.4,0.2679,british_shorthair,True,cat,True,correct
British_Shorthair_126,british_shorthair,cat,0.5,0.3477,british_shorthair,True,cat,True,correct
British_Shorthair_126,british_shorthair,cat,0.6,0.4185,japanese_chin,False,cat,True,within_superclass
British_Shorthair_126,british_shorthair,cat,0.7,0.4593,japanese_chin,False,dog,False,cross_superclass
British_Shorthair_126,british_shorthair,cat,0.8,0.4777,miniature_pinscher,False,dog,False,cross_superclass
British_Shorthair_126,british_shorthair,cat,0.9,0.4888,miniature_pinscher,False,dog,False,cross_superclass
British_Shorthair_126,british_shorthair,cat,1.0,0.4967,yorkshire_terrier,False,dog,False,cross_superclass
Maine_Coon_157,maine_coon,cat,0.0,0.0,maine_coon,True,cat,True,correct
Maine_Coon_157,maine_coon,cat,0.1,0.0905,maine_coon,True,cat,True,correct
Maine_Coon_157,maine_coon,cat,0.2,0.3084,maine_coon,True,cat,True,correct
Maine_Coon_157,maine_coon,cat,0.3,0.3736,birman,False,cat,True,within_superclass
Maine_Coon_157,maine_coon,cat,0.4,0.3826,birman,False,cat,True,within_superclass
Maine_Coon_157,maine_coon,cat,0.5,0.4069,maine_coon,True,cat,True,correct
Maine_Coon_157,maine_coon,cat,0.6,0.466,staffordshire_bull_terrier,False,dog,False,cross_superclass
Maine_Coon_157,maine_coon,cat,0.7,0.5142,wheaten_terrier,False,dog,False,cross_superclass
Maine_Coon_157,maine_coon,cat,0.8,0.5557,boxer,False,dog,False,cross_superclass
Maine_Coon_157,maine_coon,cat,0.9,0.5685,boxer,False,dog,False,cross_superclass
Maine_Coon_157,maine_coon,cat,1.0,0.5706,boxer,False,dog,False,cross_superclass
pug_107,pug,dog,0.0,0.0,pug,True,dog,True,correct
pug_107,pug,dog,0.1,0.0747,great_pyrenees,False,dog,True,within_superclass
pug_107,pug,dog,0.2,0.2151,great_pyrenees,False,dog,True,within_superclass
pug_107,pug,dog,0.3,0.2589,american_bulldog,False,dog,True,within_superclass
pug_107,pug,dog,0.4,0.2841,samoyed,False,dog,True,within_superclass
pug_107,pug,dog,0.5,0.313,samoyed,False,dog,True,within_superclass
pug_107,pug,dog,0.6,0.369,birman,False,cat,False,cross_superclass
pug_107,pug,dog,0.7,0.4208,birman,False,cat,False,cross_superclass
pug_107,pug,dog,0.8,0.4555,british_shorthair,False,cat,False,cross_superclass
pug_107,pug,dog,0.9,0.4733,english_setter,False,cat,False,cross_superclass
pug_107,pug,dog,1.0,0.487,english_setter,False,dog,True,within_superclass
Maine_Coon_131,maine_coon,cat,0.0,0.0,maine_coon,True,cat,True,correct
Maine_Coon_131,maine_coon,cat,0.1,0.097,maine_coon,True,cat,True,correct
Maine_Coon_131,maine_coon,cat,0.2,0.239,maine_coon,True,cat,True,correct
Maine_Coon_131,maine_coon,cat,0.3,0.2132,egyptian_mau,False,cat,True,within_superclass
Maine_Coon_131,maine_coon,cat,0.4,0.2718,shiba_inu,False,cat,True,within_superclass
Maine_Coon_131,maine_coon,cat,0.5,0.3259,shiba_inu,False,cat,True,within_superclass
Maine_Coon_131,maine_coon,cat,0.6,0.3525,british_shorthair,False,cat,True,within_superclass
Maine_Coon_131,maine_coon,cat,0.7,0.3729,british_shorthair,False,cat,True,within_superclass
Maine_Coon_131,maine_coon,cat,0.8,0.3952,british_shorthair,False,cat,True,within_superclass
Maine_Coon_131,maine_coon,cat,0.9,0.4181,british_shorthair,False,cat,True,within_superclass
Maine_Coon_131,maine_coon,cat,1.0,0.4288,british_shorthair,False,cat,True,within_superclass
pug_188,pug,dog,0.0,0.0,pug,True,dog,True,correct
pug_188,pug,dog,0.1,0.2307,pug,True,dog,True,correct
pug_188,pug,dog,0.2,0.2453,pug,True,dog,True,correct
pug_188,pug,dog,0.3,0.3365,japanese_chin,False,dog,True,within_superclass
pug_188,pug,dog,0.4,0.4105,japanese_chin,False,dog,True,within_superclass
pug_188,pug,dog,0.5,0.4233,japanese_chin,False,cat,False,cross_superclass
pug_188,pug,dog,0.6,0.4429,japanese_chin,False,cat,False,cross_superclass
pug_188,pug,dog,0.7,0.4681,japanese_chin,False,cat,False,cross_superclass
pug_188,pug,dog,0.8,0.4889,japanese_chin,False,dog,True,within_superclass
pug_188,pug,dog,0.9,0.5052,german_shorthaired,False,dog,True,within_superclass
pug_188,pug,dog,1.0,0.5131,german_shorthaired,False,dog,True,within_superclass
Abyssinian_120,abyssinian,cat,0.0,0.0,abyssinian,True,cat,True,correct
Abyssinian_120,abyssinian,cat,0.1,0.1988,abyssinian,True,cat,True,correct
Abyssinian_120,abyssinian,cat,0.2,0.2097,abyssinian,True,cat,True,correct
Abyssinian_120,abyssinian,cat,0.3,0.2277,shiba_inu,False,cat,True,within_superclass
Abyssinian_120,abyssinian,cat,0.4,0.2904,miniature_pinscher,False,cat,True,within_superclass
Abyssinian_120,abyssinian,cat,0.5,0.3561,miniature_pinscher,False,dog,False,cross_superclass
Abyssinian_120,abyssinian,cat,0.6,0.3667,miniature_pinscher,False,dog,False,cross_superclass
Abyssinian_120,abyssinian,cat,0.7,0.3797,yorkshire_terrier,False,dog,False,cross_superclass
Abyssinian_120,abyssinian,cat,0.8,0.3841,wheaten_terrier,False,dog,False,cross_superclass
Abyssinian_120,abyssinian,cat,0.9,0.3894,wheaten_terrier,False,dog,False,cross_superclass
Abyssinian_120,abyssinian,cat,1.0,0.3897,wheaten_terrier,False,dog,False,cross_superclass
chihuahua_156,chihuahua,dog,0.0,0.0,miniature_pinscher,False,dog,True,within_superclass
chihuahua_156,chihuahua,dog,0.1,0.172,miniature_pinscher,False,dog,True,within_superclass
chihuahua_156,chihuahua,dog,0.2,0.2154,miniature_pinscher,False,cat,False,cross_superclass
chihuahua_156,chihuahua,dog,0.3,0.2657,british_shorthair,False,cat,False,cross_superclass
chihuahua_156,chihuahua,dog,0.4,0.3654,boxer,False,cat,False,cross_superclass
chihuahua_156,chihuahua,dog,0.5,0.3747,boxer,False,cat,False,cross_superclass
chihuahua_156,chihuahua,dog,0.6,0.367,british_shorthair,False,cat,False,cross_superclass
chihuahua_156,chihuahua,dog,0.7,0.3825,yorkshire_terrier,False,cat,False,cross_superclass
chihuahua_156,chihuahua,dog,0.8,0.3909,yorkshire_terrier,False,cat,False,cross_superclass
chihuahua_156,chihuahua,dog,0.9,0.3985,british_shorthair,False,dog,True,within_superclass
chihuahua_156,chihuahua,dog,1.0,0.4029,british_shorthair,False,dog,True,within_superclass
german_shorthaired_184,german_shorthaired,dog,0.0,0.0,german_shorthaired,True,dog,True,correct
german_shorthaired_184,german_shorthaired,dog,0.1,0.1075,english_setter,False,dog,True,within_superclass
german_shorthaired_184,german_shorthaired,dog,0.2,0.2841,german_shorthaired,True,dog,True,correct
german_shorthaired_184,german_shorthaired,dog,0.3,0.3324,ragdoll,False,cat,False,cross_superclass
german_shorthaired_184,german_shorthaired,dog,0.4,0.3908,birman,False,cat,False,cross_superclass
german_shorthaired_184,german_shorthaired,dog,0.5,0.4636,birman,False,cat,False,cross_superclass
german_shorthaired_184,german_shorthaired,dog,0.6,0.4939,birman,False,dog,True,within_superclass
german_shorthaired_184,german_shorthaired,dog,0.7,0.4921,boxer,False,dog,True,within_superclass
german_shorthaired_184,german_shorthaired,dog,0.8,0.5008,boxer,False,dog,True,within_superclass
german_shorthaired_184,german_shorthaired,dog,0.9,0.5145,boxer,False,dog,True,within_superclass
german_shorthaired_184,german_shorthaired,dog,1.0,0.5226,boxer,False,dog,True,within_superclass
american_pit_bull_terrier_126,american_pit_bull_terrier,dog,0.0,0.0,american_pit_bull_terrier,True,dog,True,correct
american_pit_bull_terrier_126,american_pit_bull_terrier,dog,0.1,0.1159,american_pit_bull_terrier,True,dog,True,correct
american_pit_bull_terrier_126,american_pit_bull_terrier,dog,0.2,0.3217,boxer,False,dog,True,within_superclass
american_pit_bull_terrier_126,american_pit_bull_terrier,dog,0.3,0.4245,boxer,False,dog,True,within_superclass
american_pit_bull_terrier_126,american_pit_bull_terrier,dog,0.4,0.4572,boxer,False,dog,True,within_superclass
american_pit_bull_terrier_126,american_pit_bull_terrier,dog,0.5,0.4511,boxer,False,dog,True,within_superclass
american_pit_bull_terrier_126,american_pit_bull_terrier,dog,0.6,0.4537,boxer,False,dog,True,within_superclass
american_pit_bull_terrier_126,american_pit_bull_terrier,dog,0.7,0.4518,boxer,False,dog,True,within_superclass
american_pit_bull_terrier_126,american_pit_bull_terrier,dog,0.8,0.4602,boxer,False,dog,True,within_superclass
american_pit_bull_terrier_126,american_pit_bull_terrier,dog,0.9,0.4601,boxer,False,dog,True,within_superclass
american_pit_bull_terrier_126,american_pit_bull_terrier,dog,1.0,0.4591,boxer,False,dog,True,within_superclass
Siamese_180,siamese,cat,0.0,0.0,siamese,True,cat,True,correct
Siamese_180,siamese,cat,0.1,0.0912,siamese,True,cat,True,correct
Siamese_180,siamese,cat,0.2,0.2253,siamese,True,cat,True,correct
Siamese_180,siamese,cat,0.3,0.1941,siamese,True,cat,True,correct
Siamese_180,siamese,cat,0.4,0.2207,siamese,True,cat,True,correct
Siamese_180,siamese,cat,0.5,0.3057,british_shorthair,False,cat,True,within_superclass
Siamese_180,siamese,cat,0.6,0.3732,british_shorthair,False,cat,True,within_superclass
Siamese_180,siamese,cat,0.7,0.4324,british_shorthair,False,cat,True,within_superclass
Siamese_180,siamese,cat,0.8,0.4696,british_shorthair,False,cat,True,within_superclass
Siamese_180,siamese,cat,0.9,0.4899,german_shorthaired,False,dog,False,cross_superclass
Siamese_180,siamese,cat,1.0,0.4962,german_shorthaired,False,dog,False,cross_superclass
Abyssinian_115,abyssinian,cat,0.0,0.0,abyssinian,True,cat,True,correct
Abyssinian_115,abyssinian,cat,0.1,0.0883,abyssinian,True,cat,True,correct
Abyssinian_115,abyssinian,cat,0.2,0.154,siamese,False,cat,True,within_superclass
Abyssinian_115,abyssinian,cat,0.3,0.1773,british_shorthair,False,cat,True,within_superclass
Abyssinian_115,abyssinian,cat,0.4,0.2442,british_shorthair,False,cat,True,within_superclass
Abyssinian_115,abyssinian,cat,0.5,0.2941,british_shorthair,False,cat,True,within_superclass
Abyssinian_115,abyssinian,cat,0.6,0.3201,british_shorthair,False,cat,True,within_superclass
Abyssinian_115,abyssinian,cat,0.7,0.3247,british_shorthair,False,cat,True,within_superclass
Abyssinian_115,abyssinian,cat,0.8,0.3273,british_shorthair,False,cat,True,within_superclass
Abyssinian_115,abyssinian,cat,0.9,0.34,british_shorthair,False,cat,True,within_superclass
Abyssinian_115,abyssinian,cat,1.0,0.3588,british_shorthair,False,cat,True,within_superclass
Ragdoll_188,ragdoll,cat,0.0,0.0,birman,False,cat,True,within_superclass
Ragdoll_188,ragdoll,cat,0.1,0.0831,birman,False,cat,True,within_superclass
Ragdoll_188,ragdoll,cat,0.2,0.1911,birman,False,cat,True,within_superclass
Ragdoll_188,ragdoll,cat,0.3,0.2075,british_shorthair,False,cat,True,within_superclass
Ragdoll_188,ragdoll,cat,0.4,0.2433,british_shorthair,False,cat,True,within_superclass
Ragdoll_188,ragdoll,cat,0.5,0.2681,british_shorthair,False,cat,True,within_superclass
Ragdoll_188,ragdoll,cat,0.6,0.2822,british_shorthair,False,cat,True,within_superclass
Ragdoll_188,ragdoll,cat,0.7,0.2971,british_shorthair,False,cat,True,within_superclass
Ragdoll_188,ragdoll,cat,0.8,0.3064,british_shorthair,False,cat,True,within_superclass
Ragdoll_188,ragdoll,cat,0.9,0.3341,british_shorthair,False,cat,True,within_superclass
Ragdoll_188,ragdoll,cat,1.0,0.3663,british_shorthair,False,cat,True,within_superclass
Bombay_181,bombay,cat,0.0,0.0,russian_blue,False,cat,True,within_superclass
Bombay_181,bombay,cat,0.1,0.176,egyptian_mau,False,cat,True,within_superclass
Bombay_181,bombay,cat,0.2,0.2221,british_shorthair,False,cat,True,within_superclass
Bombay_181,bombay,cat,0.3,0.3472,british_shorthair,False,cat,True,within_superclass
Bombay_181,bombay,cat,0.4,0.5224,pomeranian,False,dog,False,cross_superclass
Bombay_181,bombay,cat,0.5,0.5358,persian,False,dog,False,cross_superclass
Bombay_181,bombay,cat,0.6,0.5388,persian,False,dog,False,cross_superclass
Bombay_181,bombay,cat,0.7,0.5464,persian,False,dog,False,cross_superclass
Bombay_181,bombay,cat,0.8,0.5559,miniature_pinscher,False,cat,True,within_superclass
Bombay_181,bombay,cat,0.9,0.5613,miniature_pinscher,False,cat,True,within_superclass
Bombay_181,bombay,cat,1.0,0.5685,miniature_pinscher,False,cat,True,within_superclass
basset_hound_116,basset_hound,dog,0.0,0.0,basset_hound,True,dog,True,correct
basset_hound_116,basset_hound,dog,0.1,0.1174,basset_hound,True,dog,True,correct
basset_hound_116,basset_hound,dog,0.2,0.3729,havanese,False,dog,True,within_superclass
basset_hound_116,basset_hound,dog,0.3,0.3937,english_setter,False,dog,True,within_superclass
basset_hound_116,basset_hound,dog,0.4,0.4483,english_setter,False,dog,True,within_superclass
basset_hound_116,basset_hound,dog,0.5,0.5164,samoyed,False,dog,True,within_superclass
basset_hound_116,basset_hound,dog,0.6,0.5476,shiba_inu,False,dog,True,within_superclass
basset_hound_116,basset_hound,dog,0.7,0.5689,boxer,False,dog,True,within_superclass
basset_hound_116,basset_hound,dog,0.8,0.5867,boxer,False,dog,True,within_superclass
basset_hound_116,basset_hound,dog,0.9,0.5958,boxer,False,dog,True,within_superclass
basset_hound_116,basset_hound,dog,1.0,0.604,boxer,False,dog,True,within_superclass
great_pyrenees_136,great_pyrenees,dog,0.0,0.0,great_pyrenees,True,dog,True,correct
great_pyrenees_136,great_pyrenees,dog,0.1,0.1409,great_pyrenees,True,dog,True,correct
great_pyrenees_136,great_pyrenees,dog,0.2,0.2788,great_pyrenees,True,dog,True,correct
great_pyrenees_136,great_pyrenees,dog,0.3,0.2154,great_pyrenees,True,dog,True,correct
great_pyrenees_136,great_pyrenees,dog,0.4,0.2507,great_pyrenees,True,dog,True,correct
great_pyrenees_136,great_pyrenees,dog,0.5,0.2966,great_pyrenees,True,dog,True,correct
great_pyrenees_136,great_pyrenees,dog,0.6,0.331,great_pyrenees,True,dog,True,correct
great_pyrenees_136,great_pyrenees,dog,0.7,0.3539,great_pyrenees,True,dog,True,correct
great_pyrenees_136,great_pyrenees,dog,0.8,0.3894,great_pyrenees,True,dog,True,correct
great_pyrenees_136,great_pyrenees,dog,0.9,0.4075,great_pyrenees,True,dog,True,correct
great_pyrenees_136,great_pyrenees,dog,1.0,0.418,great_pyrenees,True,dog,True,correct
basset_hound_166,basset_hound,dog,0.0,0.0,basset_hound,True,dog,True,correct
basset_hound_166,basset_hound,dog,0.1,0.0969,basset_hound,True,dog,True,correct
basset_hound_166,basset_hound,dog,0.2,0.171,basset_hound,True,dog,True,correct
basset_hound_166,basset_hound,dog,0.3,0.1641,basset_hound,True,dog,True,correct
basset_hound_166,basset_hound,dog,0.4,0.2052,beagle,False,dog,True,within_superclass
basset_hound_166,basset_hound,dog,0.5,0.2779,saint_bernard,False,dog,True,within_superclass
basset_hound_166,basset_hound,dog,0.6,0.379,staffordshire_bull_terrier,False,dog,True,within_superclass
basset_hound_166,basset_hound,dog,0.7,0.4281,yorkshire_terrier,False,dog,True,within_superclass
basset_hound_166,basset_hound,dog,0.8,0.4564,yorkshire_terrier,False,dog,True,within_superclass
basset_hound_166,basset_hound,dog,0.9,0.4721,yorkshire_terrier,False,dog,True,within_superclass
basset_hound_166,basset_hound,dog,1.0,0.4873,yorkshire_terrier,False,dog,True,within_superclass
Egyptian_Mau_16,egyptian_mau,cat,0.0,0.0,bengal,False,cat,True,within_superclass
Egyptian_Mau_16,egyptian_mau,cat,0.1,0.2944,egyptian_mau,True,cat,True,correct
Egyptian_Mau_16,egyptian_mau,cat,0.2,0.3126,abyssinian,False,cat,True,within_superclass
Egyptian_Mau_16,egyptian_mau,cat,0.3,0.4236,abyssinian,False,cat,True,within_superclass
Egyptian_Mau_16,egyptian_mau,cat,0.4,0.4954,shiba_inu,False,cat,True,within_superclass
Egyptian_Mau_16,egyptian_mau,cat,0.5,0.5454,shiba_inu,False,dog,False,cross_superclass
Egyptian_Mau_16,egyptian_mau,cat,0.6,0.5826,shiba_inu,False,dog,False,cross_superclass
Egyptian_Mau_16,egyptian_mau,cat,0.7,0.6003,bombay,False,dog,False,cross_superclass
Egyptian_Mau_16,egyptian_mau,cat,0.8,0.6082,yorkshire_terrier,False,dog,False,cross_superclass
Egyptian_Mau_16,egyptian_mau,cat,0.9,0.6018,yorkshire_terrier,False,dog,False,cross_superclass
Egyptian_Mau_16,egyptian_mau,cat,1.0,0.5906,chihuahua,False,dog,False,cross_superclass
great_pyrenees_122,great_pyrenees,dog,0.0,0.0,great_pyrenees,True,dog,True,correct
great_pyrenees_122,great_pyrenees,dog,0.1,0.1099,great_pyrenees,True,dog,True,correct
great_pyrenees_122,great_pyrenees,dog,0.2,0.186,samoyed,False,dog,True,within_superclass
great_pyrenees_122,great_pyrenees,dog,0.3,0.2451,samoyed,False,dog,True,within_superclass
great_pyrenees_122,great_pyrenees,dog,0.4,0.2913,shiba_inu,False,dog,True,within_superclass
great_pyrenees_122,great_pyrenees,dog,0.5,0.3513,shiba_inu,False,dog,True,within_superclass
great_pyrenees_122,great_pyrenees,dog,0.6,0.3877,bombay,False,dog,True,within_superclass
great_pyrenees_122,great_pyrenees,dog,0.7,0.414,bombay,False,dog,True,within_superclass
great_pyrenees_122,great_pyrenees,dog,0.8,0.4341,bombay,False,dog,True,within_superclass
great_pyrenees_122,great_pyrenees,dog,0.9,0.4481,bombay,False,dog,True,within_superclass
great_pyrenees_122,great_pyrenees,dog,1.0,0.4646,bombay,False,dog,True,within_superclass
wheaten_terrier_112,wheaten_terrier,dog,0.0,0.0,wheaten_terrier,True,dog,True,correct
wheaten_terrier_112,wheaten_terrier,dog,0.1,0.1072,wheaten_terrier,True,dog,True,correct
wheaten_terrier_112,wheaten_terrier,dog,0.2,0.229,wheaten_terrier,True,dog,True,correct
wheaten_terrier_112,wheaten_terrier,dog,0.3,0.19,wheaten_terrier,True,dog,True,correct
wheaten_terrier_112,wheaten_terrier,dog,0.4,0.2636,wheaten_terrier,True,dog,True,correct
wheaten_terrier_112,wheaten_terrier,dog,0.5,0.3539,wheaten_terrier,True,dog,True,correct
wheaten_terrier_112,wheaten_terrier,dog,0.6,0.4732,wheaten_terrier,True,dog,True,correct
wheaten_terrier_112,wheaten_terrier,dog,0.7,0.5084,wheaten_terrier,True,dog,True,correct
wheaten_terrier_112,wheaten_terrier,dog,0.8,0.5241,wheaten_terrier,True,dog,True,correct
wheaten_terrier_112,wheaten_terrier,dog,0.9,0.5326,wheaten_terrier,True,dog,True,correct
wheaten_terrier_112,wheaten_terrier,dog,1.0,0.5361,wheaten_terrier,True,dog,True,correct
basset_hound_162,basset_hound,dog,0.0,0.0,basset_hound,True,dog,True,correct
basset_hound_162,basset_hound,dog,0.1,0.1201,basset_hound,True,dog,True,correct
basset_hound_162,basset_hound,dog,0.2,0.2059,basset_hound,True,dog,True,correct
basset_hound_162,basset_hound,dog,0.3,0.1671,basset_hound,True,dog,True,correct
basset_hound_162,basset_hound,dog,0.4,0.1917,basset_hound,True,dog,True,correct
basset_hound_162,basset_hound,dog,0.5,0.2345,basset_hound,True,dog,True,correct
basset_hound_162,basset_hound,dog,0.6,0.2923,basset_hound,True,dog,True,correct
basset_hound_162,basset_hound,dog,0.7,0.3791,german_shorthaired,False,dog,True,within_superclass
basset_hound_162,basset_hound,dog,0.8,0.4516,german_shorthaired,False,dog,True,within_superclass
basset_hound_162,basset_hound,dog,0.9,0.4854,german_shorthaired,False,dog,True,within_superclass
basset_hound_162,basset_hound,dog,1.0,0.5024,german_shorthaired,False,dog,True,within_superclass
pug_104,pug,dog,0.0,0.0,pug,True,dog,True,correct
pug_104,pug,dog,0.1,0.09,pug,True,dog,True,correct
pug_104,pug,dog,0.2,0.258,pug,True,dog,True,correct
pug_104,pug,dog,0.3,0.2246,pug,True,dog,True,correct
pug_104,pug,dog,0.4,0.2362,pug,True,dog,True,correct
pug_104,pug,dog,0.5,0.2694,pug,True,dog,True,correct
pug_104,pug,dog,0.6,0.3034,pug,True,dog,True,correct
pug_104,pug,dog,0.7,0.3397,japanese_chin,False,dog,True,within_superclass
pug_104,pug,dog,0.8,0.3751,japanese_chin,False,dog,True,within_superclass
pug_104,pug,dog,0.9,0.3944,japanese_chin,False,dog,True,within_superclass
pug_104,pug,dog,1.0,0.4083,pomeranian,False,dog,True,within_superclass
japanese_chin_18,japanese_chin,dog,0.0,0.0,japanese_chin,True,dog,True,correct
japanese_chin_18,japanese_chin,dog,0.1,0.077,japanese_chin,True,dog,True,correct
japanese_chin_18,japanese_chin,dog,0.2,0.208,japanese_chin,True,dog,True,correct
japanese_chin_18,japanese_chin,dog,0.3,0.2005,japanese_chin,True,dog,True,correct
japanese_chin_18,japanese_chin,dog,0.4,0.2388,japanese_chin,True,dog,True,correct
japanese_chin_18,japanese_chin,dog,0.5,0.2614,japanese_chin,True,dog,True,correct
japanese_chin_18,japanese_chin,dog,0.6,0.2763,japanese_chin,True,dog,True,correct
japanese_chin_18,japanese_chin,dog,0.7,0.3089,japanese_chin,True,dog,True,correct
japanese_chin_18,japanese_chin,dog,0.8,0.3444,japanese_chin,True,cat,False,correct
japanese_chin_18,japanese_chin,dog,0.9,0.3614,japanese_chin,True,cat,False,correct
japanese_chin_18,japanese_chin,dog,1.0,0.3815,japanese_chin,True,cat,False,correct
Bengal_134,bengal,cat,0.0,0.0,abyssinian,False,cat,True,within_superclass
Bengal_134,bengal,cat,0.1,0.1453,abyssinian,False,cat,True,within_superclass
Bengal_134,bengal,cat,0.2,0.1761,abyssinian,False,cat,True,within_superclass
Bengal_134,bengal,cat,0.3,0.2705,pomeranian,False,cat,True,within_superclass
Bengal_134,bengal,cat,0.4,0.2915,abyssinian,False,cat,True,within_superclass
Bengal_134,bengal,cat,0.5,0.319,ragdoll,False,cat,True,within_superclass
Bengal_134,bengal,cat,0.6,0.3405,bengal,True,cat,True,correct
Bengal_134,bengal,cat,0.7,0.3601,bengal,True,cat,True,correct
Bengal_134,bengal,cat,0.8,0.3851,bengal,True,cat,True,correct
Bengal_134,bengal,cat,0.9,0.4071,bengal,True,cat,True,correct
Bengal_134,bengal,cat,1.0,0.4182,yorkshire_terrier,False,cat,True,within_superclass
Birman_104,birman,cat,0.0,0.0,birman,True,cat,True,correct
Birman_104,birman,cat,0.1,0.1146,birman,True,cat,True,correct
Birman_104,birman,cat,0.2,0.2346,birman,True,cat,True,correct
Birman_104,birman,cat,0.3,0.2362,birman,True,cat,True,correct
Birman_104,birman,cat,0.4,0.3459,japanese_chin,False,cat,True,within_superclass
Birman_104,birman,cat,0.5,0.4545,pomeranian,False,dog,False,cross_superclass
Birman_104,birman,cat,0.6,0.5023,pomeranian,False,dog,False,cross_superclass
Birman_104,birman,cat,0.7,0.5139,pomeranian,False,dog,False,cross_superclass
Birman_104,birman,cat,0.8,0.518,pomeranian,False,dog,False,cross_superclass
Birman_104,birman,cat,0.9,0.5255,pomeranian,False,dog,False,cross_superclass
Birman_104,birman,cat,1.0,0.5332,pomeranian,False,dog,False,cross_superclass
Persian_162,persian,cat,0.0,0.0,persian,True,cat,True,correct
Persian_162,persian,cat,0.1,0.1533,persian,True,cat,True,correct
Persian_162,persian,cat,0.2,0.205,british_shorthair,False,cat,True,within_superclass
Persian_162,persian,cat,0.3,0.2808,british_shorthair,False,cat,True,within_superclass
Persian_162,persian,cat,0.4,0.3796,wheaten_terrier,False,dog,False,cross_superclass
Persian_162,persian,cat,0.5,0.3823,pomeranian,False,dog,False,cross_superclass
Persian_162,persian,cat,0.6,0.387,pomeranian,False,dog,False,cross_superclass
Persian_162,persian,cat,0.7,0.3926,pomeranian,False,dog,False,cross_superclass
Persian_162,persian,cat,0.8,0.3853,pug,False,dog,False,cross_superclass
Persian_162,persian,cat,0.9,0.3862,pug,False,dog,False,cross_superclass
Persian_162,persian,cat,1.0,0.3963,pug,False,dog,False,cross_superclass
Bombay_167,bombay,cat,0.0,0.0,russian_blue,False,cat,True,within_superclass
Bombay_167,bombay,cat,0.1,0.0566,russian_blue,False,cat,True,within_superclass
Bombay_167,bombay,cat,0.2,0.2197,egyptian_mau,False,cat,True,within_superclass
Bombay_167,bombay,cat,0.3,0.2094,egyptian_mau,False,cat,True,within_superclass
Bombay_167,bombay,cat,0.4,0.2219,russian_blue,False,cat,True,within_superclass
Bombay_167,bombay,cat,0.5,0.263,egyptian_mau,False,cat,True,within_superclass
Bombay_167,bombay,cat,0.6,0.2861,egyptian_mau,False,cat,True,within_superclass
Bombay_167,bombay,cat,0.7,0.3079,egyptian_mau,False,cat,True,within_superclass
Bombay_167,bombay,cat,0.8,0.3454,egyptian_mau,False,cat,True,within_superclass
Bombay_167,bombay,cat,0.9,0.398,british_shorthair,False,cat,True,within_superclass
Bombay_167,bombay,cat,1.0,0.4545,miniature_pinscher,False,dog,False,cross_superclass
samoyed_188,samoyed,dog,0.0,0.0,samoyed,True,dog,True,correct
samoyed_188,samoyed,dog,0.1,0.1108,samoyed,True,dog,True,correct
samoyed_188,samoyed,dog,0.2,0.2242,samoyed,True,dog,True,correct
samoyed_188,samoyed,dog,0.3,0.2382,samoyed,True,dog,True,correct
samoyed_188,samoyed,dog,0.4,0.2751,samoyed,True,dog,True,correct
samoyed_188,samoyed,dog,0.5,0.3549,samoyed,True,dog,True,correct
samoyed_188,samoyed,dog,0.6,0.4021,samoyed,True,dog,True,correct
samoyed_188,samoyed,dog,0.7,0.463,samoyed,True,cat,False,correct
samoyed_188,samoyed,dog,0.8,0.5087,great_pyrenees,False,cat,False,cross_superclass
samoyed_188,samoyed,dog,0.9,0.5468,great_pyrenees,False,cat,False,cross_superclass
samoyed_188,samoyed,dog,1.0,0.5659,great_pyrenees,False,cat,False,cross_superclass
keeshond_14,keeshond,dog,0.0,0.0,keeshond,True,dog,True,correct
keeshond_14,keeshond,dog,0.1,0.1043,keeshond,True,dog,True,correct
keeshond_14,keeshond,dog,0.2,0.3347,pug,False,dog,True,within_superclass
keeshond_14,keeshond,dog,0.3,0.3289,pug,False,dog,True,within_superclass
keeshond_14,keeshond,dog,0.4,0.3395,staffordshire_bull_terrier,False,dog,True,within_superclass
keeshond_14,keeshond,dog,0.5,0.3836,staffordshire_bull_terrier,False,dog,True,within_superclass
keeshond_14,keeshond,dog,0.6,0.4267,english_setter,False,dog,True,within_superclass
keeshond_14,keeshond,dog,0.7,0.4602,saint_bernard,False,dog,True,within_superclass
keeshond_14,keeshond,dog,0.8,0.4951,japanese_chin,False,dog,True,within_superclass
keeshond_14,keeshond,dog,0.9,0.5146,newfoundland,False,dog,True,within_superclass
keeshond_14,keeshond,dog,1.0,0.5291,newfoundland,False,dog,True,within_superclass
Siamese_149,siamese,cat,0.0,0.0,siamese,True,cat,True,correct
Siamese_149,siamese,cat,0.1,0.1317,siamese,True,cat,True,correct
Siamese_149,siamese,cat,0.2,0.2348,siamese,True,cat,True,correct
Siamese_149,siamese,cat,0.3,0.2608,siamese,True,cat,True,correct
Siamese_149,siamese,cat,0.4,0.3173,siamese,True,cat,True,correct
Siamese_149,siamese,cat,0.5,0.3532,british_shorthair,False,cat,True,within_superclass
Siamese_149,siamese,cat,0.6,0.3996,british_shorthair,False,cat,True,within_superclass
Siamese_149,siamese,cat,0.7,0.4772,boxer,False,dog,False,cross_superclass
Siamese_149,siamese,cat,0.8,0.5017,miniature_pinscher,False,dog,False,cross_superclass
Siamese_149,siamese,cat,0.9,0.5121,german_shorthaired,False,dog,False,cross_superclass
Siamese_149,siamese,cat,1.0,0.5136,german_shorthaired,False,dog,False,cross_superclass
pug_192,pug,dog,0.0,0.0,pug,True,dog,True,correct
pug_192,pug,dog,0.1,0.1953,pug,True,dog,True,correct
pug_192,pug,dog,0.2,0.2241,pug,True,dog,True,correct
pug_192,pug,dog,0.3,0.2403,pug,True,dog,True,correct
pug_192,pug,dog,0.4,0.2876,pug,True,dog,True,correct
pug_192,pug,dog,0.5,0.3142,japanese_chin,False,dog,True,within_superclass
pug_192,pug,dog,0.6,0.344,japanese_chin,False,dog,True,within_superclass
pug_192,pug,dog,0.7,0.3672,japanese_chin,False,dog,True,within_superclass
pug_192,pug,dog,0.8,0.4048,japanese_chin,False,cat,False,cross_superclass
pug_192,pug,dog,0.9,0.4535,english_setter,False,cat,False,cross_superclass
pug_192,pug,dog,1.0,0.488,english_setter,False,cat,False,cross_superclass
pomeranian_155,pomeranian,dog,0.0,0.0,pomeranian,True,dog,True,correct
pomeranian_155,pomeranian,dog,0.1,0.1697,pomeranian,True,dog,True,correct
pomeranian_155,pomeranian,dog,0.2,0.1932,pomeranian,True,dog,True,correct
pomeranian_155,pomeranian,dog,0.3,0.2555,pomeranian,True,dog,True,correct
pomeranian_155,pomeranian,dog,0.4,0.3364,pomeranian,True,dog,True,correct
pomeranian_155,pomeranian,dog,0.5,0.3656,shiba_inu,False,cat,False,cross_superclass
pomeranian_155,pomeranian,dog,0.6,0.3868,abyssinian,False,cat,False,cross_superclass
pomeranian_155,pomeranian,dog,0.7,0.4092,british_shorthair,False,cat,False,cross_superclass
pomeranian_155,pomeranian,dog,0.8,0.4404,british_shorthair,False,cat,False,cross_superclass
pomeranian_155,pomeranian,dog,0.9,0.4626,british_shorthair,False,cat,False,cross_superclass
pomeranian_155,pomeranian,dog,1.0,0.4782,british_shorthair,False,cat,False,cross_superclass
British_Shorthair_200,british_shorthair,cat,0.0,0.0,british_shorthair,True,cat,True,correct
British_Shorthair_200,british_shorthair,cat,0.1,0.0676,british_shorthair,True,cat,True,correct
British_Shorthair_200,british_shorthair,cat,0.2,0.1642,british_shorthair,True,cat,True,correct
British_Shorthair_200,british_shorthair,cat,0.3,0.2042,british_shorthair,True,cat,True,correct
British_Shorthair_200,british_shorthair,cat,0.4,0.2911,british_shorthair,True,cat,True,correct
British_Shorthair_200,british_shorthair,cat,0.5,0.3294,british_shorthair,True,cat,True,correct
British_Shorthair_200,british_shorthair,cat,0.6,0.4124,german_shorthaired,False,dog,False,cross_superclass
British_Shorthair_200,british_shorthair,cat,0.7,0.431,german_shorthaired,False,dog,False,cross_superclass
British_Shorthair_200,british_shorthair,cat,0.8,0.4323,german_shorthaired,False,dog,False,cross_superclass
British_Shorthair_200,british_shorthair,cat,0.9,0.4397,miniature_pinscher,False,dog,False,cross_superclass
British_Shorthair_200,british_shorthair,cat,1.0,0.4341,miniature_pinscher,False,dog,False,cross_superclass
american_pit_bull_terrier_187,american_pit_bull_terrier,dog,0.0,0.0,american_pit_bull_terrier,True,dog,True,correct
american_pit_bull_terrier_187,american_pit_bull_terrier,dog,0.1,0.1322,american_pit_bull_terrier,True,dog,True,correct
american_pit_bull_terrier_187,american_pit_bull_terrier,dog,0.2,0.2569,american_pit_bull_terrier,True,dog,True,correct
american_pit_bull_terrier_187,american_pit_bull_terrier,dog,0.3,0.4757,saint_bernard,False,dog,True,within_superclass
american_pit_bull_terrier_187,american_pit_bull_terrier,dog,0.4,0.4641,miniature_pinscher,False,dog,True,within_superclass
american_pit_bull_terrier_187,american_pit_bull_terrier,dog,0.5,0.5035,miniature_pinscher,False,dog,True,within_superclass
american_pit_bull_terrier_187,american_pit_bull_terrier,dog,0.6,0.5198,bombay,False,dog,True,within_superclass
american_pit_bull_terrier_187,american_pit_bull_terrier,dog,0.7,0.5235,bombay,False,dog,True,within_superclass
american_pit_bull_terrier_187,american_pit_bull_terrier,dog,0.8,0.5283,bombay,False,dog,True,within_superclass
american_pit_bull_terrier_187,american_pit_bull_terrier,dog,0.9,0.5374,bombay,False,dog,True,within_superclass
american_pit_bull_terrier_187,american_pit_bull_terrier,dog,1.0,0.536,miniature_pinscher,False,dog,True,within_superclass
British_Shorthair_169,british_shorthair,cat,0.0,0.0,russian_blue,False,cat,True,within_superclass
British_Shorthair_169,british_shorthair,cat,0.1,0.0838,british_shorthair,True,cat,True,correct
British_Shorthair_169,british_shorthair,cat,0.2,0.146,british_shorthair,True,cat,True,correct
British_Shorthair_169,british_shorthair,cat,0.3,0.2167,british_shorthair,True,cat,True,correct
British_Shorthair_169,british_shorthair,cat,0.4,0.3147,british_shorthair,True,cat,True,correct
British_Shorthair_169,british_shorthair,cat,0.5,0.3661,staffordshire_bull_terrier,False,cat,True,within_superclass
British_Shorthair_169,british_shorthair,cat,0.6,0.4276,chihuahua,False,dog,False,cross_superclass
British_Shorthair_169,british_shorthair,cat,0.7,0.4755,yorkshire_terrier,False,dog,False,cross_superclass
British_Shorthair_169,british_shorthair,cat,0.8,0.4978,yorkshire_terrier,False,dog,False,cross_superclass
British_Shorthair_169,british_shorthair,cat,0.9,0.5122,yorkshire_terrier,False,dog,False,cross_superclass
British_Shorthair_169,british_shorthair,cat,1.0,0.5191,yorkshire_terrier,False,dog,False,cross_superclass
wheaten_terrier_180,wheaten_terrier,dog,0.0,0.0,wheaten_terrier,True,dog,True,correct
wheaten_terrier_180,wheaten_terrier,dog,0.1,0.1363,wheaten_terrier,True,dog,True,correct
wheaten_terrier_180,wheaten_terrier,dog,0.2,0.2576,wheaten_terrier,True,dog,True,correct
wheaten_terrier_180,wheaten_terrier,dog,0.3,0.2138,wheaten_terrier,True,dog,True,correct
wheaten_terrier_180,wheaten_terrier,dog,0.4,0.3028,pomeranian,False,dog,True,within_superclass
wheaten_terrier_180,wheaten_terrier,dog,0.5,0.4103,wheaten_terrier,True,dog,True,correct
wheaten_terrier_180,wheaten_terrier,dog,0.6,0.5163,miniature_pinscher,False,dog,True,within_superclass
wheaten_terrier_180,wheaten_terrier,dog,0.7,0.5329,miniature_pinscher,False,dog,True,within_superclass
wheaten_terrier_180,wheaten_terrier,dog,0.8,0.5418,miniature_pinscher,False,dog,True,within_superclass
wheaten_terrier_180,wheaten_terrier,dog,0.9,0.5437,miniature_pinscher,False,dog,True,within_superclass
wheaten_terrier_180,wheaten_terrier,dog,1.0,0.5473,miniature_pinscher,False,dog,True,within_superclass
shiba_inu_191,shiba_inu,dog,0.0,0.0,shiba_inu,True,dog,True,correct
shiba_inu_191,shiba_inu,dog,0.1,0.1634,shiba_inu,True,dog,True,correct
shiba_inu_191,shiba_inu,dog,0.2,0.2845,shiba_inu,True,dog,True,correct
shiba_inu_191,shiba_inu,dog,0.3,0.283,shiba_inu,True,dog,True,correct
shiba_inu_191,shiba_inu,dog,0.4,0.2878,shiba_inu,True,dog,True,correct
shiba_inu_191,shiba_inu,dog,0.5,0.3174,shiba_inu,True,dog,True,correct
shiba_inu_191,shiba_inu,dog,0.6,0.3623,shiba_inu,True,dog,True,correct
shiba_inu_191,shiba_inu,dog,0.7,0.4148,shiba_inu,True,dog,True,correct
shiba_inu_191,shiba_inu,dog,0.8,0.4615,yorkshire_terrier,False,dog,True,within_superclass
shiba_inu_191,shiba_inu,dog,0.9,0.4862,yorkshire_terrier,False,dog,True,within_superclass
shiba_inu_191,shiba_inu,dog,1.0,0.4912,yorkshire_terrier,False,cat,False,cross_superclass
Bombay_114,bombay,cat,0.0,0.0,russian_blue,False,cat,True,within_superclass
Bombay_114,bombay,cat,0.1,0.157,sphynx,False,cat,True,within_superclass
Bombay_114,bombay,cat,0.2,0.2831,egyptian_mau,False,cat,True,within_superclass
Bombay_114,bombay,cat,0.3,0.2807,egyptian_mau,False,cat,True,within_superclass
Bombay_114,bombay,cat,0.4,0.3616,egyptian_mau,False,cat,True,within_superclass
Bombay_114,bombay,cat,0.5,0.4283,british_shorthair,False,cat,True,within_superclass
Bombay_114,bombay,cat,0.6,0.4656,shiba_inu,False,dog,False,cross_superclass
Bombay_114,bombay,cat,0.7,0.4873,miniature_pinscher,False,dog,False,cross_superclass
Bombay_114,bombay,cat,0.8,0.4911,miniature_pinscher,False,dog,False,cross_superclass
Bombay_114,bombay,cat,0.9,0.4985,great_pyrenees,False,dog,False,cross_superclass
Bombay_114,bombay,cat,1.0,0.5009,great_pyrenees,False,dog,False,cross_superclass
pomeranian_158,pomeranian,dog,0.0,0.0,pomeranian,True,dog,True,correct
pomeranian_158,pomeranian,dog,0.1,0.1276,pomeranian,True,dog,True,correct
pomeranian_158,pomeranian,dog,0.2,0.1902,pomeranian,True,dog,True,correct
pomeranian_158,pomeranian,dog,0.3,0.3144,pomeranian,True,cat,False,correct
pomeranian_158,pomeranian,dog,0.4,0.3713,japanese_chin,False,cat,False,cross_superclass
pomeranian_158,pomeranian,dog,0.5,0.4052,british_shorthair,False,cat,False,cross_superclass
pomeranian_158,pomeranian,dog,0.6,0.4263,british_shorthair,False,cat,False,cross_superclass
pomeranian_158,pomeranian,dog,0.7,0.4508,british_shorthair,False,cat,False,cross_superclass
pomeranian_158,pomeranian,dog,0.8,0.4682,british_shorthair,False,cat,False,cross_superclass
pomeranian_158,pomeranian,dog,0.9,0.4765,british_shorthair,False,cat,False,cross_superclass
pomeranian_158,pomeranian,dog,1.0,0.5131,british_shorthair,False,cat,False,cross_superclass
keeshond_176,keeshond,dog,0.0,0.0,keeshond,True,dog,True,correct
keeshond_176,keeshond,dog,0.1,0.0921,keeshond,True,dog,True,correct
keeshond_176,keeshond,dog,0.2,0.2279,keeshond,True,dog,True,correct
keeshond_176,keeshond,dog,0.3,0.2628,keeshond,True,dog,True,correct
keeshond_176,keeshond,dog,0.4,0.3015,great_pyrenees,False,dog,True,within_superclass
keeshond_176,keeshond,dog,0.5,0.357,great_pyrenees,False,dog,True,within_superclass
keeshond_176,keeshond,dog,0.6,0.3917,english_setter,False,dog,True,within_superclass
keeshond_176,keeshond,dog,0.7,0.413,english_setter,False,dog,True,within_superclass
keeshond_176,keeshond,dog,0.8,0.4302,great_pyrenees,False,dog,True,within_superclass
keeshond_176,keeshond,dog,0.9,0.4556,great_pyrenees,False,dog,True,within_superclass
keeshond_176,keeshond,dog,1.0,0.4813,great_pyrenees,False,dog,True,within_superclass
pomeranian_110,pomeranian,dog,0.0,0.0,pomeranian,True,dog,True,correct
pomeranian_110,pomeranian,dog,0.1,0.0986,pomeranian,True,dog,True,correct
pomeranian_110,pomeranian,dog,0.2,0.2218,samoyed,False,dog,True,within_superclass
pomeranian_110,pomeranian,dog,0.3,0.2254,samoyed,False,dog,True,within_superclass
pomeranian_110,pomeranian,dog,0.4,0.273,samoyed,False,dog,True,within_superclass
pomeranian_110,pomeranian,dog,0.5,0.3498,samoyed,False,dog,True,within_superclass
pomeranian_110,pomeranian,dog,0.6,0.4529,havanese,False,dog,True,within_superclass
pomeranian_110,pomeranian,dog,0.7,0.4853,havanese,False,dog,True,within_superclass
pomeranian_110,pomeranian,dog,0.8,0.501,havanese,False,dog,True,within_superclass
pomeranian_110,pomeranian,dog,0.9,0.5057,wheaten_terrier,False,dog,True,within_superclass
pomeranian_110,pomeranian,dog,1.0,0.5135,wheaten_terrier,False,dog,True,within_superclass
american_pit_bull_terrier_100,american_pit_bull_terrier,dog,0.0,0.0,american_pit_bull_terrier,True,dog,True,correct
american_pit_bull_terrier_100,american_pit_bull_terrier,dog,0.1,0.1342,american_bulldog,False,dog,True,within_superclass
american_pit_bull_terrier_100,american_pit_bull_terrier,dog,0.2,0.1676,german_shorthaired,False,dog,True,within_superclass
american_pit_bull_terrier_100,american_pit_bull_terrier,dog,0.3,0.205,german_shorthaired,False,dog,True,within_superclass
american_pit_bull_terrier_100,american_pit_bull_terrier,dog,0.4,0.2565,miniature_pinscher,False,dog,True,within_superclass
american_pit_bull_terrier_100,american_pit_bull_terrier,dog,0.5,0.3524,miniature_pinscher,False,dog,True,within_superclass
american_pit_bull_terrier_100,american_pit_bull_terrier,dog,0.6,0.3978,miniature_pinscher,False,dog,True,within_superclass
american_pit_bull_terrier_100,american_pit_bull_terrier,dog,0.7,0.4224,miniature_pinscher,False,dog,True,within_superclass
american_pit_bull_terrier_100,american_pit_bull_terrier,dog,0.8,0.4441,boxer,False,dog,True,within_superclass
american_pit_bull_terrier_100,american_pit_bull_terrier,dog,0.9,0.4604,boxer,False,dog,True,within_superclass
american_pit_bull_terrier_100,american_pit_bull_terrier,dog,1.0,0.464,boxer,False,dog,True,within_superclass
Egyptian_Mau_115,egyptian_mau,cat,0.0,0.0,bengal,False,cat,True,within_superclass
Egyptian_Mau_115,egyptian_mau,cat,0.1,0.051,egyptian_mau,True,cat,True,correct
Egyptian_Mau_115,egyptian_mau,cat,0.2,0.2251,egyptian_mau,True,cat,True,correct
Egyptian_Mau_115,egyptian_mau,cat,0.3,0.2214,abyssinian,False,cat,True,within_superclass
Egyptian_Mau_115,egyptian_mau,cat,0.4,0.253,abyssinian,False,cat,True,within_superclass
Egyptian_Mau_115,egyptian_mau,cat,0.5,0.2758,abyssinian,False,cat,True,within_superclass
Egyptian_Mau_115,egyptian_mau,cat,0.6,0.3263,abyssinian,False,cat,True,within_superclass
Egyptian_Mau_115,egyptian_mau,cat,0.7,0.3772,abyssinian,False,cat,True,within_superclass
Egyptian_Mau_115,egyptian_mau,cat,0.8,0.4457,miniature_pinscher,False,dog,False,cross_superclass
Egyptian_Mau_115,egyptian_mau,cat,0.9,0.4758,miniature_pinscher,False,dog,False,cross_superclass
Egyptian_Mau_115,egyptian_mau,cat,1.0,0.4978,miniature_pinscher,False,dog,False,cross_superclass
american_pit_bull_terrier_10,american_pit_bull_terrier,dog,0.0,0.0,american_pit_bull_terrier,True,dog,True,correct
american_pit_bull_terrier_10,american_pit_bull_terrier,dog,0.1,0.0952,boxer,False,dog,True,within_superclass
american_pit_bull_terrier_10,american_pit_bull_terrier,dog,0.2,0.2082,miniature_pinscher,False,dog,True,within_superclass
american_pit_bull_terrier_10,american_pit_bull_terrier,dog,0.3,0.1803,miniature_pinscher,False,dog,True,within_superclass
american_pit_bull_terrier_10,american_pit_bull_terrier,dog,0.4,0.2218,miniature_pinscher,False,dog,True,within_superclass
american_pit_bull_terrier_10,american_pit_bull_terrier,dog,0.5,0.2808,miniature_pinscher,False,dog,True,within_superclass
american_pit_bull_terrier_10,american_pit_bull_terrier,dog,0.6,0.3529,miniature_pinscher,False,dog,True,within_superclass
american_pit_bull_terrier_10,american_pit_bull_terrier,dog,0.7,0.3957,miniature_pinscher,False,dog,True,within_superclass
american_pit_bull_terrier_10,american_pit_bull_terrier,dog,0.8,0.4316,miniature_pinscher,False,dog,True,within_superclass
american_pit_bull_terrier_10,american_pit_bull_terrier,dog,0.9,0.4718,miniature_pinscher,False,dog,True,within_superclass
american_pit_bull_terrier_10,american_pit_bull_terrier,dog,1.0,0.4745,miniature_pinscher,False,dog,True,within_superclass
pomeranian_153,pomeranian,dog,0.0,0.0,keeshond,False,dog,True,within_superclass
pomeranian_153,pomeranian,dog,0.1,0.2052,keeshond,False,dog,True,within_superclass
pomeranian_153,pomeranian,dog,0.2,0.3288,havanese,False,dog,True,within_superclass
pomeranian_153,pomeranian,dog,0.3,0.4169,pomeranian,True,dog,True,correct
pomeranian_153,pomeranian,dog,0.4,0.4542,pomeranian,True,dog,True,correct
pomeranian_153,pomeranian,dog,0.5,0.4606,ragdoll,False,dog,True,within_superclass
pomeranian_153,pomeranian,dog,0.6,0.4893,shiba_inu,False,dog,True,within_superclass
pomeranian_153,pomeranian,dog,0.7,0.5062,german_shorthaired,False,cat,False,cross_superclass
pomeranian_153,pomeranian,dog,0.8,0.5268,boxer,False,cat,False,cross_superclass
pomeranian_153,pomeranian,dog,0.9,0.5325,boxer,False,dog,True,within_superclass
pomeranian_153,pomeranian,dog,1.0,0.5359,bombay,False,dog,True,within_superclass
basset_hound_142,basset_hound,dog,0.0,0.0,basset_hound,True,dog,True,correct
basset_hound_142,basset_hound,dog,0.1,0.1018,basset_hound,True,dog,True,correct
basset_hound_142,basset_hound,dog,0.2,0.1535,basset_hound,True,dog,True,correct
basset_hound_142,basset_hound,dog,0.3,0.157,basset_hound,True,dog,True,correct
basset_hound_142,basset_hound,dog,0.4,0.1885,basset_hound,True,dog,True,correct
basset_hound_142,basset_hound,dog,0.5,0.2461,basset_hound,True,dog,True,correct
basset_hound_142,basset_hound,dog,0.6,0.353,english_cocker_spaniel,False,dog,True,within_superclass
basset_hound_142,basset_hound,dog,0.7,0.4107,boxer,False,dog,True,within_superclass
basset_hound_142,basset_hound,dog,0.8,0.4487,boxer,False,dog,True,within_superclass
basset_hound_142,basset_hound,dog,0.9,0.4796,boxer,False,dog,True,within_superclass
basset_hound_142,basset_hound,dog,1.0,0.494,boxer,False,dog,True,within_superclass
american_pit_bull_terrier_150,american_pit_bull_terrier,dog,0.0,0.0,boxer,False,dog,True,within_superclass
american_pit_bull_terrier_150,american_pit_bull_terrier,dog,0.1,0.1986,boxer,False,dog,True,within_superclass
american_pit_bull_terrier_150,american_pit_bull_terrier,dog,0.2,0.2078,boxer,False,dog,True,within_superclass
american_pit_bull_terrier_150,american_pit_bull_terrier,dog,0.3,0.272,boxer,False,dog,True,within_superclass
american_pit_bull_terrier_150,american_pit_bull_terrier,dog,0.4,0.3715,japanese_chin,False,dog,True,within_superclass
american_pit_bull_terrier_150,american_pit_bull_terrier,dog,0.5,0.4038,japanese_chin,False,dog,True,within_superclass
american_pit_bull_terrier_150,american_pit_bull_terrier,dog,0.6,0.416,boxer,False,dog,True,within_superclass
american_pit_bull_terrier_150,american_pit_bull_terrier,dog,0.7,0.428,pug,False,dog,True,within_superclass
american_pit_bull_terrier_150,american_pit_bull_terrier,dog,0.8,0.461,boxer,False,dog,True,within_superclass
american_pit_bull_terrier_150,american_pit_bull_terrier,dog,0.9,0.4925,boxer,False,dog,True,within_superclass
american_pit_bull_terrier_150,american_pit_bull_terrier,dog,1.0,0.5126,yorkshire_terrier,False,dog,True,within_superclass
Bengal_119,bengal,cat,0.0,0.0,bengal,True,cat,True,correct
Bengal_119,bengal,cat,0.1,0.068,bengal,True,cat,True,correct
Bengal_119,bengal,cat,0.2,0.2408,bengal,True,cat,True,correct
Bengal_119,bengal,cat,0.3,0.2158,bengal,True,cat,True,correct
Bengal_119,bengal,cat,0.4,0.2062,abyssinian,False,cat,True,within_superclass
Bengal_119,bengal,cat,0.5,0.2557,miniature_pinscher,False,cat,True,within_superclass
Bengal_119,bengal,cat,0.6,0.3759,miniature_pinscher,False,cat,True,within_superclass
Bengal_119,bengal,cat,0.7,0.4521,pomeranian,False,dog,False,cross_superclass
Bengal_119,bengal,cat,0.8,0.4739,japanese_chin,False,dog,False,cross_superclass
Bengal_119,bengal,cat,0.9,0.4859,pomeranian,False,dog,False,cross_superclass
Bengal_119,bengal,cat,1.0,0.4952,german_shorthaired,False,dog,False,cross_superclass
basset_hound_170,basset_hound,dog,0.0,0.0,basset_hound,True,dog,True,correct
basset_hound_170,basset_hound,dog,0.1,0.1024,basset_hound,True,dog,True,correct
basset_hound_170,basset_hound,dog,0.2,0.2399,basset_hound,True,dog,True,correct
basset_hound_170,basset_hound,dog,0.3,0.3526,saint_bernard,False,dog,True,within_superclass
basset_hound_170,basset_hound,dog,0.4,0.3849,saint_bernard,False,dog,True,within_superclass
basset_hound_170,basset_hound,dog,0.5,0.4175,saint_bernard,False,dog,True,within_superclass
basset_hound_170,basset_hound,dog,0.6,0.4281,saint_bernard,False,dog,True,within_superclass
basset_hound_170,basset_hound,dog,0.7,0.445,saint_bernard,False,dog,True,within_superclass
basset_hound_170,basset_hound,dog,0.8,0.4605,japanese_chin,False,dog,True,within_superclass
basset_hound_170,basset_hound,dog,0.9,0.476,japanese_chin,False,dog,True,within_superclass
basset_hound_170,basset_hound,dog,1.0,0.4878,japanese_chin,False,dog,True,within_superclass
samoyed_185,samoyed,dog,0.0,0.0,samoyed,True,dog,True,correct
samoyed_185,samoyed,dog,0.1,0.0598,samoyed,True,dog,True,correct
samoyed_185,samoyed,dog,0.2,0.1759,samoyed,True,dog,True,correct
samoyed_185,samoyed,dog,0.3,0.1946,great_pyrenees,False,dog,True,within_superclass
samoyed_185,samoyed,dog,0.4,0.229,great_pyrenees,False,dog,True,within_superclass
samoyed_185,samoyed,dog,0.5,0.2786,great_pyrenees,False,dog,True,within_superclass
samoyed_185,samoyed,dog,0.6,0.3149,great_pyrenees,False,dog,True,within_superclass
samoyed_185,samoyed,dog,0.7,0.346,great_pyrenees,False,dog,True,within_superclass
samoyed_185,samoyed,dog,0.8,0.3846,great_pyrenees,False,dog,True,within_superclass
samoyed_185,samoyed,dog,0.9,0.4067,great_pyrenees,False,dog,True,within_superclass
samoyed_185,samoyed,dog,1.0,0.4304,great_pyrenees,False,dog,True,within_superclass
Bengal_11,bengal,cat,0.0,0.0,bengal,True,cat,True,correct
Bengal_11,bengal,cat,0.1,0.1273,bengal,True,cat,True,correct
Bengal_11,bengal,cat,0.2,0.2654,abyssinian,False,cat,True,within_superclass
Bengal_11,bengal,cat,0.3,0.2589,maine_coon,False,cat,True,within_superclass
Bengal_11,bengal,cat,0.4,0.3128,abyssinian,False,cat,True,within_superclass
Bengal_11,bengal,cat,0.5,0.386,abyssinian,False,cat,True,within_superclass
Bengal_11,bengal,cat,0.6,0.4694,shiba_inu,False,cat,True,within_superclass
Bengal_11,bengal,cat,0.7,0.503,miniature_pinscher,False,dog,False,cross_superclass
Bengal_11,bengal,cat,0.8,0.5181,miniature_pinscher,False,dog,False,cross_superclass
Bengal_11,bengal,cat,0.9,0.5263,miniature_pinscher,False,dog,False,cross_superclass
Bengal_11,bengal,cat,1.0,0.5303,miniature_pinscher,False,dog,False,cross_superclass
chihuahua_16,chihuahua,dog,0.0,0.0,chihuahua,True,dog,True,correct
chihuahua_16,chihuahua,dog,0.1,0.0776,chihuahua,True,dog,True,correct
chihuahua_16,chihuahua,dog,0.2,0.227,chihuahua,True,dog,True,correct
chihuahua_16,chihuahua,dog,0.3,0.2676,shiba_inu,False,dog,True,within_superclass
chihuahua_16,chihuahua,dog,0.4,0.293,shiba_inu,False,cat,False,cross_superclass
chihuahua_16,chihuahua,dog,0.5,0.3203,shiba_inu,False,cat,False,cross_superclass
chihuahua_16,chihuahua,dog,0.6,0.3382,japanese_chin,False,cat,False,cross_superclass
chihuahua_16,chihuahua,dog,0.7,0.348,japanese_chin,False,cat,False,cross_superclass
chihuahua_16,chihuahua,dog,0.8,0.3567,japanese_chin,False,dog,True,within_superclass
chihuahua_16,chihuahua,dog,0.9,0.3768,japanese_chin,False,dog,True,within_superclass
chihuahua_16,chihuahua,dog,1.0,0.4034,japanese_chin,False,dog,True,within_superclass
samoyed_181,samoyed,dog,0.0,0.0,samoyed,True,dog,True,correct
samoyed_181,samoyed,dog,0.1,0.1044,samoyed,True,dog,True,correct
samoyed_181,samoyed,dog,0.2,0.2193,great_pyrenees,False,dog,True,within_superclass
samoyed_181,samoyed,dog,0.3,0.2401,great_pyrenees,False,dog,True,within_superclass
samoyed_181,samoyed,dog,0.4,0.278,great_pyrenees,False,dog,True,within_superclass
samoyed_181,samoyed,dog,0.5,0.3208,great_pyrenees,False,dog,True,within_superclass
samoyed_181,samoyed,dog,0.6,0.3638,great_pyrenees,False,dog,True,within_superclass
samoyed_181,samoyed,dog,0.7,0.4142,great_pyrenees,False,dog,True,within_superclass
samoyed_181,samoyed,dog,0.8,0.4669,great_pyrenees,False,dog,True,within_superclass
samoyed_181,samoyed,dog,0.9,0.5085,great_pyrenees,False,dog,True,within_superclass
samoyed_181,samoyed,dog,1.0,0.5241,newfoundland,False,dog,True,within_superclass
Maine_Coon_151,maine_coon,cat,0.0,0.0,maine_coon,True,cat,True,correct
Maine_Coon_151,maine_coon,cat,0.1,0.0821,maine_coon,True,cat,True,correct
Maine_Coon_151,maine_coon,cat,0.2,0.1565,maine_coon,True,cat,True,correct
Maine_Coon_151,maine_coon,cat,0.3,0.1722,maine_coon,True,cat,True,correct
Maine_Coon_151,maine_coon,cat,0.4,0.2211,shiba_inu,False,cat,True,within_superclass
Maine_Coon_151,maine_coon,cat,0.5,0.2715,shiba_inu,False,cat,True,within_superclass
Maine_Coon_151,maine_coon,cat,0.6,0.3126,shiba_inu,False,cat,True,within_superclass
Maine_Coon_151,maine_coon,cat,0.7,0.3561,shiba_inu,False,cat,True,within_superclass
Maine_Coon_151,maine_coon,cat,0.8,0.4143,shiba_inu,False,cat,True,within_superclass
Maine_Coon_151,maine_coon,cat,0.9,0.4505,shiba_inu,False,dog,False,cross_superclass
Maine_Coon_151,maine_coon,cat,1.0,0.4678,shiba_inu,False,dog,False,cross_superclass
german_shorthaired_110,german_shorthaired,dog,0.0,0.0,german_shorthaired,True,dog,True,correct
german_shorthaired_110,german_shorthaired,dog,0.1,0.099,german_shorthaired,True,dog,True,correct
german_shorthaired_110,german_shorthaired,dog,0.2,0.2304,english_setter,False,dog,True,within_superclass
german_shorthaired_110,german_shorthaired,dog,0.3,0.2313,german_shorthaired,True,dog,True,correct
german_shorthaired_110,german_shorthaired,dog,0.4,0.2481,english_setter,False,dog,True,within_superclass
german_shorthaired_110,german_shorthaired,dog,0.5,0.3322,english_setter,False,dog,True,within_superclass
german_shorthaired_110,german_shorthaired,dog,0.6,0.453,havanese,False,dog,True,within_superclass
german_shorthaired_110,german_shorthaired,dog,0.7,0.4825,german_shorthaired,True,dog,True,correct
german_shorthaired_110,german_shorthaired,dog,0.8,0.4772,bombay,False,dog,True,within_superclass
german_shorthaired_110,german_shorthaired,dog,0.9,0.4882,german_shorthaired,True,dog,True,correct
german_shorthaired_110,german_shorthaired,dog,1.0,0.4959,german_shorthaired,True,dog,True,correct
german_shorthaired_10,german_shorthaired,dog,0.0,0.0,german_shorthaired,True,dog,True,correct
german_shorthaired_10,german_shorthaired,dog,0.1,0.1043,german_shorthaired,True,dog,True,correct
german_shorthaired_10,german_shorthaired,dog,0.2,0.1968,german_shorthaired,True,dog,True,correct
german_shorthaired_10,german_shorthaired,dog,0.3,0.1915,english_setter,False,dog,True,within_superclass
german_shorthaired_10,german_shorthaired,dog,0.4,0.2291,english_setter,False,dog,True,within_superclass
german_shorthaired_10,german_shorthaired,dog,0.5,0.2903,english_setter,False,dog,True,within_superclass
german_shorthaired_10,german_shorthaired,dog,0.6,0.3515,english_setter,False,dog,True,within_superclass
german_shorthaired_10,german_shorthaired,dog,0.7,0.4469,german_shorthaired,True,dog,True,correct
german_shorthaired_10,german_shorthaired,dog,0.8,0.4773,german_shorthaired,True,dog,True,correct
german_shorthaired_10,german_shorthaired,dog,0.9,0.4947,german_shorthaired,True,dog,True,correct
german_shorthaired_10,german_shorthaired,dog,1.0,0.5047,german_shorthaired,True,dog,True,correct
chihuahua_151,chihuahua,dog,0.0,0.0,chihuahua,True,dog,True,correct
chihuahua_151,chihuahua,dog,0.1,0.2078,chihuahua,True,dog,True,correct
chihuahua_151,chihuahua,dog,0.2,0.2182,miniature_pinscher,False,dog,True,within_superclass
chihuahua_151,chihuahua,dog,0.3,0.2726,miniature_pinscher,False,dog,True,within_superclass
chihuahua_151,chihuahua,dog,0.4,0.3369,miniature_pinscher,False,dog,True,within_superclass
chihuahua_151,chihuahua,dog,0.5,0.3837,shiba_inu,False,dog,True,within_superclass
chihuahua_151,chihuahua,dog,0.6,0.4414,german_shorthaired,False,dog,True,within_superclass
chihuahua_151,chihuahua,dog,0.7,0.4617,boxer,False,dog,True,within_superclass
chihuahua_151,chihuahua,dog,0.8,0.4629,boxer,False,dog,True,within_superclass
chihuahua_151,chihuahua,dog,0.9,0.4671,boxer,False,dog,True,within_superclass
chihuahua_151,chihuahua,dog,1.0,0.4715,british_shorthair,False,cat,False,cross_superclass
chihuahua_134,chihuahua,dog,0.0,0.0,chihuahua,True,dog,True,correct
chihuahua_134,chihuahua,dog,0.1,0.2491,chihuahua,True,dog,True,correct
chihuahua_134,chihuahua,dog,0.2,0.2235,chihuahua,True,dog,True,correct
chihuahua_134,chihuahua,dog,0.3,0.3238,sphynx,False,cat,False,cross_superclass
chihuahua_134,chihuahua,dog,0.4,0.3746,british_shorthair,False,cat,False,cross_superclass
chihuahua_134,chihuahua,dog,0.5,0.4004,ragdoll,False,cat,False,cross_superclass
chihuahua_134,chihuahua,dog,0.6,0.4264,ragdoll,False,cat,False,cross_superclass
chihuahua_134,chihuahua,dog,0.7,0.4395,ragdoll,False,cat,False,cross_superclass
chihuahua_134,chihuahua,dog,0.8,0.4489,ragdoll,False,cat,False,cross_superclass
chihuahua_134,chihuahua,dog,0.9,0.4668,ragdoll,False,cat,False,cross_superclass
chihuahua_134,chihuahua,dog,1.0,0.4722,ragdoll,False,cat,False,cross_superclass
chihuahua_108,chihuahua,dog,0.0,0.0,chihuahua,True,dog,True,correct
chihuahua_108,chihuahua,dog,0.1,0.1635,chihuahua,True,dog,True,correct
chihuahua_108,chihuahua,dog,0.2,0.218,shiba_inu,False,dog,True,within_superclass
chihuahua_108,chihuahua,dog,0.3,0.2816,shiba_inu,False,dog,True,within_superclass
chihuahua_108,chihuahua,dog,0.4,0.3285,shiba_inu,False,dog,True,within_superclass
chihuahua_108,chihuahua,dog,0.5,0.3774,shiba_inu,False,cat,False,cross_superclass
chihuahua_108,chihuahua,dog,0.6,0.4229,abyssinian,False,cat,False,cross_superclass
chihuahua_108,chihuahua,dog,0.7,0.4739,abyssinian,False,cat,False,cross_superclass
chihuahua_108,chihuahua,dog,0.8,0.5082,yorkshire_terrier,False,dog,True,within_superclass
chihuahua_108,chihuahua,dog,0.9,0.5238,yorkshire_terrier,False,dog,True,within_superclass
chihuahua_108,chihuahua,dog,1.0,0.5371,yorkshire_terrier,False,dog,True,within_superclass
japanese_chin_113,japanese_chin,dog,0.0,0.0,japanese_chin,True,dog,True,correct
japanese_chin_113,japanese_chin,dog,0.1,0.2346,japanese_chin,True,dog,True,correct
japanese_chin_113,japanese_chin,dog,0.2,0.2347,japanese_chin,True,dog,True,correct
japanese_chin_113,japanese_chin,dog,0.3,0.3616,japanese_chin,True,cat,False,correct
japanese_chin_113,japanese_chin,dog,0.4,0.3977,british_shorthair,False,cat,False,cross_superclass
japanese_chin_113,japanese_chin,dog,0.5,0.4082,british_shorthair,False,cat,False,cross_superclass
japanese_chin_113,japanese_chin,dog,0.6,0.4155,british_shorthair,False,cat,False,cross_superclass
japanese_chin_113,japanese_chin,dog,0.7,0.4359,british_shorthair,False,cat,False,cross_superclass
japanese_chin_113,japanese_chin,dog,0.8,0.4631,british_shorthair,False,cat,False,cross_superclass
japanese_chin_113,japanese_chin,dog,0.9,0.484,british_shorthair,False,cat,False,cross_superclass
japanese_chin_113,japanese_chin,dog,1.0,0.5018,great_pyrenees,False,cat,False,cross_superclass
pomeranian_114,pomeranian,dog,0.0,0.0,pomeranian,True,dog,True,correct
pomeranian_114,pomeranian,dog,0.1,0.2265,pomeranian,True,dog,True,correct
pomeranian_114,pomeranian,dog,0.2,0.3478,ragdoll,False,cat,False,cross_superclass
pomeranian_114,pomeranian,dog,0.3,0.452,british_shorthair,False,cat,False,cross_superclass
pomeranian_114,pomeranian,dog,0.4,0.4852,british_shorthair,False,cat,False,cross_superclass
pomeranian_114,pomeranian,dog,0.5,0.5044,pomeranian,True,cat,False,correct
pomeranian_114,pomeranian,dog,0.6,0.5172,pomeranian,True,dog,True,correct
pomeranian_114,pomeranian,dog,0.7,0.5256,yorkshire_terrier,False,dog,True,within_superclass
pomeranian_114,pomeranian,dog,0.8,0.5323,yorkshire_terrier,False,dog,True,within_superclass
pomeranian_114,pomeranian,dog,0.9,0.5425,yorkshire_terrier,False,dog,True,within_superclass
pomeranian_114,pomeranian,dog,1.0,0.5423,yorkshire_terrier,False,dog,True,within_superclass
pomeranian_182,pomeranian,dog,0.0,0.0,pomeranian,True,dog,True,correct
pomeranian_182,pomeranian,dog,0.1,0.1722,pomeranian,True,dog,True,correct
pomeranian_182,pomeranian,dog,0.2,0.1807,pomeranian,True,dog,True,correct
pomeranian_182,pomeranian,dog,0.3,0.2363,pomeranian,True,dog,True,correct
pomeranian_182,pomeranian,dog,0.4,0.2722,shiba_inu,False,dog,True,within_superclass
pomeranian_182,pomeranian,dog,0.5,0.3026,pomeranian,True,cat,False,correct
pomeranian_182,pomeranian,dog,0.6,0.3439,pomeranian,True,cat,False,correct
pomeranian_182,pomeranian,dog,0.7,0.3963,birman,False,cat,False,cross_superclass
pomeranian_182,pomeranian,dog,0.8,0.437,british_shorthair,False,cat,False,cross_superclass
pomeranian_182,pomeranian,dog,0.9,0.4647,boxer,False,cat,False,cross_superclass
pomeranian_182,pomeranian,dog,1.0,0.4705,boxer,False,dog,True,within_superclass
english_setter_122,english_setter,dog,0.0,0.0,english_setter,True,dog,True,correct
english_setter_122,english_setter,dog,0.1,0.1079,english_setter,True,dog,True,correct
english_setter_122,english_setter,dog,0.2,0.1908,english_setter,True,dog,True,correct
english_setter_122,english_setter,dog,0.3,0.1859,english_setter,True,dog,True,correct
english_setter_122,english_setter,dog,0.4,0.2298,english_setter,True,dog,True,correct
english_setter_122,english_setter,dog,0.5,0.2879,english_setter,True,dog,True,correct
english_setter_122,english_setter,dog,0.6,0.338,english_setter,True,dog,True,correct
english_setter_122,english_setter,dog,0.7,0.3942,english_setter,True,dog,True,correct
english_setter_122,english_setter,dog,0.8,0.4254,staffordshire_bull_terrier,False,dog,True,within_superclass
english_setter_122,english_setter,dog,0.9,0.4349,staffordshire_bull_terrier,False,dog,True,within_superclass
english_setter_122,english_setter,dog,1.0,0.4423,staffordshire_bull_terrier,False,dog,True,within_superclass
Egyptian_Mau_151,egyptian_mau,cat,0.0,0.0,egyptian_mau,True,cat,True,correct
Egyptian_Mau_151,egyptian_mau,cat,0.1,0.0617,egyptian_mau,True,cat,True,correct
Egyptian_Mau_151,egyptian_mau,cat,0.2,0.2172,egyptian_mau,True,cat,True,correct
Egyptian_Mau_151,egyptian_mau,cat,0.3,0.2029,egyptian_mau,True,cat,True,correct
Egyptian_Mau_151,egyptian_mau,cat,0.4,0.1733,egyptian_mau,True,cat,True,correct
Egyptian_Mau_151,egyptian_mau,cat,0.5,0.2116,egyptian_mau,True,cat,True,correct
Egyptian_Mau_151,egyptian_mau,cat,0.6,0.3029,egyptian_mau,True,cat,True,correct
Egyptian_Mau_151,egyptian_mau,cat,0.7,0.3773,miniature_pinscher,False,cat,True,within_superclass
Egyptian_Mau_151,egyptian_mau,cat,0.8,0.3935,miniature_pinscher,False,dog,False,cross_superclass
Egyptian_Mau_151,egyptian_mau,cat,0.9,0.412,miniature_pinscher,False,dog,False,cross_superclass
Egyptian_Mau_151,egyptian_mau,cat,1.0,0.4175,miniature_pinscher,False,dog,False,cross_superclass
english_setter_143,english_setter,dog,0.0,0.0,english_setter,True,dog,True,correct
english_setter_143,english_setter,dog,0.1,0.1167,english_setter,True,dog,True,correct
english_setter_143,english_setter,dog,0.2,0.2593,english_setter,True,dog,True,correct
english_setter_143,english_setter,dog,0.3,0.3681,german_shorthaired,False,dog,True,within_superclass
english_setter_143,english_setter,dog,0.4,0.4189,german_shorthaired,False,dog,True,within_superclass
english_setter_143,english_setter,dog,0.5,0.4325,german_shorthaired,False,dog,True,within_superclass
english_setter_143,english_setter,dog,0.6,0.4358,miniature_pinscher,False,dog,True,within_superclass
english_setter_143,english_setter,dog,0.7,0.4451,german_shorthaired,False,dog,True,within_superclass
english_setter_143,english_setter,dog,0.8,0.4629,german_shorthaired,False,dog,True,within_superclass
english_setter_143,english_setter,dog,0.9,0.4823,german_shorthaired,False,dog,True,within_superclass
english_setter_143,english_setter,dog,1.0,0.4871,german_shorthaired,False,dog,True,within_superclass
Bombay_123,bombay,cat,0.0,0.0,british_shorthair,False,cat,True,within_superclass
Bombay_123,bombay,cat,0.1,0.1252,russian_blue,False,cat,True,within_superclass
Bombay_123,bombay,cat,0.2,0.313,ragdoll,False,cat,True,within_superclass
Bombay_123,bombay,cat,0.3,0.3596,british_shorthair,False,cat,True,within_superclass
Bombay_123,bombay,cat,0.4,0.4191,birman,False,cat,True,within_superclass
Bombay_123,bombay,cat,0.5,0.4646,pomeranian,False,dog,False,cross_superclass
Bombay_123,bombay,cat,0.6,0.4654,pomeranian,False,cat,True,within_superclass
Bombay_123,bombay,cat,0.7,0.4646,pomeranian,False,cat,True,within_superclass
Bombay_123,bombay,cat,0.8,0.4722,pomeranian,False,cat,True,within_superclass
Bombay_123,bombay,cat,0.9,0.485,pomeranian,False,dog,False,cross_superclass
Bombay_123,bombay,cat,1.0,0.4861,british_shorthair,False,dog,False,cross_superclass
shiba_inu_129,shiba_inu,dog,0.0,0.0,shiba_inu,True,dog,True,correct
shiba_inu_129,shiba_inu,dog,0.1,0.1019,shiba_inu,True,dog,True,correct
shiba_inu_129,shiba_inu,dog,0.2,0.2336,shiba_inu,True,dog,True,correct
shiba_inu_129,shiba_inu,dog,0.3,0.1987,shiba_inu,True,dog,True,correct
shiba_inu_129,shiba_inu,dog,0.4,0.256,shiba_inu,True,dog,True,correct
shiba_inu_129,shiba_inu,dog,0.5,0.3088,shiba_inu,True,dog,True,correct
shiba_inu_129,shiba_inu,dog,0.6,0.365,shiba_inu,True,dog,True,correct
shiba_inu_129,shiba_inu,dog,0.7,0.4385,shiba_inu,True,dog,True,correct
shiba_inu_129,shiba_inu,dog,0.8,0.4627,yorkshire_terrier,False,dog,True,within_superclass
shiba_inu_129,shiba_inu,dog,0.9,0.4738,yorkshire_terrier,False,dog,True,within_superclass
shiba_inu_129,shiba_inu,dog,1.0,0.479,yorkshire_terrier,False,dog,True,within_superclass
Bombay_130,bombay,cat,0.0,0.0,egyptian_mau,False,cat,True,within_superclass
Bombay_130,bombay,cat,0.1,0.2039,egyptian_mau,False,cat,True,within_superclass
Bombay_130,bombay,cat,0.2,0.2425,egyptian_mau,False,cat,True,within_superclass
Bombay_130,bombay,cat,0.3,0.2226,egyptian_mau,False,cat,True,within_superclass
Bombay_130,bombay,cat,0.4,0.2581,british_shorthair,False,cat,True,within_superclass
Bombay_130,bombay,cat,0.5,0.3068,british_shorthair,False,cat,True,within_superclass
Bombay_130,bombay,cat,0.6,0.3551,scottish_terrier,False,cat,True,within_superclass
Bombay_130,bombay,cat,0.7,0.383,scottish_terrier,False,cat,True,within_superclass
Bombay_130,bombay,cat,0.8,0.4115,miniature_pinscher,False,dog,False,cross_superclass
Bombay_130,bombay,cat,0.9,0.4368,yorkshire_terrier,False,dog,False,cross_superclass
Bombay_130,bombay,cat,1.0,0.4496,yorkshire_terrier,False,dog,False,cross_superclass
Maine_Coon_173,maine_coon,cat,0.0,0.0,maine_coon,True,cat,True,correct
Maine_Coon_173,maine_coon,cat,0.1,0.1036,maine_coon,True,cat,True,correct
Maine_Coon_173,maine_coon,cat,0.2,0.2055,maine_coon,True,cat,True,correct
Maine_Coon_173,maine_coon,cat,0.3,0.1636,maine_coon,True,cat,True,correct
Maine_Coon_173,maine_coon,cat,0.4,0.1959,maine_coon,True,cat,True,correct
Maine_Coon_173,maine_coon,cat,0.5,0.2382,maine_coon,True,cat,True,correct
Maine_Coon_173,maine_coon,cat,0.6,0.2868,maine_coon,True,cat,True,correct
Maine_Coon_173,maine_coon,cat,0.7,0.3253,british_shorthair,False,cat,True,within_superclass
Maine_Coon_173,maine_coon,cat,0.8,0.3498,british_shorthair,False,cat,True,within_superclass
Maine_Coon_173,maine_coon,cat,0.9,0.3743,british_shorthair,False,cat,True,within_superclass
Maine_Coon_173,maine_coon,cat,1.0,0.3984,british_shorthair,False,cat,True,within_superclass
wheaten_terrier_143,wheaten_terrier,dog,0.0,0.0,wheaten_terrier,True,dog,True,correct
wheaten_terrier_143,wheaten_terrier,dog,0.1,0.0703,wheaten_terrier,True,dog,True,correct
wheaten_terrier_143,wheaten_terrier,dog,0.2,0.2178,wheaten_terrier,True,dog,True,correct
wheaten_terrier_143,wheaten_terrier,dog,0.3,0.2082,wheaten_terrier,True,dog,True,correct
wheaten_terrier_143,wheaten_terrier,dog,0.4,0.2456,wheaten_terrier,True,dog,True,correct
wheaten_terrier_143,wheaten_terrier,dog,0.5,0.3568,wheaten_terrier,True,dog,True,correct
wheaten_terrier_143,wheaten_terrier,dog,0.6,0.4176,wheaten_terrier,True,dog,True,correct
wheaten_terrier_143,wheaten_terrier,dog,0.7,0.4327,wheaten_terrier,True,dog,True,correct
wheaten_terrier_143,wheaten_terrier,dog,0.8,0.4434,yorkshire_terrier,False,dog,True,within_superclass
wheaten_terrier_143,wheaten_terrier,dog,0.9,0.4482,yorkshire_terrier,False,dog,True,within_superclass
wheaten_terrier_143,wheaten_terrier,dog,1.0,0.4515,yorkshire_terrier,False,dog,True,within_superclass
german_shorthaired_11,german_shorthaired,dog,0.0,0.0,german_shorthaired,True,dog,True,correct
german_shorthaired_11,german_shorthaired,dog,0.1,0.1281,german_shorthaired,True,dog,True,correct
german_shorthaired_11,german_shorthaired,dog,0.2,0.2691,english_setter,False,dog,True,within_superclass
german_shorthaired_11,german_shorthaired,dog,0.3,0.2543,basset_hound,False,dog,True,within_superclass
german_shorthaired_11,german_shorthaired,dog,0.4,0.277,english_setter,False,dog,True,within_superclass
german_shorthaired_11,german_shorthaired,dog,0.5,0.345,english_setter,False,dog,True,within_superclass
german_shorthaired_11,german_shorthaired,dog,0.6,0.4414,english_setter,False,dog,True,within_superclass
german_shorthaired_11,german_shorthaired,dog,0.7,0.4898,english_setter,False,dog,True,within_superclass
german_shorthaired_11,german_shorthaired,dog,0.8,0.5114,great_pyrenees,False,dog,True,within_superclass
german_shorthaired_11,german_shorthaired,dog,0.9,0.5261,great_pyrenees,False,dog,True,within_superclass
german_shorthaired_11,german_shorthaired,dog,1.0,0.5356,newfoundland,False,dog,True,within_superclass
Maine_Coon_139,maine_coon,cat,0.0,0.0,maine_coon,True,cat,True,correct
Maine_Coon_139,maine_coon,cat,0.1,0.1122,maine_coon,True,cat,True,correct
Maine_Coon_139,maine_coon,cat,0.2,0.2349,maine_coon,True,cat,True,correct
Maine_Coon_139,maine_coon,cat,0.3,0.2619,maine_coon,True,cat,True,correct
Maine_Coon_139,maine_coon,cat,0.4,0.3413,egyptian_mau,False,cat,True,within_superclass
Maine_Coon_139,maine_coon,cat,0.5,0.3945,miniature_pinscher,False,cat,True,within_superclass
Maine_Coon_139,maine_coon,cat,0.6,0.4312,newfoundland,False,cat,True,within_superclass
Maine_Coon_139,maine_coon,cat,0.7,0.4515,newfoundland,False,dog,False,cross_superclass
Maine_Coon_139,maine_coon,cat,0.8,0.4727,newfoundland,False,dog,False,cross_superclass
Maine_Coon_139,maine_coon,cat,0.9,0.4837,newfoundland,False,dog,False,cross_superclass
Maine_Coon_139,maine_coon,cat,1.0,0.5003,german_shorthaired,False,dog,False,cross_superclass
chihuahua_140,chihuahua,dog,0.0,0.0,scottish_terrier,False,dog,True,within_superclass
chihuahua_140,chihuahua,dog,0.1,0.2558,miniature_pinscher,False,dog,True,within_superclass
chihuahua_140,chihuahua,dog,0.2,0.413,miniature_pinscher,False,dog,True,within_superclass
chihuahua_140,chihuahua,dog,0.3,0.4978,miniature_pinscher,False,dog,True,within_superclass
chihuahua_140,chihuahua,dog,0.4,0.5373,miniature_pinscher,False,dog,True,within_superclass
chihuahua_140,chihuahua,dog,0.5,0.5581,miniature_pinscher,False,dog,True,within_superclass
chihuahua_140,chihuahua,dog,0.6,0.577,shiba_inu,False,dog,True,within_superclass
chihuahua_140,chihuahua,dog,0.7,0.584,german_shorthaired,False,dog,True,within_superclass
chihuahua_140,chihuahua,dog,0.8,0.5827,boxer,False,dog,True,within_superclass
chihuahua_140,chihuahua,dog,0.9,0.5834,boxer,False,dog,True,within_superclass
chihuahua_140,chihuahua,dog,1.0,0.5874,boxer,False,dog,True,within_superclass
Birman_166,birman,cat,0.0,0.0,birman,True,cat,True,correct
Birman_166,birman,cat,0.1,0.1167,birman,True,cat,True,correct
Birman_166,birman,cat,0.2,0.2045,birman,True,cat,True,correct
Birman_166,birman,cat,0.3,0.2969,birman,True,cat,True,correct
Birman_166,birman,cat,0.4,0.3693,japanese_chin,False,dog,False,cross_superclass
Birman_166,birman,cat,0.5,0.4352,miniature_pinscher,False,dog,False,cross_superclass
Birman_166,birman,cat,0.6,0.5356,boxer,False,dog,False,cross_superclass
Birman_166,birman,cat,0.7,0.5661,boxer,False,dog,False,cross_superclass
Birman_166,birman,cat,0.8,0.5621,boxer,False,dog,False,cross_superclass
Birman_166,birman,cat,0.9,0.5621,boxer,False,dog,False,cross_superclass
Birman_166,birman,cat,1.0,0.5665,boxer,False,dog,False,cross_superclass
chihuahua_170,chihuahua,dog,0.0,0.0,chihuahua,True,dog,True,correct
chihuahua_170,chihuahua,dog,0.1,0.1967,chihuahua,True,dog,True,correct
chihuahua_170,chihuahua,dog,0.2,0.1982,chihuahua,True,dog,True,correct
chihuahua_170,chihuahua,dog,0.3,0.2893,chihuahua,True,dog,True,correct
chihuahua_170,chihuahua,dog,0.4,0.3508,chihuahua,True,dog,True,correct
chihuahua_170,chihuahua,dog,0.5,0.4221,chihuahua,True,dog,True,correct
chihuahua_170,chihuahua,dog,0.6,0.4587,boxer,False,dog,True,within_superclass
chihuahua_170,chihuahua,dog,0.7,0.4731,boxer,False,dog,True,within_superclass
chihuahua_170,chihuahua,dog,0.8,0.4916,boxer,False,dog,True,within_superclass
chihuahua_170,chihuahua,dog,0.9,0.4914,boxer,False,dog,True,within_superclass
chihuahua_170,chihuahua,dog,1.0,0.4891,boxer,False,dog,True,within_superclass
Birman_158,birman,cat,0.0,0.0,siamese,False,cat,True,within_superclass
Birman_158,birman,cat,0.1,0.116,ragdoll,False,cat,True,within_superclass
Birman_158,birman,cat,0.2,0.2165,birman,True,cat,True,correct
Birman_158,birman,cat,0.3,0.3827,birman,True,dog,False,correct
Birman_158,birman,cat,0.4,0.4325,birman,True,dog,False,correct
Birman_158,birman,cat,0.5,0.4658,birman,True,dog,False,correct
Birman_158,birman,cat,0.6,0.4926,birman,True,cat,True,correct
Birman_158,birman,cat,0.7,0.5178,birman,True,cat,True,correct
Birman_158,birman,cat,0.8,0.5324,birman,True,dog,False,correct
Birman_158,birman,cat,0.9,0.5425,pomeranian,False,dog,False,cross_superclass
Birman_158,birman,cat,1.0,0.5589,pomeranian,False,dog,False,cross_superclass
Birman_141,birman,cat,0.0,0.0,birman,True,cat,True,correct
Birman_141,birman,cat,0.1,0.1214,birman,True,cat,True,correct
Birman_141,birman,cat,0.2,0.2286,birman,True,cat,True,correct
Birman_141,birman,cat,0.3,0.3246,japanese_chin,False,cat,True,within_superclass
Birman_141,birman,cat,0.4,0.3644,japanese_chin,False,cat,True,within_superclass
Birman_141,birman,cat,0.5,0.395,saint_bernard,False,dog,False,cross_superclass
Birman_141,birman,cat,0.6,0.4196,saint_bernard,False,dog,False,cross_superclass
Birman_141,birman,cat,0.7,0.4481,japanese_chin,False,dog,False,cross_superclass
Birman_141,birman,cat,0.8,0.4761,japanese_chin,False,dog,False,cross_superclass
Birman_141,birman,cat,0.9,0.498,havanese,False,dog,False,cross_superclass
Birman_141,birman,cat,1.0,0.512,havanese,False,dog,False,cross_superclass
wheaten_terrier_184,wheaten_terrier,dog,0.0,0.0,wheaten_terrier,True,dog,True,correct
wheaten_terrier_184,wheaten_terrier,dog,0.1,0.0806,wheaten_terrier,True,dog,True,correct
wheaten_terrier_184,wheaten_terrier,dog,0.2,0.2574,wheaten_terrier,True,dog,True,correct
wheaten_terrier_184,wheaten_terrier,dog,0.3,0.2086,wheaten_terrier,True,dog,True,correct
wheaten_terrier_184,wheaten_terrier,dog,0.4,0.3155,shiba_inu,False,dog,True,within_superclass
wheaten_terrier_184,wheaten_terrier,dog,0.5,0.4085,shiba_inu,False,cat,False,cross_superclass
wheaten_terrier_184,wheaten_terrier,dog,0.6,0.4598,british_shorthair,False,cat,False,cross_superclass
wheaten_terrier_184,wheaten_terrier,dog,0.7,0.4881,boxer,False,dog,True,within_superclass
wheaten_terrier_184,wheaten_terrier,dog,0.8,0.4991,boxer,False,dog,True,within_superclass
wheaten_terrier_184,wheaten_terrier,dog,0.9,0.5083,yorkshire_terrier,False,dog,True,within_superclass
wheaten_terrier_184,wheaten_terrier,dog,1.0,0.5222,boxer,False,dog,True,within_superclass
beagle_120,beagle,dog,0.0,0.0,beagle,True,dog,True,correct
beagle_120,beagle,dog,0.1,0.0886,beagle,True,dog,True,correct
beagle_120,beagle,dog,0.2,0.1602,beagle,True,dog,True,correct
beagle_120,beagle,dog,0.3,0.1808,beagle,True,dog,True,correct
beagle_120,beagle,dog,0.4,0.2587,beagle,True,dog,True,correct
beagle_120,beagle,dog,0.5,0.3333,beagle,True,dog,True,correct
beagle_120,beagle,dog,0.6,0.3747,beagle,True,dog,True,correct
beagle_120,beagle,dog,0.7,0.4006,havanese,False,dog,True,within_superclass
beagle_120,beagle,dog,0.8,0.3947,havanese,False,dog,True,within_superclass
beagle_120,beagle,dog,0.9,0.3872,havanese,False,dog,True,within_superclass
beagle_120,beagle,dog,1.0,0.3958,havanese,False,dog,True,within_superclass
chihuahua_163,chihuahua,dog,0.0,0.0,chihuahua,True,dog,True,correct
chihuahua_163,chihuahua,dog,0.1,0.1361,miniature_pinscher,False,dog,True,within_superclass
chihuahua_163,chihuahua,dog,0.2,0.3298,miniature_pinscher,False,dog,True,within_superclass
chihuahua_163,chihuahua,dog,0.3,0.3234,miniature_pinscher,False,dog,True,within_superclass
chihuahua_163,chihuahua,dog,0.4,0.3792,miniature_pinscher,False,dog,True,within_superclass
chihuahua_163,chihuahua,dog,0.5,0.4317,miniature_pinscher,False,dog,True,within_superclass
chihuahua_163,chihuahua,dog,0.6,0.4582,boxer,False,dog,True,within_superclass
chihuahua_163,chihuahua,dog,0.7,0.4748,boxer,False,dog,True,within_superclass
chihuahua_163,chihuahua,dog,0.8,0.4842,boxer,False,dog,True,within_superclass
chihuahua_163,chihuahua,dog,0.9,0.4946,boxer,False,dog,True,within_superclass
chihuahua_163,chihuahua,dog,1.0,0.5031,boxer,False,dog,True,within_superclass
Birman_190,birman,cat,0.0,0.0,birman,True,cat,True,correct
Birman_190,birman,cat,0.1,0.1323,birman,True,cat,True,correct
Birman_190,birman,cat,0.2,0.2313,birman,True,cat,True,correct
Birman_190,birman,cat,0.3,0.2677,birman,True,cat,True,correct
Birman_190,birman,cat,0.4,0.3034,birman,True,cat,True,correct
Birman_190,birman,cat,0.5,0.3508,japanese_chin,False,cat,True,within_superclass
Birman_190,birman,cat,0.6,0.3864,japanese_chin,False,dog,False,cross_superclass
Birman_190,birman,cat,0.7,0.4202,japanese_chin,False,dog,False,cross_superclass
Birman_190,birman,cat,0.8,0.449,japanese_chin,False,dog,False,cross_superclass
Birman_190,birman,cat,0.9,0.4796,pug,False,dog,False,cross_superclass
Birman_190,birman,cat,1.0,0.5017,pug,False,dog,False,cross_superclass
Birman_131,birman,cat,0.0,0.0,birman,True,cat,True,correct
Birman_131,birman,cat,0.1,0.0944,birman,True,cat,True,correct
Birman_131,birman,cat,0.2,0.194,birman,True,cat,True,correct
Birman_131,birman,cat,0.3,0.2237,birman,True,cat,True,correct
Birman_131,birman,cat,0.4,0.2614,birman,True,cat,True,correct
Birman_131,birman,cat,0.5,0.3484,japanese_chin,False,cat,True,within_superclass
Birman_131,birman,cat,0.6,0.4615,pug,False,dog,False,cross_superclass
Birman_131,birman,cat,0.7,0.4523,bombay,False,dog,False,cross_superclass
Birman_131,birman,cat,0.8,0.4481,pug,False,dog,False,cross_superclass
Birman_131,birman,cat,0.9,0.4513,boxer,False,dog,False,cross_superclass
Birman_131,birman,cat,1.0,0.453,boxer,False,dog,False,cross_superclass
Maine_Coon_110,maine_coon,cat,0.0,0.0,maine_coon,True,cat,True,correct
Maine_Coon_110,maine_coon,cat,0.1,0.047,maine_coon,True,cat,True,correct
Maine_Coon_110,maine_coon,cat,0.2,0.1703,maine_coon,True,cat,True,correct
Maine_Coon_110,maine_coon,cat,0.3,0.2182,maine_coon,True,cat,True,correct
Maine_Coon_110,maine_coon,cat,0.4,0.2572,abyssinian,False,cat,True,within_superclass
Maine_Coon_110,maine_coon,cat,0.5,0.2939,shiba_inu,False,cat,True,within_superclass
Maine_Coon_110,maine_coon,cat,0.6,0.3039,abyssinian,False,cat,True,within_superclass
Maine_Coon_110,maine_coon,cat,0.7,0.3324,abyssinian,False,cat,True,within_superclass
Maine_Coon_110,maine_coon,cat,0.8,0.3493,egyptian_mau,False,cat,True,within_superclass
Maine_Coon_110,maine_coon,cat,0.9,0.3449,egyptian_mau,False,cat,True,within_superclass
Maine_Coon_110,maine_coon,cat,1.0,0.3522,egyptian_mau,False,cat,True,within_superclass
Egyptian_Mau_144,egyptian_mau,cat,0.0,0.0,egyptian_mau,True,cat,True,correct
Egyptian_Mau_144,egyptian_mau,cat,0.1,0.0842,egyptian_mau,True,cat,True,correct
Egyptian_Mau_144,egyptian_mau,cat,0.2,0.221,egyptian_mau,True,cat,True,correct
Egyptian_Mau_144,egyptian_mau,cat,0.3,0.224,egyptian_mau,True,cat,True,correct
Egyptian_Mau_144,egyptian_mau,cat,0.4,0.2313,egyptian_mau,True,cat,True,correct
Egyptian_Mau_144,egyptian_mau,cat,0.5,0.2807,egyptian_mau,True,cat,True,correct
Egyptian_Mau_144,egyptian_mau,cat,0.6,0.3245,egyptian_mau,True,cat,True,correct
Egyptian_Mau_144,egyptian_mau,cat,0.7,0.3366,egyptian_mau,True,cat,True,correct
Egyptian_Mau_144,egyptian_mau,cat,0.8,0.349,egyptian_mau,True,cat,True,correct
Egyptian_Mau_144,egyptian_mau,cat,0.9,0.3825,miniature_pinscher,False,dog,False,cross_superclass
Egyptian_Mau_144,egyptian_mau,cat,1.0,0.3943,miniature_pinscher,False,dog,False,cross_superclass
Birman_142,birman,cat,0.0,0.0,birman,True,cat,True,correct
Birman_142,birman,cat,0.1,0.1122,birman,True,cat,True,correct
Birman_142,birman,cat,0.2,0.3069,japanese_chin,False,cat,True,within_superclass
Birman_142,birman,cat,0.3,0.3084,japanese_chin,False,dog,False,cross_superclass
Birman_142,birman,cat,0.4,0.3308,japanese_chin,False,cat,True,within_superclass
Birman_142,birman,cat,0.5,0.3556,japanese_chin,False,cat,True,within_superclass
Birman_142,birman,cat,0.6,0.3964,japanese_chin,False,cat,True,within_superclass
Birman_142,birman,cat,0.7,0.4384,british_shorthair,False,cat,True,within_superclass
Birman_142,birman,cat,0.8,0.4718,british_shorthair,False,cat,True,within_superclass
Birman_142,birman,cat,0.9,0.5004,pomeranian,False,dog,False,cross_superclass
Birman_142,birman,cat,1.0,0.5192,pomeranian,False,dog,False,cross_superclass
Egyptian_Mau_11,egyptian_mau,cat,0.0,0.0,egyptian_mau,True,cat,True,correct
Egyptian_Mau_11,egyptian_mau,cat,0.1,0.0695,egyptian_mau,True,cat,True,correct
Egyptian_Mau_11,egyptian_mau,cat,0.2,0.1695,egyptian_mau,True,cat,True,correct
Egyptian_Mau_11,egyptian_mau,cat,0.3,0.2167,egyptian_mau,True,cat,True,correct
Egyptian_Mau_11,egyptian_mau,cat,0.4,0.2594,egyptian_mau,True,cat,True,correct
Egyptian_Mau_11,egyptian_mau,cat,0.5,0.3005,egyptian_mau,True,cat,True,correct
Egyptian_Mau_11,egyptian_mau,cat,0.6,0.3611,british_shorthair,False,cat,True,within_superclass
Egyptian_Mau_11,egyptian_mau,cat,0.7,0.3958,chihuahua,False,dog,False,cross_superclass
Egyptian_Mau_11,egyptian_mau,cat,0.8,0.4145,chihuahua,False,dog,False,cross_superclass
Egyptian_Mau_11,egyptian_mau,cat,0.9,0.4218,chihuahua,False,dog,False,cross_superclass
Egyptian_Mau_11,egyptian_mau,cat,1.0,0.4195,german_shorthaired,False,dog,False,cross_superclass
Birman_122,birman,cat,0.0,0.0,birman,True,cat,True,correct
Birman_122,birman,cat,0.1,0.0997,birman,True,cat,True,correct
Birman_122,birman,cat,0.2,0.2354,birman,True,cat,True,correct
Birman_122,birman,cat,0.3,0.2601,birman,True,cat,True,correct
Birman_122,birman,cat,0.4,0.3181,shiba_inu,False,dog,False,cross_superclass
Birman_122,birman,cat,0.5,0.3412,shiba_inu,False,dog,False,cross_superclass
Birman_122,birman,cat,0.6,0.3337,shiba_inu,False,dog,False,cross_superclass
Birman_122,birman,cat,0.7,0.3336,great_pyrenees,False,dog,False,cross_superclass
Birman_122,birman,cat,0.8,0.3429,great_pyrenees,False,dog,False,cross_superclass
Birman_122,birman,cat,0.9,0.3571,pug,False,dog,False,cross_superclass
Birman_122,birman,cat,1.0,0.3592,pug,False,dog,False,cross_superclass
Egyptian_Mau_184,egyptian_mau,cat,0.0,0.0,egyptian_mau,True,cat,True,correct
Egyptian_Mau_184,egyptian_mau,cat,0.1,0.2803,egyptian_mau,True,cat,True,correct
Egyptian_Mau_184,egyptian_mau,cat,0.2,0.3551,egyptian_mau,True,cat,True,correct
Egyptian_Mau_184,egyptian_mau,cat,0.3,0.5018,boxer,False,dog,False,cross_superclass
Egyptian_Mau_184,egyptian_mau,cat,0.4,0.5153,boxer,False,dog,False,cross_superclass
Egyptian_Mau_184,egyptian_mau,cat,0.5,0.5211,boxer,False,dog,False,cross_superclass
Egyptian_Mau_184,egyptian_mau,cat,0.6,0.5326,boxer,False,dog,False,cross_superclass
Egyptian_Mau_184,egyptian_mau,cat,0.7,0.5383,boxer,False,dog,False,cross_superclass
Egyptian_Mau_184,egyptian_mau,cat,0.8,0.5421,boxer,False,dog,False,cross_superclass
Egyptian_Mau_184,egyptian_mau,cat,0.9,0.5438,boxer,False,dog,False,cross_superclass
Egyptian_Mau_184,egyptian_mau,cat,1.0,0.534,boxer,False,dog,False,cross_superclass
Birman_135,birman,cat,0.0,0.0,birman,True,cat,True,correct
Birman_135,birman,cat,0.1,0.1146,birman,True,cat,True,correct
Birman_135,birman,cat,0.2,0.2511,birman,True,cat,True,correct
Birman_135,birman,cat,0.3,0.2391,birman,True,cat,True,correct
Birman_135,birman,cat,0.4,0.2891,birman,True,cat,True,correct
Birman_135,birman,cat,0.5,0.3174,birman,True,cat,True,correct
Birman_135,birman,cat,0.6,0.3378,birman,True,cat,True,correct
Birman_135,birman,cat,0.7,0.3643,birman,True,cat,True,correct
Birman_135,birman,cat,0.8,0.3989,british_shorthair,False,cat,True,within_superclass
Birman_135,birman,cat,0.9,0.43,wheaten_terrier,False,dog,False,cross_superclass
Birman_135,birman,cat,1.0,0.449,wheaten_terrier,False,dog,False,cross_superclass
chihuahua_18,chihuahua,dog,0.0,0.0,chihuahua,True,dog,True,correct
chihuahua_18,chihuahua,dog,0.1,0.1512,staffordshire_bull_terrier,False,dog,True,within_superclass
chihuahua_18,chihuahua,dog,0.2,0.2537,shiba_inu,False,dog,True,within_superclass
chihuahua_18,chihuahua,dog,0.3,0.2401,shiba_inu,False,dog,True,within_superclass
chihuahua_18,chihuahua,dog,0.4,0.2912,shiba_inu,False,dog,True,within_superclass
chihuahua_18,chihuahua,dog,0.5,0.3131,shiba_inu,False,dog,True,within_superclass
chihuahua_18,chihuahua,dog,0.6,0.3171,shiba_inu,False,dog,True,within_superclass
chihuahua_18,chihuahua,dog,0.7,0.3327,shiba_inu,False,dog,True,within_superclass
chihuahua_18,chihuahua,dog,0.8,0.3798,shiba_inu,False,dog,True,within_superclass
chihuahua_18,chihuahua,dog,0.9,0.4194,shiba_inu,False,dog,True,within_superclass
chihuahua_18,chihuahua,dog,1.0,0.4463,boxer,False,dog,True,within_superclass
beagle_190,beagle,dog,0.0,0.0,beagle,True,dog,True,correct
beagle_190,beagle,dog,0.1,0.1146,beagle,True,dog,True,correct
beagle_190,beagle,dog,0.2,0.2129,beagle,True,dog,True,correct
beagle_190,beagle,dog,0.3,0.3476,shiba_inu,False,cat,False,cross_superclass
beagle_190,beagle,dog,0.4,0.4384,birman,False,cat,False,cross_superclass
beagle_190,beagle,dog,0.5,0.4961,shiba_inu,False,dog,True,within_superclass
beagle_190,beagle,dog,0.6,0.4873,shiba_inu,False,dog,True,within_superclass
beagle_190,beagle,dog,0.7,0.4877,shiba_inu,False,dog,True,within_superclass
beagle_190,beagle,dog,0.8,0.4924,boxer,False,dog,True,within_superclass
beagle_190,beagle,dog,0.9,0.5045,boxer,False,dog,True,within_superclass
beagle_190,beagle,dog,1.0,0.5113,boxer,False,dog,True,within_superclass
chihuahua_121,chihuahua,dog,0.0,0.0,chihuahua,True,dog,True,correct
chihuahua_121,chihuahua,dog,0.1,0.1215,chihuahua,True,dog,True,correct
chihuahua_121,chihuahua,dog,0.2,0.2165,miniature_pinscher,False,dog,True,within_superclass
chihuahua_121,chihuahua,dog,0.3,0.2877,miniature_pinscher,False,dog,True,within_superclass
chihuahua_121,chihuahua,dog,0.4,0.4058,miniature_pinscher,False,dog,True,within_superclass
chihuahua_121,chihuahua,dog,0.5,0.4771,miniature_pinscher,False,dog,True,within_superclass
chihuahua_121,chihuahua,dog,0.6,0.5183,miniature_pinscher,False,dog,True,within_superclass
chihuahua_121,chihuahua,dog,0.7,0.5256,yorkshire_terrier,False,dog,True,within_superclass
chihuahua_121,chihuahua,dog,0.8,0.5464,yorkshire_terrier,False,dog,True,within_superclass
chihuahua_121,chihuahua,dog,0.9,0.5553,yorkshire_terrier,False,dog,True,within_superclass
chihuahua_121,chihuahua,dog,1.0,0.5603,boxer,False,dog,True,within_superclass
