image_id,breed,coarse,severity,drift,fine_pred,fine_correct,coarse_pred,coarse_correct,error_type
Maine_Coon_204,maine_coon,cat,0.0,0.0,maine_coon,True,cat,True,correct
Maine_Coon_204,maine_coon,cat,0.1,0.0557,maine_coon,True,cat,True,correct
Maine_Coon_204,maine_coon,cat,0.2,0.0621,maine_coon,True,cat,True,correct
Maine_Coon_204,maine_coon,cat,0.3,0.0613,maine_coon,True,cat,True,correct
Maine_Coon_204,maine_coon,cat,0.4,0.0773,maine_coon,True,cat,True,correct
Maine_Coon_204,maine_coon,cat,0.5,0.0731,maine_coon,True,cat,True,correct
Maine_Coon_204,maine_coon,cat,0.6,0.0795,maine_coon,True,cat,True,correct
Maine_Coon_204,maine_coon,cat,0.7,0.1015,maine_coon,True,cat,True,correct
Maine_Coon_204,maine_coon,cat,0.8,0.0978,maine_coon,True,cat,True,correct
Maine_Coon_204,maine_coon,cat,0.9,0.1046,maine_coon,True,cat,True,correct
Maine_Coon_204,maine_coon,cat,1.0,0.1089,maine_coon,True,cat,True,correct
american_bulldog_138,american_bulldog,dog,0.0,0.0,american_bulldog,True,dog,True,correct
american_bulldog_138,american_bulldog,dog,0.1,0.0556,american_bulldog,True,dog,True,correct
american_bulldog_138,american_bulldog,dog,0.2,0.0308,american_bulldog,True,dog,True,correct
american_bulldog_138,american_bulldog,dog,0.3,0.0393,american_bulldog,True,dog,True,correct
american_bulldog_138,american_bulldog,dog,0.4,0.0438,american_bulldog,True,dog,True,correct
american_bulldog_138,american_bulldog,dog,0.5,0.0423,american_bulldog,True,dog,True,correct
american_bulldog_138,american_bulldog,dog,0.6,0.0441,american_bulldog,True,dog,True,correct
american_bulldog_138,american_bulldog,dog,0.7,0.0562,american_bulldog,True,dog,True,correct
american_bulldog_138,american_bulldog,dog,0.8,0.0609,american_bulldog,True,dog,True,correct
american_bulldog_138,american_bulldog,dog,0.9,0.0578,american_bulldog,True,dog,True,correct
american_bulldog_138,american_bulldog,dog,1.0,0.0806,american_bulldog,True,dog,True,correct
keeshond_112,keeshond,dog,0.0,0.0,keeshond,True,dog,True,correct
keeshond_112,keeshond,dog,0.1,0.0215,keeshond,True,dog,True,correct
keeshond_112,keeshond,dog,0.2,0.0309,keeshond,True,dog,True,correct
keeshond_112,keeshond,dog,0.3,0.0413,keeshond,True,dog,True,correct
keeshond_112,keeshond,dog,0.4,0.0498,keeshond,True,dog,True,correct
keeshond_112,keeshond,dog,0.5,0.0569,keeshond,True,dog,True,correct
keeshond_112,keeshond,dog,0.6,0.0575,keeshond,True,dog,True,correct
keeshond_112,keeshond,dog,0.7,0.0616,keeshond,True,dog,True,correct
keeshond_112,keeshond,dog,0.8,0.0835,keeshond,True,dog,True,correct
keeshond_112,keeshond,dog,0.9,0.0894,keeshond,True,dog,True,correct
keeshond_112,keeshond,dog,1.0,0.0935,keeshond,True,dog,True,correct
havanese_157,havanese,dog,0.0,0.0,havanese,True,dog,True,correct
havanese_157,havanese,dog,0.1,0.0271,havanese,True,dog,True,correct
havanese_157,havanese,dog,0.2,0.0249,havanese,True,dog,True,correct
havanese_157,havanese,dog,0.3,0.0227,havanese,True,dog,True,correct
havanese_157,havanese,dog,0.4,0.023,havanese,True,dog,True,correct
havanese_157,havanese,dog,0.5,0.0253,havanese,True,dog,True,correct
havanese_157,havanese,dog,0.6,0.0311,havanese,True,dog,True,correct
havanese_157,havanese,dog,0.7,0.0406,havanese,True,dog,True,correct
havanese_157,havanese,dog,0.8,0.0471,havanese,True,dog,True,correct
havanese_157,havanese,dog,0.9,0.0579,havanese,True,dog,True,correct
havanese_157,havanese,dog,1.0,0.0666,havanese,True,dog,True,correct
german_shorthaired_132,german_shorthaired,dog,0.0,0.0,great_pyrenees,False,dog,True,within_superclass
german_shorthaired_132,german_shorthaired,dog,0.1,0.0364,american_bulldog,False,dog,True,within_superclass
german_shorthaired_132,german_shorthaired,dog,0.2,0.0569,american_bulldog,False,dog,True,within_superclass
german_shorthaired_132,german_shorthaired,dog,0.3,0.0722,american_bulldog,False,dog,True,within_superclass
german_shorthaired_132,german_shorthaired,dog,0.4,0.0801,american_bulldog,False,dog,True,within_superclass
german_shorthaired_132,german_shorthaired,dog,0.5,0.0865,american_bulldog,False,dog,True,within_superclass
german_shorthaired_132,german_shorthaired,dog,0.6,0.1108,american_bulldog,False,dog,True,within_superclass
german_shorthaired_132,german_shorthaired,dog,0.7,0.1188,american_bulldog,False,dog,True,within_superclass
german_shorthaired_132,german_shorthaired,dog,0.8,0.1115,american_bulldog,False,dog,True,within_superclass
german_shorthaired_132,german_shorthaired,dog,0.9,0.1475,american_bulldog,False,dog,True,within_superclass
german_shorthaired_132,german_shorthaired,dog,1.0,0.1565,american_bulldog,False,dog,True,within_superclass
basset_hound_161,basset_hound,dog,0.0,0.0,basset_hound,True,dog,True,correct
basset_hound_161,basset_hound,dog,0.1,0.043,basset_hound,True,dog,True,correct
basset_hound_161,basset_hound,dog,0.2,0.0579,basset_hound,True,dog,True,correct
basset_hound_161,basset_hound,dog,0.3,0.0688,basset_hound,True,dog,True,correct
basset_hound_161,basset_hound,dog,0.4,0.0735,basset_hound,True,dog,True,correct
basset_hound_161,basset_hound,dog,0.5,0.0817,basset_hound,True,dog,True,correct
basset_hound_161,basset_hound,dog,0.6,0.0811,basset_hound,True,dog,True,correct
basset_hound_161,basset_hound,dog,0.7,0.0858,basset_hound,True,dog,True,correct
basset_hound_161,basset_hound,dog,0.8,0.0961,basset_hound,True,dog,True,correct
basset_hound_161,basset_hound,dog,0.9,0.1155,basset_hound,True,dog,True,correct
basset_hound_161,basset_hound,dog,1.0,0.1069,basset_hound,True,dog,True,correct
boxer_12,boxer,dog,0.0,0.0,boxer,True,dog,True,correct
boxer_12,boxer,dog,0.1,0.0428,boxer,True,dog,True,correct
boxer_12,boxer,dog,0.2,0.0355,boxer,True,dog,True,correct
boxer_12,boxer,dog,0.3,0.0435,boxer,True,dog,True,correct
boxer_12,boxer,dog,0.4,0.0419,boxer,True,dog,True,correct
boxer_12,boxer,dog,0.5,0.0493,boxer,True,dog,True,correct
boxer_12,boxer,dog,0.6,0.0588,boxer,True,dog,True,correct
boxer_12,boxer,dog,0.7,0.0729,boxer,True,dog,True,correct
boxer_12,boxer,dog,0.8,0.0798,boxer,True,dog,True,correct
boxer_12,boxer,dog,0.9,0.0908,boxer,True,dog,True,correct
boxer_12,boxer,dog,1.0,0.1031,boxer,True,dog,True,correct
newfoundland_117,newfoundland,dog,0.0,0.0,newfoundland,True,dog,True,correct
newfoundland_117,newfoundland,dog,0.1,0.0539,newfoundland,True,dog,True,correct
newfoundland_117,newfoundland,dog,0.2,0.0889,newfoundland,True,dog,True,correct
newfoundland_117,newfoundland,dog,0.3,0.0853,newfoundland,True,dog,True,correct
newfoundland_117,newfoundland,dog,0.4,0.0917,newfoundland,True,dog,True,correct
newfoundland_117,newfoundland,dog,0.5,0.1091,newfoundland,True,dog,True,correct
newfoundland_117,newfoundland,dog,0.6,0.1279,newfoundland,True,dog,True,correct
newfoundland_117,newfoundland,dog,0.7,0.1183,newfoundland,True,dog,True,correct
newfoundland_117,newfoundland,dog,0.8,0.1326,newfoundland,True,dog,True,correct
newfoundland_117,newfoundland,dog,0.9,0.1432,newfoundland,True,dog,True,correct
newfoundland_117,newfoundland,dog,1.0,0.1316,newfoundland,True,dog,True,correct
leonberger_166,leonberger,dog,0.0,0.0,leonberger,True,dog,True,correct
leonberger_166,leonberger,dog,0.1,0.0176,leonberger,True,dog,True,correct
leonberger_166,leonberger,dog,0.2,0.0244,leonberger,True,dog,True,correct
leonberger_166,leonberger,dog,0.3,0.0286,leonberger,True,dog,True,correct
leonberger_166,leonberger,dog,0.4,0.0521,leonberger,True,dog,True,correct
leonberger_166,leonberger,dog,0.5,0.0485,leonberger,True,dog,True,correct
leonberger_166,leonberger,dog,0.6,0.0622,leonberger,True,dog,True,correct
leonberger_166,leonberger,dog,0.7,0.103,leonberger,True,dog,True,correct
leonberger_166,leonberger,dog,0.8,0.0926,leonberger,True,dog,True,correct
leonberger_166,leonberger,dog,0.9,0.1057,leonberger,True,dog,True,correct
leonberger_166,leonberger,dog,1.0,0.1018,leonberger,True,dog,True,correct
pug_123,pug,dog,0.0,0.0,pug,True,dog,True,correct
pug_123,pug,dog,0.1,0.0253,pug,True,dog,True,correct
pug_123,pug,dog,0.2,0.0474,pug,True,dog,True,correct
pug_123,pug,dog,0.3,0.061,pug,True,dog,True,correct
pug_123,pug,dog,0.4,0.0919,pug,True,dog,True,correct
pug_123,pug,dog,0.5,0.0856,pug,True,dog,True,correct
pug_123,pug,dog,0.6,0.0964,pug,True,dog,True,correct
pug_123,pug,dog,0.7,0.1073,pug,True,dog,True,correct
pug_123,pug,dog,0.8,0.1377,pug,True,dog,True,correct
pug_123,pug,dog,0.9,0.1203,pug,True,dog,True,correct
pug_123,pug,dog,1.0,0.1283,pug,True,dog,True,correct
boxer_159,boxer,dog,0.0,0.0,boxer,True,dog,True,correct
boxer_159,boxer,dog,0.1,0.058,boxer,True,dog,True,correct
boxer_159,boxer,dog,0.2,0.0699,boxer,True,dog,True,correct
boxer_159,boxer,dog,0.3,0.0748,boxer,True,dog,True,correct
boxer_159,boxer,dog,0.4,0.1005,boxer,True,dog,True,correct
boxer_159,boxer,dog,0.5,0.1223,boxer,True,dog,True,correct
boxer_159,boxer,dog,0.6,0.1415,boxer,True,dog,True,correct
boxer_159,boxer,dog,0.7,0.1522,boxer,True,dog,True,correct
boxer_159,boxer,dog,0.8,0.1599,boxer,True,dog,True,correct
boxer_159,boxer,dog,0.9,0.1846,boxer,True,dog,True,correct
boxer_159,boxer,dog,1.0,0.1767,boxer,True,dog,True,correct
British_Shorthair_100,british_shorthair,cat,0.0,0.0,british_shorthair,True,cat,True,correct
British_Shorthair_100,british_shorthair,cat,0.1,0.0515,british_shorthair,True,cat,True,correct
British_Shorthair_100,british_shorthair,cat,0.2,0.0438,british_shorthair,True,cat,True,correct
British_Shorthair_100,british_shorthair,cat,0.3,0.0506,british_shorthair,True,cat,True,correct
British_Shorthair_100,british_shorthair,cat,0.4,0.0872,british_shorthair,True,cat,True,correct
British_Shorthair_100,british_shorthair,cat,0.5,0.0985,british_shorthair,True,cat,True,correct
British_Shorthair_100,british_shorthair,cat,0.6,0.1038,british_shorthair,True,cat,True,correct
British_Shorthair_100,british_shorthair,cat,0.7,0.1496,british_shorthair,True,cat,True,correct
British_Shorthair_100,british_shorthair,cat,0.8,0.1242,british_shorthair,True,cat,True,correct
British_Shorthair_100,british_shorthair,cat,0.9,0.1442,british_shorthair,True,cat,True,correct
British_Shorthair_100,british_shorthair,cat,1.0,0.1856,british_shorthair,True,cat,True,correct
english_cocker_spaniel_115,english_cocker_spaniel,dog,0.0,0.0,english_cocker_spaniel,True,dog,True,correct
english_cocker_spaniel_115,english_cocker_spaniel,dog,0.1,0.0209,english_cocker_spaniel,True,dog,True,correct
english_cocker_spaniel_115,english_cocker_spaniel,dog,0.2,0.0365,english_cocker_spaniel,True,dog,True,correct
english_cocker_spaniel_115,english_cocker_spaniel,dog,0.3,0.0389,english_cocker_spaniel,True,dog,True,correct
english_cocker_spaniel_115,english_cocker_spaniel,dog,0.4,0.0578,english_cocker_spaniel,True,dog,True,correct
english_cocker_spaniel_115,english_cocker_spaniel,dog,0.5,0.0702,english_cocker_spaniel,True,dog,True,correct
english_cocker_spaniel_115,english_cocker_spaniel,dog,0.6,0.0796,english_cocker_spaniel,True,dog,True,correct
english_cocker_spaniel_115,english_cocker_spaniel,dog,0.7,0.1034,english_cocker_spaniel,True,dog,True,correct
english_cocker_spaniel_115,english_cocker_spaniel,dog,0.8,0.1342,english_cocker_spaniel,True,dog,True,correct
english_cocker_spaniel_115,english_cocker_spaniel,dog,0.9,0.1666,english_cocker_spaniel,True,dog,True,correct
english_cocker_spaniel_115,english_cocker_spaniel,dog,1.0,0.1599,english_cocker_spaniel,True,dog,True,correct
British_Shorthair_179,british_shorthair,cat,0.0,0.0,british_shorthair,True,cat,True,correct
British_Shorthair_179,british_shorthair,cat,0.1,0.0164,british_shorthair,True,cat,True,correct
British_Shorthair_179,british_shorthair,cat,0.2,0.0208,british_shorthair,True,cat,True,correct
British_Shorthair_179,british_shorthair,cat,0.3,0.0303,british_shorthair,True,cat,True,correct
British_Shorthair_179,british_shorthair,cat,0.4,0.0584,british_shorthair,True,cat,True,correct
British_Shorthair_179,british_shorthair,cat,0.5,0.047,british_shorthair,True,cat,True,correct
British_Shorthair_179,british_shorthair,cat,0.6,0.0718,russian_blue,False,cat,True,within_superclass
British_Shorthair_179,british_shorthair,cat,0.7,0.055,british_shorthair,True,cat,True,correct
British_Shorthair_179,british_shorthair,cat,0.8,0.0909,british_shorthair,True,cat,True,correct
British_Shorthair_179,british_shorthair,cat,0.9,0.0985,british_shorthair,True,cat,True,correct
British_Shorthair_179,british_shorthair,cat,1.0,0.1087,british_shorthair,True,cat,True,correct
american_bulldog_124,american_bulldog,dog,0.0,0.0,american_bulldog,True,dog,True,correct
american_bulldog_124,american_bulldog,dog,0.1,0.0215,american_pit_bull_terrier,False,dog,True,within_superclass
american_bulldog_124,american_bulldog,dog,0.2,0.0268,american_bulldog,True,dog,True,correct
american_bulldog_124,american_bulldog,dog,0.3,0.0334,american_pit_bull_terrier,False,dog,True,within_superclass
american_bulldog_124,american_bulldog,dog,0.4,0.0427,american_pit_bull_terrier,False,dog,True,within_superclass
american_bulldog_124,american_bulldog,dog,0.5,0.0516,american_bulldog,True,dog,True,correct
american_bulldog_124,american_bulldog,dog,0.6,0.0589,american_pit_bull_terrier,False,dog,True,within_superclass
american_bulldog_124,american_bulldog,dog,0.7,0.0936,american_pit_bull_terrier,False,dog,True,within_superclass
american_bulldog_124,american_bulldog,dog,0.8,0.0927,american_pit_bull_terrier,False,dog,True,within_superclass
american_bulldog_124,american_bulldog,dog,0.9,0.1071,american_pit_bull_terrier,False,dog,True,within_superclass
american_bulldog_124,american_bulldog,dog,1.0,0.1007,american_pit_bull_terrier,False,dog,True,within_superclass
Siamese_167,siamese,cat,0.0,0.0,siamese,True,cat,True,correct
Siamese_167,siamese,cat,0.1,0.016,siamese,True,cat,True,correct
Siamese_167,siamese,cat,0.2,0.0166,siamese,True,cat,True,correct
Siamese_167,siamese,cat,0.3,0.0233,siamese,True,cat,True,correct
Siamese_167,siamese,cat,0.4,0.0255,siamese,True,cat,True,correct
Siamese_167,siamese,cat,0.5,0.0306,siamese,True,cat,True,correct
Siamese_167,siamese,cat,0.6,0.0429,siamese,True,cat,True,correct
Siamese_167,siamese,cat,0.7,0.0487,siamese,True,cat,True,correct
Siamese_167,siamese,cat,0.8,0.0648,siamese,True,cat,True,correct
Siamese_167,siamese,cat,0.9,0.0797,siamese,True,cat,True,correct
Siamese_167,siamese,cat,1.0,0.0784,siamese,True,cat,True,correct
newfoundland_135,newfoundland,dog,0.0,0.0,newfoundland,True,dog,True,correct
newfoundland_135,newfoundland,dog,0.1,0.0274,newfoundland,True,dog,True,correct
newfoundland_135,newfoundland,dog,0.2,0.0332,newfoundland,True,dog,True,correct
newfoundland_135,newfoundland,dog,0.3,0.0407,newfoundland,True,dog,True,correct
newfoundland_135,newfoundland,dog,0.4,0.06,newfoundland,True,dog,True,correct
newfoundland_135,newfoundland,dog,0.5,0.0507,newfoundland,True,dog,True,correct
newfoundland_135,newfoundland,dog,0.6,0.074,newfoundland,True,dog,True,correct
newfoundland_135,newfoundland,dog,0.7,0.0645,newfoundland,True,dog,True,correct
newfoundland_135,newfoundland,dog,0.8,0.0833,newfoundland,True,dog,True,correct
newfoundland_135,newfoundland,dog,0.9,0.0959,newfoundland,True,dog,True,correct
newfoundland_135,newfoundland,dog,1.0,0.1082,newfoundland,True,dog,True,correct
german_shorthaired_176,german_shorthaired,dog,0.0,0.0,german_shorthaired,True,dog,True,correct
german_shorthaired_176,german_shorthaired,dog,0.1,0.0198,american_pit_bull_terrier,False,dog,True,within_superclass
german_shorthaired_176,german_shorthaired,dog,0.2,0.0267,german_shorthaired,True,dog,True,correct
german_shorthaired_176,german_shorthaired,dog,0.3,0.0409,german_shorthaired,True,dog,True,correct
german_shorthaired_176,german_shorthaired,dog,0.4,0.0455,german_shorthaired,True,dog,True,correct
german_shorthaired_176,german_shorthaired,dog,0.5,0.0763,german_shorthaired,True,dog,True,correct
german_shorthaired_176,german_shorthaired,dog,0.6,0.0922,american_pit_bull_terrier,False,dog,True,within_superclass
german_shorthaired_176,german_shorthaired,dog,0.7,0.1265,german_shorthaired,True,dog,True,correct
german_shorthaired_176,german_shorthaired,dog,0.8,0.118,german_shorthaired,True,dog,True,correct
german_shorthaired_176,german_shorthaired,dog,0.9,0.1732,german_shorthaired,True,dog,True,correct
german_shorthaired_176,german_shorthaired,dog,1.0,0.1512,german_shorthaired,True,dog,True,correct
British_Shorthair_189,british_shorthair,cat,0.0,0.0,british_shorthair,True,cat,True,correct
British_Shorthair_189,british_shorthair,cat,0.1,0.0224,british_shorthair,True,cat,True,correct
British_Shorthair_189,british_shorthair,cat,0.2,0.0183,british_shorthair,True,cat,True,correct
British_Shorthair_189,british_shorthair,cat,0.3,0.0235,british_shorthair,True,cat,True,correct
British_Shorthair_189,british_shorthair,cat,0.4,0.0377,british_shorthair,True,cat,True,correct
British_Shorthair_189,british_shorthair,cat,0.5,0.0388,british_shorthair,True,cat,True,correct
British_Shorthair_189,british_shorthair,cat,0.6,0.0528,british_shorthair,True,cat,True,correct
British_Shorthair_189,british_shorthair,cat,0.7,0.0596,british_shorthair,True,cat,True,correct
British_Shorthair_189,british_shorthair,cat,0.8,0.0812,british_shorthair,True,cat,True,correct
British_Shorthair_189,british_shorthair,cat,0.9,0.1162,british_shorthair,True,cat,True,correct
British_Shorthair_189,british_shorthair,cat,1.0,0.1221,british_shorthair,True,cat,True,correct
american_bulldog_14,american_bulldog,dog,0.0,0.0,american_bulldog,True,dog,True,correct
american_bulldog_14,american_bulldog,dog,0.1,0.025,american_bulldog,True,dog,True,correct
american_bulldog_14,american_bulldog,dog,0.2,0.0116,american_bulldog,True,dog,True,correct
american_bulldog_14,american_bulldog,dog,0.3,0.0243,american_bulldog,True,dog,True,correct
american_bulldog_14,american_bulldog,dog,0.4,0.0464,american_bulldog,True,dog,True,correct
american_bulldog_14,american_bulldog,dog,0.5,0.0343,american_bulldog,True,dog,True,correct
american_bulldog_14,american_bulldog,dog,0.6,0.0505,american_bulldog,True,dog,True,correct
american_bulldog_14,american_bulldog,dog,0.7,0.0526,american_bulldog,True,dog,True,correct
american_bulldog_14,american_bulldog,dog,0.8,0.0577,american_bulldog,True,dog,True,correct
american_bulldog_14,american_bulldog,dog,0.9,0.0841,american_bulldog,True,dog,True,correct
american_bulldog_14,american_bulldog,dog,1.0,0.0717,american_bulldog,True,dog,True,correct
Sphynx_202,sphynx,cat,0.0,0.0,sphynx,True,cat,True,correct
Sphynx_202,sphynx,cat,0.1,0.0199,sphynx,True,cat,True,correct
Sphynx_202,sphynx,cat,0.2,0.0411,sphynx,True,cat,True,correct
Sphynx_202,sphynx,cat,0.3,0.0569,sphynx,True,cat,True,correct
Sphynx_202,sphynx,cat,0.4,0.0701,sphynx,True,cat,True,correct
Sphynx_202,sphynx,cat,0.5,0.0843,sphynx,True,cat,True,correct
Sphynx_202,sphynx,cat,0.6,0.1198,abyssinian,False,cat,True,within_superclass
Sphynx_202,sphynx,cat,0.7,0.1347,sphynx,True,cat,True,correct
Sphynx_202,sphynx,cat,0.8,0.1396,sphynx,True,cat,True,correct
Sphynx_202,sphynx,cat,0.9,0.1712,egyptian_mau,False,cat,True,within_superclass
Sphynx_202,sphynx,cat,1.0,0.1851,sphynx,True,cat,True,correct
miniature_pinscher_160,miniature_pinscher,dog,0.0,0.0,miniature_pinscher,True,dog,True,correct
miniature_pinscher_160,miniature_pinscher,dog,0.1,0.036,miniature_pinscher,True,dog,True,correct
miniature_pinscher_160,miniature_pinscher,dog,0.2,0.0408,miniature_pinscher,True,dog,True,correct
miniature_pinscher_160,miniature_pinscher,dog,0.3,0.0476,miniature_pinscher,True,dog,True,correct
miniature_pinscher_160,miniature_pinscher,dog,0.4,0.0613,miniature_pinscher,True,dog,True,correct
miniature_pinscher_160,miniature_pinscher,dog,0.5,0.096,miniature_pinscher,True,dog,True,correct
miniature_pinscher_160,miniature_pinscher,dog,0.6,0.1086,miniature_pinscher,True,dog,True,correct
miniature_pinscher_160,miniature_pinscher,dog,0.7,0.0979,miniature_pinscher,True,dog,True,correct
miniature_pinscher_160,miniature_pinscher,dog,0.8,0.1194,miniature_pinscher,True,dog,True,correct
miniature_pinscher_160,miniature_pinscher,dog,0.9,0.1578,miniature_pinscher,True,dog,True,correct
miniature_pinscher_160,miniature_pinscher,dog,1.0,0.1552,miniature_pinscher,True,dog,True,correct
wheaten_terrier_142,wheaten_terrier,dog,0.0,0.0,wheaten_terrier,True,dog,True,correct
wheaten_terrier_142,wheaten_terrier,dog,0.1,0.0507,wheaten_terrier,True,dog,True,correct
wheaten_terrier_142,wheaten_terrier,dog,0.2,0.0572,wheaten_terrier,True,dog,True,correct
wheaten_terrier_142,wheaten_terrier,dog,0.3,0.0632,wheaten_terrier,True,dog,True,correct
wheaten_terrier_142,wheaten_terrier,dog,0.4,0.0737,wheaten_terrier,True,dog,True,correct
wheaten_terrier_142,wheaten_terrier,dog,0.5,0.068,wheaten_terrier,True,dog,True,correct
wheaten_terrier_142,wheaten_terrier,dog,0.6,0.0799,wheaten_terrier,True,dog,True,correct
wheaten_terrier_142,wheaten_terrier,dog,0.7,0.1013,wheaten_terrier,True,dog,True,correct
wheaten_terrier_142,wheaten_terrier,dog,0.8,0.089,wheaten_terrier,True,dog,True,correct
wheaten_terrier_142,wheaten_terrier,dog,0.9,0.1063,wheaten_terrier,True,dog,True,correct
wheaten_terrier_142,wheaten_terrier,dog,1.0,0.1043,wheaten_terrier,True,dog,True,correct
Birman_108,birman,cat,0.0,0.0,birman,True,cat,True,correct
Birman_108,birman,cat,0.1,0.0343,birman,True,cat,True,correct
Birman_108,birman,cat,0.2,0.0425,ragdoll,False,cat,True,within_superclass
Birman_108,birman,cat,0.3,0.0497,ragdoll,False,cat,True,within_superclass
Birman_108,birman,cat,0.4,0.074,ragdoll,False,cat,True,within_superclass
Birman_108,birman,cat,0.5,0.0835,birman,True,cat,True,correct
Birman_108,birman,cat,0.6,0.1042,ragdoll,False,cat,True,within_superclass
Birman_108,birman,cat,0.7,0.0968,ragdoll,False,cat,True,within_superclass
Birman_108,birman,cat,0.8,0.112,ragdoll,False,cat,True,within_superclass
Birman_108,birman,cat,0.9,0.104,ragdoll,False,cat,True,within_superclass
Birman_108,birman,cat,1.0,0.1095,siamese,False,cat,True,within_superclass
Ragdoll_18,ragdoll,cat,0.0,0.0,birman,False,cat,True,within_superclass
Ragdoll_18,ragdoll,cat,0.1,0.0304,birman,False,cat,True,within_superclass
Ragdoll_18,ragdoll,cat,0.2,0.0453,birman,False,cat,True,within_superclass
Ragdoll_18,ragdoll,cat,0.3,0.053,birman,False,cat,True,within_superclass
Ragdoll_18,ragdoll,cat,0.4,0.0772,birman,False,cat,True,within_superclass
Ragdoll_18,ragdoll,cat,0.5,0.0763,birman,False,cat,True,within_superclass
Ragdoll_18,ragdoll,cat,0.6,0.1009,birman,False,cat,True,within_superclass
Ragdoll_18,ragdoll,cat,0.7,0.1258,birman,False,cat,True,within_superclass
Ragdoll_18,ragdoll,cat,0.8,0.1018,birman,False,cat,True,within_superclass
Ragdoll_18,ragdoll,cat,0.9,0.1305,birman,False,cat,True,within_superclass
Ragdoll_18,ragdoll,cat,1.0,0.1254,birman,False,cat,True,within_superclass
leonberger_151,leonberger,dog,0.0,0.0,leonberger,True,dog,True,correct
leonberger_151,leonberger,dog,0.1,0.0188,leonberger,True,dog,True,correct
leonberger_151,leonberger,dog,0.2,0.0239,leonberger,True,dog,True,correct
leonberger_151,leonberger,dog,0.3,0.0443,leonberger,True,dog,True,correct
leonberger_151,leonberger,dog,0.4,0.0586,leonberger,True,dog,True,correct
leonberger_151,leonberger,dog,0.5,0.0633,leonberger,True,dog,True,correct
leonberger_151,leonberger,dog,0.6,0.084,leonberger,True,dog,True,correct
leonberger_151,leonberger,dog,0.7,0.079,leonberger,True,dog,True,correct
leonberger_151,leonberger,dog,0.8,0.0977,leonberger,True,dog,True,correct
leonberger_151,leonberger,dog,0.9,0.1104,leonberger,True,dog,True,correct
leonberger_151,leonberger,dog,1.0,0.1115,leonberger,True,dog,True,correct
keeshond_148,keeshond,dog,0.0,0.0,keeshond,True,dog,True,correct
keeshond_148,keeshond,dog,0.1,0.0295,keeshond,True,dog,True,correct
keeshond_148,keeshond,dog,0.2,0.0257,keeshond,True,dog,True,correct
keeshond_148,keeshond,dog,0.3,0.0259,keeshond,True,dog,True,correct
keeshond_148,keeshond,dog,0.4,0.032,keeshond,True,dog,True,correct
keeshond_148,keeshond,dog,0.5,0.0491,keeshond,True,dog,True,correct
keeshond_148,keeshond,dog,0.6,0.0528,keeshond,True,dog,True,correct
keeshond_148,keeshond,dog,0.7,0.0531,keeshond,True,dog,True,correct
keeshond_148,keeshond,dog,0.8,0.0602,keeshond,True,dog,True,correct
keeshond_148,keeshond,dog,0.9,0.0601,keeshond,True,dog,True,correct
keeshond_148,keeshond,dog,1.0,0.0819,keeshond,True,dog,True,correct
great_pyrenees_167,great_pyrenees,dog,0.0,0.0,great_pyrenees,True,dog,True,correct
great_pyrenees_167,great_pyrenees,dog,0.1,0.0363,great_pyrenees,True,dog,True,correct
great_pyrenees_167,great_pyrenees,dog,0.2,0.0334,great_pyrenees,True,dog,True,correct
great_pyrenees_167,great_pyrenees,dog,0.3,0.0384,great_pyrenees,True,dog,True,correct
great_pyrenees_167,great_pyrenees,dog,0.4,0.0766,great_pyrenees,True,dog,True,correct
great_pyrenees_167,great_pyrenees,dog,0.5,0.0964,great_pyrenees,True,dog,True,correct
great_pyrenees_167,great_pyrenees,dog,0.6,0.1092,english_cocker_spaniel,False,dog,True,within_superclass
great_pyrenees_167,great_pyrenees,dog,0.7,0.1229,english_cocker_spaniel,False,dog,True,within_superclass
great_pyrenees_167,great_pyrenees,dog,0.8,0.1182,great_pyrenees,True,dog,True,correct
great_pyrenees_167,great_pyrenees,dog,0.9,0.1078,great_pyrenees,True,dog,True,correct
great_pyrenees_167,great_pyrenees,dog,1.0,0.1364,great_pyrenees,True,dog,True,correct
chihuahua_166,chihuahua,dog,0.0,0.0,miniature_pinscher,False,dog,True,within_superclass
chihuahua_166,chihuahua,dog,0.1,0.0444,miniature_pinscher,False,dog,True,within_superclass
chihuahua_166,chihuahua,dog,0.2,0.0768,miniature_pinscher,False,dog,True,within_superclass
chihuahua_166,chihuahua,dog,0.3,0.0936,miniature_pinscher,False,dog,True,within_superclass
chihuahua_166,chihuahua,dog,0.4,0.0926,miniature_pinscher,False,dog,True,within_superclass
chihuahua_166,chihuahua,dog,0.5,0.0949,miniature_pinscher,False,dog,True,within_superclass
chihuahua_166,chihuahua,dog,0.6,0.1231,miniature_pinscher,False,dog,True,within_superclass
chihuahua_166,chihuahua,dog,0.7,0.124,miniature_pinscher,False,dog,True,within_superclass
chihuahua_166,chihuahua,dog,0.8,0.1217,miniature_pinscher,False,dog,True,within_superclass
chihuahua_166,chihuahua,dog,0.9,0.1566,miniature_pinscher,False,dog,True,within_superclass
chihuahua_166,chihuahua,dog,1.0,0.1991,chihuahua,True,dog,True,correct
pomeranian_10,pomeranian,dog,0.0,0.0,pomeranian,True,dog,True,correct
pomeranian_10,pomeranian,dog,0.1,0.0472,pomeranian,True,dog,True,correct
pomeranian_10,pomeranian,dog,0.2,0.0597,pomeranian,True,dog,True,correct
pomeranian_10,pomeranian,dog,0.3,0.084,pomeranian,True,dog,True,correct
pomeranian_10,pomeranian,dog,0.4,0.0881,pomeranian,True,dog,True,correct
pomeranian_10,pomeranian,dog,0.5,0.0885,pomeranian,True,dog,True,correct
pomeranian_10,pomeranian,dog,0.6,0.1037,pomeranian,True,dog,True,correct
pomeranian_10,pomeranian,dog,0.7,0.1092,pomeranian,True,dog,True,correct
pomeranian_10,pomeranian,dog,0.8,0.1244,pomeranian,True,dog,True,correct
pomeranian_10,pomeranian,dog,0.9,0.1477,pomeranian,True,dog,True,correct
pomeranian_10,pomeranian,dog,1.0,0.1431,pomeranian,True,dog,True,correct
havanese_183,havanese,dog,0.0,0.0,havanese,True,dog,True,correct
havanese_183,havanese,dog,0.1,0.0434,havanese,True,dog,True,correct
havanese_183,havanese,dog,0.2,0.0573,havanese,True,dog,True,correct
havanese_183,havanese,dog,0.3,0.0764,havanese,True,dog,True,correct
havanese_183,havanese,dog,0.4,0.0855,havanese,True,dog,True,correct
havanese_183,havanese,dog,0.5,0.1012,havanese,True,dog,True,correct
havanese_183,havanese,dog,0.6,0.1113,havanese,True,dog,True,correct
havanese_183,havanese,dog,0.7,0.1185,havanese,True,dog,True,correct
havanese_183,havanese,dog,0.8,0.1067,havanese,True,dog,True,correct
havanese_183,havanese,dog,0.9,0.153,havanese,True,dog,True,correct
havanese_183,havanese,dog,1.0,0.1406,havanese,True,dog,True,correct
Ragdoll_145,ragdoll,cat,0.0,0.0,ragdoll,True,cat,True,correct
Ragdoll_145,ragdoll,cat,0.1,0.1029,ragdoll,True,cat,True,correct
Ragdoll_145,ragdoll,cat,0.2,0.1396,ragdoll,True,cat,True,correct
Ragdoll_145,ragdoll,cat,0.3,0.1212,ragdoll,True,cat,True,correct
Ragdoll_145,ragdoll,cat,0.4,0.1364,ragdoll,True,cat,True,correct
Ragdoll_145,ragdoll,cat,0.5,0.1789,ragdoll,True,cat,True,correct
Ragdoll_145,ragdoll,cat,0.6,0.1812,ragdoll,True,cat,True,correct
Ragdoll_145,ragdoll,cat,0.7,0.2224,ragdoll,True,cat,True,correct
Ragdoll_145,ragdoll,cat,0.8,0.2014,ragdoll,True,cat,True,correct
Ragdoll_145,ragdoll,cat,0.9,0.253,ragdoll,True,cat,True,correct
Ragdoll_145,ragdoll,cat,1.0,0.2979,ragdoll,True,cat,True,correct
japanese_chin_180,japanese_chin,dog,0.0,0.0,japanese_chin,True,dog,True,correct
japanese_chin_180,japanese_chin,dog,0.1,0.0279,chihuahua,False,dog,True,within_superclass
japanese_chin_180,japanese_chin,dog,0.2,0.0303,japanese_chin,True,dog,True,correct
japanese_chin_180,japanese_chin,dog,0.3,0.041,chihuahua,False,dog,True,within_superclass
japanese_chin_180,japanese_chin,dog,0.4,0.0596,chihuahua,False,dog,True,within_superclass
japanese_chin_180,japanese_chin,dog,0.5,0.0686,chihuahua,False,dog,True,within_superclass
japanese_chin_180,japanese_chin,dog,0.6,0.0873,chihuahua,False,dog,True,within_superclass
japanese_chin_180,japanese_chin,dog,0.7,0.0858,chihuahua,False,dog,True,within_superclass
japanese_chin_180,japanese_chin,dog,0.8,0.0844,chihuahua,False,dog,True,within_superclass
japanese_chin_180,japanese_chin,dog,0.9,0.103,chihuahua,False,dog,True,within_superclass
japanese_chin_180,japanese_chin,dog,1.0,0.119,chihuahua,False,dog,True,within_superclass
Russian_Blue_103,russian_blue,cat,0.0,0.0,russian_blue,True,cat,True,correct
Russian_Blue_103,russian_blue,cat,0.1,0.0432,russian_blue,True,cat,True,correct
Russian_Blue_103,russian_blue,cat,0.2,0.0354,russian_blue,True,cat,True,correct
Russian_Blue_103,russian_blue,cat,0.3,0.0377,russian_blue,True,cat,True,correct
Russian_Blue_103,russian_blue,cat,0.4,0.044,russian_blue,True,cat,True,correct
Russian_Blue_103,russian_blue,cat,0.5,0.0563,russian_blue,True,cat,True,correct
Russian_Blue_103,russian_blue,cat,0.6,0.0545,russian_blue,True,cat,True,correct
Russian_Blue_103,russian_blue,cat,0.7,0.0833,russian_blue,True,cat,True,correct
Russian_Blue_103,russian_blue,cat,0.8,0.092,russian_blue,True,cat,True,correct
Russian_Blue_103,russian_blue,cat,0.9,0.1082,russian_blue,True,cat,True,correct
Russian_Blue_103,russian_blue,cat,1.0,0.1253,british_shorthair,False,cat,True,within_superclass
yorkshire_terrier_160,yorkshire_terrier,dog,0.0,0.0,yorkshire_terrier,True,dog,True,correct
yorkshire_terrier_160,yorkshire_terrier,dog,0.1,0.0611,yorkshire_terrier,True,dog,True,correct
yorkshire_terrier_160,yorkshire_terrier,dog,0.2,0.0641,yorkshire_terrier,True,dog,True,correct
yorkshire_terrier_160,yorkshire_terrier,dog,0.3,0.0656,yorkshire_terrier,True,dog,True,correct
yorkshire_terrier_160,yorkshire_terrier,dog,0.4,0.0771,yorkshire_terrier,True,dog,True,correct
yorkshire_terrier_160,yorkshire_terrier,dog,0.5,0.0774,yorkshire_terrier,True,dog,True,correct
yorkshire_terrier_160,yorkshire_terrier,dog,0.6,0.0897,yorkshire_terrier,True,dog,True,correct
yorkshire_terrier_160,yorkshire_terrier,dog,0.7,0.0963,yorkshire_terrier,True,dog,True,correct
yorkshire_terrier_160,yorkshire_terrier,dog,0.8,0.1081,yorkshire_terrier,True,dog,True,correct
yorkshire_terrier_160,yorkshire_terrier,dog,0.9,0.115,yorkshire_terrier,True,dog,True,correct
yorkshire_terrier_160,yorkshire_terrier,dog,1.0,0.1224,yorkshire_terrier,True,dog,True,correct
leonberger_180,leonberger,dog,0.0,0.0,leonberger,True,dog,True,correct
leonberger_180,leonberger,dog,0.1,0.0346,leonberger,True,dog,True,correct
leonberger_180,leonberger,dog,0.2,0.0437,leonberger,True,dog,True,correct
leonberger_180,leonberger,dog,0.3,0.0461,leonberger,True,dog,True,correct
leonberger_180,leonberger,dog,0.4,0.059,leonberger,True,dog,True,correct
leonberger_180,leonberger,dog,0.5,0.064,leonberger,True,dog,True,correct
leonberger_180,leonberger,dog,0.6,0.0736,leonberger,True,dog,True,correct
leonberger_180,leonberger,dog,0.7,0.0828,leonberger,True,dog,True,correct
leonberger_180,leonberger,dog,0.8,0.0784,wheaten_terrier,False,dog,True,within_superclass
leonberger_180,leonberger,dog,0.9,0.1134,newfoundland,False,dog,True,within_superclass
leonberger_180,leonberger,dog,1.0,0.101,wheaten_terrier,False,dog,True,within_superclass
pug_10,pug,dog,0.0,0.0,pug,True,dog,True,correct
pug_10,pug,dog,0.1,0.0303,pug,True,dog,True,correct
pug_10,pug,dog,0.2,0.0406,pug,True,dog,True,correct
pug_10,pug,dog,0.3,0.0495,pug,True,dog,True,correct
pug_10,pug,dog,0.4,0.0668,pug,True,dog,True,correct
pug_10,pug,dog,0.5,0.1011,pug,True,dog,True,correct
pug_10,pug,dog,0.6,0.1291,pug,True,dog,True,correct
pug_10,pug,dog,0.7,0.158,pug,True,dog,True,correct
pug_10,pug,dog,0.8,0.1687,pug,True,dog,True,correct
pug_10,pug,dog,0.9,0.1776,pug,True,dog,True,correct
pug_10,pug,dog,1.0,0.1716,pug,True,dog,True,correct
newfoundland_13,newfoundland,dog,0.0,0.0,newfoundland,True,dog,True,correct
newfoundland_13,newfoundland,dog,0.1,0.0357,newfoundland,True,dog,True,correct
newfoundland_13,newfoundland,dog,0.2,0.0464,newfoundland,True,dog,True,correct
newfoundland_13,newfoundland,dog,0.3,0.0649,newfoundland,True,dog,True,correct
newfoundland_13,newfoundland,dog,0.4,0.0749,newfoundland,True,dog,True,correct
newfoundland_13,newfoundland,dog,0.5,0.1049,newfoundland,True,dog,True,correct
newfoundland_13,newfoundland,dog,0.6,0.0878,newfoundland,True,dog,True,correct
newfoundland_13,newfoundland,dog,0.7,0.0922,newfoundland,True,dog,True,correct
newfoundland_13,newfoundland,dog,0.8,0.1394,newfoundland,True,dog,True,correct
newfoundland_13,newfoundland,dog,0.9,0.1341,newfoundland,True,dog,True,correct
newfoundland_13,newfoundland,dog,1.0,0.2,newfoundland,True,dog,True,correct
japanese_chin_132,japanese_chin,dog,0.0,0.0,japanese_chin,True,dog,True,correct
japanese_chin_132,japanese_chin,dog,0.1,0.0299,japanese_chin,True,dog,True,correct
japanese_chin_132,japanese_chin,dog,0.2,0.0527,japanese_chin,True,dog,True,correct
japanese_chin_132,japanese_chin,dog,0.3,0.0474,japanese_chin,True,dog,True,correct
japanese_chin_132,japanese_chin,dog,0.4,0.0497,japanese_chin,True,dog,True,correct
japanese_chin_132,japanese_chin,dog,0.5,0.0628,japanese_chin,True,dog,True,correct
japanese_chin_132,japanese_chin,dog,0.6,0.071,japanese_chin,True,dog,True,correct
japanese_chin_132,japanese_chin,dog,0.7,0.0898,japanese_chin,True,dog,True,correct
japanese_chin_132,japanese_chin,dog,0.8,0.1408,japanese_chin,True,dog,True,correct
japanese_chin_132,japanese_chin,dog,0.9,0.1202,japanese_chin,True,dog,True,correct
japanese_chin_132,japanese_chin,dog,1.0,0.1045,japanese_chin,True,dog,True,correct
Egyptian_Mau_138,egyptian_mau,cat,0.0,0.0,egyptian_mau,True,cat,True,correct
Egyptian_Mau_138,egyptian_mau,cat,0.1,0.0372,bengal,False,cat,True,within_superclass
Egyptian_Mau_138,egyptian_mau,cat,0.2,0.0447,bengal,False,cat,True,within_superclass
Egyptian_Mau_138,egyptian_mau,cat,0.3,0.05,bengal,False,cat,True,within_superclass
Egyptian_Mau_138,egyptian_mau,cat,0.4,0.0476,bengal,False,cat,True,within_superclass
Egyptian_Mau_138,egyptian_mau,cat,0.5,0.0603,bengal,False,cat,True,within_superclass
Egyptian_Mau_138,egyptian_mau,cat,0.6,0.074,bengal,False,cat,True,within_superclass
Egyptian_Mau_138,egyptian_mau,cat,0.7,0.0691,bengal,False,cat,True,within_superclass
Egyptian_Mau_138,egyptian_mau,cat,0.8,0.0876,bengal,False,cat,True,within_superclass
Egyptian_Mau_138,egyptian_mau,cat,0.9,0.0954,bengal,False,cat,True,within_superclass
Egyptian_Mau_138,egyptian_mau,cat,1.0,0.1225,bengal,False,cat,True,within_superclass
english_setter_103,english_setter,dog,0.0,0.0,english_cocker_spaniel,False,dog,True,within_superclass
english_setter_103,english_setter,dog,0.1,0.032,english_cocker_spaniel,False,dog,True,within_superclass
english_setter_103,english_setter,dog,0.2,0.0453,english_cocker_spaniel,False,dog,True,within_superclass
english_setter_103,english_setter,dog,0.3,0.0649,english_cocker_spaniel,False,dog,True,within_superclass
english_setter_103,english_setter,dog,0.4,0.0897,english_cocker_spaniel,False,dog,True,within_superclass
english_setter_103,english_setter,dog,0.5,0.0973,english_cocker_spaniel,False,dog,True,within_superclass
english_setter_103,english_setter,dog,0.6,0.1224,english_cocker_spaniel,False,dog,True,within_superclass
english_setter_103,english_setter,dog,0.7,0.1226,english_cocker_spaniel,False,dog,True,within_superclass
english_setter_103,english_setter,dog,0.8,0.1577,english_cocker_spaniel,False,dog,True,within_superclass
english_setter_103,english_setter,dog,0.9,0.1355,english_cocker_spaniel,False,dog,True,within_superclass
english_setter_103,english_setter,dog,1.0,0.1665,basset_hound,False,dog,True,within_superclass
newfoundland_123,newfoundland,dog,0.0,0.0,newfoundland,True,dog,True,correct
newfoundland_123,newfoundland,dog,0.1,0.0654,newfoundland,True,dog,True,correct
newfoundland_123,newfoundland,dog,0.2,0.0587,newfoundland,True,dog,True,correct
newfoundland_123,newfoundland,dog,0.3,0.0608,newfoundland,True,dog,True,correct
newfoundland_123,newfoundland,dog,0.4,0.0818,newfoundland,True,dog,True,correct
newfoundland_123,newfoundland,dog,0.5,0.0888,newfoundland,True,dog,True,correct
newfoundland_123,newfoundland,dog,0.6,0.1085,newfoundland,True,dog,True,correct
newfoundland_123,newfoundland,dog,0.7,0.108,newfoundland,True,dog,True,correct
newfoundland_123,newfoundland,dog,0.8,0.1097,newfoundland,True,dog,True,correct
newfoundland_123,newfoundland,dog,0.9,0.1311,newfoundland,True,dog,True,correct
newfoundland_123,newfoundland,dog,1.0,0.1466,newfoundland,True,dog,True,correct
pug_155,pug,dog,0.0,0.0,pug,True,dog,True,correct
pug_155,pug,dog,0.1,0.0629,pug,True,dog,True,correct
pug_155,pug,dog,0.2,0.0855,pug,True,dog,True,correct
pug_155,pug,dog,0.3,0.0818,pug,True,dog,True,correct
pug_155,pug,dog,0.4,0.0872,pug,True,dog,True,correct
pug_155,pug,dog,0.5,0.1129,pug,True,dog,True,correct
pug_155,pug,dog,0.6,0.0978,pug,True,dog,True,correct
pug_155,pug,dog,0.7,0.1075,pug,True,dog,True,correct
pug_155,pug,dog,0.8,0.1278,pug,True,dog,True,correct
pug_155,pug,dog,0.9,0.1356,pug,True,dog,True,correct
pug_155,pug,dog,1.0,0.2038,pug,True,dog,True,correct
keeshond_147,keeshond,dog,0.0,0.0,keeshond,True,dog,True,correct
keeshond_147,keeshond,dog,0.1,0.0683,keeshond,True,dog,True,correct
keeshond_147,keeshond,dog,0.2,0.0441,keeshond,True,dog,True,correct
keeshond_147,keeshond,dog,0.3,0.0641,keeshond,True,dog,True,correct
keeshond_147,keeshond,dog,0.4,0.064,keeshond,True,dog,True,correct
keeshond_147,keeshond,dog,0.5,0.0802,keeshond,True,dog,True,correct
keeshond_147,keeshond,dog,0.6,0.089,keeshond,True,dog,True,correct
keeshond_147,keeshond,dog,0.7,0.0986,keeshond,True,dog,True,correct
keeshond_147,keeshond,dog,0.8,0.1257,keeshond,True,dog,True,correct
keeshond_147,keeshond,dog,0.9,0.1326,keeshond,True,dog,True,correct
keeshond_147,keeshond,dog,1.0,0.138,keeshond,True,dog,True,correct
Bengal_103,bengal,cat,0.0,0.0,bengal,True,cat,True,correct
Bengal_103,bengal,cat,0.1,0.0235,bengal,True,cat,True,correct
Bengal_103,bengal,cat,0.2,0.028,bengal,True,cat,True,correct
Bengal_103,bengal,cat,0.3,0.0329,bengal,True,cat,True,correct
Bengal_103,bengal,cat,0.4,0.0466,bengal,True,cat,True,correct
Bengal_103,bengal,cat,0.5,0.0434,bengal,True,cat,True,correct
Bengal_103,bengal,cat,0.6,0.0447,bengal,True,cat,True,correct
Bengal_103,bengal,cat,0.7,0.0572,bengal,True,cat,True,correct
Bengal_103,bengal,cat,0.8,0.0616,bengal,True,cat,True,correct
Bengal_103,bengal,cat,0.9,0.0734,bengal,True,cat,True,correct
Bengal_103,bengal,cat,1.0,0.0938,bengal,True,cat,True,correct
havanese_150,havanese,dog,0.0,0.0,havanese,True,dog,True,correct
havanese_150,havanese,dog,0.1,0.0204,havanese,True,dog,True,correct
havanese_150,havanese,dog,0.2,0.0378,havanese,True,dog,True,correct
havanese_150,havanese,dog,0.3,0.0492,havanese,True,dog,True,correct
havanese_150,havanese,dog,0.4,0.0591,havanese,True,dog,True,correct
havanese_150,havanese,dog,0.5,0.072,havanese,True,dog,True,correct
havanese_150,havanese,dog,0.6,0.0833,havanese,True,dog,True,correct
havanese_150,havanese,dog,0.7,0.0874,havanese,True,dog,True,correct
havanese_150,havanese,dog,0.8,0.1073,havanese,True,dog,True,correct
havanese_150,havanese,dog,0.9,0.1134,havanese,True,dog,True,correct
havanese_150,havanese,dog,1.0,0.1164,havanese,True,dog,True,correct
keeshond_164,keeshond,dog,0.0,0.0,keeshond,True,dog,True,correct
keeshond_164,keeshond,dog,0.1,0.028,keeshond,True,dog,True,correct
keeshond_164,keeshond,dog,0.2,0.015,keeshond,True,dog,True,correct
keeshond_164,keeshond,dog,0.3,0.0195,keeshond,True,dog,True,correct
keeshond_164,keeshond,dog,0.4,0.0313,keeshond,True,dog,True,correct
keeshond_164,keeshond,dog,0.5,0.0349,keeshond,True,dog,True,correct
keeshond_164,keeshond,dog,0.6,0.0451,keeshond,True,dog,True,correct
keeshond_164,keeshond,dog,0.7,0.0599,keeshond,True,dog,True,correct
keeshond_164,keeshond,dog,0.8,0.0639,keeshond,True,dog,True,correct
keeshond_164,keeshond,dog,0.9,0.0691,keeshond,True,dog,True,correct
keeshond_164,keeshond,dog,1.0,0.1076,keeshond,True,dog,True,correct
Siamese_14,siamese,cat,0.0,0.0,siamese,True,cat,True,correct
Siamese_14,siamese,cat,0.1,0.069,siamese,True,cat,True,correct
Siamese_14,siamese,cat,0.2,0.0947,siamese,True,cat,True,correct
Siamese_14,siamese,cat,0.3,0.1112,siamese,True,cat,True,correct
Siamese_14,siamese,cat,0.4,0.141,siamese,True,cat,True,correct
Siamese_14,siamese,cat,0.5,0.1497,siamese,True,cat,True,correct
Siamese_14,siamese,cat,0.6,0.1782,siamese,True,cat,True,correct
Siamese_14,siamese,cat,0.7,0.1844,siamese,True,cat,True,correct
Siamese_14,siamese,cat,0.8,0.1949,siamese,True,cat,True,correct
Siamese_14,siamese,cat,0.9,0.205,siamese,True,cat,True,correct
Siamese_14,siamese,cat,1.0,0.2154,siamese,True,cat,True,correct
scottish_terrier_167,scottish_terrier,dog,0.0,0.0,scottish_terrier,True,dog,True,correct
scottish_terrier_167,scottish_terrier,dog,0.1,0.0431,scottish_terrier,True,dog,True,correct
scottish_terrier_167,scottish_terrier,dog,0.2,0.0508,scottish_terrier,True,dog,True,correct
scottish_terrier_167,scottish_terrier,dog,0.3,0.0545,scottish_terrier,True,dog,True,correct
scottish_terrier_167,scottish_terrier,dog,0.4,0.0731,scottish_terrier,True,dog,True,correct
scottish_terrier_167,scottish_terrier,dog,0.5,0.088,scottish_terrier,True,dog,True,correct
scottish_terrier_167,scottish_terrier,dog,0.6,0.1072,scottish_terrier,True,dog,True,correct
scottish_terrier_167,scottish_terrier,dog,0.7,0.1104,scottish_terrier,True,dog,True,correct
scottish_terrier_167,scottish_terrier,dog,0.8,0.1105,scottish_terrier,True,dog,True,correct
scottish_terrier_167,scottish_terrier,dog,0.9,0.1348,scottish_terrier,True,dog,True,correct
scottish_terrier_167,scottish_terrier,dog,1.0,0.1475,scottish_terrier,True,dog,True,correct
shiba_inu_178,shiba_inu,dog,0.0,0.0,shiba_inu,True,dog,True,correct
shiba_inu_178,shiba_inu,dog,0.1,0.0211,shiba_inu,True,dog,True,correct
shiba_inu_178,shiba_inu,dog,0.2,0.0383,shiba_inu,True,dog,True,correct
shiba_inu_178,shiba_inu,dog,0.3,0.0503,shiba_inu,True,dog,True,correct
shiba_inu_178,shiba_inu,dog,0.4,0.0582,shiba_inu,True,dog,True,correct
shiba_inu_178,shiba_inu,dog,0.5,0.0819,shiba_inu,True,dog,True,correct
shiba_inu_178,shiba_inu,dog,0.6,0.0726,shiba_inu,True,dog,True,correct
shiba_inu_178,shiba_inu,dog,0.7,0.0943,shiba_inu,True,dog,True,correct
shiba_inu_178,shiba_inu,dog,0.8,0.1091,shiba_inu,True,dog,True,correct
shiba_inu_178,shiba_inu,dog,0.9,0.131,shiba_inu,True,dog,True,correct
shiba_inu_178,shiba_inu,dog,1.0,0.1333,shiba_inu,True,dog,True,correct
shiba_inu_119,shiba_inu,dog,0.0,0.0,shiba_inu,True,dog,True,correct
shiba_inu_119,shiba_inu,dog,0.1,0.0353,shiba_inu,True,dog,True,correct
shiba_inu_119,shiba_inu,dog,0.2,0.0578,shiba_inu,True,dog,True,correct
shiba_inu_119,shiba_inu,dog,0.3,0.0624,shiba_inu,True,dog,True,correct
shiba_inu_119,shiba_inu,dog,0.4,0.0943,shiba_inu,True,dog,True,correct
shiba_inu_119,shiba_inu,dog,0.5,0.0972,shiba_inu,True,dog,True,correct
shiba_inu_119,shiba_inu,dog,0.6,0.0958,shiba_inu,True,dog,True,correct
shiba_inu_119,shiba_inu,dog,0.7,0.1242,shiba_inu,True,dog,True,correct
shiba_inu_119,shiba_inu,dog,0.8,0.1533,shiba_inu,True,dog,True,correct
shiba_inu_119,shiba_inu,dog,0.9,0.1556,shiba_inu,True,dog,True,correct
shiba_inu_119,shiba_inu,dog,1.0,0.179,shiba_inu,True,dog,True,correct
beagle_178,beagle,dog,0.0,0.0,basset_hound,False,dog,True,within_superclass
beagle_178,beagle,dog,0.1,0.0148,beagle,True,dog,True,correct
beagle_178,beagle,dog,0.2,0.0159,basset_hound,False,dog,True,within_superclass
beagle_178,beagle,dog,0.3,0.0217,basset_hound,False,dog,True,within_superclass
beagle_178,beagle,dog,0.4,0.0245,basset_hound,False,dog,True,within_superclass
beagle_178,beagle,dog,0.5,0.0282,basset_hound,False,dog,True,within_superclass
beagle_178,beagle,dog,0.6,0.0392,beagle,True,dog,True,correct
beagle_178,beagle,dog,0.7,0.0429,beagle,True,dog,True,correct
beagle_178,beagle,dog,0.8,0.0539,beagle,True,dog,True,correct
beagle_178,beagle,dog,0.9,0.0493,beagle,True,dog,True,correct
beagle_178,beagle,dog,1.0,0.0502,beagle,True,dog,True,correct
miniature_pinscher_109,miniature_pinscher,dog,0.0,0.0,chihuahua,False,dog,True,within_superclass
miniature_pinscher_109,miniature_pinscher,dog,0.1,0.0153,chihuahua,False,dog,True,within_superclass
miniature_pinscher_109,miniature_pinscher,dog,0.2,0.0261,chihuahua,False,dog,True,within_superclass
miniature_pinscher_109,miniature_pinscher,dog,0.3,0.0305,miniature_pinscher,True,dog,True,correct
miniature_pinscher_109,miniature_pinscher,dog,0.4,0.0345,chihuahua,False,dog,True,within_superclass
miniature_pinscher_109,miniature_pinscher,dog,0.5,0.0462,chihuahua,False,dog,True,within_superclass
miniature_pinscher_109,miniature_pinscher,dog,0.6,0.0466,chihuahua,False,dog,True,within_superclass
miniature_pinscher_109,miniature_pinscher,dog,0.7,0.0485,miniature_pinscher,True,dog,True,correct
miniature_pinscher_109,miniature_pinscher,dog,0.8,0.0624,chihuahua,False,dog,True,within_superclass
miniature_pinscher_109,miniature_pinscher,dog,0.9,0.0859,miniature_pinscher,True,dog,True,correct
miniature_pinscher_109,miniature_pinscher,dog,1.0,0.0726,chihuahua,False,dog,True,within_superclass
havanese_172,havanese,dog,0.0,0.0,havanese,True,dog,True,correct
havanese_172,havanese,dog,0.1,0.0098,havanese,True,dog,True,correct
havanese_172,havanese,dog,0.2,0.0188,havanese,True,dog,True,correct
havanese_172,havanese,dog,0.3,0.0257,havanese,True,dog,True,correct
havanese_172,havanese,dog,0.4,0.0371,havanese,True,dog,True,correct
havanese_172,havanese,dog,0.5,0.0543,wheaten_terrier,False,dog,True,within_superclass
havanese_172,havanese,dog,0.6,0.0613,wheaten_terrier,False,dog,True,within_superclass
havanese_172,havanese,dog,0.7,0.095,wheaten_terrier,False,dog,True,within_superclass
havanese_172,havanese,dog,0.8,0.1041,wheaten_terrier,False,dog,True,within_superclass
havanese_172,havanese,dog,0.9,0.1133,wheaten_terrier,False,dog,True,within_superclass
havanese_172,havanese,dog,1.0,0.1377,wheaten_terrier,False,dog,True,within_superclass
Russian_Blue_100,russian_blue,cat,0.0,0.0,russian_blue,True,cat,True,correct
Russian_Blue_100,russian_blue,cat,0.1,0.0327,russian_blue,True,cat,True,correct
Russian_Blue_100,russian_blue,cat,0.2,0.0434,russian_blue,True,cat,True,correct
Russian_Blue_100,russian_blue,cat,0.3,0.0457,russian_blue,True,cat,True,correct
Russian_Blue_100,russian_blue,cat,0.4,0.0516,russian_blue,True,cat,True,correct
Russian_Blue_100,russian_blue,cat,0.5,0.061,russian_blue,True,cat,True,correct
Russian_Blue_100,russian_blue,cat,0.6,0.0622,russian_blue,True,cat,True,correct
Russian_Blue_100,russian_blue,cat,0.7,0.068,russian_blue,True,cat,True,correct
Russian_Blue_100,russian_blue,cat,0.8,0.0639,russian_blue,True,cat,True,correct
Russian_Blue_100,russian_blue,cat,0.9,0.0842,russian_blue,True,cat,True,correct
Russian_Blue_100,russian_blue,cat,1.0,0.0924,russian_blue,True,cat,True,correct
havanese_117,havanese,dog,0.0,0.0,havanese,True,dog,True,correct
havanese_117,havanese,dog,0.1,0.0597,havanese,True,dog,True,correct
havanese_117,havanese,dog,0.2,0.0343,havanese,True,dog,True,correct
havanese_117,havanese,dog,0.3,0.0392,havanese,True,dog,True,correct
havanese_117,havanese,dog,0.4,0.0508,havanese,True,dog,True,correct
havanese_117,havanese,dog,0.5,0.0615,havanese,True,dog,True,correct
havanese_117,havanese,dog,0.6,0.0841,havanese,True,dog,True,correct
havanese_117,havanese,dog,0.7,0.0915,havanese,True,dog,True,correct
havanese_117,havanese,dog,0.8,0.1163,havanese,True,dog,True,correct
havanese_117,havanese,dog,0.9,0.1288,havanese,True,dog,True,correct
havanese_117,havanese,dog,1.0,0.1521,havanese,True,dog,True,correct
german_shorthaired_180,german_shorthaired,dog,0.0,0.0,german_shorthaired,True,dog,True,correct
german_shorthaired_180,german_shorthaired,dog,0.1,0.0107,german_shorthaired,True,dog,True,correct
german_shorthaired_180,german_shorthaired,dog,0.2,0.0249,german_shorthaired,True,dog,True,correct
german_shorthaired_180,german_shorthaired,dog,0.3,0.0466,german_shorthaired,True,dog,True,correct
german_shorthaired_180,german_shorthaired,dog,0.4,0.059,german_shorthaired,True,dog,True,correct
german_shorthaired_180,german_shorthaired,dog,0.5,0.0633,german_shorthaired,True,dog,True,correct
german_shorthaired_180,german_shorthaired,dog,0.6,0.0698,german_shorthaired,True,dog,True,correct
german_shorthaired_180,german_shorthaired,dog,0.7,0.0604,german_shorthaired,True,dog,True,correct
german_shorthaired_180,german_shorthaired,dog,0.8,0.0729,german_shorthaired,True,dog,True,correct
german_shorthaired_180,german_shorthaired,dog,0.9,0.0727,german_shorthaired,True,dog,True,correct
german_shorthaired_180,german_shorthaired,dog,1.0,0.0832,german_shorthaired,True,dog,True,correct
american_bulldog_161,american_bulldog,dog,0.0,0.0,american_bulldog,True,dog,True,correct
american_bulldog_161,american_bulldog,dog,0.1,0.0383,american_bulldog,True,dog,True,correct
american_bulldog_161,american_bulldog,dog,0.2,0.0767,american_bulldog,True,dog,True,correct
american_bulldog_161,american_bulldog,dog,0.3,0.0844,american_bulldog,True,dog,True,correct
american_bulldog_161,american_bulldog,dog,0.4,0.1156,american_bulldog,True,dog,True,correct
american_bulldog_161,american_bulldog,dog,0.5,0.1282,american_bulldog,True,dog,True,correct
american_bulldog_161,american_bulldog,dog,0.6,0.1178,american_bulldog,True,dog,True,correct
american_bulldog_161,american_bulldog,dog,0.7,0.1206,american_bulldog,True,dog,True,correct
american_bulldog_161,american_bulldog,dog,0.8,0.1087,american_bulldog,True,dog,True,correct
american_bulldog_161,american_bulldog,dog,0.9,0.1151,american_bulldog,True,dog,True,correct
american_bulldog_161,american_bulldog,dog,1.0,0.1387,american_bulldog,True,dog,True,correct
boxer_146,boxer,dog,0.0,0.0,boxer,True,dog,True,correct
boxer_146,boxer,dog,0.1,0.052,boxer,True,dog,True,correct
boxer_146,boxer,dog,0.2,0.078,boxer,True,dog,True,correct
boxer_146,boxer,dog,0.3,0.0741,boxer,True,dog,True,correct
boxer_146,boxer,dog,0.4,0.0959,boxer,True,dog,True,correct
boxer_146,boxer,dog,0.5,0.088,boxer,True,dog,True,correct
boxer_146,boxer,dog,0.6,0.1149,boxer,True,dog,True,correct
boxer_146,boxer,dog,0.7,0.1091,boxer,True,dog,True,correct
boxer_146,boxer,dog,0.8,0.1087,boxer,True,dog,True,correct
boxer_146,boxer,dog,0.9,0.1329,boxer,True,dog,True,correct
boxer_146,boxer,dog,1.0,0.1281,boxer,True,dog,True,correct
american_bulldog_106,american_bulldog,dog,0.0,0.0,american_bulldog,True,dog,True,correct
american_bulldog_106,american_bulldog,dog,0.1,0.0212,american_bulldog,True,dog,True,correct
american_bulldog_106,american_bulldog,dog,0.2,0.0238,american_bulldog,True,dog,True,correct
american_bulldog_106,american_bulldog,dog,0.3,0.0602,american_bulldog,True,dog,True,correct
american_bulldog_106,american_bulldog,dog,0.4,0.0477,american_bulldog,True,dog,True,correct
american_bulldog_106,american_bulldog,dog,0.5,0.0637,american_bulldog,True,dog,True,correct
american_bulldog_106,american_bulldog,dog,0.6,0.056,american_bulldog,True,dog,True,correct
american_bulldog_106,american_bulldog,dog,0.7,0.0626,american_bulldog,True,dog,True,correct
american_bulldog_106,american_bulldog,dog,0.8,0.0705,american_bulldog,True,dog,True,correct
american_bulldog_106,american_bulldog,dog,0.9,0.1231,american_bulldog,True,dog,True,correct
american_bulldog_106,american_bulldog,dog,1.0,0.1326,american_bulldog,True,dog,True,correct
pug_11,pug,dog,0.0,0.0,pug,True,dog,True,correct
pug_11,pug,dog,0.1,0.0197,pug,True,dog,True,correct
pug_11,pug,dog,0.2,0.0306,pug,True,dog,True,correct
pug_11,pug,dog,0.3,0.0353,pug,True,dog,True,correct
pug_11,pug,dog,0.4,0.048,pug,True,dog,True,correct
pug_11,pug,dog,0.5,0.0578,pug,True,dog,True,correct
pug_11,pug,dog,0.6,0.0568,pug,True,dog,True,correct
pug_11,pug,dog,0.7,0.0759,pug,True,dog,True,correct
pug_11,pug,dog,0.8,0.0817,pug,True,dog,True,correct
pug_11,pug,dog,0.9,0.0899,pug,True,dog,True,correct
pug_11,pug,dog,1.0,0.1098,pug,True,dog,True,correct
Abyssinian_125,abyssinian,cat,0.0,0.0,abyssinian,True,cat,True,correct
Abyssinian_125,abyssinian,cat,0.1,0.0313,abyssinian,True,cat,True,correct
Abyssinian_125,abyssinian,cat,0.2,0.0394,abyssinian,True,cat,True,correct
Abyssinian_125,abyssinian,cat,0.3,0.0419,abyssinian,True,cat,True,correct
Abyssinian_125,abyssinian,cat,0.4,0.0588,abyssinian,True,cat,True,correct
Abyssinian_125,abyssinian,cat,0.5,0.0763,abyssinian,True,cat,True,correct
Abyssinian_125,abyssinian,cat,0.6,0.0877,abyssinian,True,cat,True,correct
Abyssinian_125,abyssinian,cat,0.7,0.0958,abyssinian,True,cat,True,correct
Abyssinian_125,abyssinian,cat,0.8,0.1272,abyssinian,True,cat,True,correct
Abyssinian_125,abyssinian,cat,0.9,0.1306,abyssinian,True,cat,True,correct
Abyssinian_125,abyssinian,cat,1.0,0.1463,abyssinian,True,cat,True,correct
pomeranian_154,pomeranian,dog,0.0,0.0,pomeranian,True,dog,True,correct
pomeranian_154,pomeranian,dog,0.1,0.047,pomeranian,True,dog,True,correct
pomeranian_154,pomeranian,dog,0.2,0.0551,pomeranian,True,dog,True,correct
pomeranian_154,pomeranian,dog,0.3,0.0742,pomeranian,True,dog,True,correct
pomeranian_154,pomeranian,dog,0.4,0.0908,pomeranian,True,dog,True,correct
pomeranian_154,pomeranian,dog,0.5,0.1086,pomeranian,True,dog,True,correct
pomeranian_154,pomeranian,dog,0.6,0.1277,pomeranian,True,dog,True,correct
pomeranian_154,pomeranian,dog,0.7,0.1389,pomeranian,True,dog,True,correct
pomeranian_154,pomeranian,dog,0.8,0.1711,pomeranian,True,dog,True,correct
pomeranian_154,pomeranian,dog,0.9,0.1819,pomeranian,True,dog,True,correct
pomeranian_154,pomeranian,dog,1.0,0.1877,pomeranian,True,dog,True,correct
Egyptian_Mau_186,egyptian_mau,cat,0.0,0.0,egyptian_mau,True,cat,True,correct
Egyptian_Mau_186,egyptian_mau,cat,0.1,0.0629,egyptian_mau,True,cat,True,correct
Egyptian_Mau_186,egyptian_mau,cat,0.2,0.0872,egyptian_mau,True,cat,True,correct
Egyptian_Mau_186,egyptian_mau,cat,0.3,0.0768,egyptian_mau,True,cat,True,correct
Egyptian_Mau_186,egyptian_mau,cat,0.4,0.0938,egyptian_mau,True,cat,True,correct
Egyptian_Mau_186,egyptian_mau,cat,0.5,0.0946,egyptian_mau,True,cat,True,correct
Egyptian_Mau_186,egyptian_mau,cat,0.6,0.1192,egyptian_mau,True,cat,True,correct
Egyptian_Mau_186,egyptian_mau,cat,0.7,0.1284,egyptian_mau,True,cat,True,correct
Egyptian_Mau_186,egyptian_mau,cat,0.8,0.1705,egyptian_mau,True,cat,True,correct
Egyptian_Mau_186,egyptian_mau,cat,0.9,0.178,egyptian_mau,True,cat,True,correct
Egyptian_Mau_186,egyptian_mau,cat,1.0,0.2224,egyptian_mau,True,cat,True,correct
saint_bernard_121,saint_bernard,dog,0.0,0.0,saint_bernard,True,dog,True,correct
saint_bernard_121,saint_bernard,dog,0.1,0.0345,saint_bernard,True,dog,True,correct
saint_bernard_121,saint_bernard,dog,0.2,0.0326,saint_bernard,True,dog,True,correct
saint_bernard_121,saint_bernard,dog,0.3,0.0362,saint_bernard,True,dog,True,correct
saint_bernard_121,saint_bernard,dog,0.4,0.0707,saint_bernard,True,dog,True,correct
saint_bernard_121,saint_bernard,dog,0.5,0.0674,saint_bernard,True,dog,True,correct
saint_bernard_121,saint_bernard,dog,0.6,0.083,saint_bernard,True,dog,True,correct
saint_bernard_121,saint_bernard,dog,0.7,0.0944,saint_bernard,True,dog,True,correct
saint_bernard_121,saint_bernard,dog,0.8,0.1009,saint_bernard,True,dog,True,correct
saint_bernard_121,saint_bernard,dog,0.9,0.1492,saint_bernard,True,dog,True,correct
saint_bernard_121,saint_bernard,dog,1.0,0.106,saint_bernard,True,dog,True,correct
american_bulldog_185,american_bulldog,dog,0.0,0.0,american_bulldog,True,dog,True,correct
american_bulldog_185,american_bulldog,dog,0.1,0.0457,american_bulldog,True,dog,True,correct
american_bulldog_185,american_bulldog,dog,0.2,0.061,american_bulldog,True,dog,True,correct
american_bulldog_185,american_bulldog,dog,0.3,0.0743,american_bulldog,True,dog,True,correct
american_bulldog_185,american_bulldog,dog,0.4,0.0949,american_bulldog,True,dog,True,correct
american_bulldog_185,american_bulldog,dog,0.5,0.1178,american_bulldog,True,dog,True,correct
american_bulldog_185,american_bulldog,dog,0.6,0.1254,american_bulldog,True,dog,True,correct
american_bulldog_185,american_bulldog,dog,0.7,0.1536,american_bulldog,True,dog,True,correct
american_bulldog_185,american_bulldog,dog,0.8,0.1823,american_bulldog,True,dog,True,correct
american_bulldog_185,american_bulldog,dog,0.9,0.1744,american_bulldog,True,dog,True,correct
american_bulldog_185,american_bulldog,dog,1.0,0.1928,american_bulldog,True,dog,True,correct
Sphynx_1,sphynx,cat,0.0,0.0,sphynx,True,cat,True,correct
Sphynx_1,sphynx,cat,0.1,0.0658,sphynx,True,cat,True,correct
Sphynx_1,sphynx,cat,0.2,0.0728,sphynx,True,cat,True,correct
Sphynx_1,sphynx,cat,0.3,0.0835,sphynx,True,cat,True,correct
Sphynx_1,sphynx,cat,0.4,0.0994,sphynx,True,cat,True,correct
Sphynx_1,sphynx,cat,0.5,0.1056,sphynx,True,cat,True,correct
Sphynx_1,sphynx,cat,0.6,0.1582,sphynx,True,cat,True,correct
Sphynx_1,sphynx,cat,0.7,0.1454,sphynx,True,cat,True,correct
Sphynx_1,sphynx,cat,0.8,0.1989,sphynx,True,cat,True,correct
Sphynx_1,sphynx,cat,0.9,0.2442,sphynx,True,cat,True,correct
Sphynx_1,sphynx,cat,1.0,0.2211,sphynx,True,cat,True,correct
havanese_185,havanese,dog,0.0,0.0,havanese,True,dog,True,correct
havanese_185,havanese,dog,0.1,0.0344,havanese,True,dog,True,correct
havanese_185,havanese,dog,0.2,0.0331,havanese,True,dog,True,correct
havanese_185,havanese,dog,0.3,0.0382,havanese,True,dog,True,correct
havanese_185,havanese,dog,0.4,0.0472,havanese,True,dog,True,correct
havanese_185,havanese,dog,0.5,0.0481,havanese,True,dog,True,correct
havanese_185,havanese,dog,0.6,0.0413,havanese,True,dog,True,correct
havanese_185,havanese,dog,0.7,0.0599,havanese,True,dog,True,correct
havanese_185,havanese,dog,0.8,0.0526,havanese,True,dog,True,correct
havanese_185,havanese,dog,0.9,0.0654,havanese,True,dog,True,correct
havanese_185,havanese,dog,1.0,0.0947,english_cocker_spaniel,False,dog,True,within_superclass
boxer_129,boxer,dog,0.0,0.0,boxer,True,dog,True,correct
boxer_129,boxer,dog,0.1,0.0494,boxer,True,dog,True,correct
boxer_129,boxer,dog,0.2,0.0728,boxer,True,dog,True,correct
boxer_129,boxer,dog,0.3,0.1003,boxer,True,dog,True,correct
boxer_129,boxer,dog,0.4,0.0989,boxer,True,dog,True,correct
boxer_129,boxer,dog,0.5,0.102,boxer,True,dog,True,correct
boxer_129,boxer,dog,0.6,0.1181,boxer,True,dog,True,correct
boxer_129,boxer,dog,0.7,0.123,boxer,True,dog,True,correct
boxer_129,boxer,dog,0.8,0.1214,boxer,True,dog,True,correct
boxer_129,boxer,dog,0.9,0.1639,boxer,True,dog,True,correct
boxer_129,boxer,dog,1.0,0.2553,boxer,True,dog,True,correct
great_pyrenees_145,great_pyrenees,dog,0.0,0.0,great_pyrenees,True,dog,True,correct
great_pyrenees_145,great_pyrenees,dog,0.1,0.0635,great_pyrenees,True,dog,True,correct
great_pyrenees_145,great_pyrenees,dog,0.2,0.0642,great_pyrenees,True,dog,True,correct
great_pyrenees_145,great_pyrenees,dog,0.3,0.0782,great_pyrenees,True,dog,True,correct
great_pyrenees_145,great_pyrenees,dog,0.4,0.0914,great_pyrenees,True,dog,True,correct
great_pyrenees_145,great_pyrenees,dog,0.5,0.099,great_pyrenees,True,dog,True,correct
great_pyrenees_145,great_pyrenees,dog,0.6,0.1043,great_pyrenees,True,dog,True,correct
great_pyrenees_145,great_pyrenees,dog,0.7,0.127,great_pyrenees,True,dog,True,correct
great_pyrenees_145,great_pyrenees,dog,0.8,0.0884,great_pyrenees,True,dog,True,correct
great_pyrenees_145,great_pyrenees,dog,0.9,0.1067,great_pyrenees,True,dog,True,correct
great_pyrenees_145,great_pyrenees,dog,1.0,0.1247,great_pyrenees,True,dog,True,correct
Sphynx_172,sphynx,cat,0.0,0.0,sphynx,True,cat,True,correct
Sphynx_172,sphynx,cat,0.1,0.0171,sphynx,True,cat,True,correct
Sphynx_172,sphynx,cat,0.2,0.0213,sphynx,True,cat,True,correct
Sphynx_172,sphynx,cat,0.3,0.0309,sphynx,True,cat,True,correct
Sphynx_172,sphynx,cat,0.4,0.0388,sphynx,True,cat,True,correct
Sphynx_172,sphynx,cat,0.5,0.0603,sphynx,True,cat,True,correct
Sphynx_172,sphynx,cat,0.6,0.0892,sphynx,True,cat,True,correct
Sphynx_172,sphynx,cat,0.7,0.0705,sphynx,True,cat,True,correct
Sphynx_172,sphynx,cat,0.8,0.0832,sphynx,True,cat,True,correct
Sphynx_172,sphynx,cat,0.9,0.0945,sphynx,True,cat,True,correct
Sphynx_172,sphynx,cat,1.0,0.0993,sphynx,True,cat,True,correct
german_shorthaired_125,german_shorthaired,dog,0.0,0.0,german_shorthaired,True,dog,True,correct
german_shorthaired_125,german_shorthaired,dog,0.1,0.048,german_shorthaired,True,dog,True,correct
german_shorthaired_125,german_shorthaired,dog,0.2,0.046,german_shorthaired,True,dog,True,correct
german_shorthaired_125,german_shorthaired,dog,0.3,0.0413,german_shorthaired,True,dog,True,correct
german_shorthaired_125,german_shorthaired,dog,0.4,0.0555,german_shorthaired,True,dog,True,correct
german_shorthaired_125,german_shorthaired,dog,0.5,0.051,german_shorthaired,True,dog,True,correct
german_shorthaired_125,german_shorthaired,dog,0.6,0.0583,german_shorthaired,True,dog,True,correct
german_shorthaired_125,german_shorthaired,dog,0.7,0.0565,german_shorthaired,True,dog,True,correct
german_shorthaired_125,german_shorthaired,dog,0.8,0.0686,german_shorthaired,True,dog,True,correct
german_shorthaired_125,german_shorthaired,dog,0.9,0.0764,german_shorthaired,True,dog,True,correct
german_shorthaired_125,german_shorthaired,dog,1.0,0.0854,german_shorthaired,True,dog,True,correct
great_pyrenees_105,great_pyrenees,dog,0.0,0.0,great_pyrenees,True,dog,True,correct
great_pyrenees_105,great_pyrenees,dog,0.1,0.0375,great_pyrenees,True,dog,True,correct
great_pyrenees_105,great_pyrenees,dog,0.2,0.0335,great_pyrenees,True,dog,True,correct
great_pyrenees_105,great_pyrenees,dog,0.3,0.0362,great_pyrenees,True,dog,True,correct
great_pyrenees_105,great_pyrenees,dog,0.4,0.0443,great_pyrenees,True,dog,True,correct
great_pyrenees_105,great_pyrenees,dog,0.5,0.0586,great_pyrenees,True,dog,True,correct
great_pyrenees_105,great_pyrenees,dog,0.6,0.0747,great_pyrenees,True,dog,True,correct
great_pyrenees_105,great_pyrenees,dog,0.7,0.0608,great_pyrenees,True,dog,True,correct
great_pyrenees_105,great_pyrenees,dog,0.8,0.0718,great_pyrenees,True,dog,True,correct
great_pyrenees_105,great_pyrenees,dog,0.9,0.0737,great_pyrenees,True,dog,True,correct
great_pyrenees_105,great_pyrenees,dog,1.0,0.0949,great_pyrenees,True,dog,True,correct
Bengal_176,bengal,cat,0.0,0.0,russian_blue,False,cat,True,within_superclass
Bengal_176,bengal,cat,0.1,0.1093,russian_blue,False,cat,True,within_superclass
Bengal_176,bengal,cat,0.2,0.0935,russian_blue,False,cat,True,within_superclass
Bengal_176,bengal,cat,0.3,0.0821,russian_blue,False,cat,True,within_superclass
Bengal_176,bengal,cat,0.4,0.1173,russian_blue,False,cat,True,within_superclass
Bengal_176,bengal,cat,0.5,0.1051,russian_blue,False,cat,True,within_superclass
Bengal_176,bengal,cat,0.6,0.1364,russian_blue,False,cat,True,within_superclass
Bengal_176,bengal,cat,0.7,0.1764,ragdoll,False,cat,True,within_superclass
Bengal_176,bengal,cat,0.8,0.1751,maine_coon,False,cat,True,within_superclass
Bengal_176,bengal,cat,0.9,0.1991,siamese,False,cat,True,within_superclass
Bengal_176,bengal,cat,1.0,0.1891,maine_coon,False,cat,True,within_superclass
Sphynx_160,sphynx,cat,0.0,0.0,sphynx,True,cat,True,correct
Sphynx_160,sphynx,cat,0.1,0.025,sphynx,True,cat,True,correct
Sphynx_160,sphynx,cat,0.2,0.0342,sphynx,True,cat,True,correct
Sphynx_160,sphynx,cat,0.3,0.0361,sphynx,True,cat,True,correct
Sphynx_160,sphynx,cat,0.4,0.0465,sphynx,True,cat,True,correct
Sphynx_160,sphynx,cat,0.5,0.0525,sphynx,True,cat,True,correct
Sphynx_160,sphynx,cat,0.6,0.0781,sphynx,True,cat,True,correct
Sphynx_160,sphynx,cat,0.7,0.0767,sphynx,True,cat,True,correct
Sphynx_160,sphynx,cat,0.8,0.1026,sphynx,True,cat,True,correct
Sphynx_160,sphynx,cat,0.9,0.1197,abyssinian,False,cat,True,within_superclass
Sphynx_160,sphynx,cat,1.0,0.1241,sphynx,True,cat,True,correct
english_setter_138,english_setter,dog,0.0,0.0,english_setter,True,dog,True,correct
english_setter_138,english_setter,dog,0.1,0.0232,english_setter,True,dog,True,correct
english_setter_138,english_setter,dog,0.2,0.0619,english_setter,True,dog,True,correct
english_setter_138,english_setter,dog,0.3,0.058,english_setter,True,dog,True,correct
english_setter_138,english_setter,dog,0.4,0.0659,english_setter,True,dog,True,correct
english_setter_138,english_setter,dog,0.5,0.081,english_setter,True,dog,True,correct
english_setter_138,english_setter,dog,0.6,0.0921,english_setter,True,dog,True,correct
english_setter_138,english_setter,dog,0.7,0.1018,english_setter,True,dog,True,correct
english_setter_138,english_setter,dog,0.8,0.138,english_setter,True,dog,True,correct
english_setter_138,english_setter,dog,0.9,0.1298,english_setter,True,dog,True,correct
english_setter_138,english_setter,dog,1.0,0.1497,english_setter,True,dog,True,correct
Abyssinian_193,abyssinian,cat,0.0,0.0,abyssinian,True,cat,True,correct
Abyssinian_193,abyssinian,cat,0.1,0.1006,abyssinian,True,cat,True,correct
Abyssinian_193,abyssinian,cat,0.2,0.1007,abyssinian,True,cat,True,correct
Abyssinian_193,abyssinian,cat,0.3,0.0912,abyssinian,True,cat,True,correct
Abyssinian_193,abyssinian,cat,0.4,0.1036,abyssinian,True,cat,True,correct
Abyssinian_193,abyssinian,cat,0.5,0.1129,abyssinian,True,cat,True,correct
Abyssinian_193,abyssinian,cat,0.6,0.1338,abyssinian,True,cat,True,correct
Abyssinian_193,abyssinian,cat,0.7,0.1622,abyssinian,True,cat,True,correct
Abyssinian_193,abyssinian,cat,0.8,0.1761,sphynx,False,cat,True,within_superclass
Abyssinian_193,abyssinian,cat,0.9,0.1875,sphynx,False,cat,True,within_superclass
Abyssinian_193,abyssinian,cat,1.0,0.2161,sphynx,False,cat,True,within_superclass
american_bulldog_197,american_bulldog,dog,0.0,0.0,american_bulldog,True,dog,True,correct
american_bulldog_197,american_bulldog,dog,0.1,0.0399,american_bulldog,True,dog,True,correct
american_bulldog_197,american_bulldog,dog,0.2,0.0634,american_bulldog,True,dog,True,correct
american_bulldog_197,american_bulldog,dog,0.3,0.0757,american_bulldog,True,dog,True,correct
american_bulldog_197,american_bulldog,dog,0.4,0.0954,american_bulldog,True,dog,True,correct
american_bulldog_197,american_bulldog,dog,0.5,0.1163,american_bulldog,True,dog,True,correct
american_bulldog_197,american_bulldog,dog,0.6,0.1013,american_bulldog,True,dog,True,correct
american_bulldog_197,american_bulldog,dog,0.7,0.1312,american_bulldog,True,dog,True,correct
american_bulldog_197,american_bulldog,dog,0.8,0.1385,american_pit_bull_terrier,False,dog,True,within_superclass
american_bulldog_197,american_bulldog,dog,0.9,0.1485,american_pit_bull_terrier,False,dog,True,within_superclass
american_bulldog_197,american_bulldog,dog,1.0,0.169,american_pit_bull_terrier,False,dog,True,within_superclass
Russian_Blue_178,russian_blue,cat,0.0,0.0,russian_blue,True,cat,True,correct
Russian_Blue_178,russian_blue,cat,0.1,0.0088,russian_blue,True,cat,True,correct
Russian_Blue_178,russian_blue,cat,0.2,0.0165,russian_blue,True,cat,True,correct
Russian_Blue_178,russian_blue,cat,0.3,0.021,russian_blue,True,cat,True,correct
Russian_Blue_178,russian_blue,cat,0.4,0.0241,russian_blue,True,cat,True,correct
Russian_Blue_178,russian_blue,cat,0.5,0.0306,russian_blue,True,cat,True,correct
Russian_Blue_178,russian_blue,cat,0.6,0.0428,russian_blue,True,cat,True,correct
Russian_Blue_178,russian_blue,cat,0.7,0.0508,russian_blue,True,cat,True,correct
Russian_Blue_178,russian_blue,cat,0.8,0.0626,russian_blue,True,cat,True,correct
Russian_Blue_178,russian_blue,cat,0.9,0.083,russian_blue,True,cat,True,correct
Russian_Blue_178,russian_blue,cat,1.0,0.0834,russian_blue,True,cat,True,correct
Ragdoll_182,ragdoll,cat,0.0,0.0,ragdoll,True,cat,True,correct
Ragdoll_182,ragdoll,cat,0.1,0.0237,ragdoll,True,cat,True,correct
Ragdoll_182,ragdoll,cat,0.2,0.0399,ragdoll,True,cat,True,correct
Ragdoll_182,ragdoll,cat,0.3,0.0435,ragdoll,True,cat,True,correct
Ragdoll_182,ragdoll,cat,0.4,0.046,ragdoll,True,cat,True,correct
Ragdoll_182,ragdoll,cat,0.5,0.0584,ragdoll,True,cat,True,correct
Ragdoll_182,ragdoll,cat,0.6,0.0604,ragdoll,True,cat,True,correct
Ragdoll_182,ragdoll,cat,0.7,0.0718,ragdoll,True,cat,True,correct
Ragdoll_182,ragdoll,cat,0.8,0.0807,ragdoll,True,cat,True,correct
Ragdoll_182,ragdoll,cat,0.9,0.0885,ragdoll,True,cat,True,correct
Ragdoll_182,ragdoll,cat,1.0,0.0947,ragdoll,True,cat,True,correct
japanese_chin_117,japanese_chin,dog,0.0,0.0,japanese_chin,True,dog,True,correct
japanese_chin_117,japanese_chin,dog,0.1,0.0257,japanese_chin,True,dog,True,correct
japanese_chin_117,japanese_chin,dog,0.2,0.0222,japanese_chin,True,dog,True,correct
japanese_chin_117,japanese_chin,dog,0.3,0.035,japanese_chin,True,dog,True,correct
japanese_chin_117,japanese_chin,dog,0.4,0.0496,japanese_chin,True,dog,True,correct
japanese_chin_117,japanese_chin,dog,0.5,0.0653,japanese_chin,True,dog,True,correct
japanese_chin_117,japanese_chin,dog,0.6,0.0671,japanese_chin,True,dog,True,correct
japanese_chin_117,japanese_chin,dog,0.7,0.0826,japanese_chin,True,dog,True,correct
japanese_chin_117,japanese_chin,dog,0.8,0.0889,japanese_chin,True,dog,True,correct
japanese_chin_117,japanese_chin,dog,0.9,0.1004,japanese_chin,True,dog,True,correct
japanese_chin_117,japanese_chin,dog,1.0,0.1324,japanese_chin,True,dog,True,correct
keeshond_127,keeshond,dog,0.0,0.0,keeshond,True,dog,True,correct
keeshond_127,keeshond,dog,0.1,0.0284,keeshond,True,dog,True,correct
keeshond_127,keeshond,dog,0.2,0.0204,keeshond,True,dog,True,correct
keeshond_127,keeshond,dog,0.3,0.0306,keeshond,True,dog,True,correct
keeshond_127,keeshond,dog,0.4,0.0314,keeshond,True,dog,True,correct
keeshond_127,keeshond,dog,0.5,0.0577,keeshond,True,dog,True,correct
keeshond_127,keeshond,dog,0.6,0.059,keeshond,True,dog,True,correct
keeshond_127,keeshond,dog,0.7,0.0569,keeshond,True,dog,True,correct
keeshond_127,keeshond,dog,0.8,0.0679,keeshond,True,dog,True,correct
keeshond_127,keeshond,dog,0.9,0.0894,keeshond,True,dog,True,correct
keeshond_127,keeshond,dog,1.0,0.1061,keeshond,True,dog,True,correct
Maine_Coon_159,maine_coon,cat,0.0,0.0,maine_coon,True,cat,True,correct
Maine_Coon_159,maine_coon,cat,0.1,0.0447,maine_coon,True,cat,True,correct
Maine_Coon_159,maine_coon,cat,0.2,0.0518,maine_coon,True,cat,True,correct
Maine_Coon_159,maine_coon,cat,0.3,0.0567,maine_coon,True,cat,True,correct
Maine_Coon_159,maine_coon,cat,0.4,0.066,maine_coon,True,cat,True,correct
Maine_Coon_159,maine_coon,cat,0.5,0.0757,maine_coon,True,cat,True,correct
Maine_Coon_159,maine_coon,cat,0.6,0.0788,maine_coon,True,cat,True,correct
Maine_Coon_159,maine_coon,cat,0.7,0.0842,maine_coon,True,cat,True,correct
Maine_Coon_159,maine_coon,cat,0.8,0.0873,maine_coon,True,cat,True,correct
Maine_Coon_159,maine_coon,cat,0.9,0.1247,maine_coon,True,cat,True,correct
Maine_Coon_159,maine_coon,cat,1.0,0.1402,maine_coon,True,cat,True,correct
Bengal_123,bengal,cat,0.0,0.0,bengal,True,cat,True,correct
Bengal_123,bengal,cat,0.1,0.0308,bengal,True,cat,True,correct
Bengal_123,bengal,cat,0.2,0.0439,bengal,True,cat,True,correct
Bengal_123,bengal,cat,0.3,0.0539,bengal,True,cat,True,correct
Bengal_123,bengal,cat,0.4,0.0652,bengal,True,cat,True,correct
Bengal_123,bengal,cat,0.5,0.1012,egyptian_mau,False,cat,True,within_superclass
Bengal_123,bengal,cat,0.6,0.1122,british_shorthair,False,cat,True,within_superclass
Bengal_123,bengal,cat,0.7,0.1086,egyptian_mau,False,cat,True,within_superclass
Bengal_123,bengal,cat,0.8,0.147,egyptian_mau,False,cat,True,within_superclass
Bengal_123,bengal,cat,0.9,0.1933,persian,False,cat,True,within_superclass
Bengal_123,bengal,cat,1.0,0.1539,persian,False,cat,True,within_superclass
english_cocker_spaniel_12,english_cocker_spaniel,dog,0.0,0.0,english_setter,False,dog,True,within_superclass
english_cocker_spaniel_12,english_cocker_spaniel,dog,0.1,0.0726,english_cocker_spaniel,True,dog,True,correct
english_cocker_spaniel_12,english_cocker_spaniel,dog,0.2,0.0882,english_cocker_spaniel,True,dog,True,correct
english_cocker_spaniel_12,english_cocker_spaniel,dog,0.3,0.1056,english_cocker_spaniel,True,dog,True,correct
english_cocker_spaniel_12,english_cocker_spaniel,dog,0.4,0.1094,english_cocker_spaniel,True,dog,True,correct
english_cocker_spaniel_12,english_cocker_spaniel,dog,0.5,0.1323,english_cocker_spaniel,True,dog,True,correct
english_cocker_spaniel_12,english_cocker_spaniel,dog,0.6,0.1375,english_cocker_spaniel,True,dog,True,correct
english_cocker_spaniel_12,english_cocker_spaniel,dog,0.7,0.1442,basset_hound,False,dog,True,within_superclass
english_cocker_spaniel_12,english_cocker_spaniel,dog,0.8,0.1493,basset_hound,False,dog,True,within_superclass
english_cocker_spaniel_12,english_cocker_spaniel,dog,0.9,0.1466,basset_hound,False,dog,True,within_superclass
english_cocker_spaniel_12,english_cocker_spaniel,dog,1.0,0.1355,english_cocker_spaniel,True,dog,True,correct
Abyssinian_107,abyssinian,cat,0.0,0.0,abyssinian,True,cat,True,correct
Abyssinian_107,abyssinian,cat,0.1,0.0693,abyssinian,True,cat,True,correct
Abyssinian_107,abyssinian,cat,0.2,0.0352,abyssinian,True,cat,True,correct
Abyssinian_107,abyssinian,cat,0.3,0.0584,abyssinian,True,cat,True,correct
Abyssinian_107,abyssinian,cat,0.4,0.0724,abyssinian,True,cat,True,correct
Abyssinian_107,abyssinian,cat,0.5,0.0917,abyssinian,True,cat,True,correct
Abyssinian_107,abyssinian,cat,0.6,0.087,abyssinian,True,cat,True,correct
Abyssinian_107,abyssinian,cat,0.7,0.0877,abyssinian,True,cat,True,correct
Abyssinian_107,abyssinian,cat,0.8,0.0955,abyssinian,True,cat,True,correct
Abyssinian_107,abyssinian,cat,0.9,0.1094,abyssinian,True,cat,True,correct
Abyssinian_107,abyssinian,cat,1.0,0.0948,abyssinian,True,cat,True,correct
havanese_180,havanese,dog,0.0,0.0,havanese,True,dog,True,correct
havanese_180,havanese,dog,0.1,0.0366,havanese,True,dog,True,correct
havanese_180,havanese,dog,0.2,0.032,havanese,True,dog,True,correct
havanese_180,havanese,dog,0.3,0.0508,havanese,True,dog,True,correct
havanese_180,havanese,dog,0.4,0.0654,havanese,True,dog,True,correct
havanese_180,havanese,dog,0.5,0.0688,havanese,True,dog,True,correct
havanese_180,havanese,dog,0.6,0.0943,havanese,True,dog,True,correct
havanese_180,havanese,dog,0.7,0.0828,havanese,True,dog,True,correct
havanese_180,havanese,dog,0.8,0.0741,havanese,True,dog,True,correct
havanese_180,havanese,dog,0.9,0.0724,havanese,True,dog,True,correct
havanese_180,havanese,dog,1.0,0.1072,havanese,True,dog,True,correct
havanese_166,havanese,dog,0.0,0.0,wheaten_terrier,False,dog,True,within_superclass
havanese_166,havanese,dog,0.1,0.0335,wheaten_terrier,False,dog,True,within_superclass
havanese_166,havanese,dog,0.2,0.0305,wheaten_terrier,False,dog,True,within_superclass
havanese_166,havanese,dog,0.3,0.0394,wheaten_terrier,False,dog,True,within_superclass
havanese_166,havanese,dog,0.4,0.0462,wheaten_terrier,False,dog,True,within_superclass
havanese_166,havanese,dog,0.5,0.0471,wheaten_terrier,False,dog,True,within_superclass
havanese_166,havanese,dog,0.6,0.0628,wheaten_terrier,False,dog,True,within_superclass
havanese_166,havanese,dog,0.7,0.068,wheaten_terrier,False,dog,True,within_superclass
havanese_166,havanese,dog,0.8,0.1039,wheaten_terrier,False,dog,True,within_superclass
havanese_166,havanese,dog,0.9,0.0673,wheaten_terrier,False,dog,True,within_superclass
havanese_166,havanese,dog,1.0,0.108,wheaten_terrier,False,dog,True,within_superclass
Russian_Blue_113,russian_blue,cat,0.0,0.0,russian_blue,True,cat,True,correct
Russian_Blue_113,russian_blue,cat,0.1,0.021,russian_blue,True,cat,True,correct
Russian_Blue_113,russian_blue,cat,0.2,0.0339,russian_blue,True,cat,True,correct
Russian_Blue_113,russian_blue,cat,0.3,0.0594,russian_blue,True,cat,True,correct
Russian_Blue_113,russian_blue,cat,0.4,0.0721,russian_blue,True,cat,True,correct
Russian_Blue_113,russian_blue,cat,0.5,0.0802,russian_blue,True,cat,True,correct
Russian_Blue_113,russian_blue,cat,0.6,0.0957,russian_blue,True,cat,True,correct
Russian_Blue_113,russian_blue,cat,0.7,0.0858,russian_blue,True,cat,True,correct
Russian_Blue_113,russian_blue,cat,0.8,0.1082,russian_blue,True,cat,True,correct
Russian_Blue_113,russian_blue,cat,0.9,0.1072,russian_blue,True,cat,True,correct
Russian_Blue_113,russian_blue,cat,1.0,0.1322,russian_blue,True,cat,True,correct
newfoundland_122,newfoundland,dog,0.0,0.0,newfoundland,True,dog,True,correct
newfoundland_122,newfoundland,dog,0.1,0.0113,newfoundland,True,dog,True,correct
newfoundland_122,newfoundland,dog,0.2,0.0128,newfoundland,True,dog,True,correct
newfoundland_122,newfoundland,dog,0.3,0.0183,newfoundland,True,dog,True,correct
newfoundland_122,newfoundland,dog,0.4,0.0265,newfoundland,True,dog,True,correct
newfoundland_122,newfoundland,dog,0.5,0.0313,newfoundland,True,dog,True,correct
newfoundland_122,newfoundland,dog,0.6,0.0325,newfoundland,True,dog,True,correct
newfoundland_122,newfoundland,dog,0.7,0.0325,newfoundland,True,dog,True,correct
newfoundland_122,newfoundland,dog,0.8,0.0331,newfoundland,True,dog,True,correct
newfoundland_122,newfoundland,dog,0.9,0.04,newfoundland,True,dog,True,correct
newfoundland_122,newfoundland,dog,1.0,0.0336,newfoundland,True,dog,True,correct
english_cocker_spaniel_153,english_cocker_spaniel,dog,0.0,0.0,english_cocker_spaniel,True,dog,True,correct
english_cocker_spaniel_153,english_cocker_spaniel,dog,0.1,0.0569,english_cocker_spaniel,True,dog,True,correct
english_cocker_spaniel_153,english_cocker_spaniel,dog,0.2,0.0642,english_cocker_spaniel,True,dog,True,correct
english_cocker_spaniel_153,english_cocker_spaniel,dog,0.3,0.0792,english_cocker_spaniel,True,dog,True,correct
english_cocker_spaniel_153,english_cocker_spaniel,dog,0.4,0.093,english_cocker_spaniel,True,dog,True,correct
english_cocker_spaniel_153,english_cocker_spaniel,dog,0.5,0.1089,english_cocker_spaniel,True,dog,True,correct
english_cocker_spaniel_153,english_cocker_spaniel,dog,0.6,0.085,english_cocker_spaniel,True,dog,True,correct
english_cocker_spaniel_153,english_cocker_spaniel,dog,0.7,0.0795,english_cocker_spaniel,True,dog,True,correct
english_cocker_spaniel_153,english_cocker_spaniel,dog,0.8,0.0658,english_cocker_spaniel,True,dog,True,correct
english_cocker_spaniel_153,english_cocker_spaniel,dog,0.9,0.0929,english_cocker_spaniel,True,dog,True,correct
english_cocker_spaniel_153,english_cocker_spaniel,dog,1.0,0.1238,english_cocker_spaniel,True,dog,True,correct
wheaten_terrier_176,wheaten_terrier,dog,0.0,0.0,wheaten_terrier,True,dog,True,correct
wheaten_terrier_176,wheaten_terrier,dog,0.1,0.0106,wheaten_terrier,True,dog,True,correct
wheaten_terrier_176,wheaten_terrier,dog,0.2,0.0173,wheaten_terrier,True,dog,True,correct
wheaten_terrier_176,wheaten_terrier,dog,0.3,0.0193,wheaten_terrier,True,dog,True,correct
wheaten_terrier_176,wheaten_terrier,dog,0.4,0.0244,wheaten_terrier,True,dog,True,correct
wheaten_terrier_176,wheaten_terrier,dog,0.5,0.0397,wheaten_terrier,True,dog,True,correct
wheaten_terrier_176,wheaten_terrier,dog,0.6,0.042,wheaten_terrier,True,dog,True,correct
wheaten_terrier_176,wheaten_terrier,dog,0.7,0.0526,wheaten_terrier,True,dog,True,correct
wheaten_terrier_176,wheaten_terrier,dog,0.8,0.0666,wheaten_terrier,True,dog,True,correct
wheaten_terrier_176,wheaten_terrier,dog,0.9,0.0747,wheaten_terrier,True,dog,True,correct
wheaten_terrier_176,wheaten_terrier,dog,1.0,0.0897,wheaten_terrier,True,dog,True,correct
japanese_chin_170,japanese_chin,dog,0.0,0.0,japanese_chin,True,dog,True,correct
japanese_chin_170,japanese_chin,dog,0.1,0.017,japanese_chin,True,dog,True,correct
japanese_chin_170,japanese_chin,dog,0.2,0.0194,japanese_chin,True,dog,True,correct
japanese_chin_170,japanese_chin,dog,0.3,0.0241,japanese_chin,True,dog,True,correct
japanese_chin_170,japanese_chin,dog,0.4,0.0393,japanese_chin,True,dog,True,correct
japanese_chin_170,japanese_chin,dog,0.5,0.0496,japanese_chin,True,dog,True,correct
japanese_chin_170,japanese_chin,dog,0.6,0.069,japanese_chin,True,dog,True,correct
japanese_chin_170,japanese_chin,dog,0.7,0.0663,japanese_chin,True,dog,True,correct
japanese_chin_170,japanese_chin,dog,0.8,0.0705,japanese_chin,True,dog,True,correct
japanese_chin_170,japanese_chin,dog,0.9,0.0803,japanese_chin,True,dog,True,correct
japanese_chin_170,japanese_chin,dog,1.0,0.0775,japanese_chin,True,dog,True,correct
pomeranian_183,pomeranian,dog,0.0,0.0,pomeranian,True,dog,True,correct
pomeranian_183,pomeranian,dog,0.1,0.0477,pomeranian,True,dog,True,correct
pomeranian_183,pomeranian,dog,0.2,0.0584,pomeranian,True,dog,True,correct
pomeranian_183,pomeranian,dog,0.3,0.0597,pomeranian,True,dog,True,correct
pomeranian_183,pomeranian,dog,0.4,0.0681,pomeranian,True,dog,True,correct
pomeranian_183,pomeranian,dog,0.5,0.0793,pomeranian,True,dog,True,correct
pomeranian_183,pomeranian,dog,0.6,0.0779,pomeranian,True,dog,True,correct
pomeranian_183,pomeranian,dog,0.7,0.1035,pomeranian,True,dog,True,correct
pomeranian_183,pomeranian,dog,0.8,0.1356,pomeranian,True,dog,True,correct
pomeranian_183,pomeranian,dog,0.9,0.1162,pomeranian,True,dog,True,correct
pomeranian_183,pomeranian,dog,1.0,0.1268,pomeranian,True,dog,True,correct
english_setter_119,english_setter,dog,0.0,0.0,english_setter,True,dog,True,correct
english_setter_119,english_setter,dog,0.1,0.0438,english_setter,True,dog,True,correct
english_setter_119,english_setter,dog,0.2,0.0337,english_setter,True,dog,True,correct
english_setter_119,english_setter,dog,0.3,0.0397,english_setter,True,dog,True,correct
english_setter_119,english_setter,dog,0.4,0.0491,english_setter,True,dog,True,correct
english_setter_119,english_setter,dog,0.5,0.0535,english_setter,True,dog,True,correct
english_setter_119,english_setter,dog,0.6,0.0633,english_setter,True,dog,True,correct
english_setter_119,english_setter,dog,0.7,0.066,english_setter,True,dog,True,correct
english_setter_119,english_setter,dog,0.8,0.0739,english_setter,True,dog,True,correct
english_setter_119,english_setter,dog,0.9,0.0928,english_setter,True,dog,True,correct
english_setter_119,english_setter,dog,1.0,0.0959,english_setter,True,dog,True,correct
german_shorthaired_175,german_shorthaired,dog,0.0,0.0,german_shorthaired,True,dog,True,correct
german_shorthaired_175,german_shorthaired,dog,0.1,0.0602,german_shorthaired,True,dog,True,correct
german_shorthaired_175,german_shorthaired,dog,0.2,0.031,german_shorthaired,True,dog,True,correct
german_shorthaired_175,german_shorthaired,dog,0.3,0.0211,german_shorthaired,True,dog,True,correct
german_shorthaired_175,german_shorthaired,dog,0.4,0.0312,german_shorthaired,True,dog,True,correct
german_shorthaired_175,german_shorthaired,dog,0.5,0.0432,german_shorthaired,True,dog,True,correct
german_shorthaired_175,german_shorthaired,dog,0.6,0.04,german_shorthaired,True,dog,True,correct
german_shorthaired_175,german_shorthaired,dog,0.7,0.0445,german_shorthaired,True,dog,True,correct
german_shorthaired_175,german_shorthaired,dog,0.8,0.0525,german_shorthaired,True,dog,True,correct
german_shorthaired_175,german_shorthaired,dog,0.9,0.0401,german_shorthaired,True,dog,True,correct
german_shorthaired_175,german_shorthaired,dog,1.0,0.0681,german_shorthaired,True,dog,True,correct
boxer_125,boxer,dog,0.0,0.0,boxer,True,dog,True,correct
boxer_125,boxer,dog,0.1,0.055,boxer,True,dog,True,correct
boxer_125,boxer,dog,0.2,0.0421,boxer,True,dog,True,correct
boxer_125,boxer,dog,0.3,0.0763,boxer,True,dog,True,correct
boxer_125,boxer,dog,0.4,0.0648,boxer,True,dog,True,correct
boxer_125,boxer,dog,0.5,0.0758,boxer,True,dog,True,correct
boxer_125,boxer,dog,0.6,0.0733,boxer,True,dog,True,correct
boxer_125,boxer,dog,0.7,0.0839,boxer,True,dog,True,correct
boxer_125,boxer,dog,0.8,0.0962,boxer,True,dog,True,correct
boxer_125,boxer,dog,0.9,0.1118,boxer,True,dog,True,correct
boxer_125,boxer,dog,1.0,0.1193,boxer,True,dog,True,correct
keeshond_124,keeshond,dog,0.0,0.0,keeshond,True,dog,True,correct
keeshond_124,keeshond,dog,0.1,0.0187,keeshond,True,dog,True,correct
keeshond_124,keeshond,dog,0.2,0.0291,keeshond,True,dog,True,correct
keeshond_124,keeshond,dog,0.3,0.0525,keeshond,True,dog,True,correct
keeshond_124,keeshond,dog,0.4,0.0782,keeshond,True,dog,True,correct
keeshond_124,keeshond,dog,0.5,0.0804,keeshond,True,dog,True,correct
keeshond_124,keeshond,dog,0.6,0.13,keeshond,True,dog,True,correct
keeshond_124,keeshond,dog,0.7,0.1082,keeshond,True,dog,True,correct
keeshond_124,keeshond,dog,0.8,0.1297,keeshond,True,dog,True,correct
keeshond_124,keeshond,dog,0.9,0.1744,keeshond,True,dog,True,correct
keeshond_124,keeshond,dog,1.0,0.1282,keeshond,True,dog,True,correct
Sphynx_173,sphynx,cat,0.0,0.0,sphynx,True,cat,True,correct
Sphynx_173,sphynx,cat,0.1,0.0259,sphynx,True,cat,True,correct
Sphynx_173,sphynx,cat,0.2,0.0437,sphynx,True,cat,True,correct
Sphynx_173,sphynx,cat,0.3,0.0591,sphynx,True,cat,True,correct
Sphynx_173,sphynx,cat,0.4,0.0616,sphynx,True,cat,True,correct
Sphynx_173,sphynx,cat,0.5,0.0911,sphynx,True,cat,True,correct
Sphynx_173,sphynx,cat,0.6,0.1164,sphynx,True,cat,True,correct
Sphynx_173,sphynx,cat,0.7,0.144,sphynx,True,cat,True,correct
Sphynx_173,sphynx,cat,0.8,0.1577,sphynx,True,cat,True,correct
Sphynx_173,sphynx,cat,0.9,0.1655,sphynx,True,cat,True,correct
Sphynx_173,sphynx,cat,1.0,0.1537,sphynx,True,cat,True,correct
boxer_112,boxer,dog,0.0,0.0,boxer,True,dog,True,correct
boxer_112,boxer,dog,0.1,0.062,boxer,True,dog,True,correct
boxer_112,boxer,dog,0.2,0.0401,boxer,True,dog,True,correct
boxer_112,boxer,dog,0.3,0.0449,boxer,True,dog,True,correct
boxer_112,boxer,dog,0.4,0.0721,boxer,True,dog,True,correct
boxer_112,boxer,dog,0.5,0.0731,boxer,True,dog,True,correct
boxer_112,boxer,dog,0.6,0.0917,boxer,True,dog,True,correct
boxer_112,boxer,dog,0.7,0.0883,boxer,True,dog,True,correct
boxer_112,boxer,dog,0.8,0.0999,boxer,True,dog,True,correct
boxer_112,boxer,dog,0.9,0.1158,boxer,True,dog,True,correct
boxer_112,boxer,dog,1.0,0.1158,boxer,True,dog,True,correct
shiba_inu_141,shiba_inu,dog,0.0,0.0,shiba_inu,True,dog,True,correct
shiba_inu_141,shiba_inu,dog,0.1,0.0141,shiba_inu,True,dog,True,correct
shiba_inu_141,shiba_inu,dog,0.2,0.0265,shiba_inu,True,dog,True,correct
shiba_inu_141,shiba_inu,dog,0.3,0.0352,shiba_inu,True,dog,True,correct
shiba_inu_141,shiba_inu,dog,0.4,0.0385,shiba_inu,True,dog,True,correct
shiba_inu_141,shiba_inu,dog,0.5,0.0371,shiba_inu,True,dog,True,correct
shiba_inu_141,shiba_inu,dog,0.6,0.0457,shiba_inu,True,dog,True,correct
shiba_inu_141,shiba_inu,dog,0.7,0.0633,shiba_inu,True,dog,True,correct
shiba_inu_141,shiba_inu,dog,0.8,0.0616,shiba_inu,True,dog,True,correct
shiba_inu_141,shiba_inu,dog,0.9,0.086,shiba_inu,True,dog,True,correct
shiba_inu_141,shiba_inu,dog,1.0,0.1078,shiba_inu,True,dog,True,correct
yorkshire_terrier_149,yorkshire_terrier,dog,0.0,0.0,yorkshire_terrier,True,dog,True,correct
yorkshire_terrier_149,yorkshire_terrier,dog,0.1,0.0391,yorkshire_terrier,True,dog,True,correct
yorkshire_terrier_149,yorkshire_terrier,dog,0.2,0.0477,yorkshire_terrier,True,dog,True,correct
yorkshire_terrier_149,yorkshire_terrier,dog,0.3,0.0581,yorkshire_terrier,True,dog,True,correct
yorkshire_terrier_149,yorkshire_terrier,dog,0.4,0.0845,yorkshire_terrier,True,dog,True,correct
yorkshire_terrier_149,yorkshire_terrier,dog,0.5,0.1037,yorkshire_terrier,True,dog,True,correct
yorkshire_terrier_149,yorkshire_terrier,dog,0.6,0.1143,yorkshire_terrier,True,dog,True,correct
yorkshire_terrier_149,yorkshire_terrier,dog,0.7,0.1354,yorkshire_terrier,True,dog,True,correct
yorkshire_terrier_149,yorkshire_terrier,dog,0.8,0.1772,yorkshire_terrier,True,dog,True,correct
yorkshire_terrier_149,yorkshire_terrier,dog,0.9,0.1893,yorkshire_terrier,True,dog,True,correct
yorkshire_terrier_149,yorkshire_terrier,dog,1.0,0.2124,yorkshire_terrier,True,dog,True,correct
Sphynx_192,sphynx,cat,0.0,0.0,sphynx,True,cat,True,correct
Sphynx_192,sphynx,cat,0.1,0.0366,sphynx,True,cat,True,correct
Sphynx_192,sphynx,cat,0.2,0.0428,sphynx,True,cat,True,correct
Sphynx_192,sphynx,cat,0.3,0.0563,sphynx,True,cat,True,correct
Sphynx_192,sphynx,cat,0.4,0.0643,sphynx,True,cat,True,correct
Sphynx_192,sphynx,cat,0.5,0.1008,sphynx,True,cat,True,correct
Sphynx_192,sphynx,cat,0.6,0.1128,sphynx,True,cat,True,correct
Sphynx_192,sphynx,cat,0.7,0.1242,abyssinian,False,cat,True,within_superclass
Sphynx_192,sphynx,cat,0.8,0.1474,sphynx,True,cat,True,correct
Sphynx_192,sphynx,cat,0.9,0.1796,abyssinian,False,cat,True,within_superclass
Sphynx_192,sphynx,cat,1.0,0.19,abyssinian,False,cat,True,within_superclass
great_pyrenees_157,great_pyrenees,dog,0.0,0.0,great_pyrenees,True,dog,True,correct
great_pyrenees_157,great_pyrenees,dog,0.1,0.0235,great_pyrenees,True,dog,True,correct
great_pyrenees_157,great_pyrenees,dog,0.2,0.0248,great_pyrenees,True,dog,True,correct
great_pyrenees_157,great_pyrenees,dog,0.3,0.0354,great_pyrenees,True,dog,True,correct
great_pyrenees_157,great_pyrenees,dog,0.4,0.038,great_pyrenees,True,dog,True,correct
great_pyrenees_157,great_pyrenees,dog,0.5,0.0528,great_pyrenees,True,dog,True,correct
great_pyrenees_157,great_pyrenees,dog,0.6,0.1271,great_pyrenees,True,dog,True,correct
great_pyrenees_157,great_pyrenees,dog,0.7,0.0689,great_pyrenees,True,dog,True,correct
great_pyrenees_157,great_pyrenees,dog,0.8,0.0826,great_pyrenees,True,dog,True,correct
great_pyrenees_157,great_pyrenees,dog,0.9,0.0866,great_pyrenees,True,dog,True,correct
great_pyrenees_157,great_pyrenees,dog,1.0,0.1187,great_pyrenees,True,dog,True,correct
boxer_135,boxer,dog,0.0,0.0,pug,False,dog,True,within_superclass
boxer_135,boxer,dog,0.1,0.0429,pug,False,dog,True,within_superclass
boxer_135,boxer,dog,0.2,0.0584,pug,False,dog,True,within_superclass
boxer_135,boxer,dog,0.3,0.0676,pug,False,dog,True,within_superclass
boxer_135,boxer,dog,0.4,0.0895,pug,False,dog,True,within_superclass
boxer_135,boxer,dog,0.5,0.0841,pug,False,dog,True,within_superclass
boxer_135,boxer,dog,0.6,0.0967,pug,False,dog,True,within_superclass
boxer_135,boxer,dog,0.7,0.0991,pug,False,dog,True,within_superclass
boxer_135,boxer,dog,0.8,0.0904,pug,False,dog,True,within_superclass
boxer_135,boxer,dog,0.9,0.1145,pug,False,dog,True,within_superclass
boxer_135,boxer,dog,1.0,0.1091,pug,False,dog,True,within_superclass
saint_bernard_150,saint_bernard,dog,0.0,0.0,saint_bernard,True,dog,True,correct
saint_bernard_150,saint_bernard,dog,0.1,0.0216,saint_bernard,True,dog,True,correct
saint_bernard_150,saint_bernard,dog,0.2,0.0319,saint_bernard,True,dog,True,correct
saint_bernard_150,saint_bernard,dog,0.3,0.0519,saint_bernard,True,dog,True,correct
saint_bernard_150,saint_bernard,dog,0.4,0.0516,saint_bernard,True,dog,True,correct
saint_bernard_150,saint_bernard,dog,0.5,0.0778,saint_bernard,True,dog,True,correct
saint_bernard_150,saint_bernard,dog,0.6,0.099,saint_bernard,True,dog,True,correct
saint_bernard_150,saint_bernard,dog,0.7,0.1025,saint_bernard,True,dog,True,correct
saint_bernard_150,saint_bernard,dog,0.8,0.1621,saint_bernard,True,dog,True,correct
saint_bernard_150,saint_bernard,dog,0.9,0.146,saint_bernard,True,dog,True,correct
saint_bernard_150,saint_bernard,dog,1.0,0.1811,saint_bernard,True,dog,True,correct
chihuahua_110,chihuahua,dog,0.0,0.0,chihuahua,True,dog,True,correct
chihuahua_110,chihuahua,dog,0.1,0.0435,chihuahua,True,dog,True,correct
chihuahua_110,chihuahua,dog,0.2,0.0557,chihuahua,True,dog,True,correct
chihuahua_110,chihuahua,dog,0.3,0.0702,chihuahua,True,dog,True,correct
chihuahua_110,chihuahua,dog,0.4,0.0783,chihuahua,True,dog,True,correct
chihuahua_110,chihuahua,dog,0.5,0.0952,chihuahua,True,dog,True,correct
chihuahua_110,chihuahua,dog,0.6,0.1107,chihuahua,True,dog,True,correct
chihuahua_110,chihuahua,dog,0.7,0.1257,chihuahua,True,dog,True,correct
chihuahua_110,chihuahua,dog,0.8,0.1353,chihuahua,True,dog,True,correct
chihuahua_110,chihuahua,dog,0.9,0.1448,chihuahua,True,dog,True,correct
chihuahua_110,chihuahua,dog,1.0,0.2122,chihuahua,True,dog,True,correct
scottish_terrier_142,scottish_terrier,dog,0.0,0.0,scottish_terrier,True,dog,True,correct
scottish_terrier_142,scottish_terrier,dog,0.1,0.0363,scottish_terrier,True,dog,True,correct
scottish_terrier_142,scottish_terrier,dog,0.2,0.0101,scottish_terrier,True,dog,True,correct
scottish_terrier_142,scottish_terrier,dog,0.3,0.0152,scottish_terrier,True,dog,True,correct
scottish_terrier_142,scottish_terrier,dog,0.4,0.0233,scottish_terrier,True,dog,True,correct
scottish_terrier_142,scottish_terrier,dog,0.5,0.0257,scottish_terrier,True,dog,True,correct
scottish_terrier_142,scottish_terrier,dog,0.6,0.0378,scottish_terrier,True,dog,True,correct
scottish_terrier_142,scottish_terrier,dog,0.7,0.0472,scottish_terrier,True,dog,True,correct
scottish_terrier_142,scottish_terrier,dog,0.8,0.0655,scottish_terrier,True,dog,True,correct
scottish_terrier_142,scottish_terrier,dog,0.9,0.0543,scottish_terrier,True,dog,True,correct
scottish_terrier_142,scottish_terrier,dog,1.0,0.0494,scottish_terrier,True,dog,True,correct
Bengal_182,bengal,cat,0.0,0.0,abyssinian,False,cat,True,within_superclass
Bengal_182,bengal,cat,0.1,0.0469,bengal,True,cat,True,correct
Bengal_182,bengal,cat,0.2,0.0221,bengal,True,cat,True,correct
Bengal_182,bengal,cat,0.3,0.0254,abyssinian,False,cat,True,within_superclass
Bengal_182,bengal,cat,0.4,0.0279,abyssinian,False,cat,True,within_superclass
Bengal_182,bengal,cat,0.5,0.0352,abyssinian,False,cat,True,within_superclass
Bengal_182,bengal,cat,0.6,0.0376,abyssinian,False,cat,True,within_superclass
Bengal_182,bengal,cat,0.7,0.0507,abyssinian,False,cat,True,within_superclass
Bengal_182,bengal,cat,0.8,0.0514,abyssinian,False,cat,True,within_superclass
Bengal_182,bengal,cat,0.9,0.0567,abyssinian,False,cat,True,within_superclass
Bengal_182,bengal,cat,1.0,0.069,bengal,True,cat,True,correct
Egyptian_Mau_174,egyptian_mau,cat,0.0,0.0,egyptian_mau,True,cat,True,correct
Egyptian_Mau_174,egyptian_mau,cat,0.1,0.0272,egyptian_mau,True,cat,True,correct
Egyptian_Mau_174,egyptian_mau,cat,0.2,0.0254,egyptian_mau,True,cat,True,correct
Egyptian_Mau_174,egyptian_mau,cat,0.3,0.0323,egyptian_mau,True,cat,True,correct
Egyptian_Mau_174,egyptian_mau,cat,0.4,0.0476,egyptian_mau,True,cat,True,correct
Egyptian_Mau_174,egyptian_mau,cat,0.5,0.0545,egyptian_mau,True,cat,True,correct
Egyptian_Mau_174,egyptian_mau,cat,0.6,0.0562,egyptian_mau,True,cat,True,correct
Egyptian_Mau_174,egyptian_mau,cat,0.7,0.0646,egyptian_mau,True,cat,True,correct
Egyptian_Mau_174,egyptian_mau,cat,0.8,0.0829,egyptian_mau,True,cat,True,correct
Egyptian_Mau_174,egyptian_mau,cat,0.9,0.0845,egyptian_mau,True,cat,True,correct
Egyptian_Mau_174,egyptian_mau,cat,1.0,0.0832,egyptian_mau,True,cat,True,correct
great_pyrenees_132,great_pyrenees,dog,0.0,0.0,great_pyrenees,True,dog,True,correct
great_pyrenees_132,great_pyrenees,dog,0.1,0.0605,great_pyrenees,True,dog,True,correct
great_pyrenees_132,great_pyrenees,dog,0.2,0.0625,great_pyrenees,True,dog,True,correct
great_pyrenees_132,great_pyrenees,dog,0.3,0.0802,great_pyrenees,True,dog,True,correct
great_pyrenees_132,great_pyrenees,dog,0.4,0.0981,great_pyrenees,True,dog,True,correct
great_pyrenees_132,great_pyrenees,dog,0.5,0.108,great_pyrenees,True,dog,True,correct
great_pyrenees_132,great_pyrenees,dog,0.6,0.1122,great_pyrenees,True,dog,True,correct
great_pyrenees_132,great_pyrenees,dog,0.7,0.1126,great_pyrenees,True,dog,True,correct
great_pyrenees_132,great_pyrenees,dog,0.8,0.1321,great_pyrenees,True,dog,True,correct
great_pyrenees_132,great_pyrenees,dog,0.9,0.1376,great_pyrenees,True,dog,True,correct
great_pyrenees_132,great_pyrenees,dog,1.0,0.1326,great_pyrenees,True,dog,True,correct
samoyed_127,samoyed,dog,0.0,0.0,samoyed,True,dog,True,correct
samoyed_127,samoyed,dog,0.1,0.0199,samoyed,True,dog,True,correct
samoyed_127,samoyed,dog,0.2,0.0257,samoyed,True,dog,True,correct
samoyed_127,samoyed,dog,0.3,0.0266,samoyed,True,dog,True,correct
samoyed_127,samoyed,dog,0.4,0.0411,samoyed,True,dog,True,correct
samoyed_127,samoyed,dog,0.5,0.0539,samoyed,True,dog,True,correct
samoyed_127,samoyed,dog,0.6,0.0559,samoyed,True,dog,True,correct
samoyed_127,samoyed,dog,0.7,0.0803,samoyed,True,dog,True,correct
samoyed_127,samoyed,dog,0.8,0.0893,samoyed,True,dog,True,correct
samoyed_127,samoyed,dog,0.9,0.1051,samoyed,True,dog,True,correct
samoyed_127,samoyed,dog,1.0,0.0986,samoyed,True,dog,True,correct
american_pit_bull_terrier_176,american_pit_bull_terrier,dog,0.0,0.0,american_pit_bull_terrier,True,dog,True,correct
american_pit_bull_terrier_176,american_pit_bull_terrier,dog,0.1,0.0888,american_pit_bull_terrier,True,dog,True,correct
american_pit_bull_terrier_176,american_pit_bull_terrier,dog,0.2,0.081,american_pit_bull_terrier,True,dog,True,correct
american_pit_bull_terrier_176,american_pit_bull_terrier,dog,0.3,0.1001,american_pit_bull_terrier,True,dog,True,correct
american_pit_bull_terrier_176,american_pit_bull_terrier,dog,0.4,0.1088,american_pit_bull_terrier,True,dog,True,correct
american_pit_bull_terrier_176,american_pit_bull_terrier,dog,0.5,0.125,american_pit_bull_terrier,True,dog,True,correct
american_pit_bull_terrier_176,american_pit_bull_terrier,dog,0.6,0.1081,american_pit_bull_terrier,True,dog,True,correct
american_pit_bull_terrier_176,american_pit_bull_terrier,dog,0.7,0.1264,american_pit_bull_terrier,True,dog,True,correct
american_pit_bull_terrier_176,american_pit_bull_terrier,dog,0.8,0.1515,american_pit_bull_terrier,True,dog,True,correct
american_pit_bull_terrier_176,american_pit_bull_terrier,dog,0.9,0.1657,american_pit_bull_terrier,True,dog,True,correct
american_pit_bull_terrier_176,american_pit_bull_terrier,dog,1.0,0.1641,american_pit_bull_terrier,True,dog,True,correct
Sphynx_204,sphynx,cat,0.0,0.0,sphynx,True,cat,True,correct
Sphynx_204,sphynx,cat,0.1,0.0483,sphynx,True,cat,True,correct
Sphynx_204,sphynx,cat,0.2,0.0625,sphynx,True,cat,True,correct
Sphynx_204,sphynx,cat,0.3,0.0602,sphynx,True,cat,True,correct
Sphynx_204,sphynx,cat,0.4,0.0799,sphynx,True,cat,True,correct
Sphynx_204,sphynx,cat,0.5,0.1012,sphynx,True,cat,True,correct
Sphynx_204,sphynx,cat,0.6,0.1091,sphynx,True,cat,True,correct
Sphynx_204,sphynx,cat,0.7,0.1656,sphynx,True,cat,True,correct
Sphynx_204,sphynx,cat,0.8,0.1733,sphynx,True,cat,True,correct
Sphynx_204,sphynx,cat,0.9,0.1926,sphynx,True,cat,True,correct
Sphynx_204,sphynx,cat,1.0,0.1656,sphynx,True,cat,True,correct
samoyed_116,samoyed,dog,0.0,0.0,samoyed,True,dog,True,correct
samoyed_116,samoyed,dog,0.1,0.0644,samoyed,True,dog,True,correct
samoyed_116,samoyed,dog,0.2,0.0486,samoyed,True,dog,True,correct
samoyed_116,samoyed,dog,0.3,0.0433,samoyed,True,dog,True,correct
samoyed_116,samoyed,dog,0.4,0.0452,samoyed,True,dog,True,correct
samoyed_116,samoyed,dog,0.5,0.0524,samoyed,True,dog,True,correct
samoyed_116,samoyed,dog,0.6,0.0538,samoyed,True,dog,True,correct
samoyed_116,samoyed,dog,0.7,0.0507,samoyed,True,dog,True,correct
samoyed_116,samoyed,dog,0.8,0.061,samoyed,True,dog,True,correct
samoyed_116,samoyed,dog,0.9,0.0615,samoyed,True,dog,True,correct
samoyed_116,samoyed,dog,1.0,0.0969,samoyed,True,dog,True,correct
leonberger_158,leonberger,dog,0.0,0.0,keeshond,False,dog,True,within_superclass
leonberger_158,leonberger,dog,0.1,0.0277,keeshond,False,dog,True,within_superclass
leonberger_158,leonberger,dog,0.2,0.03,keeshond,False,dog,True,within_superclass
leonberger_158,leonberger,dog,0.3,0.0374,keeshond,False,dog,True,within_superclass
leonberger_158,leonberger,dog,0.4,0.0492,keeshond,False,dog,True,within_superclass
leonberger_158,leonberger,dog,0.5,0.055,keeshond,False,dog,True,within_superclass
leonberger_158,leonberger,dog,0.6,0.07,keeshond,False,dog,True,within_superclass
leonberger_158,leonberger,dog,0.7,0.0764,pomeranian,False,dog,True,within_superclass
leonberger_158,leonberger,dog,0.8,0.0868,pomeranian,False,dog,True,within_superclass
leonberger_158,leonberger,dog,0.9,0.0871,pomeranian,False,dog,True,within_superclass
leonberger_158,leonberger,dog,1.0,0.109,pomeranian,False,dog,True,within_superclass
german_shorthaired_156,german_shorthaired,dog,0.0,0.0,german_shorthaired,True,dog,True,correct
german_shorthaired_156,german_shorthaired,dog,0.1,0.0166,german_shorthaired,True,dog,True,correct
german_shorthaired_156,german_shorthaired,dog,0.2,0.0292,german_shorthaired,True,dog,True,correct
german_shorthaired_156,german_shorthaired,dog,0.3,0.0253,german_shorthaired,True,dog,True,correct
german_shorthaired_156,german_shorthaired,dog,0.4,0.048,german_shorthaired,True,dog,True,correct
german_shorthaired_156,german_shorthaired,dog,0.5,0.0686,german_shorthaired,True,dog,True,correct
german_shorthaired_156,german_shorthaired,dog,0.6,0.0818,german_shorthaired,True,dog,True,correct
german_shorthaired_156,german_shorthaired,dog,0.7,0.1034,german_shorthaired,True,dog,True,correct
german_shorthaired_156,german_shorthaired,dog,0.8,0.1033,german_shorthaired,True,dog,True,correct
german_shorthaired_156,german_shorthaired,dog,0.9,0.1178,german_shorthaired,True,dog,True,correct
german_shorthaired_156,german_shorthaired,dog,1.0,0.1577,german_shorthaired,True,dog,True,correct
British_Shorthair_176,british_shorthair,cat,0.0,0.0,russian_blue,False,cat,True,within_superclass
British_Shorthair_176,british_shorthair,cat,0.1,0.036,russian_blue,False,cat,True,within_superclass
British_Shorthair_176,british_shorthair,cat,0.2,0.0319,british_shorthair,True,cat,True,correct
British_Shorthair_176,british_shorthair,cat,0.3,0.0387,british_shorthair,True,cat,True,correct
British_Shorthair_176,british_shorthair,cat,0.4,0.0402,british_shorthair,True,cat,True,correct
British_Shorthair_176,british_shorthair,cat,0.5,0.0531,british_shorthair,True,cat,True,correct
British_Shorthair_176,british_shorthair,cat,0.6,0.0643,british_shorthair,True,cat,True,correct
British_Shorthair_176,british_shorthair,cat,0.7,0.0766,british_shorthair,True,cat,True,correct
British_Shorthair_176,british_shorthair,cat,0.8,0.0938,british_shorthair,True,cat,True,correct
British_Shorthair_176,british_shorthair,cat,0.9,0.0905,british_shorthair,True,cat,True,correct
British_Shorthair_176,british_shorthair,cat,1.0,0.1017,british_shorthair,True,cat,True,correct
japanese_chin_177,japanese_chin,dog,0.0,0.0,japanese_chin,True,dog,True,correct
japanese_chin_177,japanese_chin,dog,0.1,0.0424,japanese_chin,True,dog,True,correct
japanese_chin_177,japanese_chin,dog,0.2,0.0554,japanese_chin,True,dog,True,correct
japanese_chin_177,japanese_chin,dog,0.3,0.0644,japanese_chin,True,dog,True,correct
japanese_chin_177,japanese_chin,dog,0.4,0.0835,japanese_chin,True,dog,True,correct
japanese_chin_177,japanese_chin,dog,0.5,0.079,japanese_chin,True,dog,True,correct
japanese_chin_177,japanese_chin,dog,0.6,0.0972,japanese_chin,True,dog,True,correct
japanese_chin_177,japanese_chin,dog,0.7,0.1006,japanese_chin,True,dog,True,correct
japanese_chin_177,japanese_chin,dog,0.8,0.1237,japanese_chin,True,dog,True,correct
japanese_chin_177,japanese_chin,dog,0.9,0.1389,japanese_chin,True,dog,True,correct
japanese_chin_177,japanese_chin,dog,1.0,0.1379,japanese_chin,True,dog,True,correct
miniature_pinscher_159,miniature_pinscher,dog,0.0,0.0,miniature_pinscher,True,dog,True,correct
miniature_pinscher_159,miniature_pinscher,dog,0.1,0.0374,miniature_pinscher,True,dog,True,correct
miniature_pinscher_159,miniature_pinscher,dog,0.2,0.0495,miniature_pinscher,True,dog,True,correct
miniature_pinscher_159,miniature_pinscher,dog,0.3,0.0612,miniature_pinscher,True,dog,True,correct
miniature_pinscher_159,miniature_pinscher,dog,0.4,0.0744,miniature_pinscher,True,dog,True,correct
miniature_pinscher_159,miniature_pinscher,dog,0.5,0.09,miniature_pinscher,True,dog,True,correct
miniature_pinscher_159,miniature_pinscher,dog,0.6,0.0982,miniature_pinscher,True,dog,True,correct
miniature_pinscher_159,miniature_pinscher,dog,0.7,0.1454,miniature_pinscher,True,dog,True,correct
miniature_pinscher_159,miniature_pinscher,dog,0.8,0.1776,miniature_pinscher,True,dog,True,correct
miniature_pinscher_159,miniature_pinscher,dog,0.9,0.1903,miniature_pinscher,True,dog,True,correct
miniature_pinscher_159,miniature_pinscher,dog,1.0,0.2038,miniature_pinscher,True,dog,True,correct
Bengal_179,bengal,cat,0.0,0.0,egyptian_mau,False,cat,True,within_superclass
Bengal_179,bengal,cat,0.1,0.061,bengal,True,cat,True,correct
Bengal_179,bengal,cat,0.2,0.0741,bengal,True,cat,True,correct
Bengal_179,bengal,cat,0.3,0.0922,bengal,True,cat,True,correct
Bengal_179,bengal,cat,0.4,0.1149,bengal,True,cat,True,correct
Bengal_179,bengal,cat,0.5,0.1143,egyptian_mau,False,cat,True,within_superclass
Bengal_179,bengal,cat,0.6,0.1253,bengal,True,cat,True,correct
Bengal_179,bengal,cat,0.7,0.1512,egyptian_mau,False,cat,True,within_superclass
Bengal_179,bengal,cat,0.8,0.1686,bengal,True,cat,True,correct
Bengal_179,bengal,cat,0.9,0.1679,egyptian_mau,False,cat,True,within_superclass
Bengal_179,bengal,cat,1.0,0.1938,bengal,True,cat,True,correct
saint_bernard_157,saint_bernard,dog,0.0,0.0,saint_bernard,True,dog,True,correct
saint_bernard_157,saint_bernard,dog,0.1,0.0295,saint_bernard,True,dog,True,correct
saint_bernard_157,saint_bernard,dog,0.2,0.0682,saint_bernard,True,dog,True,correct
saint_bernard_157,saint_bernard,dog,0.3,0.0835,saint_bernard,True,dog,True,correct
saint_bernard_157,saint_bernard,dog,0.4,0.0908,saint_bernard,True,dog,True,correct
saint_bernard_157,saint_bernard,dog,0.5,0.0936,saint_bernard,True,dog,True,correct
saint_bernard_157,saint_bernard,dog,0.6,0.1275,saint_bernard,True,dog,True,correct
saint_bernard_157,saint_bernard,dog,0.7,0.1528,saint_bernard,True,dog,True,correct
saint_bernard_157,saint_bernard,dog,0.8,0.1388,saint_bernard,True,dog,True,correct
saint_bernard_157,saint_bernard,dog,0.9,0.1508,saint_bernard,True,dog,True,correct
saint_bernard_157,saint_bernard,dog,1.0,0.1689,saint_bernard,True,dog,True,correct
newfoundland_190,newfoundland,dog,0.0,0.0,newfoundland,True,dog,True,correct
newfoundland_190,newfoundland,dog,0.1,0.0068,newfoundland,True,dog,True,correct
newfoundland_190,newfoundland,dog,0.2,0.0094,newfoundland,True,dog,True,correct
newfoundland_190,newfoundland,dog,0.3,0.0132,newfoundland,True,dog,True,correct
newfoundland_190,newfoundland,dog,0.4,0.0161,newfoundland,True,dog,True,correct
newfoundland_190,newfoundland,dog,0.5,0.0215,newfoundland,True,dog,True,correct
newfoundland_190,newfoundland,dog,0.6,0.0218,newfoundland,True,dog,True,correct
newfoundland_190,newfoundland,dog,0.7,0.0227,newfoundland,True,dog,True,correct
newfoundland_190,newfoundland,dog,0.8,0.0318,newfoundland,True,dog,True,correct
newfoundland_190,newfoundland,dog,0.9,0.0349,newfoundland,True,dog,True,correct
newfoundland_190,newfoundland,dog,1.0,0.0372,newfoundland,True,dog,True,correct
beagle_143,beagle,dog,0.0,0.0,beagle,True,dog,True,correct
beagle_143,beagle,dog,0.1,0.0481,beagle,True,dog,True,correct
beagle_143,beagle,dog,0.2,0.0369,beagle,True,dog,True,correct
beagle_143,beagle,dog,0.3,0.0273,beagle,True,dog,True,correct
beagle_143,beagle,dog,0.4,0.0357,beagle,True,dog,True,correct
beagle_143,beagle,dog,0.5,0.0366,beagle,True,dog,True,correct
beagle_143,beagle,dog,0.6,0.0397,beagle,True,dog,True,correct
beagle_143,beagle,dog,0.7,0.045,beagle,True,dog,True,correct
beagle_143,beagle,dog,0.8,0.0516,beagle,True,dog,True,correct
beagle_143,beagle,dog,0.9,0.0569,beagle,True,dog,True,correct
beagle_143,beagle,dog,1.0,0.0671,beagle,True,dog,True,correct
american_pit_bull_terrier_133,american_pit_bull_terrier,dog,0.0,0.0,american_pit_bull_terrier,True,dog,True,correct
american_pit_bull_terrier_133,american_pit_bull_terrier,dog,0.1,0.049,american_pit_bull_terrier,True,dog,True,correct
american_pit_bull_terrier_133,american_pit_bull_terrier,dog,0.2,0.0636,american_pit_bull_terrier,True,dog,True,correct
american_pit_bull_terrier_133,american_pit_bull_terrier,dog,0.3,0.0973,american_pit_bull_terrier,True,dog,True,correct
american_pit_bull_terrier_133,american_pit_bull_terrier,dog,0.4,0.1076,american_pit_bull_terrier,True,dog,True,correct
american_pit_bull_terrier_133,american_pit_bull_terrier,dog,0.5,0.1342,american_pit_bull_terrier,True,dog,True,correct
american_pit_bull_terrier_133,american_pit_bull_terrier,dog,0.6,0.1387,american_pit_bull_terrier,True,dog,True,correct
american_pit_bull_terrier_133,american_pit_bull_terrier,dog,0.7,0.13,american_pit_bull_terrier,True,dog,True,correct
american_pit_bull_terrier_133,american_pit_bull_terrier,dog,0.8,0.1631,american_pit_bull_terrier,True,dog,True,correct
american_pit_bull_terrier_133,american_pit_bull_terrier,dog,0.9,0.157,staffordshire_bull_terrier,False,dog,True,within_superclass
american_pit_bull_terrier_133,american_pit_bull_terrier,dog,1.0,0.1772,staffordshire_bull_terrier,False,dog,True,within_superclass
Siamese_171,siamese,cat,0.0,0.0,siamese,True,cat,True,correct
Siamese_171,siamese,cat,0.1,0.0267,siamese,True,cat,True,correct
Siamese_171,siamese,cat,0.2,0.0275,siamese,True,cat,True,correct
Siamese_171,siamese,cat,0.3,0.0322,siamese,True,cat,True,correct
Siamese_171,siamese,cat,0.4,0.039,siamese,True,cat,True,correct
Siamese_171,siamese,cat,0.5,0.0437,siamese,True,cat,True,correct
Siamese_171,siamese,cat,0.6,0.0721,siamese,True,cat,True,correct
Siamese_171,siamese,cat,0.7,0.0721,siamese,True,cat,True,correct
Siamese_171,siamese,cat,0.8,0.1029,siamese,True,cat,True,correct
Siamese_171,siamese,cat,0.9,0.082,siamese,True,cat,True,correct
Siamese_171,siamese,cat,1.0,0.127,siamese,True,cat,True,correct
Russian_Blue_192,russian_blue,cat,0.0,0.0,russian_blue,True,cat,True,correct
Russian_Blue_192,russian_blue,cat,0.1,0.0162,russian_blue,True,cat,True,correct
Russian_Blue_192,russian_blue,cat,0.2,0.0216,russian_blue,True,cat,True,correct
Russian_Blue_192,russian_blue,cat,0.3,0.0268,russian_blue,True,cat,True,correct
Russian_Blue_192,russian_blue,cat,0.4,0.0325,russian_blue,True,cat,True,correct
Russian_Blue_192,russian_blue,cat,0.5,0.0545,russian_blue,True,cat,True,correct
Russian_Blue_192,russian_blue,cat,0.6,0.048,russian_blue,True,cat,True,correct
Russian_Blue_192,russian_blue,cat,0.7,0.0719,russian_blue,True,cat,True,correct
Russian_Blue_192,russian_blue,cat,0.8,0.0837,russian_blue,True,cat,True,correct
Russian_Blue_192,russian_blue,cat,0.9,0.0841,russian_blue,True,cat,True,correct
Russian_Blue_192,russian_blue,cat,1.0,0.1048,british_shorthair,False,cat,True,within_superclass
Abyssinian_179,abyssinian,cat,0.0,0.0,abyssinian,True,cat,True,correct
Abyssinian_179,abyssinian,cat,0.1,0.0298,abyssinian,True,cat,True,correct
Abyssinian_179,abyssinian,cat,0.2,0.0333,abyssinian,True,cat,True,correct
Abyssinian_179,abyssinian,cat,0.3,0.0459,abyssinian,True,cat,True,correct
Abyssinian_179,abyssinian,cat,0.4,0.0547,abyssinian,True,cat,True,correct
Abyssinian_179,abyssinian,cat,0.5,0.0606,abyssinian,True,cat,True,correct
Abyssinian_179,abyssinian,cat,0.6,0.0718,abyssinian,True,cat,True,correct
Abyssinian_179,abyssinian,cat,0.7,0.0759,abyssinian,True,cat,True,correct
Abyssinian_179,abyssinian,cat,0.8,0.1012,abyssinian,True,cat,True,correct
Abyssinian_179,abyssinian,cat,0.9,0.0915,abyssinian,True,cat,True,correct
Abyssinian_179,abyssinian,cat,1.0,0.1207,abyssinian,True,cat,True,correct
British_Shorthair_188,british_shorthair,cat,0.0,0.0,british_shorthair,True,cat,True,correct
British_Shorthair_188,british_shorthair,cat,0.1,0.0523,british_shorthair,True,cat,True,correct
British_Shorthair_188,british_shorthair,cat,0.2,0.0567,british_shorthair,True,cat,True,correct
British_Shorthair_188,british_shorthair,cat,0.3,0.0664,british_shorthair,True,cat,True,correct
British_Shorthair_188,british_shorthair,cat,0.4,0.0614,british_shorthair,True,cat,True,correct
British_Shorthair_188,british_shorthair,cat,0.5,0.0888,british_shorthair,True,cat,True,correct
British_Shorthair_188,british_shorthair,cat,0.6,0.0883,british_shorthair,True,cat,True,correct
British_Shorthair_188,british_shorthair,cat,0.7,0.1009,british_shorthair,True,cat,True,correct
British_Shorthair_188,british_shorthair,cat,0.8,0.1239,british_shorthair,True,cat,True,correct
British_Shorthair_188,british_shorthair,cat,0.9,0.1549,british_shorthair,True,cat,True,correct
British_Shorthair_188,british_shorthair,cat,1.0,0.1376,british_shorthair,True,cat,True,correct
great_pyrenees_174,great_pyrenees,dog,0.0,0.0,great_pyrenees,True,dog,True,correct
great_pyrenees_174,great_pyrenees,dog,0.1,0.0334,great_pyrenees,True,dog,True,correct
great_pyrenees_174,great_pyrenees,dog,0.2,0.038,great_pyrenees,True,dog,True,correct
great_pyrenees_174,great_pyrenees,dog,0.3,0.0454,great_pyrenees,True,dog,True,correct
great_pyrenees_174,great_pyrenees,dog,0.4,0.0599,great_pyrenees,True,dog,True,correct
great_pyrenees_174,great_pyrenees,dog,0.5,0.069,great_pyrenees,True,dog,True,correct
great_pyrenees_174,great_pyrenees,dog,0.6,0.1176,great_pyrenees,True,dog,True,correct
great_pyrenees_174,great_pyrenees,dog,0.7,0.0986,great_pyrenees,True,dog,True,correct
great_pyrenees_174,great_pyrenees,dog,0.8,0.1337,great_pyrenees,True,dog,True,correct
great_pyrenees_174,great_pyrenees,dog,0.9,0.1325,great_pyrenees,True,dog,True,correct
great_pyrenees_174,great_pyrenees,dog,1.0,0.1421,great_pyrenees,True,dog,True,correct
leonberger_190,leonberger,dog,0.0,0.0,leonberger,True,dog,True,correct
leonberger_190,leonberger,dog,0.1,0.0813,newfoundland,False,dog,True,within_superclass
leonberger_190,leonberger,dog,0.2,0.0883,newfoundland,False,dog,True,within_superclass
leonberger_190,leonberger,dog,0.3,0.0827,leonberger,True,dog,True,correct
leonberger_190,leonberger,dog,0.4,0.0951,pomeranian,False,dog,True,within_superclass
leonberger_190,leonberger,dog,0.5,0.0892,leonberger,True,dog,True,correct
leonberger_190,leonberger,dog,0.6,0.0918,pomeranian,False,dog,True,within_superclass
leonberger_190,leonberger,dog,0.7,0.1102,keeshond,False,dog,True,within_superclass
leonberger_190,leonberger,dog,0.8,0.1059,pomeranian,False,dog,True,within_superclass
leonberger_190,leonberger,dog,0.9,0.1321,leonberger,True,dog,True,correct
leonberger_190,leonberger,dog,1.0,0.1301,pomeranian,False,dog,True,within_superclass
scottish_terrier_143,scottish_terrier,dog,0.0,0.0,scottish_terrier,True,dog,True,correct
scottish_terrier_143,scottish_terrier,dog,0.1,0.0381,scottish_terrier,True,dog,True,correct
scottish_terrier_143,scottish_terrier,dog,0.2,0.0528,scottish_terrier,True,dog,True,correct
scottish_terrier_143,scottish_terrier,dog,0.3,0.058,scottish_terrier,True,dog,True,correct
scottish_terrier_143,scottish_terrier,dog,0.4,0.0665,scottish_terrier,True,dog,True,correct
scottish_terrier_143,scottish_terrier,dog,0.5,0.0702,scottish_terrier,True,dog,True,correct
scottish_terrier_143,scottish_terrier,dog,0.6,0.071,scottish_terrier,True,dog,True,correct
scottish_terrier_143,scottish_terrier,dog,0.7,0.0746,scottish_terrier,True,dog,True,correct
scottish_terrier_143,scottish_terrier,dog,0.8,0.081,scottish_terrier,True,dog,True,correct
scottish_terrier_143,scottish_terrier,dog,0.9,0.0897,scottish_terrier,True,dog,True,correct
scottish_terrier_143,scottish_terrier,dog,1.0,0.1183,scottish_terrier,True,dog,True,correct
english_cocker_spaniel_167,english_cocker_spaniel,dog,0.0,0.0,english_cocker_spaniel,True,dog,True,correct
english_cocker_spaniel_167,english_cocker_spaniel,dog,0.1,0.0227,english_cocker_spaniel,True,dog,True,correct
english_cocker_spaniel_167,english_cocker_spaniel,dog,0.2,0.0257,english_cocker_spaniel,True,dog,True,correct
english_cocker_spaniel_167,english_cocker_spaniel,dog,0.3,0.0311,scottish_terrier,False,dog,True,within_superclass
english_cocker_spaniel_167,english_cocker_spaniel,dog,0.4,0.0397,scottish_terrier,False,dog,True,within_superclass
english_cocker_spaniel_167,english_cocker_spaniel,dog,0.5,0.0514,scottish_terrier,False,dog,True,within_superclass
english_cocker_spaniel_167,english_cocker_spaniel,dog,0.6,0.0782,scottish_terrier,False,dog,True,within_superclass
english_cocker_spaniel_167,english_cocker_spaniel,dog,0.7,0.0621,english_cocker_spaniel,True,dog,True,correct
english_cocker_spaniel_167,english_cocker_spaniel,dog,0.8,0.074,english_cocker_spaniel,True,dog,True,correct
english_cocker_spaniel_167,english_cocker_spaniel,dog,0.9,0.094,newfoundland,False,dog,True,within_superclass
english_cocker_spaniel_167,english_cocker_spaniel,dog,1.0,0.1003,newfoundland,False,dog,True,within_superclass
Egyptian_Mau_132,egyptian_mau,cat,0.0,0.0,egyptian_mau,True,cat,True,correct
Egyptian_Mau_132,egyptian_mau,cat,0.1,0.1076,russian_blue,False,cat,True,within_superclass
Egyptian_Mau_132,egyptian_mau,cat,0.2,0.1173,russian_blue,False,cat,True,within_superclass
Egyptian_Mau_132,egyptian_mau,cat,0.3,0.1281,russian_blue,False,cat,True,within_superclass
Egyptian_Mau_132,egyptian_mau,cat,0.4,0.1018,russian_blue,False,cat,True,within_superclass
Egyptian_Mau_132,egyptian_mau,cat,0.5,0.1428,egyptian_mau,True,cat,True,correct
Egyptian_Mau_132,egyptian_mau,cat,0.6,0.2074,british_shorthair,False,cat,True,within_superclass
Egyptian_Mau_132,egyptian_mau,cat,0.7,0.2265,maine_coon,False,cat,True,within_superclass
Egyptian_Mau_132,egyptian_mau,cat,0.8,0.2648,egyptian_mau,True,cat,True,correct
Egyptian_Mau_132,egyptian_mau,cat,0.9,0.2913,russian_blue,False,cat,True,within_superclass
Egyptian_Mau_132,egyptian_mau,cat,1.0,0.3378,persian,False,cat,True,within_superclass
yorkshire_terrier_117,yorkshire_terrier,dog,0.0,0.0,yorkshire_terrier,True,dog,True,correct
yorkshire_terrier_117,yorkshire_terrier,dog,0.1,0.0449,yorkshire_terrier,True,dog,True,correct
yorkshire_terrier_117,yorkshire_terrier,dog,0.2,0.0485,yorkshire_terrier,True,dog,True,correct
yorkshire_terrier_117,yorkshire_terrier,dog,0.3,0.057,yorkshire_terrier,True,dog,True,correct
yorkshire_terrier_117,yorkshire_terrier,dog,0.4,0.0628,yorkshire_terrier,True,dog,True,correct
yorkshire_terrier_117,yorkshire_terrier,dog,0.5,0.0693,yorkshire_terrier,True,dog,True,correct
yorkshire_terrier_117,yorkshire_terrier,dog,0.6,0.0909,yorkshire_terrier,True,dog,True,correct
yorkshire_terrier_117,yorkshire_terrier,dog,0.7,0.1175,yorkshire_terrier,True,dog,True,correct
yorkshire_terrier_117,yorkshire_terrier,dog,0.8,0.1279,yorkshire_terrier,True,dog,True,correct
yorkshire_terrier_117,yorkshire_terrier,dog,0.9,0.166,yorkshire_terrier,True,dog,True,correct
yorkshire_terrier_117,yorkshire_terrier,dog,1.0,0.2034,yorkshire_terrier,True,dog,True,correct
yorkshire_terrier_153,yorkshire_terrier,dog,0.0,0.0,yorkshire_terrier,True,dog,True,correct
yorkshire_terrier_153,yorkshire_terrier,dog,0.1,0.0584,yorkshire_terrier,True,dog,True,correct
yorkshire_terrier_153,yorkshire_terrier,dog,0.2,0.0749,yorkshire_terrier,True,dog,True,correct
yorkshire_terrier_153,yorkshire_terrier,dog,0.3,0.0911,yorkshire_terrier,True,dog,True,correct
yorkshire_terrier_153,yorkshire_terrier,dog,0.4,0.0958,yorkshire_terrier,True,dog,True,correct
yorkshire_terrier_153,yorkshire_terrier,dog,0.5,0.0956,yorkshire_terrier,True,dog,True,correct
yorkshire_terrier_153,yorkshire_terrier,dog,0.6,0.0967,yorkshire_terrier,True,dog,True,correct
yorkshire_terrier_153,yorkshire_terrier,dog,0.7,0.1086,yorkshire_terrier,True,dog,True,correct
yorkshire_terrier_153,yorkshire_terrier,dog,0.8,0.1385,scottish_terrier,False,dog,True,within_superclass
yorkshire_terrier_153,yorkshire_terrier,dog,0.9,0.1794,yorkshire_terrier,True,dog,True,correct
yorkshire_terrier_153,yorkshire_terrier,dog,1.0,0.1999,sphynx,False,cat,False,cross_superclass
american_pit_bull_terrier_14,american_pit_bull_terrier,dog,0.0,0.0,american_pit_bull_terrier,True,dog,True,correct
american_pit_bull_terrier_14,american_pit_bull_terrier,dog,0.1,0.0122,american_pit_bull_terrier,True,dog,True,correct
american_pit_bull_terrier_14,american_pit_bull_terrier,dog,0.2,0.0134,american_pit_bull_terrier,True,dog,True,correct
american_pit_bull_terrier_14,american_pit_bull_terrier,dog,0.3,0.0192,american_pit_bull_terrier,True,dog,True,correct
american_pit_bull_terrier_14,american_pit_bull_terrier,dog,0.4,0.0286,american_pit_bull_terrier,True,dog,True,correct
american_pit_bull_terrier_14,american_pit_bull_terrier,dog,0.5,0.033,american_pit_bull_terrier,True,dog,True,correct
american_pit_bull_terrier_14,american_pit_bull_terrier,dog,0.6,0.0459,american_pit_bull_terrier,True,dog,True,correct
american_pit_bull_terrier_14,american_pit_bull_terrier,dog,0.7,0.042,american_pit_bull_terrier,True,dog,True,correct
american_pit_bull_terrier_14,american_pit_bull_terrier,dog,0.8,0.041,american_pit_bull_terrier,True,dog,True,correct
american_pit_bull_terrier_14,american_pit_bull_terrier,dog,0.9,0.0496,american_pit_bull_terrier,True,dog,True,correct
american_pit_bull_terrier_14,american_pit_bull_terrier,dog,1.0,0.0657,american_pit_bull_terrier,True,dog,True,correct
beagle_157,beagle,dog,0.0,0.0,basset_hound,False,dog,True,within_superclass
beagle_157,beagle,dog,0.1,0.0183,basset_hound,False,dog,True,within_superclass
beagle_157,beagle,dog,0.2,0.0396,beagle,True,dog,True,correct
beagle_157,beagle,dog,0.3,0.028,basset_hound,False,dog,True,within_superclass
beagle_157,beagle,dog,0.4,0.0432,beagle,True,dog,True,correct
beagle_157,beagle,dog,0.5,0.075,beagle,True,dog,True,correct
beagle_157,beagle,dog,0.6,0.0699,basset_hound,False,dog,True,within_superclass
beagle_157,beagle,dog,0.7,0.0942,basset_hound,False,dog,True,within_superclass
beagle_157,beagle,dog,0.8,0.0739,beagle,True,dog,True,correct
beagle_157,beagle,dog,0.9,0.1295,beagle,True,dog,True,correct
beagle_157,beagle,dog,1.0,0.1078,beagle,True,dog,True,correct
saint_bernard_179,saint_bernard,dog,0.0,0.0,saint_bernard,True,dog,True,correct
saint_bernard_179,saint_bernard,dog,0.1,0.0324,saint_bernard,True,dog,True,correct
saint_bernard_179,saint_bernard,dog,0.2,0.0335,saint_bernard,True,dog,True,correct
saint_bernard_179,saint_bernard,dog,0.3,0.0296,saint_bernard,True,dog,True,correct
saint_bernard_179,saint_bernard,dog,0.4,0.0342,saint_bernard,True,dog,True,correct
saint_bernard_179,saint_bernard,dog,0.5,0.0578,saint_bernard,True,dog,True,correct
saint_bernard_179,saint_bernard,dog,0.6,0.0504,saint_bernard,True,dog,True,correct
saint_bernard_179,saint_bernard,dog,0.7,0.0632,saint_bernard,True,dog,True,correct
saint_bernard_179,saint_bernard,dog,0.8,0.0789,saint_bernard,True,dog,True,correct
saint_bernard_179,saint_bernard,dog,0.9,0.083,saint_bernard,True,dog,True,correct
saint_bernard_179,saint_bernard,dog,1.0,0.0955,saint_bernard,True,dog,True,correct
havanese_148,havanese,dog,0.0,0.0,havanese,True,dog,True,correct
havanese_148,havanese,dog,0.1,0.0443,havanese,True,dog,True,correct
havanese_148,havanese,dog,0.2,0.0229,havanese,True,dog,True,correct
havanese_148,havanese,dog,0.3,0.0373,havanese,True,dog,True,correct
havanese_148,havanese,dog,0.4,0.0441,havanese,True,dog,True,correct
havanese_148,havanese,dog,0.5,0.0535,havanese,True,dog,True,correct
havanese_148,havanese,dog,0.6,0.0576,havanese,True,dog,True,correct
havanese_148,havanese,dog,0.7,0.0666,havanese,True,dog,True,correct
havanese_148,havanese,dog,0.8,0.0755,havanese,True,dog,True,correct
havanese_148,havanese,dog,0.9,0.0716,havanese,True,dog,True,correct
havanese_148,havanese,dog,1.0,0.0688,havanese,True,dog,True,correct
german_shorthaired_157,german_shorthaired,dog,0.0,0.0,german_shorthaired,True,dog,True,correct
german_shorthaired_157,german_shorthaired,dog,0.1,0.0391,german_shorthaired,True,dog,True,correct
german_shorthaired_157,german_shorthaired,dog,0.2,0.062,german_shorthaired,True,dog,True,correct
german_shorthaired_157,german_shorthaired,dog,0.3,0.0707,german_shorthaired,True,dog,True,correct
german_shorthaired_157,german_shorthaired,dog,0.4,0.072,german_shorthaired,True,dog,True,correct
german_shorthaired_157,german_shorthaired,dog,0.5,0.0849,german_shorthaired,True,dog,True,correct
german_shorthaired_157,german_shorthaired,dog,0.6,0.0927,german_shorthaired,True,dog,True,correct
german_shorthaired_157,german_shorthaired,dog,0.7,0.0921,german_shorthaired,True,dog,True,correct
german_shorthaired_157,german_shorthaired,dog,0.8,0.1094,german_shorthaired,True,dog,True,correct
german_shorthaired_157,german_shorthaired,dog,0.9,0.1395,german_shorthaired,True,dog,True,correct
german_shorthaired_157,german_shorthaired,dog,1.0,0.1392,german_shorthaired,True,dog,True,correct
saint_bernard_165,saint_bernard,dog,0.0,0.0,saint_bernard,True,dog,True,correct
saint_bernard_165,saint_bernard,dog,0.1,0.0246,saint_bernard,True,dog,True,correct
saint_bernard_165,saint_bernard,dog,0.2,0.0199,saint_bernard,True,dog,True,correct
saint_bernard_165,saint_bernard,dog,0.3,0.0318,saint_bernard,True,dog,True,correct
saint_bernard_165,saint_bernard,dog,0.4,0.0401,saint_bernard,True,dog,True,correct
saint_bernard_165,saint_bernard,dog,0.5,0.0577,saint_bernard,True,dog,True,correct
saint_bernard_165,saint_bernard,dog,0.6,0.0659,saint_bernard,True,dog,True,correct
saint_bernard_165,saint_bernard,dog,0.7,0.0791,saint_bernard,True,dog,True,correct
saint_bernard_165,saint_bernard,dog,0.8,0.0942,saint_bernard,True,dog,True,correct
saint_bernard_165,saint_bernard,dog,0.9,0.1019,saint_bernard,True,dog,True,correct
saint_bernard_165,saint_bernard,dog,1.0,0.0918,saint_bernard,True,dog,True,correct
miniature_pinscher_141,miniature_pinscher,dog,0.0,0.0,miniature_pinscher,True,dog,True,correct
miniature_pinscher_141,miniature_pinscher,dog,0.1,0.0743,miniature_pinscher,True,dog,True,correct
miniature_pinscher_141,miniature_pinscher,dog,0.2,0.1237,miniature_pinscher,True,dog,True,correct
miniature_pinscher_141,miniature_pinscher,dog,0.3,0.0584,miniature_pinscher,True,dog,True,correct
miniature_pinscher_141,miniature_pinscher,dog,0.4,0.0818,miniature_pinscher,True,dog,True,correct
miniature_pinscher_141,miniature_pinscher,dog,0.5,0.0861,american_pit_bull_terrier,False,dog,True,within_superclass
miniature_pinscher_141,miniature_pinscher,dog,0.6,0.0587,miniature_pinscher,True,dog,True,correct
miniature_pinscher_141,miniature_pinscher,dog,0.7,0.0748,miniature_pinscher,True,dog,True,correct
miniature_pinscher_141,miniature_pinscher,dog,0.8,0.1019,miniature_pinscher,True,dog,True,correct
miniature_pinscher_141,miniature_pinscher,dog,0.9,0.1232,miniature_pinscher,True,dog,True,correct
miniature_pinscher_141,miniature_pinscher,dog,1.0,0.1347,miniature_pinscher,True,dog,True,correct
shiba_inu_185,shiba_inu,dog,0.0,0.0,shiba_inu,True,dog,True,correct
shiba_inu_185,shiba_inu,dog,0.1,0.0293,shiba_inu,True,dog,True,correct
shiba_inu_185,shiba_inu,dog,0.2,0.048,shiba_inu,True,dog,True,correct
shiba_inu_185,shiba_inu,dog,0.3,0.062,shiba_inu,True,dog,True,correct
shiba_inu_185,shiba_inu,dog,0.4,0.0877,shiba_inu,True,dog,True,correct
shiba_inu_185,shiba_inu,dog,0.5,0.1176,shiba_inu,True,dog,True,correct
shiba_inu_185,shiba_inu,dog,0.6,0.1149,shiba_inu,True,dog,True,correct
shiba_inu_185,shiba_inu,dog,0.7,0.1256,shiba_inu,True,dog,True,correct
shiba_inu_185,shiba_inu,dog,0.8,0.1639,samoyed,False,dog,True,within_superclass
shiba_inu_185,shiba_inu,dog,0.9,0.1597,samoyed,False,dog,True,within_superclass
shiba_inu_185,shiba_inu,dog,1.0,0.1654,samoyed,False,dog,True,within_superclass
Sphynx_157,sphynx,cat,0.0,0.0,sphynx,True,cat,True,correct
Sphynx_157,sphynx,cat,0.1,0.0166,sphynx,True,cat,True,correct
Sphynx_157,sphynx,cat,0.2,0.0351,sphynx,True,cat,True,correct
Sphynx_157,sphynx,cat,0.3,0.0319,sphynx,True,cat,True,correct
Sphynx_157,sphynx,cat,0.4,0.0314,sphynx,True,cat,True,correct
Sphynx_157,sphynx,cat,0.5,0.0423,sphynx,True,cat,True,correct
Sphynx_157,sphynx,cat,0.6,0.0498,sphynx,True,cat,True,correct
Sphynx_157,sphynx,cat,0.7,0.0586,sphynx,True,cat,True,correct
Sphynx_157,sphynx,cat,0.8,0.0615,sphynx,True,cat,True,correct
Sphynx_157,sphynx,cat,0.9,0.0979,sphynx,True,cat,True,correct
Sphynx_157,sphynx,cat,1.0,0.1052,sphynx,True,cat,True,correct
samoyed_170,samoyed,dog,0.0,0.0,samoyed,True,dog,True,correct
samoyed_170,samoyed,dog,0.1,0.0489,samoyed,True,dog,True,correct
samoyed_170,samoyed,dog,0.2,0.0546,samoyed,True,dog,True,correct
samoyed_170,samoyed,dog,0.3,0.066,samoyed,True,dog,True,correct
samoyed_170,samoyed,dog,0.4,0.0819,samoyed,True,dog,True,correct
samoyed_170,samoyed,dog,0.5,0.0844,samoyed,True,dog,True,correct
samoyed_170,samoyed,dog,0.6,0.0954,samoyed,True,dog,True,correct
samoyed_170,samoyed,dog,0.7,0.1101,pomeranian,False,dog,True,within_superclass
samoyed_170,samoyed,dog,0.8,0.1143,samoyed,True,dog,True,correct
samoyed_170,samoyed,dog,0.9,0.1193,samoyed,True,dog,True,correct
samoyed_170,samoyed,dog,1.0,0.1565,samoyed,True,dog,True,correct
scottish_terrier_156,scottish_terrier,dog,0.0,0.0,scottish_terrier,True,dog,True,correct
scottish_terrier_156,scottish_terrier,dog,0.1,0.0694,scottish_terrier,True,dog,True,correct
scottish_terrier_156,scottish_terrier,dog,0.2,0.0396,scottish_terrier,True,dog,True,correct
scottish_terrier_156,scottish_terrier,dog,0.3,0.0489,scottish_terrier,True,dog,True,correct
scottish_terrier_156,scottish_terrier,dog,0.4,0.0637,scottish_terrier,True,dog,True,correct
scottish_terrier_156,scottish_terrier,dog,0.5,0.0612,scottish_terrier,True,dog,True,correct
scottish_terrier_156,scottish_terrier,dog,0.6,0.0678,scottish_terrier,True,dog,True,correct
scottish_terrier_156,scottish_terrier,dog,0.7,0.0754,scottish_terrier,True,dog,True,correct
scottish_terrier_156,scottish_terrier,dog,0.8,0.0715,scottish_terrier,True,dog,True,correct
scottish_terrier_156,scottish_terrier,dog,0.9,0.0715,scottish_terrier,True,dog,True,correct
scottish_terrier_156,scottish_terrier,dog,1.0,0.0876,scottish_terrier,True,dog,True,correct
Egyptian_Mau_182,egyptian_mau,cat,0.0,0.0,egyptian_mau,True,cat,True,correct
Egyptian_Mau_182,egyptian_mau,cat,0.1,0.002,egyptian_mau,True,cat,True,correct
Egyptian_Mau_182,egyptian_mau,cat,0.2,0.0034,egyptian_mau,True,cat,True,correct
Egyptian_Mau_182,egyptian_mau,cat,0.3,0.0077,egyptian_mau,True,cat,True,correct
Egyptian_Mau_182,egyptian_mau,cat,0.4,0.0078,egyptian_mau,True,cat,True,correct
Egyptian_Mau_182,egyptian_mau,cat,0.5,0.0085,egyptian_mau,True,cat,True,correct
Egyptian_Mau_182,egyptian_mau,cat,0.6,0.0074,egyptian_mau,True,cat,True,correct
Egyptian_Mau_182,egyptian_mau,cat,0.7,0.0103,egyptian_mau,True,cat,True,correct
Egyptian_Mau_182,egyptian_mau,cat,0.8,0.013,egyptian_mau,True,cat,True,correct
Egyptian_Mau_182,egyptian_mau,cat,0.9,0.0203,egyptian_mau,True,cat,True,correct
Egyptian_Mau_182,egyptian_mau,cat,1.0,0.029,bengal,False,cat,True,within_superclass
havanese_103,havanese,dog,0.0,0.0,havanese,True,dog,True,correct
havanese_103,havanese,dog,0.1,0.0652,havanese,True,dog,True,correct
havanese_103,havanese,dog,0.2,0.0434,wheaten_terrier,False,dog,True,within_superclass
havanese_103,havanese,dog,0.3,0.0554,wheaten_terrier,False,dog,True,within_superclass
havanese_103,havanese,dog,0.4,0.0636,wheaten_terrier,False,dog,True,within_superclass
havanese_103,havanese,dog,0.5,0.0689,wheaten_terrier,False,dog,True,within_superclass
havanese_103,havanese,dog,0.6,0.074,wheaten_terrier,False,dog,True,within_superclass
havanese_103,havanese,dog,0.7,0.1012,wheaten_terrier,False,dog,True,within_superclass
havanese_103,havanese,dog,0.8,0.0817,wheaten_terrier,False,dog,True,within_superclass
havanese_103,havanese,dog,0.9,0.0978,havanese,True,dog,True,correct
havanese_103,havanese,dog,1.0,0.101,havanese,True,dog,True,correct
Russian_Blue_174,russian_blue,cat,0.0,0.0,russian_blue,True,cat,True,correct
Russian_Blue_174,russian_blue,cat,0.1,0.0249,russian_blue,True,cat,True,correct
Russian_Blue_174,russian_blue,cat,0.2,0.029,russian_blue,True,cat,True,correct
Russian_Blue_174,russian_blue,cat,0.3,0.0474,russian_blue,True,cat,True,correct
Russian_Blue_174,russian_blue,cat,0.4,0.0719,russian_blue,True,cat,True,correct
Russian_Blue_174,russian_blue,cat,0.5,0.0885,russian_blue,True,cat,True,correct
Russian_Blue_174,russian_blue,cat,0.6,0.0968,russian_blue,True,cat,True,correct
Russian_Blue_174,russian_blue,cat,0.7,0.1258,british_shorthair,False,cat,True,within_superclass
Russian_Blue_174,russian_blue,cat,0.8,0.1533,russian_blue,True,cat,True,correct
Russian_Blue_174,russian_blue,cat,0.9,0.1362,russian_blue,True,cat,True,correct
Russian_Blue_174,russian_blue,cat,1.0,0.1519,british_shorthair,False,cat,True,within_superclass
leonberger_116,leonberger,dog,0.0,0.0,leonberger,True,dog,True,correct
leonberger_116,leonberger,dog,0.1,0.0534,leonberger,True,dog,True,correct
leonberger_116,leonberger,dog,0.2,0.0328,leonberger,True,dog,True,correct
leonberger_116,leonberger,dog,0.3,0.0376,leonberger,True,dog,True,correct
leonberger_116,leonberger,dog,0.4,0.0356,leonberger,True,dog,True,correct
leonberger_116,leonberger,dog,0.5,0.0389,leonberger,True,dog,True,correct
leonberger_116,leonberger,dog,0.6,0.0515,leonberger,True,dog,True,correct
leonberger_116,leonberger,dog,0.7,0.0655,leonberger,True,dog,True,correct
leonberger_116,leonberger,dog,0.8,0.07,leonberger,True,dog,True,correct
leonberger_116,leonberger,dog,0.9,0.0672,leonberger,True,dog,True,correct
leonberger_116,leonberger,dog,1.0,0.0991,leonberger,True,dog,True,correct
yorkshire_terrier_181,yorkshire_terrier,dog,0.0,0.0,yorkshire_terrier,True,dog,True,correct
yorkshire_terrier_181,yorkshire_terrier,dog,0.1,0.0154,yorkshire_terrier,True,dog,True,correct
yorkshire_terrier_181,yorkshire_terrier,dog,0.2,0.0196,yorkshire_terrier,True,dog,True,correct
yorkshire_terrier_181,yorkshire_terrier,dog,0.3,0.0246,yorkshire_terrier,True,dog,True,correct
yorkshire_terrier_181,yorkshire_terrier,dog,0.4,0.0244,yorkshire_terrier,True,dog,True,correct
yorkshire_terrier_181,yorkshire_terrier,dog,0.5,0.0293,yorkshire_terrier,True,dog,True,correct
yorkshire_terrier_181,yorkshire_terrier,dog,0.6,0.0366,yorkshire_terrier,True,dog,True,correct
yorkshire_terrier_181,yorkshire_terrier,dog,0.7,0.0513,yorkshire_terrier,True,dog,True,correct
yorkshire_terrier_181,yorkshire_terrier,dog,0.8,0.0665,yorkshire_terrier,True,dog,True,correct
yorkshire_terrier_181,yorkshire_terrier,dog,0.9,0.087,yorkshire_terrier,True,dog,True,correct
yorkshire_terrier_181,yorkshire_terrier,dog,1.0,0.089,yorkshire_terrier,True,dog,True,correct
english_setter_100,english_setter,dog,0.0,0.0,english_setter,True,dog,True,correct
english_setter_100,english_setter,dog,0.1,0.0224,english_setter,True,dog,True,correct
english_setter_100,english_setter,dog,0.2,0.0389,english_setter,True,dog,True,correct
english_setter_100,english_setter,dog,0.3,0.044,english_setter,True,dog,True,correct
english_setter_100,english_setter,dog,0.4,0.0592,english_setter,True,dog,True,correct
english_setter_100,english_setter,dog,0.5,0.0774,english_setter,True,dog,True,correct
english_setter_100,english_setter,dog,0.6,0.0562,english_setter,True,dog,True,correct
english_setter_100,english_setter,dog,0.7,0.0627,english_setter,True,dog,True,correct
english_setter_100,english_setter,dog,0.8,0.0612,english_setter,True,dog,True,correct
english_setter_100,english_setter,dog,0.9,0.0881,english_setter,True,dog,True,correct
english_setter_100,english_setter,dog,1.0,0.1212,english_setter,True,dog,True,correct
miniature_pinscher_151,miniature_pinscher,dog,0.0,0.0,miniature_pinscher,True,dog,True,correct
miniature_pinscher_151,miniature_pinscher,dog,0.1,0.0701,miniature_pinscher,True,dog,True,correct
miniature_pinscher_151,miniature_pinscher,dog,0.2,0.0764,miniature_pinscher,True,dog,True,correct
miniature_pinscher_151,miniature_pinscher,dog,0.3,0.0825,miniature_pinscher,True,dog,True,correct
miniature_pinscher_151,miniature_pinscher,dog,0.4,0.0841,miniature_pinscher,True,dog,True,correct
miniature_pinscher_151,miniature_pinscher,dog,0.5,0.1186,miniature_pinscher,True,dog,True,correct
miniature_pinscher_151,miniature_pinscher,dog,0.6,0.1519,miniature_pinscher,True,dog,True,correct
miniature_pinscher_151,miniature_pinscher,dog,0.7,0.1421,miniature_pinscher,True,dog,True,correct
miniature_pinscher_151,miniature_pinscher,dog,0.8,0.1513,miniature_pinscher,True,dog,True,correct
miniature_pinscher_151,miniature_pinscher,dog,0.9,0.1891,miniature_pinscher,True,dog,True,correct
miniature_pinscher_151,miniature_pinscher,dog,1.0,0.1618,miniature_pinscher,True,dog,True,correct
saint_bernard_159,saint_bernard,dog,0.0,0.0,saint_bernard,True,dog,True,correct
saint_bernard_159,saint_bernard,dog,0.1,0.0266,saint_bernard,True,dog,True,correct
saint_bernard_159,saint_bernard,dog,0.2,0.0263,saint_bernard,True,dog,True,correct
saint_bernard_159,saint_bernard,dog,0.3,0.0323,saint_bernard,True,dog,True,correct
saint_bernard_159,saint_bernard,dog,0.4,0.0472,saint_bernard,True,dog,True,correct
saint_bernard_159,saint_bernard,dog,0.5,0.0622,saint_bernard,True,dog,True,correct
saint_bernard_159,saint_bernard,dog,0.6,0.0849,saint_bernard,True,dog,True,correct
saint_bernard_159,saint_bernard,dog,0.7,0.0902,saint_bernard,True,dog,True,correct
saint_bernard_159,saint_bernard,dog,0.8,0.1036,saint_bernard,True,dog,True,correct
saint_bernard_159,saint_bernard,dog,0.9,0.1068,saint_bernard,True,dog,True,correct
saint_bernard_159,saint_bernard,dog,1.0,0.1165,saint_bernard,True,dog,True,correct
boxer_139,boxer,dog,0.0,0.0,leonberger,False,dog,True,within_superclass
boxer_139,boxer,dog,0.1,0.029,american_bulldog,False,dog,True,within_superclass
boxer_139,boxer,dog,0.2,0.0361,american_bulldog,False,dog,True,within_superclass
boxer_139,boxer,dog,0.3,0.0704,american_bulldog,False,dog,True,within_superclass
boxer_139,boxer,dog,0.4,0.0895,american_bulldog,False,dog,True,within_superclass
boxer_139,boxer,dog,0.5,0.0852,leonberger,False,dog,True,within_superclass
boxer_139,boxer,dog,0.6,0.0964,leonberger,False,dog,True,within_superclass
boxer_139,boxer,dog,0.7,0.1038,american_bulldog,False,dog,True,within_superclass
boxer_139,boxer,dog,0.8,0.1058,american_bulldog,False,dog,True,within_superclass
boxer_139,boxer,dog,0.9,0.1268,american_bulldog,False,dog,True,within_superclass
boxer_139,boxer,dog,1.0,0.1533,leonberger,False,dog,True,within_superclass
boxer_128,boxer,dog,0.0,0.0,american_bulldog,False,dog,True,within_superclass
boxer_128,boxer,dog,0.1,0.0718,boxer,True,dog,True,correct
boxer_128,boxer,dog,0.2,0.0561,american_pit_bull_terrier,False,dog,True,within_superclass
boxer_128,boxer,dog,0.3,0.0829,american_pit_bull_terrier,False,dog,True,within_superclass
boxer_128,boxer,dog,0.4,0.092,american_pit_bull_terrier,False,dog,True,within_superclass
boxer_128,boxer,dog,0.5,0.1165,american_pit_bull_terrier,False,dog,True,within_superclass
boxer_128,boxer,dog,0.6,0.117,american_pit_bull_terrier,False,dog,True,within_superclass
boxer_128,boxer,dog,0.7,0.1212,boxer,True,dog,True,correct
boxer_128,boxer,dog,0.8,0.1368,boxer,True,dog,True,correct
boxer_128,boxer,dog,0.9,0.1432,boxer,True,dog,True,correct
boxer_128,boxer,dog,1.0,0.1826,newfoundland,False,dog,True,within_superclass
yorkshire_terrier_188,yorkshire_terrier,dog,0.0,0.0,yorkshire_terrier,True,dog,True,correct
yorkshire_terrier_188,yorkshire_terrier,dog,0.1,0.0484,yorkshire_terrier,True,dog,True,correct
yorkshire_terrier_188,yorkshire_terrier,dog,0.2,0.0401,yorkshire_terrier,True,dog,True,correct
yorkshire_terrier_188,yorkshire_terrier,dog,0.3,0.059,yorkshire_terrier,True,dog,True,correct
yorkshire_terrier_188,yorkshire_terrier,dog,0.4,0.0497,yorkshire_terrier,True,dog,True,correct
yorkshire_terrier_188,yorkshire_terrier,dog,0.5,0.0643,yorkshire_terrier,True,dog,True,correct
yorkshire_terrier_188,yorkshire_terrier,dog,0.6,0.0694,yorkshire_terrier,True,dog,True,correct
yorkshire_terrier_188,yorkshire_terrier,dog,0.7,0.0785,yorkshire_terrier,True,dog,True,correct
yorkshire_terrier_188,yorkshire_terrier,dog,0.8,0.0754,yorkshire_terrier,True,dog,True,correct
yorkshire_terrier_188,yorkshire_terrier,dog,0.9,0.0975,yorkshire_terrier,True,dog,True,correct
yorkshire_terrier_188,yorkshire_terrier,dog,1.0,0.1265,yorkshire_terrier,True,dog,True,correct
yorkshire_terrier_14,yorkshire_terrier,dog,0.0,0.0,yorkshire_terrier,True,dog,True,correct
yorkshire_terrier_14,yorkshire_terrier,dog,0.1,0.0246,yorkshire_terrier,True,dog,True,correct
yorkshire_terrier_14,yorkshire_terrier,dog,0.2,0.0414,yorkshire_terrier,True,dog,True,correct
yorkshire_terrier_14,yorkshire_terrier,dog,0.3,0.0435,yorkshire_terrier,True,dog,True,correct
yorkshire_terrier_14,yorkshire_terrier,dog,0.4,0.0618,yorkshire_terrier,True,dog,True,correct
yorkshire_terrier_14,yorkshire_terrier,dog,0.5,0.0585,yorkshire_terrier,True,dog,True,correct
yorkshire_terrier_14,yorkshire_terrier,dog,0.6,0.0722,yorkshire_terrier,True,dog,True,correct
yorkshire_terrier_14,yorkshire_terrier,dog,0.7,0.0772,yorkshire_terrier,True,dog,True,correct
yorkshire_terrier_14,yorkshire_terrier,dog,0.8,0.0913,yorkshire_terrier,True,dog,True,correct
yorkshire_terrier_14,yorkshire_terrier,dog,0.9,0.1073,yorkshire_terrier,True,dog,True,correct
yorkshire_terrier_14,yorkshire_terrier,dog,1.0,0.1045,yorkshire_terrier,True,dog,True,correct
leonberger_18,leonberger,dog,0.0,0.0,leonberger,True,dog,True,correct
leonberger_18,leonberger,dog,0.1,0.068,leonberger,True,dog,True,correct
leonberger_18,leonberger,dog,0.2,0.0596,leonberger,True,dog,True,correct
leonberger_18,leonberger,dog,0.3,0.0757,leonberger,True,dog,True,correct
leonberger_18,leonberger,dog,0.4,0.0903,leonberger,True,dog,True,correct
leonberger_18,leonberger,dog,0.5,0.0794,leonberger,True,dog,True,correct
leonberger_18,leonberger,dog,0.6,0.099,leonberger,True,dog,True,correct
leonberger_18,leonberger,dog,0.7,0.0928,leonberger,True,dog,True,correct
leonberger_18,leonberger,dog,0.8,0.1036,leonberger,True,dog,True,correct
leonberger_18,leonberger,dog,0.9,0.117,leonberger,True,dog,True,correct
leonberger_18,leonberger,dog,1.0,0.2028,wheaten_terrier,False,dog,True,within_superclass
american_bulldog_182,american_bulldog,dog,0.0,0.0,american_bulldog,True,dog,True,correct
american_bulldog_182,american_bulldog,dog,0.1,0.0586,american_bulldog,True,dog,True,correct
american_bulldog_182,american_bulldog,dog,0.2,0.0455,american_bulldog,True,dog,True,correct
american_bulldog_182,american_bulldog,dog,0.3,0.0472,american_bulldog,True,dog,True,correct
american_bulldog_182,american_bulldog,dog,0.4,0.0531,american_bulldog,True,dog,True,correct
american_bulldog_182,american_bulldog,dog,0.5,0.06,american_bulldog,True,dog,True,correct
american_bulldog_182,american_bulldog,dog,0.6,0.0619,american_bulldog,True,dog,True,correct
american_bulldog_182,american_bulldog,dog,0.7,0.0679,american_bulldog,True,dog,True,correct
american_bulldog_182,american_bulldog,dog,0.8,0.0746,american_bulldog,True,dog,True,correct
american_bulldog_182,american_bulldog,dog,0.9,0.0719,american_bulldog,True,dog,True,correct
american_bulldog_182,american_bulldog,dog,1.0,0.0822,american_bulldog,True,dog,True,correct
scottish_terrier_113,scottish_terrier,dog,0.0,0.0,scottish_terrier,True,dog,True,correct
scottish_terrier_113,scottish_terrier,dog,0.1,0.0574,scottish_terrier,True,dog,True,correct
scottish_terrier_113,scottish_terrier,dog,0.2,0.0596,scottish_terrier,True,dog,True,correct
scottish_terrier_113,scottish_terrier,dog,0.3,0.0678,scottish_terrier,True,dog,True,correct
scottish_terrier_113,scottish_terrier,dog,0.4,0.0854,scottish_terrier,True,dog,True,correct
scottish_terrier_113,scottish_terrier,dog,0.5,0.0971,scottish_terrier,True,dog,True,correct
scottish_terrier_113,scottish_terrier,dog,0.6,0.1067,scottish_terrier,True,dog,True,correct
scottish_terrier_113,scottish_terrier,dog,0.7,0.1008,scottish_terrier,True,dog,True,correct
scottish_terrier_113,scottish_terrier,dog,0.8,0.1172,scottish_terrier,True,dog,True,correct
scottish_terrier_113,scottish_terrier,dog,0.9,0.1312,scottish_terrier,True,dog,True,correct
scottish_terrier_113,scottish_terrier,dog,1.0,0.1126,scottish_terrier,True,dog,True,correct
yorkshire_terrier_174,yorkshire_terrier,dog,0.0,0.0,yorkshire_terrier,True,dog,True,correct
yorkshire_terrier_174,yorkshire_terrier,dog,0.1,0.0126,yorkshire_terrier,True,dog,True,correct
yorkshire_terrier_174,yorkshire_terrier,dog,0.2,0.018,yorkshire_terrier,True,dog,True,correct
yorkshire_terrier_174,yorkshire_terrier,dog,0.3,0.0364,yorkshire_terrier,True,dog,True,correct
yorkshire_terrier_174,yorkshire_terrier,dog,0.4,0.0401,yorkshire_terrier,True,dog,True,correct
yorkshire_terrier_174,yorkshire_terrier,dog,0.5,0.0417,yorkshire_terrier,True,dog,True,correct
yorkshire_terrier_174,yorkshire_terrier,dog,0.6,0.0526,yorkshire_terrier,True,dog,True,correct
yorkshire_terrier_174,yorkshire_terrier,dog,0.7,0.0629,yorkshire_terrier,True,dog,True,correct
yorkshire_terrier_174,yorkshire_terrier,dog,0.8,0.0769,yorkshire_terrier,True,dog,True,correct
yorkshire_terrier_174,yorkshire_terrier,dog,0.9,0.0731,yorkshire_terrier,True,dog,True,correct
yorkshire_terrier_174,yorkshire_terrier,dog,1.0,0.0981,yorkshire_terrier,True,dog,True,correct
english_cocker_spaniel_155,english_cocker_spaniel,dog,0.0,0.0,english_cocker_spaniel,True,dog,True,correct
english_cocker_spaniel_155,english_cocker_spaniel,dog,0.1,0.029,english_cocker_spaniel,True,dog,True,correct
english_cocker_spaniel_155,english_cocker_spaniel,dog,0.2,0.0379,english_cocker_spaniel,True,dog,True,correct
english_cocker_spaniel_155,english_cocker_spaniel,dog,0.3,0.05,english_cocker_spaniel,True,dog,True,correct
english_cocker_spaniel_155,english_cocker_spaniel,dog,0.4,0.0523,english_cocker_spaniel,True,dog,True,correct
english_cocker_spaniel_155,english_cocker_spaniel,dog,0.5,0.0661,english_cocker_spaniel,True,dog,True,correct
english_cocker_spaniel_155,english_cocker_spaniel,dog,0.6,0.1032,english_cocker_spaniel,True,dog,True,correct
english_cocker_spaniel_155,english_cocker_spaniel,dog,0.7,0.079,english_cocker_spaniel,True,dog,True,correct
english_cocker_spaniel_155,english_cocker_spaniel,dog,0.8,0.0965,english_cocker_spaniel,True,dog,True,correct
english_cocker_spaniel_155,english_cocker_spaniel,dog,0.9,0.1092,english_cocker_spaniel,True,dog,True,correct
english_cocker_spaniel_155,english_cocker_spaniel,dog,1.0,0.1109,english_cocker_spaniel,True,dog,True,correct
Sphynx_196,sphynx,cat,0.0,0.0,sphynx,True,cat,True,correct
Sphynx_196,sphynx,cat,0.1,0.0398,sphynx,True,cat,True,correct
Sphynx_196,sphynx,cat,0.2,0.0421,sphynx,True,cat,True,correct
Sphynx_196,sphynx,cat,0.3,0.0499,sphynx,True,cat,True,correct
Sphynx_196,sphynx,cat,0.4,0.0569,sphynx,True,cat,True,correct
Sphynx_196,sphynx,cat,0.5,0.087,sphynx,True,cat,True,correct
Sphynx_196,sphynx,cat,0.6,0.0762,abyssinian,False,cat,True,within_superclass
Sphynx_196,sphynx,cat,0.7,0.0816,abyssinian,False,cat,True,within_superclass
Sphynx_196,sphynx,cat,0.8,0.0816,abyssinian,False,cat,True,within_superclass
Sphynx_196,sphynx,cat,0.9,0.1272,sphynx,True,cat,True,correct
Sphynx_196,sphynx,cat,1.0,0.111,abyssinian,False,cat,True,within_superclass
miniature_pinscher_153,miniature_pinscher,dog,0.0,0.0,miniature_pinscher,True,dog,True,correct
miniature_pinscher_153,miniature_pinscher,dog,0.1,0.0399,miniature_pinscher,True,dog,True,correct
miniature_pinscher_153,miniature_pinscher,dog,0.2,0.0543,miniature_pinscher,True,dog,True,correct
miniature_pinscher_153,miniature_pinscher,dog,0.3,0.0699,miniature_pinscher,True,dog,True,correct
miniature_pinscher_153,miniature_pinscher,dog,0.4,0.0717,miniature_pinscher,True,dog,True,correct
miniature_pinscher_153,miniature_pinscher,dog,0.5,0.1025,miniature_pinscher,True,dog,True,correct
miniature_pinscher_153,miniature_pinscher,dog,0.6,0.1107,miniature_pinscher,True,dog,True,correct
miniature_pinscher_153,miniature_pinscher,dog,0.7,0.1092,german_shorthaired,False,dog,True,within_superclass
miniature_pinscher_153,miniature_pinscher,dog,0.8,0.1507,german_shorthaired,False,dog,True,within_superclass
miniature_pinscher_153,miniature_pinscher,dog,0.9,0.154,german_shorthaired,False,dog,True,within_superclass
miniature_pinscher_153,miniature_pinscher,dog,1.0,0.1777,german_shorthaired,False,dog,True,within_superclass
english_cocker_spaniel_173,english_cocker_spaniel,dog,0.0,0.0,english_setter,False,dog,True,within_superclass
english_cocker_spaniel_173,english_cocker_spaniel,dog,0.1,0.03,english_setter,False,dog,True,within_superclass
english_cocker_spaniel_173,english_cocker_spaniel,dog,0.2,0.0299,english_setter,False,dog,True,within_superclass
english_cocker_spaniel_173,english_cocker_spaniel,dog,0.3,0.0451,english_setter,False,dog,True,within_superclass
english_cocker_spaniel_173,english_cocker_spaniel,dog,0.4,0.0652,english_setter,False,dog,True,within_superclass
english_cocker_spaniel_173,english_cocker_spaniel,dog,0.5,0.0606,english_setter,False,dog,True,within_superclass
english_cocker_spaniel_173,english_cocker_spaniel,dog,0.6,0.0778,english_setter,False,dog,True,within_superclass
english_cocker_spaniel_173,english_cocker_spaniel,dog,0.7,0.0828,english_setter,False,dog,True,within_superclass
english_cocker_spaniel_173,english_cocker_spaniel,dog,0.8,0.0868,english_setter,False,dog,True,within_superclass
english_cocker_spaniel_173,english_cocker_spaniel,dog,0.9,0.0967,english_setter,False,dog,True,within_superclass
english_cocker_spaniel_173,english_cocker_spaniel,dog,1.0,0.1019,english_setter,False,dog,True,within_superclass
Abyssinian_140,abyssinian,cat,0.0,0.0,abyssinian,True,cat,True,correct
Abyssinian_140,abyssinian,cat,0.1,0.0382,abyssinian,True,cat,True,correct
Abyssinian_140,abyssinian,cat,0.2,0.0538,abyssinian,True,cat,True,correct
Abyssinian_140,abyssinian,cat,0.3,0.0865,abyssinian,True,cat,True,correct
Abyssinian_140,abyssinian,cat,0.4,0.1083,abyssinian,True,cat,True,correct
Abyssinian_140,abyssinian,cat,0.5,0.1445,abyssinian,True,cat,True,correct
Abyssinian_140,abyssinian,cat,0.6,0.14,abyssinian,True,cat,True,correct
Abyssinian_140,abyssinian,cat,0.7,0.141,abyssinian,True,cat,True,correct
Abyssinian_140,abyssinian,cat,0.8,0.1646,abyssinian,True,cat,True,correct
Abyssinian_140,abyssinian,cat,0.9,0.1634,abyssinian,True,cat,True,correct
Abyssinian_140,abyssinian,cat,1.0,0.1925,abyssinian,True,cat,True,correct
japanese_chin_112,japanese_chin,dog,0.0,0.0,japanese_chin,True,dog,True,correct
japanese_chin_112,japanese_chin,dog,0.1,0.0264,japanese_chin,True,dog,True,correct
japanese_chin_112,japanese_chin,dog,0.2,0.0406,japanese_chin,True,dog,True,correct
japanese_chin_112,japanese_chin,dog,0.3,0.059,japanese_chin,True,dog,True,correct
japanese_chin_112,japanese_chin,dog,0.4,0.0603,japanese_chin,True,dog,True,correct
japanese_chin_112,japanese_chin,dog,0.5,0.0667,japanese_chin,True,dog,True,correct
japanese_chin_112,japanese_chin,dog,0.6,0.0745,japanese_chin,True,dog,True,correct
japanese_chin_112,japanese_chin,dog,0.7,0.1169,japanese_chin,True,dog,True,correct
japanese_chin_112,japanese_chin,dog,0.8,0.125,japanese_chin,True,dog,True,correct
japanese_chin_112,japanese_chin,dog,0.9,0.1322,japanese_chin,True,dog,True,correct
japanese_chin_112,japanese_chin,dog,1.0,0.1614,japanese_chin,True,dog,True,correct
Birman_169,birman,cat,0.0,0.0,birman,True,cat,True,correct
Birman_169,birman,cat,0.1,0.0241,birman,True,cat,True,correct
Birman_169,birman,cat,0.2,0.0421,birman,True,cat,True,correct
Birman_169,birman,cat,0.3,0.0518,birman,True,cat,True,correct
Birman_169,birman,cat,0.4,0.0514,birman,True,cat,True,correct
Birman_169,birman,cat,0.5,0.0569,birman,True,cat,True,correct
Birman_169,birman,cat,0.6,0.0821,birman,True,cat,True,correct
Birman_169,birman,cat,0.7,0.0877,birman,True,cat,True,correct
Birman_169,birman,cat,0.8,0.1014,birman,True,cat,True,correct
Birman_169,birman,cat,0.9,0.1018,birman,True,cat,True,correct
Birman_169,birman,cat,1.0,0.1417,birman,True,cat,True,correct
havanese_137,havanese,dog,0.0,0.0,havanese,True,dog,True,correct
havanese_137,havanese,dog,0.1,0.036,havanese,True,dog,True,correct
havanese_137,havanese,dog,0.2,0.0431,havanese,True,dog,True,correct
havanese_137,havanese,dog,0.3,0.0541,havanese,True,dog,True,correct
havanese_137,havanese,dog,0.4,0.0775,havanese,True,dog,True,correct
havanese_137,havanese,dog,0.5,0.0805,havanese,True,dog,True,correct
havanese_137,havanese,dog,0.6,0.0916,havanese,True,dog,True,correct
havanese_137,havanese,dog,0.7,0.0906,havanese,True,dog,True,correct
havanese_137,havanese,dog,0.8,0.0914,havanese,True,dog,True,correct
havanese_137,havanese,dog,0.9,0.102,havanese,True,dog,True,correct
havanese_137,havanese,dog,1.0,0.1067,havanese,True,dog,True,correct
newfoundland_170,newfoundland,dog,0.0,0.0,newfoundland,True,dog,True,correct
newfoundland_170,newfoundland,dog,0.1,0.0145,newfoundland,True,dog,True,correct
newfoundland_170,newfoundland,dog,0.2,0.017,newfoundland,True,dog,True,correct
newfoundland_170,newfoundland,dog,0.3,0.0214,newfoundland,True,dog,True,correct
newfoundland_170,newfoundland,dog,0.4,0.0253,newfoundland,True,dog,True,correct
newfoundland_170,newfoundland,dog,0.5,0.031,newfoundland,True,dog,True,correct
newfoundland_170,newfoundland,dog,0.6,0.0377,newfoundland,True,dog,True,correct
newfoundland_170,newfoundland,dog,0.7,0.0306,newfoundland,True,dog,True,correct
newfoundland_170,newfoundland,dog,0.8,0.0484,newfoundland,True,dog,True,correct
newfoundland_170,newfoundland,dog,0.9,0.0522,newfoundland,True,dog,True,correct
newfoundland_170,newfoundland,dog,1.0,0.0485,newfoundland,True,dog,True,correct
Persian_14,persian,cat,0.0,0.0,persian,True,cat,True,correct
Persian_14,persian,cat,0.1,0.0413,persian,True,cat,True,correct
Persian_14,persian,cat,0.2,0.0394,persian,True,cat,True,correct
Persian_14,persian,cat,0.3,0.051,persian,True,cat,True,correct
Persian_14,persian,cat,0.4,0.063,persian,True,cat,True,correct
Persian_14,persian,cat,0.5,0.064,persian,True,cat,True,correct
Persian_14,persian,cat,0.6,0.0808,british_shorthair,False,cat,True,within_superclass
Persian_14,persian,cat,0.7,0.0823,british_shorthair,False,cat,True,within_superclass
Persian_14,persian,cat,0.8,0.0787,british_shorthair,False,cat,True,within_superclass
Persian_14,persian,cat,0.9,0.0944,british_shorthair,False,cat,True,within_superclass
Persian_14,persian,cat,1.0,0.1066,british_shorthair,False,cat,True,within_superclass
wheaten_terrier_152,wheaten_terrier,dog,0.0,0.0,wheaten_terrier,True,dog,True,correct
wheaten_terrier_152,wheaten_terrier,dog,0.1,0.026,wheaten_terrier,True,dog,True,correct
wheaten_terrier_152,wheaten_terrier,dog,0.2,0.0293,wheaten_terrier,True,dog,True,correct
wheaten_terrier_152,wheaten_terrier,dog,0.3,0.0374,wheaten_terrier,True,dog,True,correct
wheaten_terrier_152,wheaten_terrier,dog,0.4,0.0393,wheaten_terrier,True,dog,True,correct
wheaten_terrier_152,wheaten_terrier,dog,0.5,0.0584,wheaten_terrier,True,dog,True,correct
wheaten_terrier_152,wheaten_terrier,dog,0.6,0.0722,wheaten_terrier,True,dog,True,correct
wheaten_terrier_152,wheaten_terrier,dog,0.7,0.0729,wheaten_terrier,True,dog,True,correct
wheaten_terrier_152,wheaten_terrier,dog,0.8,0.0915,wheaten_terrier,True,dog,True,correct
wheaten_terrier_152,wheaten_terrier,dog,0.9,0.1094,wheaten_terrier,True,dog,True,correct
wheaten_terrier_152,wheaten_terrier,dog,1.0,0.127,wheaten_terrier,True,dog,True,correct
chihuahua_178,chihuahua,dog,0.0,0.0,miniature_pinscher,False,dog,True,within_superclass
chihuahua_178,chihuahua,dog,0.1,0.0692,chihuahua,True,dog,True,correct
chihuahua_178,chihuahua,dog,0.2,0.0684,miniature_pinscher,False,dog,True,within_superclass
chihuahua_178,chihuahua,dog,0.3,0.1247,miniature_pinscher,False,dog,True,within_superclass
chihuahua_178,chihuahua,dog,0.4,0.1042,chihuahua,True,dog,True,correct
chihuahua_178,chihuahua,dog,0.5,0.1109,chihuahua,True,dog,True,correct
chihuahua_178,chihuahua,dog,0.6,0.1605,miniature_pinscher,False,dog,True,within_superclass
chihuahua_178,chihuahua,dog,0.7,0.1814,miniature_pinscher,False,dog,True,within_superclass
chihuahua_178,chihuahua,dog,0.8,0.2031,miniature_pinscher,False,dog,True,within_superclass
chihuahua_178,chihuahua,dog,0.9,0.2021,miniature_pinscher,False,dog,True,within_superclass
chihuahua_178,chihuahua,dog,1.0,0.2506,miniature_pinscher,False,dog,True,within_superclass
great_pyrenees_151,great_pyrenees,dog,0.0,0.0,great_pyrenees,True,dog,True,correct
great_pyrenees_151,great_pyrenees,dog,0.1,0.0269,great_pyrenees,True,dog,True,correct
great_pyrenees_151,great_pyrenees,dog,0.2,0.0422,great_pyrenees,True,dog,True,correct
great_pyrenees_151,great_pyrenees,dog,0.3,0.0672,great_pyrenees,True,dog,True,correct
great_pyrenees_151,great_pyrenees,dog,0.4,0.0739,great_pyrenees,True,dog,True,correct
great_pyrenees_151,great_pyrenees,dog,0.5,0.0958,great_pyrenees,True,dog,True,correct
great_pyrenees_151,great_pyrenees,dog,0.6,0.1103,great_pyrenees,True,dog,True,correct
great_pyrenees_151,great_pyrenees,dog,0.7,0.1162,great_pyrenees,True,dog,True,correct
great_pyrenees_151,great_pyrenees,dog,0.8,0.1254,great_pyrenees,True,dog,True,correct
great_pyrenees_151,great_pyrenees,dog,0.9,0.1199,great_pyrenees,True,dog,True,correct
great_pyrenees_151,great_pyrenees,dog,1.0,0.1536,great_pyrenees,True,dog,True,correct
boxer_165,boxer,dog,0.0,0.0,boxer,True,dog,True,correct
boxer_165,boxer,dog,0.1,0.0521,boxer,True,dog,True,correct
boxer_165,boxer,dog,0.2,0.049,boxer,True,dog,True,correct
boxer_165,boxer,dog,0.3,0.0642,boxer,True,dog,True,correct
boxer_165,boxer,dog,0.4,0.0829,boxer,True,dog,True,correct
boxer_165,boxer,dog,0.5,0.0968,boxer,True,dog,True,correct
boxer_165,boxer,dog,0.6,0.1177,boxer,True,dog,True,correct
boxer_165,boxer,dog,0.7,0.1322,boxer,True,dog,True,correct
boxer_165,boxer,dog,0.8,0.1164,boxer,True,dog,True,correct
boxer_165,boxer,dog,0.9,0.1099,boxer,True,dog,True,correct
boxer_165,boxer,dog,1.0,0.1139,boxer,True,dog,True,correct
beagle_188,beagle,dog,0.0,0.0,saint_bernard,False,dog,True,within_superclass
beagle_188,beagle,dog,0.1,0.0373,american_bulldog,False,dog,True,within_superclass
beagle_188,beagle,dog,0.2,0.0537,american_bulldog,False,dog,True,within_superclass
beagle_188,beagle,dog,0.3,0.0741,american_bulldog,False,dog,True,within_superclass
beagle_188,beagle,dog,0.4,0.0867,american_bulldog,False,dog,True,within_superclass
beagle_188,beagle,dog,0.5,0.0916,american_bulldog,False,dog,True,within_superclass
beagle_188,beagle,dog,0.6,0.1219,american_bulldog,False,dog,True,within_superclass
beagle_188,beagle,dog,0.7,0.1118,american_bulldog,False,dog,True,within_superclass
beagle_188,beagle,dog,0.8,0.125,american_bulldog,False,dog,True,within_superclass
beagle_188,beagle,dog,0.9,0.1364,american_bulldog,False,dog,True,within_superclass
beagle_188,beagle,dog,1.0,0.1586,american_bulldog,False,dog,True,within_superclass
staffordshire_bull_terrier_194,staffordshire_bull_terrier,dog,0.0,0.0,staffordshire_bull_terrier,True,dog,True,correct
staffordshire_bull_terrier_194,staffordshire_bull_terrier,dog,0.1,0.0548,staffordshire_bull_terrier,True,dog,True,correct
staffordshire_bull_terrier_194,staffordshire_bull_terrier,dog,0.2,0.051,staffordshire_bull_terrier,True,dog,True,correct
staffordshire_bull_terrier_194,staffordshire_bull_terrier,dog,0.3,0.0424,staffordshire_bull_terrier,True,dog,True,correct
staffordshire_bull_terrier_194,staffordshire_bull_terrier,dog,0.4,0.0642,staffordshire_bull_terrier,True,dog,True,correct
staffordshire_bull_terrier_194,staffordshire_bull_terrier,dog,0.5,0.0403,staffordshire_bull_terrier,True,dog,True,correct
staffordshire_bull_terrier_194,staffordshire_bull_terrier,dog,0.6,0.0461,staffordshire_bull_terrier,True,dog,True,correct
staffordshire_bull_terrier_194,staffordshire_bull_terrier,dog,0.7,0.0609,staffordshire_bull_terrier,True,dog,True,correct
staffordshire_bull_terrier_194,staffordshire_bull_terrier,dog,0.8,0.0708,staffordshire_bull_terrier,True,dog,True,correct
staffordshire_bull_terrier_194,staffordshire_bull_terrier,dog,0.9,0.0821,staffordshire_bull_terrier,True,dog,True,correct
staffordshire_bull_terrier_194,staffordshire_bull_terrier,dog,1.0,0.096,staffordshire_bull_terrier,True,dog,True,correct
yorkshire_terrier_127,yorkshire_terrier,dog,0.0,0.0,yorkshire_terrier,True,dog,True,correct
yorkshire_terrier_127,yorkshire_terrier,dog,0.1,0.0576,yorkshire_terrier,True,dog,True,correct
yorkshire_terrier_127,yorkshire_terrier,dog,0.2,0.0433,yorkshire_terrier,True,dog,True,correct
yorkshire_terrier_127,yorkshire_terrier,dog,0.3,0.0503,yorkshire_terrier,True,dog,True,correct
yorkshire_terrier_127,yorkshire_terrier,dog,0.4,0.0573,yorkshire_terrier,True,dog,True,correct
yorkshire_terrier_127,yorkshire_terrier,dog,0.5,0.0822,yorkshire_terrier,True,dog,True,correct
yorkshire_terrier_127,yorkshire_terrier,dog,0.6,0.0916,yorkshire_terrier,True,dog,True,correct
yorkshire_terrier_127,yorkshire_terrier,dog,0.7,0.0902,yorkshire_terrier,True,dog,True,correct
yorkshire_terrier_127,yorkshire_terrier,dog,0.8,0.1302,yorkshire_terrier,True,dog,True,correct
yorkshire_terrier_127,yorkshire_terrier,dog,0.9,0.1577,yorkshire_terrier,True,dog,True,correct
yorkshire_terrier_127,yorkshire_terrier,dog,1.0,0.1967,yorkshire_terrier,True,dog,True,correct
wheaten_terrier_117,wheaten_terrier,dog,0.0,0.0,wheaten_terrier,True,dog,True,correct
wheaten_terrier_117,wheaten_terrier,dog,0.1,0.023,wheaten_terrier,True,dog,True,correct
wheaten_terrier_117,wheaten_terrier,dog,0.2,0.0254,wheaten_terrier,True,dog,True,correct
wheaten_terrier_117,wheaten_terrier,dog,0.3,0.0379,wheaten_terrier,True,dog,True,correct
wheaten_terrier_117,wheaten_terrier,dog,0.4,0.0446,wheaten_terrier,True,dog,True,correct
wheaten_terrier_117,wheaten_terrier,dog,0.5,0.0503,wheaten_terrier,True,dog,True,correct
wheaten_terrier_117,wheaten_terrier,dog,0.6,0.0571,wheaten_terrier,True,dog,True,correct
wheaten_terrier_117,wheaten_terrier,dog,0.7,0.0685,wheaten_terrier,True,dog,True,correct
wheaten_terrier_117,wheaten_terrier,dog,0.8,0.0745,wheaten_terrier,True,dog,True,correct
wheaten_terrier_117,wheaten_terrier,dog,0.9,0.105,wheaten_terrier,True,dog,True,correct
wheaten_terrier_117,wheaten_terrier,dog,1.0,0.1139,wheaten_terrier,True,dog,True,correct
german_shorthaired_158,german_shorthaired,dog,0.0,0.0,german_shorthaired,True,dog,True,correct
german_shorthaired_158,german_shorthaired,dog,0.1,0.0636,german_shorthaired,True,dog,True,correct
german_shorthaired_158,german_shorthaired,dog,0.2,0.0283,german_shorthaired,True,dog,True,correct
german_shorthaired_158,german_shorthaired,dog,0.3,0.0338,german_shorthaired,True,dog,True,correct
german_shorthaired_158,german_shorthaired,dog,0.4,0.0394,german_shorthaired,True,dog,True,correct
german_shorthaired_158,german_shorthaired,dog,0.5,0.0499,german_shorthaired,True,dog,True,correct
german_shorthaired_158,german_shorthaired,dog,0.6,0.0717,german_shorthaired,True,dog,True,correct
german_shorthaired_158,german_shorthaired,dog,0.7,0.064,german_shorthaired,True,dog,True,correct
german_shorthaired_158,german_shorthaired,dog,0.8,0.0752,german_shorthaired,True,dog,True,correct
german_shorthaired_158,german_shorthaired,dog,0.9,0.0811,german_shorthaired,True,dog,True,correct
german_shorthaired_158,german_shorthaired,dog,1.0,0.0788,german_shorthaired,True,dog,True,correct
yorkshire_terrier_183,yorkshire_terrier,dog,0.0,0.0,yorkshire_terrier,True,dog,True,correct
yorkshire_terrier_183,yorkshire_terrier,dog,0.1,0.0276,yorkshire_terrier,True,dog,True,correct
yorkshire_terrier_183,yorkshire_terrier,dog,0.2,0.0247,yorkshire_terrier,True,dog,True,correct
yorkshire_terrier_183,yorkshire_terrier,dog,0.3,0.0285,yorkshire_terrier,True,dog,True,correct
yorkshire_terrier_183,yorkshire_terrier,dog,0.4,0.0334,yorkshire_terrier,True,dog,True,correct
yorkshire_terrier_183,yorkshire_terrier,dog,0.5,0.0324,yorkshire_terrier,True,dog,True,correct
yorkshire_terrier_183,yorkshire_terrier,dog,0.6,0.0464,yorkshire_terrier,True,dog,True,correct
yorkshire_terrier_183,yorkshire_terrier,dog,0.7,0.0474,yorkshire_terrier,True,dog,True,correct
yorkshire_terrier_183,yorkshire_terrier,dog,0.8,0.0693,yorkshire_terrier,True,dog,True,correct
yorkshire_terrier_183,yorkshire_terrier,dog,0.9,0.0685,yorkshire_terrier,True,dog,True,correct
yorkshire_terrier_183,yorkshire_terrier,dog,1.0,0.0778,yorkshire_terrier,True,dog,True,correct
pug_117,pug,dog,0.0,0.0,pug,True,dog,True,correct
pug_117,pug,dog,0.1,0.0504,pug,True,dog,True,correct
pug_117,pug,dog,0.2,0.0479,pug,True,dog,True,correct
pug_117,pug,dog,0.3,0.0573,pug,True,dog,True,correct
pug_117,pug,dog,0.4,0.0705,pug,True,dog,True,correct
pug_117,pug,dog,0.5,0.0725,pug,True,dog,True,correct
pug_117,pug,dog,0.6,0.0675,pug,True,dog,True,correct
pug_117,pug,dog,0.7,0.076,pug,True,dog,True,correct
pug_117,pug,dog,0.8,0.1029,pug,True,dog,True,correct
pug_117,pug,dog,0.9,0.0787,pug,True,dog,True,correct
pug_117,pug,dog,1.0,0.1046,american_bulldog,False,dog,True,within_superclass
miniature_pinscher_167,miniature_pinscher,dog,0.0,0.0,miniature_pinscher,True,dog,True,correct
miniature_pinscher_167,miniature_pinscher,dog,0.1,0.0606,miniature_pinscher,True,dog,True,correct
miniature_pinscher_167,miniature_pinscher,dog,0.2,0.081,miniature_pinscher,True,dog,True,correct
miniature_pinscher_167,miniature_pinscher,dog,0.3,0.0872,miniature_pinscher,True,dog,True,correct
miniature_pinscher_167,miniature_pinscher,dog,0.4,0.0911,miniature_pinscher,True,dog,True,correct
miniature_pinscher_167,miniature_pinscher,dog,0.5,0.1079,miniature_pinscher,True,dog,True,correct
miniature_pinscher_167,miniature_pinscher,dog,0.6,0.104,miniature_pinscher,True,dog,True,correct
miniature_pinscher_167,miniature_pinscher,dog,0.7,0.13,miniature_pinscher,True,dog,True,correct
miniature_pinscher_167,miniature_pinscher,dog,0.8,0.1499,miniature_pinscher,True,dog,True,correct
miniature_pinscher_167,miniature_pinscher,dog,0.9,0.1842,miniature_pinscher,True,dog,True,correct
miniature_pinscher_167,miniature_pinscher,dog,1.0,0.1447,miniature_pinscher,True,dog,True,correct
basset_hound_179,basset_hound,dog,0.0,0.0,basset_hound,True,dog,True,correct
basset_hound_179,basset_hound,dog,0.1,0.0311,basset_hound,True,dog,True,correct
basset_hound_179,basset_hound,dog,0.2,0.0194,basset_hound,True,dog,True,correct
basset_hound_179,basset_hound,dog,0.3,0.0243,basset_hound,True,dog,True,correct
basset_hound_179,basset_hound,dog,0.4,0.0315,basset_hound,True,dog,True,correct
basset_hound_179,basset_hound,dog,0.5,0.0451,basset_hound,True,dog,True,correct
basset_hound_179,basset_hound,dog,0.6,0.0568,basset_hound,True,dog,True,correct
basset_hound_179,basset_hound,dog,0.7,0.0743,basset_hound,True,dog,True,correct
basset_hound_179,basset_hound,dog,0.8,0.0928,basset_hound,True,dog,True,correct
basset_hound_179,basset_hound,dog,0.9,0.0863,basset_hound,True,dog,True,correct
basset_hound_179,basset_hound,dog,1.0,0.0945,basset_hound,True,dog,True,correct
beagle_117,beagle,dog,0.0,0.0,beagle,True,dog,True,correct
beagle_117,beagle,dog,0.1,0.0335,beagle,True,dog,True,correct
beagle_117,beagle,dog,0.2,0.046,beagle,True,dog,True,correct
beagle_117,beagle,dog,0.3,0.0617,beagle,True,dog,True,correct
beagle_117,beagle,dog,0.4,0.0858,beagle,True,dog,True,correct
beagle_117,beagle,dog,0.5,0.0858,beagle,True,dog,True,correct
beagle_117,beagle,dog,0.6,0.0834,beagle,True,dog,True,correct
beagle_117,beagle,dog,0.7,0.126,beagle,True,dog,True,correct
beagle_117,beagle,dog,0.8,0.1104,beagle,True,dog,True,correct
beagle_117,beagle,dog,0.9,0.1211,beagle,True,dog,True,correct
beagle_117,beagle,dog,1.0,0.1804,beagle,True,dog,True,correct
beagle_13,beagle,dog,0.0,0.0,beagle,True,dog,True,correct
beagle_13,beagle,dog,0.1,0.0467,beagle,True,dog,True,correct
beagle_13,beagle,dog,0.2,0.0422,beagle,True,dog,True,correct
beagle_13,beagle,dog,0.3,0.0548,beagle,True,dog,True,correct
beagle_13,beagle,dog,0.4,0.0716,beagle,True,dog,True,correct
beagle_13,beagle,dog,0.5,0.0759,beagle,True,dog,True,correct
beagle_13,beagle,dog,0.6,0.0915,beagle,True,dog,True,correct
beagle_13,beagle,dog,0.7,0.0867,beagle,True,dog,True,correct
beagle_13,beagle,dog,0.8,0.0817,beagle,True,dog,True,correct
beagle_13,beagle,dog,0.9,0.0941,beagle,True,dog,True,correct
beagle_13,beagle,dog,1.0,0.1043,beagle,True,dog,True,correct
British_Shorthair_151,british_shorthair,cat,0.0,0.0,british_shorthair,True,cat,True,correct
British_Shorthair_151,british_shorthair,cat,0.1,0.0096,british_shorthair,True,cat,True,correct
British_Shorthair_151,british_shorthair,cat,0.2,0.0139,british_shorthair,True,cat,True,correct
British_Shorthair_151,british_shorthair,cat,0.3,0.0437,british_shorthair,True,cat,True,correct
British_Shorthair_151,british_shorthair,cat,0.4,0.0475,british_shorthair,True,cat,True,correct
British_Shorthair_151,british_shorthair,cat,0.5,0.0548,british_shorthair,True,cat,True,correct
British_Shorthair_151,british_shorthair,cat,0.6,0.0719,british_shorthair,True,cat,True,correct
British_Shorthair_151,british_shorthair,cat,0.7,0.0688,british_shorthair,True,cat,True,correct
British_Shorthair_151,british_shorthair,cat,0.8,0.0957,siamese,False,cat,True,within_superclass
British_Shorthair_151,british_shorthair,cat,0.9,0.1038,british_shorthair,True,cat,True,correct
British_Shorthair_151,british_shorthair,cat,1.0,0.0979,british_shorthair,True,cat,True,correct
Ragdoll_136,ragdoll,cat,0.0,0.0,birman,False,cat,True,within_superclass
Ragdoll_136,ragdoll,cat,0.1,0.0281,birman,False,cat,True,within_superclass
Ragdoll_136,ragdoll,cat,0.2,0.0311,birman,False,cat,True,within_superclass
Ragdoll_136,ragdoll,cat,0.3,0.0392,birman,False,cat,True,within_superclass
Ragdoll_136,ragdoll,cat,0.4,0.062,birman,False,cat,True,within_superclass
Ragdoll_136,ragdoll,cat,0.5,0.0749,birman,False,cat,True,within_superclass
Ragdoll_136,ragdoll,cat,0.6,0.0764,ragdoll,True,cat,True,correct
Ragdoll_136,ragdoll,cat,0.7,0.0969,ragdoll,True,cat,True,correct
Ragdoll_136,ragdoll,cat,0.8,0.1096,birman,False,cat,True,within_superclass
Ragdoll_136,ragdoll,cat,0.9,0.1124,ragdoll,True,cat,True,correct
Ragdoll_136,ragdoll,cat,1.0,0.1261,ragdoll,True,cat,True,correct
Russian_Blue_13,russian_blue,cat,0.0,0.0,russian_blue,True,cat,True,correct
Russian_Blue_13,russian_blue,cat,0.1,0.0279,russian_blue,True,cat,True,correct
Russian_Blue_13,russian_blue,cat,0.2,0.0197,russian_blue,True,cat,True,correct
Russian_Blue_13,russian_blue,cat,0.3,0.021,russian_blue,True,cat,True,correct
Russian_Blue_13,russian_blue,cat,0.4,0.0263,russian_blue,True,cat,True,correct
Russian_Blue_13,russian_blue,cat,0.5,0.0372,russian_blue,True,cat,True,correct
Russian_Blue_13,russian_blue,cat,0.6,0.0342,russian_blue,True,cat,True,correct
Russian_Blue_13,russian_blue,cat,0.7,0.0338,russian_blue,True,cat,True,correct
Russian_Blue_13,russian_blue,cat,0.8,0.0414,russian_blue,True,cat,True,correct
Russian_Blue_13,russian_blue,cat,0.9,0.0437,russian_blue,True,cat,True,correct
Russian_Blue_13,russian_blue,cat,1.0,0.0427,russian_blue,True,cat,True,correct
keeshond_128,keeshond,dog,0.0,0.0,keeshond,True,dog,True,correct
keeshond_128,keeshond,dog,0.1,0.0286,keeshond,True,dog,True,correct
keeshond_128,keeshond,dog,0.2,0.0471,keeshond,True,dog,True,correct
keeshond_128,keeshond,dog,0.3,0.0524,keeshond,True,dog,True,correct
keeshond_128,keeshond,dog,0.4,0.0657,keeshond,True,dog,True,correct
keeshond_128,keeshond,dog,0.5,0.0791,keeshond,True,dog,True,correct
keeshond_128,keeshond,dog,0.6,0.0741,keeshond,True,dog,True,correct
keeshond_128,keeshond,dog,0.7,0.0923,keeshond,True,dog,True,correct
keeshond_128,keeshond,dog,0.8,0.0732,keeshond,True,dog,True,correct
keeshond_128,keeshond,dog,0.9,0.0983,keeshond,True,dog,True,correct
keeshond_128,keeshond,dog,1.0,0.11,keeshond,True,dog,True,correct
japanese_chin_144,japanese_chin,dog,0.0,0.0,japanese_chin,True,dog,True,correct
japanese_chin_144,japanese_chin,dog,0.1,0.0261,japanese_chin,True,dog,True,correct
japanese_chin_144,japanese_chin,dog,0.2,0.0258,japanese_chin,True,dog,True,correct
japanese_chin_144,japanese_chin,dog,0.3,0.0477,japanese_chin,True,dog,True,correct
japanese_chin_144,japanese_chin,dog,0.4,0.0397,japanese_chin,True,dog,True,correct
japanese_chin_144,japanese_chin,dog,0.5,0.0628,japanese_chin,True,dog,True,correct
japanese_chin_144,japanese_chin,dog,0.6,0.0546,japanese_chin,True,dog,True,correct
japanese_chin_144,japanese_chin,dog,0.7,0.0586,japanese_chin,True,dog,True,correct
japanese_chin_144,japanese_chin,dog,0.8,0.0883,japanese_chin,True,dog,True,correct
japanese_chin_144,japanese_chin,dog,0.9,0.0755,japanese_chin,True,dog,True,correct
japanese_chin_144,japanese_chin,dog,1.0,0.1004,japanese_chin,True,dog,True,correct
saint_bernard_116,saint_bernard,dog,0.0,0.0,saint_bernard,True,dog,True,correct
saint_bernard_116,saint_bernard,dog,0.1,0.045,saint_bernard,True,dog,True,correct
saint_bernard_116,saint_bernard,dog,0.2,0.0504,saint_bernard,True,dog,True,correct
saint_bernard_116,saint_bernard,dog,0.3,0.0591,saint_bernard,True,dog,True,correct
saint_bernard_116,saint_bernard,dog,0.4,0.0708,saint_bernard,True,dog,True,correct
saint_bernard_116,saint_bernard,dog,0.5,0.0758,beagle,False,dog,True,within_superclass
saint_bernard_116,saint_bernard,dog,0.6,0.0778,saint_bernard,True,dog,True,correct
saint_bernard_116,saint_bernard,dog,0.7,0.0932,saint_bernard,True,dog,True,correct
saint_bernard_116,saint_bernard,dog,0.8,0.0983,saint_bernard,True,dog,True,correct
saint_bernard_116,saint_bernard,dog,0.9,0.1108,saint_bernard,True,dog,True,correct
saint_bernard_116,saint_bernard,dog,1.0,0.1089,saint_bernard,True,dog,True,correct
japanese_chin_128,japanese_chin,dog,0.0,0.0,japanese_chin,True,dog,True,correct
japanese_chin_128,japanese_chin,dog,0.1,0.0538,japanese_chin,True,dog,True,correct
japanese_chin_128,japanese_chin,dog,0.2,0.0508,japanese_chin,True,dog,True,correct
japanese_chin_128,japanese_chin,dog,0.3,0.058,japanese_chin,True,dog,True,correct
japanese_chin_128,japanese_chin,dog,0.4,0.0806,japanese_chin,True,dog,True,correct
japanese_chin_128,japanese_chin,dog,0.5,0.0593,japanese_chin,True,dog,True,correct
japanese_chin_128,japanese_chin,dog,0.6,0.066,japanese_chin,True,dog,True,correct
japanese_chin_128,japanese_chin,dog,0.7,0.0709,japanese_chin,True,dog,True,correct
japanese_chin_128,japanese_chin,dog,0.8,0.1073,japanese_chin,True,dog,True,correct
japanese_chin_128,japanese_chin,dog,0.9,0.0752,japanese_chin,True,dog,True,correct
japanese_chin_128,japanese_chin,dog,1.0,0.0903,japanese_chin,True,dog,True,correct
shiba_inu_109,shiba_inu,dog,0.0,0.0,shiba_inu,True,dog,True,correct
shiba_inu_109,shiba_inu,dog,0.1,0.0606,shiba_inu,True,dog,True,correct
shiba_inu_109,shiba_inu,dog,0.2,0.0401,shiba_inu,True,dog,True,correct
shiba_inu_109,shiba_inu,dog,0.3,0.0538,shiba_inu,True,dog,True,correct
shiba_inu_109,shiba_inu,dog,0.4,0.0534,shiba_inu,True,dog,True,correct
shiba_inu_109,shiba_inu,dog,0.5,0.0667,shiba_inu,True,dog,True,correct
shiba_inu_109,shiba_inu,dog,0.6,0.0663,shiba_inu,True,dog,True,correct
shiba_inu_109,shiba_inu,dog,0.7,0.0655,shiba_inu,True,dog,True,correct
shiba_inu_109,shiba_inu,dog,0.8,0.0801,shiba_inu,True,dog,True,correct
shiba_inu_109,shiba_inu,dog,0.9,0.088,shiba_inu,True,dog,True,correct
shiba_inu_109,shiba_inu,dog,1.0,0.0853,shiba_inu,True,dog,True,correct
British_Shorthair_107,british_shorthair,cat,0.0,0.0,british_shorthair,True,cat,True,correct
British_Shorthair_107,british_shorthair,cat,0.1,0.0227,british_shorthair,True,cat,True,correct
British_Shorthair_107,british_shorthair,cat,0.2,0.0499,british_shorthair,True,cat,True,correct
British_Shorthair_107,british_shorthair,cat,0.3,0.0509,british_shorthair,True,cat,True,correct
British_Shorthair_107,british_shorthair,cat,0.4,0.0703,british_shorthair,True,cat,True,correct
British_Shorthair_107,british_shorthair,cat,0.5,0.0689,british_shorthair,True,cat,True,correct
British_Shorthair_107,british_shorthair,cat,0.6,0.0932,british_shorthair,True,cat,True,correct
British_Shorthair_107,british_shorthair,cat,0.7,0.1082,british_shorthair,True,cat,True,correct
British_Shorthair_107,british_shorthair,cat,0.8,0.1116,british_shorthair,True,cat,True,correct
British_Shorthair_107,british_shorthair,cat,0.9,0.1375,british_shorthair,True,cat,True,correct
British_Shorthair_107,british_shorthair,cat,1.0,0.1803,british_shorthair,True,cat,True,correct
wheaten_terrier_165,wheaten_terrier,dog,0.0,0.0,wheaten_terrier,True,dog,True,correct
wheaten_terrier_165,wheaten_terrier,dog,0.1,0.013,wheaten_terrier,True,dog,True,correct
wheaten_terrier_165,wheaten_terrier,dog,0.2,0.0229,wheaten_terrier,True,dog,True,correct
wheaten_terrier_165,wheaten_terrier,dog,0.3,0.0321,wheaten_terrier,True,dog,True,correct
wheaten_terrier_165,wheaten_terrier,dog,0.4,0.0544,wheaten_terrier,True,dog,True,correct
wheaten_terrier_165,wheaten_terrier,dog,0.5,0.0579,wheaten_terrier,True,dog,True,correct
wheaten_terrier_165,wheaten_terrier,dog,0.6,0.0607,wheaten_terrier,True,dog,True,correct
wheaten_terrier_165,wheaten_terrier,dog,0.7,0.0813,wheaten_terrier,True,dog,True,correct
wheaten_terrier_165,wheaten_terrier,dog,0.8,0.0877,wheaten_terrier,True,dog,True,correct
wheaten_terrier_165,wheaten_terrier,dog,0.9,0.1086,wheaten_terrier,True,dog,True,correct
wheaten_terrier_165,wheaten_terrier,dog,1.0,0.1152,wheaten_terrier,True,dog,True,correct
leonberger_135,leonberger,dog,0.0,0.0,leonberger,True,dog,True,correct
leonberger_135,leonberger,dog,0.1,0.0293,leonberger,True,dog,True,correct
leonberger_135,leonberger,dog,0.2,0.0401,leonberger,True,dog,True,correct
leonberger_135,leonberger,dog,0.3,0.0527,leonberger,True,dog,True,correct
leonberger_135,leonberger,dog,0.4,0.0509,leonberger,True,dog,True,correct
leonberger_135,leonberger,dog,0.5,0.0782,leonberger,True,dog,True,correct
leonberger_135,leonberger,dog,0.6,0.0816,leonberger,True,dog,True,correct
leonberger_135,leonberger,dog,0.7,0.0999,leonberger,True,dog,True,correct
leonberger_135,leonberger,dog,0.8,0.1039,leonberger,True,dog,True,correct
leonberger_135,leonberger,dog,0.9,0.1147,leonberger,True,dog,True,correct
leonberger_135,leonberger,dog,1.0,0.1252,leonberger,True,dog,True,correct
Ragdoll_113,ragdoll,cat,0.0,0.0,birman,False,cat,True,within_superclass
Ragdoll_113,ragdoll,cat,0.1,0.0195,birman,False,cat,True,within_superclass
Ragdoll_113,ragdoll,cat,0.2,0.041,birman,False,cat,True,within_superclass
Ragdoll_113,ragdoll,cat,0.3,0.0464,birman,False,cat,True,within_superclass
Ragdoll_113,ragdoll,cat,0.4,0.0531,birman,False,cat,True,within_superclass
Ragdoll_113,ragdoll,cat,0.5,0.0695,birman,False,cat,True,within_superclass
Ragdoll_113,ragdoll,cat,0.6,0.0745,birman,False,cat,True,within_superclass
Ragdoll_113,ragdoll,cat,0.7,0.0874,birman,False,cat,True,within_superclass
Ragdoll_113,ragdoll,cat,0.8,0.1031,birman,False,cat,True,within_superclass
Ragdoll_113,ragdoll,cat,0.9,0.0965,birman,False,cat,True,within_superclass
Ragdoll_113,ragdoll,cat,1.0,0.1075,birman,False,cat,True,within_superclass
Sphynx_119,sphynx,cat,0.0,0.0,sphynx,True,cat,True,correct
Sphynx_119,sphynx,cat,0.1,0.0745,sphynx,True,cat,True,correct
Sphynx_119,sphynx,cat,0.2,0.0769,sphynx,True,cat,True,correct
Sphynx_119,sphynx,cat,0.3,0.0921,sphynx,True,cat,True,correct
Sphynx_119,sphynx,cat,0.4,0.0946,sphynx,True,cat,True,correct
Sphynx_119,sphynx,cat,0.5,0.1078,sphynx,True,cat,True,correct
Sphynx_119,sphynx,cat,0.6,0.0941,sphynx,True,cat,True,correct
Sphynx_119,sphynx,cat,0.7,0.0861,sphynx,True,cat,True,correct
Sphynx_119,sphynx,cat,0.8,0.1209,sphynx,True,cat,True,correct
Sphynx_119,sphynx,cat,0.9,0.1142,abyssinian,False,cat,True,within_superclass
Sphynx_119,sphynx,cat,1.0,0.133,abyssinian,False,cat,True,within_superclass
boxer_143,boxer,dog,0.0,0.0,boxer,True,dog,True,correct
boxer_143,boxer,dog,0.1,0.0265,boxer,True,dog,True,correct
boxer_143,boxer,dog,0.2,0.0335,boxer,True,dog,True,correct
boxer_143,boxer,dog,0.3,0.0424,boxer,True,dog,True,correct
boxer_143,boxer,dog,0.4,0.0531,boxer,True,dog,True,correct
boxer_143,boxer,dog,0.5,0.0556,boxer,True,dog,True,correct
boxer_143,boxer,dog,0.6,0.0529,boxer,True,dog,True,correct
boxer_143,boxer,dog,0.7,0.0707,boxer,True,dog,True,correct
boxer_143,boxer,dog,0.8,0.0694,boxer,True,dog,True,correct
boxer_143,boxer,dog,0.9,0.0858,boxer,True,dog,True,correct
boxer_143,boxer,dog,1.0,0.1005,boxer,True,dog,True,correct
chihuahua_131,chihuahua,dog,0.0,0.0,chihuahua,True,dog,True,correct
chihuahua_131,chihuahua,dog,0.1,0.0521,chihuahua,True,dog,True,correct
chihuahua_131,chihuahua,dog,0.2,0.0706,chihuahua,True,dog,True,correct
chihuahua_131,chihuahua,dog,0.3,0.0843,chihuahua,True,dog,True,correct
chihuahua_131,chihuahua,dog,0.4,0.076,chihuahua,True,dog,True,correct
chihuahua_131,chihuahua,dog,0.5,0.0922,chihuahua,True,dog,True,correct
chihuahua_131,chihuahua,dog,0.6,0.1172,chihuahua,True,dog,True,correct
chihuahua_131,chihuahua,dog,0.7,0.1229,chihuahua,True,dog,True,correct
chihuahua_131,chihuahua,dog,0.8,0.1327,chihuahua,True,dog,True,correct
chihuahua_131,chihuahua,dog,0.9,0.1931,chihuahua,True,dog,True,correct
chihuahua_131,chihuahua,dog,1.0,0.1793,chihuahua,True,dog,True,correct
British_Shorthair_187,british_shorthair,cat,0.0,0.0,british_shorthair,True,cat,True,correct
British_Shorthair_187,british_shorthair,cat,0.1,0.0405,british_shorthair,True,cat,True,correct
British_Shorthair_187,british_shorthair,cat,0.2,0.0506,british_shorthair,True,cat,True,correct
British_Shorthair_187,british_shorthair,cat,0.3,0.0703,british_shorthair,True,cat,True,correct
British_Shorthair_187,british_shorthair,cat,0.4,0.1074,british_shorthair,True,cat,True,correct
British_Shorthair_187,british_shorthair,cat,0.5,0.1077,british_shorthair,True,cat,True,correct
British_Shorthair_187,british_shorthair,cat,0.6,0.1092,british_shorthair,True,cat,True,correct
British_Shorthair_187,british_shorthair,cat,0.7,0.1375,british_shorthair,True,cat,True,correct
British_Shorthair_187,british_shorthair,cat,0.8,0.1559,british_shorthair,True,cat,True,correct
British_Shorthair_187,british_shorthair,cat,0.9,0.1758,british_shorthair,True,cat,True,correct
British_Shorthair_187,british_shorthair,cat,1.0,0.1696,british_shorthair,True,cat,True,correct
samoyed_139,samoyed,dog,0.0,0.0,samoyed,True,dog,True,correct
samoyed_139,samoyed,dog,0.1,0.0097,samoyed,True,dog,True,correct
samoyed_139,samoyed,dog,0.2,0.0219,samoyed,True,dog,True,correct
samoyed_139,samoyed,dog,0.3,0.0225,samoyed,True,dog,True,correct
samoyed_139,samoyed,dog,0.4,0.0294,samoyed,True,dog,True,correct
samoyed_139,samoyed,dog,0.5,0.0319,samoyed,True,dog,True,correct
samoyed_139,samoyed,dog,0.6,0.0352,samoyed,True,dog,True,correct
samoyed_139,samoyed,dog,0.7,0.0383,samoyed,True,dog,True,correct
samoyed_139,samoyed,dog,0.8,0.0617,samoyed,True,dog,True,correct
samoyed_139,samoyed,dog,0.9,0.0643,pomeranian,False,dog,True,within_superclass
samoyed_139,samoyed,dog,1.0,0.0837,samoyed,True,dog,True,correct
english_cocker_spaniel_16,english_cocker_spaniel,dog,0.0,0.0,english_setter,False,dog,True,within_superclass
english_cocker_spaniel_16,english_cocker_spaniel,dog,0.1,0.043,english_cocker_spaniel,True,dog,True,correct
english_cocker_spaniel_16,english_cocker_spaniel,dog,0.2,0.0367,english_setter,False,dog,True,within_superclass
english_cocker_spaniel_16,english_cocker_spaniel,dog,0.3,0.0484,english_setter,False,dog,True,within_superclass
english_cocker_spaniel_16,english_cocker_spaniel,dog,0.4,0.0571,english_cocker_spaniel,True,dog,True,correct
english_cocker_spaniel_16,english_cocker_spaniel,dog,0.5,0.0733,english_cocker_spaniel,True,dog,True,correct
english_cocker_spaniel_16,english_cocker_spaniel,dog,0.6,0.0742,english_cocker_spaniel,True,dog,True,correct
english_cocker_spaniel_16,english_cocker_spaniel,dog,0.7,0.085,english_cocker_spaniel,True,dog,True,correct
english_cocker_spaniel_16,english_cocker_spaniel,dog,0.8,0.0839,english_cocker_spaniel,True,dog,True,correct
english_cocker_spaniel_16,english_cocker_spaniel,dog,0.9,0.0827,wheaten_terrier,False,dog,True,within_superclass
english_cocker_spaniel_16,english_cocker_spaniel,dog,1.0,0.1023,wheaten_terrier,False,dog,True,within_superclass
Siamese_160,siamese,cat,0.0,0.0,siamese,True,cat,True,correct
Siamese_160,siamese,cat,0.1,0.0173,siamese,True,cat,True,correct
Siamese_160,siamese,cat,0.2,0.0289,siamese,True,cat,True,correct
Siamese_160,siamese,cat,0.3,0.0423,siamese,True,cat,True,correct
Siamese_160,siamese,cat,0.4,0.052,siamese,True,cat,True,correct
Siamese_160,siamese,cat,0.5,0.0682,siamese,True,cat,True,correct
Siamese_160,siamese,cat,0.6,0.0745,siamese,True,cat,True,correct
Siamese_160,siamese,cat,0.7,0.0851,siamese,True,cat,True,correct
Siamese_160,siamese,cat,0.8,0.1203,siamese,True,cat,True,correct
Siamese_160,siamese,cat,0.9,0.1052,siamese,True,cat,True,correct
Siamese_160,siamese,cat,1.0,0.1068,siamese,True,cat,True,correct
scottish_terrier_103,scottish_terrier,dog,0.0,0.0,scottish_terrier,True,dog,True,correct
scottish_terrier_103,scottish_terrier,dog,0.1,0.0252,scottish_terrier,True,dog,True,correct
scottish_terrier_103,scottish_terrier,dog,0.2,0.0223,scottish_terrier,True,dog,True,correct
scottish_terrier_103,scottish_terrier,dog,0.3,0.0285,scottish_terrier,True,dog,True,correct
scottish_terrier_103,scottish_terrier,dog,0.4,0.055,scottish_terrier,True,dog,True,correct
scottish_terrier_103,scottish_terrier,dog,0.5,0.0486,scottish_terrier,True,dog,True,correct
scottish_terrier_103,scottish_terrier,dog,0.6,0.0638,scottish_terrier,True,dog,True,correct
scottish_terrier_103,scottish_terrier,dog,0.7,0.0794,scottish_terrier,True,dog,True,correct
scottish_terrier_103,scottish_terrier,dog,0.8,0.0733,scottish_terrier,True,dog,True,correct
scottish_terrier_103,scottish_terrier,dog,0.9,0.0852,scottish_terrier,True,dog,True,correct
scottish_terrier_103,scottish_terrier,dog,1.0,0.1243,scottish_terrier,True,dog,True,correct
havanese_174,havanese,dog,0.0,0.0,havanese,True,dog,True,correct
havanese_174,havanese,dog,0.1,0.0428,havanese,True,dog,True,correct
havanese_174,havanese,dog,0.2,0.0213,havanese,True,dog,True,correct
havanese_174,havanese,dog,0.3,0.0447,havanese,True,dog,True,correct
havanese_174,havanese,dog,0.4,0.0509,havanese,True,dog,True,correct
havanese_174,havanese,dog,0.5,0.0491,havanese,True,dog,True,correct
havanese_174,havanese,dog,0.6,0.0678,havanese,True,dog,True,correct
havanese_174,havanese,dog,0.7,0.0444,havanese,True,dog,True,correct
havanese_174,havanese,dog,0.8,0.0552,havanese,True,dog,True,correct
havanese_174,havanese,dog,0.9,0.0636,havanese,True,dog,True,correct
havanese_174,havanese,dog,1.0,0.0566,havanese,True,dog,True,correct
Russian_Blue_123,russian_blue,cat,0.0,0.0,russian_blue,True,cat,True,correct
Russian_Blue_123,russian_blue,cat,0.1,0.0291,russian_blue,True,cat,True,correct
Russian_Blue_123,russian_blue,cat,0.2,0.0423,russian_blue,True,cat,True,correct
Russian_Blue_123,russian_blue,cat,0.3,0.0498,russian_blue,True,cat,True,correct
Russian_Blue_123,russian_blue,cat,0.4,0.079,russian_blue,True,cat,True,correct
Russian_Blue_123,russian_blue,cat,0.5,0.078,russian_blue,True,cat,True,correct
Russian_Blue_123,russian_blue,cat,0.6,0.0822,russian_blue,True,cat,True,correct
Russian_Blue_123,russian_blue,cat,0.7,0.0856,russian_blue,True,cat,True,correct
Russian_Blue_123,russian_blue,cat,0.8,0.1004,russian_blue,True,cat,True,correct
Russian_Blue_123,russian_blue,cat,0.9,0.0954,russian_blue,True,cat,True,correct
Russian_Blue_123,russian_blue,cat,1.0,0.0939,russian_blue,True,cat,True,correct
english_setter_132,english_setter,dog,0.0,0.0,english_setter,True,dog,True,correct
english_setter_132,english_setter,dog,0.1,0.0458,english_setter,True,dog,True,correct
english_setter_132,english_setter,dog,0.2,0.0284,english_setter,True,dog,True,correct
english_setter_132,english_setter,dog,0.3,0.0415,english_setter,True,dog,True,correct
english_setter_132,english_setter,dog,0.4,0.052,english_setter,True,dog,True,correct
english_setter_132,english_setter,dog,0.5,0.0577,english_setter,True,dog,True,correct
english_setter_132,english_setter,dog,0.6,0.074,english_setter,True,dog,True,correct
english_setter_132,english_setter,dog,0.7,0.07,german_shorthaired,False,dog,True,within_superclass
english_setter_132,english_setter,dog,0.8,0.0793,english_setter,True,dog,True,correct
english_setter_132,english_setter,dog,0.9,0.0796,english_setter,True,dog,True,correct
english_setter_132,english_setter,dog,1.0,0.0931,german_shorthaired,False,dog,True,within_superclass
shiba_inu_115,shiba_inu,dog,0.0,0.0,shiba_inu,True,dog,True,correct
shiba_inu_115,shiba_inu,dog,0.1,0.0357,shiba_inu,True,dog,True,correct
shiba_inu_115,shiba_inu,dog,0.2,0.031,shiba_inu,True,dog,True,correct
shiba_inu_115,shiba_inu,dog,0.3,0.0377,shiba_inu,True,dog,True,correct
shiba_inu_115,shiba_inu,dog,0.4,0.0518,shiba_inu,True,dog,True,correct
shiba_inu_115,shiba_inu,dog,0.5,0.056,shiba_inu,True,dog,True,correct
shiba_inu_115,shiba_inu,dog,0.6,0.0671,shiba_inu,True,dog,True,correct
shiba_inu_115,shiba_inu,dog,0.7,0.0839,shiba_inu,True,dog,True,correct
shiba_inu_115,shiba_inu,dog,0.8,0.0965,shiba_inu,True,dog,True,correct
shiba_inu_115,shiba_inu,dog,0.9,0.1026,shiba_inu,True,dog,True,correct
shiba_inu_115,shiba_inu,dog,1.0,0.1033,shiba_inu,True,dog,True,correct
english_setter_152,english_setter,dog,0.0,0.0,english_setter,True,dog,True,correct
english_setter_152,english_setter,dog,0.1,0.0155,english_setter,True,dog,True,correct
english_setter_152,english_setter,dog,0.2,0.0181,english_setter,True,dog,True,correct
english_setter_152,english_setter,dog,0.3,0.0239,english_setter,True,dog,True,correct
english_setter_152,english_setter,dog,0.4,0.0314,english_setter,True,dog,True,correct
english_setter_152,english_setter,dog,0.5,0.0317,english_setter,True,dog,True,correct
english_setter_152,english_setter,dog,0.6,0.0642,english_setter,True,dog,True,correct
english_setter_152,english_setter,dog,0.7,0.0768,english_setter,True,dog,True,correct
english_setter_152,english_setter,dog,0.8,0.0532,english_setter,True,dog,True,correct
english_setter_152,english_setter,dog,0.9,0.0585,english_setter,True,dog,True,correct
english_setter_152,english_setter,dog,1.0,0.0976,english_setter,True,dog,True,correct
Bengal_10,bengal,cat,0.0,0.0,bengal,True,cat,True,correct
Bengal_10,bengal,cat,0.1,0.0504,bengal,True,cat,True,correct
Bengal_10,bengal,cat,0.2,0.0443,bengal,True,cat,True,correct
Bengal_10,bengal,cat,0.3,0.0539,bengal,True,cat,True,correct
Bengal_10,bengal,cat,0.4,0.0653,bengal,True,cat,True,correct
Bengal_10,bengal,cat,0.5,0.0747,bengal,True,cat,True,correct
Bengal_10,bengal,cat,0.6,0.0825,bengal,True,cat,True,correct
Bengal_10,bengal,cat,0.7,0.0877,bengal,True,cat,True,correct
Bengal_10,bengal,cat,0.8,0.1042,bengal,True,cat,True,correct
Bengal_10,bengal,cat,0.9,0.1063,bengal,True,cat,True,correct
Bengal_10,bengal,cat,1.0,0.1206,bengal,True,cat,True,correct
Birman_110,birman,cat,0.0,0.0,birman,True,cat,True,correct
Birman_110,birman,cat,0.1,0.0262,ragdoll,False,cat,True,within_superclass
Birman_110,birman,cat,0.2,0.0324,birman,True,cat,True,correct
Birman_110,birman,cat,0.3,0.0425,ragdoll,False,cat,True,within_superclass
Birman_110,birman,cat,0.4,0.0459,ragdoll,False,cat,True,within_superclass
Birman_110,birman,cat,0.5,0.0524,birman,True,cat,True,correct
Birman_110,birman,cat,0.6,0.0598,ragdoll,False,cat,True,within_superclass
Birman_110,birman,cat,0.7,0.0788,ragdoll,False,cat,True,within_superclass
Birman_110,birman,cat,0.8,0.0896,ragdoll,False,cat,True,within_superclass
Birman_110,birman,cat,0.9,0.0937,ragdoll,False,cat,True,within_superclass
Birman_110,birman,cat,1.0,0.1142,ragdoll,False,cat,True,within_superclass
Ragdoll_10,ragdoll,cat,0.0,0.0,birman,False,cat,True,within_superclass
Ragdoll_10,ragdoll,cat,0.1,0.0108,birman,False,cat,True,within_superclass
Ragdoll_10,ragdoll,cat,0.2,0.0193,birman,False,cat,True,within_superclass
Ragdoll_10,ragdoll,cat,0.3,0.0251,birman,False,cat,True,within_superclass
Ragdoll_10,ragdoll,cat,0.4,0.0445,birman,False,cat,True,within_superclass
Ragdoll_10,ragdoll,cat,0.5,0.0637,birman,False,cat,True,within_superclass
Ragdoll_10,ragdoll,cat,0.6,0.0583,birman,False,cat,True,within_superclass
Ragdoll_10,ragdoll,cat,0.7,0.0651,birman,False,cat,True,within_superclass
Ragdoll_10,ragdoll,cat,0.8,0.0887,birman,False,cat,True,within_superclass
Ragdoll_10,ragdoll,cat,0.9,0.0979,birman,False,cat,True,within_superclass
Ragdoll_10,ragdoll,cat,1.0,0.0986,birman,False,cat,True,within_superclass
Persian_121,persian,cat,0.0,0.0,birman,False,cat,True,within_superclass
Persian_121,persian,cat,0.1,0.0353,birman,False,cat,True,within_superclass
Persian_121,persian,cat,0.2,0.0524,birman,False,cat,True,within_superclass
Persian_121,persian,cat,0.3,0.0502,birman,False,cat,True,within_superclass
Persian_121,persian,cat,0.4,0.0602,birman,False,cat,True,within_superclass
Persian_121,persian,cat,0.5,0.0805,birman,False,cat,True,within_superclass
Persian_121,persian,cat,0.6,0.0867,british_shorthair,False,cat,True,within_superclass
Persian_121,persian,cat,0.7,0.0897,persian,True,cat,True,correct
Persian_121,persian,cat,0.8,0.1214,persian,True,cat,True,correct
Persian_121,persian,cat,0.9,0.1356,birman,False,cat,True,within_superclass
Persian_121,persian,cat,1.0,0.1296,birman,False,cat,True,within_superclass
german_shorthaired_159,german_shorthaired,dog,0.0,0.0,german_shorthaired,True,dog,True,correct
german_shorthaired_159,german_shorthaired,dog,0.1,0.0241,german_shorthaired,True,dog,True,correct
german_shorthaired_159,german_shorthaired,dog,0.2,0.0405,german_shorthaired,True,dog,True,correct
german_shorthaired_159,german_shorthaired,dog,0.3,0.0464,german_shorthaired,True,dog,True,correct
german_shorthaired_159,german_shorthaired,dog,0.4,0.0662,german_shorthaired,True,dog,True,correct
german_shorthaired_159,german_shorthaired,dog,0.5,0.0727,german_shorthaired,True,dog,True,correct
german_shorthaired_159,german_shorthaired,dog,0.6,0.0747,german_shorthaired,True,dog,True,correct
german_shorthaired_159,german_shorthaired,dog,0.7,0.0854,german_shorthaired,True,dog,True,correct
german_shorthaired_159,german_shorthaired,dog,0.8,0.1024,german_shorthaired,True,dog,True,correct
german_shorthaired_159,german_shorthaired,dog,0.9,0.0962,german_shorthaired,True,dog,True,correct
german_shorthaired_159,german_shorthaired,dog,1.0,0.0988,german_shorthaired,True,dog,True,correct
Ragdoll_118,ragdoll,cat,0.0,0.0,persian,False,cat,True,within_superclass
Ragdoll_118,ragdoll,cat,0.1,0.0299,persian,False,cat,True,within_superclass
Ragdoll_118,ragdoll,cat,0.2,0.0476,ragdoll,True,cat,True,correct
Ragdoll_118,ragdoll,cat,0.3,0.0485,maine_coon,False,cat,True,within_superclass
Ragdoll_118,ragdoll,cat,0.4,0.0603,ragdoll,True,cat,True,correct
Ragdoll_118,ragdoll,cat,0.5,0.0629,ragdoll,True,cat,True,correct
Ragdoll_118,ragdoll,cat,0.6,0.0675,ragdoll,True,cat,True,correct
Ragdoll_118,ragdoll,cat,0.7,0.0777,ragdoll,True,cat,True,correct
Ragdoll_118,ragdoll,cat,0.8,0.0699,persian,False,cat,True,within_superclass
Ragdoll_118,ragdoll,cat,0.9,0.0952,ragdoll,True,cat,True,correct
Ragdoll_118,ragdoll,cat,1.0,0.0987,ragdoll,True,cat,True,correct
great_pyrenees_137,great_pyrenees,dog,0.0,0.0,great_pyrenees,True,dog,True,correct
great_pyrenees_137,great_pyrenees,dog,0.1,0.03,great_pyrenees,True,dog,True,correct
great_pyrenees_137,great_pyrenees,dog,0.2,0.0267,great_pyrenees,True,dog,True,correct
great_pyrenees_137,great_pyrenees,dog,0.3,0.0441,great_pyrenees,True,dog,True,correct
great_pyrenees_137,great_pyrenees,dog,0.4,0.0766,great_pyrenees,True,dog,True,correct
great_pyrenees_137,great_pyrenees,dog,0.5,0.0742,great_pyrenees,True,dog,True,correct
great_pyrenees_137,great_pyrenees,dog,0.6,0.0771,great_pyrenees,True,dog,True,correct
great_pyrenees_137,great_pyrenees,dog,0.7,0.089,great_pyrenees,True,dog,True,correct
great_pyrenees_137,great_pyrenees,dog,0.8,0.0877,great_pyrenees,True,dog,True,correct
great_pyrenees_137,great_pyrenees,dog,0.9,0.1058,great_pyrenees,True,dog,True,correct
great_pyrenees_137,great_pyrenees,dog,1.0,0.1012,great_pyrenees,True,dog,True,correct
Persian_100,persian,cat,0.0,0.0,birman,False,cat,True,within_superclass
Persian_100,persian,cat,0.1,0.0338,persian,True,cat,True,correct
Persian_100,persian,cat,0.2,0.0367,british_shorthair,False,cat,True,within_superclass
Persian_100,persian,cat,0.3,0.0426,british_shorthair,False,cat,True,within_superclass
Persian_100,persian,cat,0.4,0.0655,british_shorthair,False,cat,True,within_superclass
Persian_100,persian,cat,0.5,0.0641,british_shorthair,False,cat,True,within_superclass
Persian_100,persian,cat,0.6,0.0763,british_shorthair,False,cat,True,within_superclass
Persian_100,persian,cat,0.7,0.0771,british_shorthair,False,cat,True,within_superclass
Persian_100,persian,cat,0.8,0.1057,british_shorthair,False,cat,True,within_superclass
Persian_100,persian,cat,0.9,0.0955,british_shorthair,False,cat,True,within_superclass
Persian_100,persian,cat,1.0,0.0986,british_shorthair,False,cat,True,within_superclass
american_pit_bull_terrier_167,american_pit_bull_terrier,dog,0.0,0.0,staffordshire_bull_terrier,False,dog,True,within_superclass
american_pit_bull_terrier_167,american_pit_bull_terrier,dog,0.1,0.0464,staffordshire_bull_terrier,False,dog,True,within_superclass
american_pit_bull_terrier_167,american_pit_bull_terrier,dog,0.2,0.0616,staffordshire_bull_terrier,False,dog,True,within_superclass
american_pit_bull_terrier_167,american_pit_bull_terrier,dog,0.3,0.0565,staffordshire_bull_terrier,False,dog,True,within_superclass
american_pit_bull_terrier_167,american_pit_bull_terrier,dog,0.4,0.0503,staffordshire_bull_terrier,False,dog,True,within_superclass
american_pit_bull_terrier_167,american_pit_bull_terrier,dog,0.5,0.0589,staffordshire_bull_terrier,False,dog,True,within_superclass
american_pit_bull_terrier_167,american_pit_bull_terrier,dog,0.6,0.075,staffordshire_bull_terrier,False,dog,True,within_superclass
american_pit_bull_terrier_167,american_pit_bull_terrier,dog,0.7,0.0908,staffordshire_bull_terrier,False,dog,True,within_superclass
american_pit_bull_terrier_167,american_pit_bull_terrier,dog,0.8,0.1126,staffordshire_bull_terrier,False,dog,True,within_superclass
american_pit_bull_terrier_167,american_pit_bull_terrier,dog,0.9,0.1214,staffordshire_bull_terrier,False,dog,True,within_superclass
american_pit_bull_terrier_167,american_pit_bull_terrier,dog,1.0,0.1194,staffordshire_bull_terrier,False,dog,True,within_superclass
english_cocker_spaniel_159,english_cocker_spaniel,dog,0.0,0.0,english_cocker_spaniel,True,dog,True,correct
english_cocker_spaniel_159,english_cocker_spaniel,dog,0.1,0.0379,english_cocker_spaniel,True,dog,True,correct
english_cocker_spaniel_159,english_cocker_spaniel,dog,0.2,0.0528,english_cocker_spaniel,True,dog,True,correct
english_cocker_spaniel_159,english_cocker_spaniel,dog,0.3,0.0607,english_cocker_spaniel,True,dog,True,correct
english_cocker_spaniel_159,english_cocker_spaniel,dog,0.4,0.0535,english_cocker_spaniel,True,dog,True,correct
english_cocker_spaniel_159,english_cocker_spaniel,dog,0.5,0.0669,english_cocker_spaniel,True,dog,True,correct
english_cocker_spaniel_159,english_cocker_spaniel,dog,0.6,0.0673,english_cocker_spaniel,True,dog,True,correct
english_cocker_spaniel_159,english_cocker_spaniel,dog,0.7,0.066,english_cocker_spaniel,True,dog,True,correct
english_cocker_spaniel_159,english_cocker_spaniel,dog,0.8,0.0753,english_cocker_spaniel,True,dog,True,correct
english_cocker_spaniel_159,english_cocker_spaniel,dog,0.9,0.0837,english_cocker_spaniel,True,dog,True,correct
english_cocker_spaniel_159,english_cocker_spaniel,dog,1.0,0.0792,english_cocker_spaniel,True,dog,True,correct
Maine_Coon_219,maine_coon,cat,0.0,0.0,maine_coon,True,cat,True,correct
Maine_Coon_219,maine_coon,cat,0.1,0.1002,maine_coon,True,cat,True,correct
Maine_Coon_219,maine_coon,cat,0.2,0.0605,maine_coon,True,cat,True,correct
Maine_Coon_219,maine_coon,cat,0.3,0.0741,maine_coon,True,cat,True,correct
Maine_Coon_219,maine_coon,cat,0.4,0.0883,maine_coon,True,cat,True,correct
Maine_Coon_219,maine_coon,cat,0.5,0.1025,maine_coon,True,cat,True,correct
Maine_Coon_219,maine_coon,cat,0.6,0.1185,maine_coon,True,cat,True,correct
Maine_Coon_219,maine_coon,cat,0.7,0.1648,maine_coon,True,cat,True,correct
Maine_Coon_219,maine_coon,cat,0.8,0.1188,maine_coon,True,cat,True,correct
Maine_Coon_219,maine_coon,cat,0.9,0.1828,british_shorthair,False,cat,True,within_superclass
Maine_Coon_219,maine_coon,cat,1.0,0.1991,maine_coon,True,cat,True,correct
great_pyrenees_102,great_pyrenees,dog,0.0,0.0,great_pyrenees,True,dog,True,correct
great_pyrenees_102,great_pyrenees,dog,0.1,0.0268,great_pyrenees,True,dog,True,correct
great_pyrenees_102,great_pyrenees,dog,0.2,0.0239,great_pyrenees,True,dog,True,correct
great_pyrenees_102,great_pyrenees,dog,0.3,0.0269,great_pyrenees,True,dog,True,correct
great_pyrenees_102,great_pyrenees,dog,0.4,0.0432,great_pyrenees,True,dog,True,correct
great_pyrenees_102,great_pyrenees,dog,0.5,0.0385,great_pyrenees,True,dog,True,correct
great_pyrenees_102,great_pyrenees,dog,0.6,0.0477,great_pyrenees,True,dog,True,correct
great_pyrenees_102,great_pyrenees,dog,0.7,0.0604,great_pyrenees,True,dog,True,correct
great_pyrenees_102,great_pyrenees,dog,0.8,0.062,great_pyrenees,True,dog,True,correct
great_pyrenees_102,great_pyrenees,dog,0.9,0.0802,great_pyrenees,True,dog,True,correct
great_pyrenees_102,great_pyrenees,dog,1.0,0.0928,great_pyrenees,True,dog,True,correct
pomeranian_169,pomeranian,dog,0.0,0.0,pomeranian,True,dog,True,correct
pomeranian_169,pomeranian,dog,0.1,0.0387,pomeranian,True,dog,True,correct
pomeranian_169,pomeranian,dog,0.2,0.0486,pomeranian,True,dog,True,correct
pomeranian_169,pomeranian,dog,0.3,0.0574,pomeranian,True,dog,True,correct
pomeranian_169,pomeranian,dog,0.4,0.0565,pomeranian,True,dog,True,correct
pomeranian_169,pomeranian,dog,0.5,0.0622,pomeranian,True,dog,True,correct
pomeranian_169,pomeranian,dog,0.6,0.0698,pomeranian,True,dog,True,correct
pomeranian_169,pomeranian,dog,0.7,0.0782,pomeranian,True,dog,True,correct
pomeranian_169,pomeranian,dog,0.8,0.1067,pomeranian,True,dog,True,correct
pomeranian_169,pomeranian,dog,0.9,0.1015,pomeranian,True,dog,True,correct
pomeranian_169,pomeranian,dog,1.0,0.1298,pomeranian,True,dog,True,correct
Ragdoll_152,ragdoll,cat,0.0,0.0,ragdoll,True,cat,True,correct
Ragdoll_152,ragdoll,cat,0.1,0.0509,ragdoll,True,cat,True,correct
Ragdoll_152,ragdoll,cat,0.2,0.0242,ragdoll,True,cat,True,correct
Ragdoll_152,ragdoll,cat,0.3,0.0345,ragdoll,True,cat,True,correct
Ragdoll_152,ragdoll,cat,0.4,0.045,ragdoll,True,cat,True,correct
Ragdoll_152,ragdoll,cat,0.5,0.0518,ragdoll,True,cat,True,correct
Ragdoll_152,ragdoll,cat,0.6,0.0531,ragdoll,True,cat,True,correct
Ragdoll_152,ragdoll,cat,0.7,0.0554,ragdoll,True,cat,True,correct
Ragdoll_152,ragdoll,cat,0.8,0.0537,ragdoll,True,cat,True,correct
Ragdoll_152,ragdoll,cat,0.9,0.0601,ragdoll,True,cat,True,correct
Ragdoll_152,ragdoll,cat,1.0,0.0607,ragdoll,True,cat,True,correct
scottish_terrier_172,scottish_terrier,dog,0.0,0.0,scottish_terrier,True,dog,True,correct
scottish_terrier_172,scottish_terrier,dog,0.1,0.0186,scottish_terrier,True,dog,True,correct
scottish_terrier_172,scottish_terrier,dog,0.2,0.023,scottish_terrier,True,dog,True,correct
scottish_terrier_172,scottish_terrier,dog,0.3,0.0314,scottish_terrier,True,dog,True,correct
scottish_terrier_172,scottish_terrier,dog,0.4,0.0434,scottish_terrier,True,dog,True,correct
scottish_terrier_172,scottish_terrier,dog,0.5,0.0309,scottish_terrier,True,dog,True,correct
scottish_terrier_172,scottish_terrier,dog,0.6,0.0462,scottish_terrier,True,dog,True,correct
scottish_terrier_172,scottish_terrier,dog,0.7,0.0499,scottish_terrier,True,dog,True,correct
scottish_terrier_172,scottish_terrier,dog,0.8,0.055,scottish_terrier,True,dog,True,correct
scottish_terrier_172,scottish_terrier,dog,0.9,0.0693,scottish_terrier,True,dog,True,correct
scottish_terrier_172,scottish_terrier,dog,1.0,0.0718,scottish_terrier,True,dog,True,correct
samoyed_175,samoyed,dog,0.0,0.0,samoyed,True,dog,True,correct
samoyed_175,samoyed,dog,0.1,0.0357,samoyed,True,dog,True,correct
samoyed_175,samoyed,dog,0.2,0.0394,samoyed,True,dog,True,correct
samoyed_175,samoyed,dog,0.3,0.0481,samoyed,True,dog,True,correct
samoyed_175,samoyed,dog,0.4,0.0652,samoyed,True,dog,True,correct
samoyed_175,samoyed,dog,0.5,0.1007,samoyed,True,dog,True,correct
samoyed_175,samoyed,dog,0.6,0.0854,samoyed,True,dog,True,correct
samoyed_175,samoyed,dog,0.7,0.1192,samoyed,True,dog,True,correct
samoyed_175,samoyed,dog,0.8,0.1263,samoyed,True,dog,True,correct
samoyed_175,samoyed,dog,0.9,0.1433,samoyed,True,dog,True,correct
samoyed_175,samoyed,dog,1.0,0.1695,samoyed,True,dog,True,correct
havanese_14,havanese,dog,0.0,0.0,havanese,True,dog,True,correct
havanese_14,havanese,dog,0.1,0.0213,havanese,True,dog,True,correct
havanese_14,havanese,dog,0.2,0.0286,havanese,True,dog,True,correct
havanese_14,havanese,dog,0.3,0.0403,havanese,True,dog,True,correct
havanese_14,havanese,dog,0.4,0.045,havanese,True,dog,True,correct
havanese_14,havanese,dog,0.5,0.0614,havanese,True,dog,True,correct
havanese_14,havanese,dog,0.6,0.071,havanese,True,dog,True,correct
havanese_14,havanese,dog,0.7,0.0755,havanese,True,dog,True,correct
havanese_14,havanese,dog,0.8,0.0817,havanese,True,dog,True,correct
havanese_14,havanese,dog,0.9,0.1055,havanese,True,dog,True,correct
havanese_14,havanese,dog,1.0,0.1019,havanese,True,dog,True,correct
Siamese_181,siamese,cat,0.0,0.0,siamese,True,cat,True,correct
Siamese_181,siamese,cat,0.1,0.0248,siamese,True,cat,True,correct
Siamese_181,siamese,cat,0.2,0.0237,siamese,True,cat,True,correct
Siamese_181,siamese,cat,0.3,0.0263,siamese,True,cat,True,correct
Siamese_181,siamese,cat,0.4,0.0349,siamese,True,cat,True,correct
Siamese_181,siamese,cat,0.5,0.0369,siamese,True,cat,True,correct
Siamese_181,siamese,cat,0.6,0.0406,siamese,True,cat,True,correct
Siamese_181,siamese,cat,0.7,0.0525,siamese,True,cat,True,correct
Siamese_181,siamese,cat,0.8,0.0797,siamese,True,cat,True,correct
Siamese_181,siamese,cat,0.9,0.0794,siamese,True,cat,True,correct
Siamese_181,siamese,cat,1.0,0.0815,siamese,True,cat,True,correct
pug_133,pug,dog,0.0,0.0,pug,True,dog,True,correct
pug_133,pug,dog,0.1,0.0625,pug,True,dog,True,correct
pug_133,pug,dog,0.2,0.0739,pug,True,dog,True,correct
pug_133,pug,dog,0.3,0.07,pug,True,dog,True,correct
pug_133,pug,dog,0.4,0.108,pug,True,dog,True,correct
pug_133,pug,dog,0.5,0.1134,pug,True,dog,True,correct
pug_133,pug,dog,0.6,0.1361,pug,True,dog,True,correct
pug_133,pug,dog,0.7,0.1285,pug,True,dog,True,correct
pug_133,pug,dog,0.8,0.1728,pug,True,dog,True,correct
pug_133,pug,dog,0.9,0.1567,pug,True,dog,True,correct
pug_133,pug,dog,1.0,0.1577,pug,True,dog,True,correct
Bombay_113,bombay,cat,0.0,0.0,siamese,False,cat,True,within_superclass
Bombay_113,bombay,cat,0.1,0.015,siamese,False,cat,True,within_superclass
Bombay_113,bombay,cat,0.2,0.0212,siamese,False,cat,True,within_superclass
Bombay_113,bombay,cat,0.3,0.03,siamese,False,cat,True,within_superclass
Bombay_113,bombay,cat,0.4,0.0435,siamese,False,cat,True,within_superclass
Bombay_113,bombay,cat,0.5,0.051,siamese,False,cat,True,within_superclass
Bombay_113,bombay,cat,0.6,0.0627,russian_blue,False,cat,True,within_superclass
Bombay_113,bombay,cat,0.7,0.0697,russian_blue,False,cat,True,within_superclass
Bombay_113,bombay,cat,0.8,0.082,russian_blue,False,cat,True,within_superclass
Bombay_113,bombay,cat,0.9,0.1059,siamese,False,cat,True,within_superclass
Bombay_113,bombay,cat,1.0,0.1037,siamese,False,cat,True,within_superclass
havanese_158,havanese,dog,0.0,0.0,havanese,True,dog,True,correct
havanese_158,havanese,dog,0.1,0.0232,havanese,True,dog,True,correct
havanese_158,havanese,dog,0.2,0.0163,havanese,True,dog,True,correct
havanese_158,havanese,dog,0.3,0.0194,havanese,True,dog,True,correct
havanese_158,havanese,dog,0.4,0.0339,havanese,True,dog,True,correct
havanese_158,havanese,dog,0.5,0.0352,havanese,True,dog,True,correct
havanese_158,havanese,dog,0.6,0.0461,havanese,True,dog,True,correct
havanese_158,havanese,dog,0.7,0.0609,havanese,True,dog,True,correct
havanese_158,havanese,dog,0.8,0.0673,havanese,True,dog,True,correct
havanese_158,havanese,dog,0.9,0.0793,havanese,True,dog,True,correct
havanese_158,havanese,dog,1.0,0.0832,havanese,True,dog,True,correct
havanese_171,havanese,dog,0.0,0.0,havanese,True,dog,True,correct
havanese_171,havanese,dog,0.1,0.043,havanese,True,dog,True,correct
havanese_171,havanese,dog,0.2,0.0583,havanese,True,dog,True,correct
havanese_171,havanese,dog,0.3,0.0511,havanese,True,dog,True,correct
havanese_171,havanese,dog,0.4,0.0617,havanese,True,dog,True,correct
havanese_171,havanese,dog,0.5,0.0663,havanese,True,dog,True,correct
havanese_171,havanese,dog,0.6,0.0674,havanese,True,dog,True,correct
havanese_171,havanese,dog,0.7,0.0768,havanese,True,dog,True,correct
havanese_171,havanese,dog,0.8,0.0962,havanese,True,dog,True,correct
havanese_171,havanese,dog,0.9,0.1036,havanese,True,dog,True,correct
havanese_171,havanese,dog,1.0,0.1123,havanese,True,dog,True,correct
Ragdoll_105,ragdoll,cat,0.0,0.0,ragdoll,True,cat,True,correct
Ragdoll_105,ragdoll,cat,0.1,0.0176,birman,False,cat,True,within_superclass
Ragdoll_105,ragdoll,cat,0.2,0.019,birman,False,cat,True,within_superclass
Ragdoll_105,ragdoll,cat,0.3,0.0256,birman,False,cat,True,within_superclass
Ragdoll_105,ragdoll,cat,0.4,0.0479,ragdoll,True,cat,True,correct
Ragdoll_105,ragdoll,cat,0.5,0.0483,ragdoll,True,cat,True,correct
Ragdoll_105,ragdoll,cat,0.6,0.0984,ragdoll,True,cat,True,correct
Ragdoll_105,ragdoll,cat,0.7,0.0683,ragdoll,True,cat,True,correct
Ragdoll_105,ragdoll,cat,0.8,0.1116,ragdoll,True,cat,True,correct
Ragdoll_105,ragdoll,cat,0.9,0.091,ragdoll,True,cat,True,correct
Ragdoll_105,ragdoll,cat,1.0,0.1058,ragdoll,True,cat,True,correct
wheaten_terrier_102,wheaten_terrier,dog,0.0,0.0,wheaten_terrier,True,dog,True,correct
wheaten_terrier_102,wheaten_terrier,dog,0.1,0.0361,wheaten_terrier,True,dog,True,correct
wheaten_terrier_102,wheaten_terrier,dog,0.2,0.0524,wheaten_terrier,True,dog,True,correct
wheaten_terrier_102,wheaten_terrier,dog,0.3,0.066,wheaten_terrier,True,dog,True,correct
wheaten_terrier_102,wheaten_terrier,dog,0.4,0.0787,wheaten_terrier,True,dog,True,correct
wheaten_terrier_102,wheaten_terrier,dog,0.5,0.0908,wheaten_terrier,True,dog,True,correct
wheaten_terrier_102,wheaten_terrier,dog,0.6,0.0941,wheaten_terrier,True,dog,True,correct
wheaten_terrier_102,wheaten_terrier,dog,0.7,0.0986,wheaten_terrier,True,dog,True,correct
wheaten_terrier_102,wheaten_terrier,dog,0.8,0.107,wheaten_terrier,True,dog,True,correct
wheaten_terrier_102,wheaten_terrier,dog,0.9,0.1202,wheaten_terrier,True,dog,True,correct
wheaten_terrier_102,wheaten_terrier,dog,1.0,0.1365,wheaten_terrier,True,dog,True,correct
Sphynx_115,sphynx,cat,0.0,0.0,sphynx,True,cat,True,correct
Sphynx_115,sphynx,cat,0.1,0.0236,sphynx,True,cat,True,correct
Sphynx_115,sphynx,cat,0.2,0.0411,sphynx,True,cat,True,correct
Sphynx_115,sphynx,cat,0.3,0.0386,sphynx,True,cat,True,correct
Sphynx_115,sphynx,cat,0.4,0.0582,sphynx,True,cat,True,correct
Sphynx_115,sphynx,cat,0.5,0.0701,sphynx,True,cat,True,correct
Sphynx_115,sphynx,cat,0.6,0.0996,sphynx,True,cat,True,correct
Sphynx_115,sphynx,cat,0.7,0.0925,sphynx,True,cat,True,correct
Sphynx_115,sphynx,cat,0.8,0.1411,sphynx,True,cat,True,correct
Sphynx_115,sphynx,cat,0.9,0.1584,sphynx,True,cat,True,correct
Sphynx_115,sphynx,cat,1.0,0.1604,sphynx,True,cat,True,correct
basset_hound_178,basset_hound,dog,0.0,0.0,basset_hound,True,dog,True,correct
basset_hound_178,basset_hound,dog,0.1,0.0231,basset_hound,True,dog,True,correct
basset_hound_178,basset_hound,dog,0.2,0.0268,basset_hound,True,dog,True,correct
basset_hound_178,basset_hound,dog,0.3,0.039,basset_hound,True,dog,True,correct
basset_hound_178,basset_hound,dog,0.4,0.0499,basset_hound,True,dog,True,correct
basset_hound_178,basset_hound,dog,0.5,0.0629,basset_hound,True,dog,True,correct
basset_hound_178,basset_hound,dog,0.6,0.1008,basset_hound,True,dog,True,correct
basset_hound_178,basset_hound,dog,0.7,0.0982,basset_hound,True,dog,True,correct
basset_hound_178,basset_hound,dog,0.8,0.0881,basset_hound,True,dog,True,correct
basset_hound_178,basset_hound,dog,0.9,0.1077,basset_hound,True,dog,True,correct
basset_hound_178,basset_hound,dog,1.0,0.1189,basset_hound,True,dog,True,correct
staffordshire_bull_terrier_121,staffordshire_bull_terrier,dog,0.0,0.0,staffordshire_bull_terrier,True,dog,True,correct
staffordshire_bull_terrier_121,staffordshire_bull_terrier,dog,0.1,0.0257,staffordshire_bull_terrier,True,dog,True,correct
staffordshire_bull_terrier_121,staffordshire_bull_terrier,dog,0.2,0.0327,staffordshire_bull_terrier,True,dog,True,correct
staffordshire_bull_terrier_121,staffordshire_bull_terrier,dog,0.3,0.0351,american_pit_bull_terrier,False,dog,True,within_superclass
staffordshire_bull_terrier_121,staffordshire_bull_terrier,dog,0.4,0.0453,staffordshire_bull_terrier,True,dog,True,correct
staffordshire_bull_terrier_121,staffordshire_bull_terrier,dog,0.5,0.0534,staffordshire_bull_terrier,True,dog,True,correct
staffordshire_bull_terrier_121,staffordshire_bull_terrier,dog,0.6,0.0616,staffordshire_bull_terrier,True,dog,True,correct
staffordshire_bull_terrier_121,staffordshire_bull_terrier,dog,0.7,0.0772,american_pit_bull_terrier,False,dog,True,within_superclass
staffordshire_bull_terrier_121,staffordshire_bull_terrier,dog,0.8,0.0724,staffordshire_bull_terrier,True,dog,True,correct
staffordshire_bull_terrier_121,staffordshire_bull_terrier,dog,0.9,0.085,staffordshire_bull_terrier,True,dog,True,correct
staffordshire_bull_terrier_121,staffordshire_bull_terrier,dog,1.0,0.0895,staffordshire_bull_terrier,True,dog,True,correct
staffordshire_bull_terrier_185,staffordshire_bull_terrier,dog,0.0,0.0,staffordshire_bull_terrier,True,dog,True,correct
staffordshire_bull_terrier_185,staffordshire_bull_terrier,dog,0.1,0.0616,american_pit_bull_terrier,False,dog,True,within_superclass
staffordshire_bull_terrier_185,staffordshire_bull_terrier,dog,0.2,0.0629,american_pit_bull_terrier,False,dog,True,within_superclass
staffordshire_bull_terrier_185,staffordshire_bull_terrier,dog,0.3,0.0575,american_pit_bull_terrier,False,dog,True,within_superclass
staffordshire_bull_terrier_185,staffordshire_bull_terrier,dog,0.4,0.0673,american_pit_bull_terrier,False,dog,True,within_superclass
staffordshire_bull_terrier_185,staffordshire_bull_terrier,dog,0.5,0.0828,american_pit_bull_terrier,False,dog,True,within_superclass
staffordshire_bull_terrier_185,staffordshire_bull_terrier,dog,0.6,0.0831,american_pit_bull_terrier,False,dog,True,within_superclass
staffordshire_bull_terrier_185,staffordshire_bull_terrier,dog,0.7,0.0842,american_pit_bull_terrier,False,dog,True,within_superclass
staffordshire_bull_terrier_185,staffordshire_bull_terrier,dog,0.8,0.0955,american_pit_bull_terrier,False,dog,True,within_superclass
staffordshire_bull_terrier_185,staffordshire_bull_terrier,dog,0.9,0.1067,american_pit_bull_terrier,False,dog,True,within_superclass
staffordshire_bull_terrier_185,staffordshire_bull_terrier,dog,1.0,0.1017,american_pit_bull_terrier,False,dog,True,within_superclass
beagle_141,beagle,dog,0.0,0.0,basset_hound,False,dog,True,within_superclass
beagle_141,beagle,dog,0.1,0.0274,basset_hound,False,dog,True,within_superclass
beagle_141,beagle,dog,0.2,0.0413,basset_hound,False,dog,True,within_superclass
beagle_141,beagle,dog,0.3,0.0759,basset_hound,False,dog,True,within_superclass
beagle_141,beagle,dog,0.4,0.0748,basset_hound,False,dog,True,within_superclass
beagle_141,beagle,dog,0.5,0.0758,basset_hound,False,dog,True,within_superclass
beagle_141,beagle,dog,0.6,0.0815,basset_hound,False,dog,True,within_superclass
beagle_141,beagle,dog,0.7,0.0962,basset_hound,False,dog,True,within_superclass
beagle_141,beagle,dog,0.8,0.0966,basset_hound,False,dog,True,within_superclass
beagle_141,beagle,dog,0.9,0.1001,basset_hound,False,dog,True,within_superclass
beagle_141,beagle,dog,1.0,0.1542,basset_hound,False,dog,True,within_superclass
Ragdoll_133,ragdoll,cat,0.0,0.0,birman,False,cat,True,within_superclass
Ragdoll_133,ragdoll,cat,0.1,0.0188,ragdoll,True,cat,True,correct
Ragdoll_133,ragdoll,cat,0.2,0.0195,birman,False,cat,True,within_superclass
Ragdoll_133,ragdoll,cat,0.3,0.0466,ragdoll,True,cat,True,correct
Ragdoll_133,ragdoll,cat,0.4,0.0579,birman,False,cat,True,within_superclass
Ragdoll_133,ragdoll,cat,0.5,0.0655,ragdoll,True,cat,True,correct
Ragdoll_133,ragdoll,cat,0.6,0.0725,ragdoll,True,cat,True,correct
Ragdoll_133,ragdoll,cat,0.7,0.0947,ragdoll,True,cat,True,correct
Ragdoll_133,ragdoll,cat,0.8,0.0933,ragdoll,True,cat,True,correct
Ragdoll_133,ragdoll,cat,0.9,0.1114,ragdoll,True,cat,True,correct
Ragdoll_133,ragdoll,cat,1.0,0.1526,persian,False,cat,True,within_superclass
wheaten_terrier_129,wheaten_terrier,dog,0.0,0.0,wheaten_terrier,True,dog,True,correct
wheaten_terrier_129,wheaten_terrier,dog,0.1,0.0324,wheaten_terrier,True,dog,True,correct
wheaten_terrier_129,wheaten_terrier,dog,0.2,0.0246,wheaten_terrier,True,dog,True,correct
wheaten_terrier_129,wheaten_terrier,dog,0.3,0.0428,wheaten_terrier,True,dog,True,correct
wheaten_terrier_129,wheaten_terrier,dog,0.4,0.0631,wheaten_terrier,True,dog,True,correct
wheaten_terrier_129,wheaten_terrier,dog,0.5,0.0644,wheaten_terrier,True,dog,True,correct
wheaten_terrier_129,wheaten_terrier,dog,0.6,0.0642,wheaten_terrier,True,dog,True,correct
wheaten_terrier_129,wheaten_terrier,dog,0.7,0.1068,wheaten_terrier,True,dog,True,correct
wheaten_terrier_129,wheaten_terrier,dog,0.8,0.1118,wheaten_terrier,True,dog,True,correct
wheaten_terrier_129,wheaten_terrier,dog,0.9,0.1153,wheaten_terrier,True,dog,True,correct
wheaten_terrier_129,wheaten_terrier,dog,1.0,0.1219,wheaten_terrier,True,dog,True,correct
leonberger_103,leonberger,dog,0.0,0.0,leonberger,True,dog,True,correct
leonberger_103,leonberger,dog,0.1,0.0609,leonberger,True,dog,True,correct
leonberger_103,leonberger,dog,0.2,0.0609,leonberger,True,dog,True,correct
leonberger_103,leonberger,dog,0.3,0.0575,leonberger,True,dog,True,correct
leonberger_103,leonberger,dog,0.4,0.0597,leonberger,True,dog,True,correct
leonberger_103,leonberger,dog,0.5,0.0838,leonberger,True,dog,True,correct
leonberger_103,leonberger,dog,0.6,0.1032,leonberger,True,dog,True,correct
leonberger_103,leonberger,dog,0.7,0.0947,leonberger,True,dog,True,correct
leonberger_103,leonberger,dog,0.8,0.1248,leonberger,True,dog,True,correct
leonberger_103,leonberger,dog,0.9,0.133,leonberger,True,dog,True,correct
leonberger_103,leonberger,dog,1.0,0.1855,leonberger,True,dog,True,correct
american_bulldog_199,american_bulldog,dog,0.0,0.0,american_bulldog,True,dog,True,correct
american_bulldog_199,american_bulldog,dog,0.1,0.0126,american_bulldog,True,dog,True,correct
american_bulldog_199,american_bulldog,dog,0.2,0.0236,american_bulldog,True,dog,True,correct
american_bulldog_199,american_bulldog,dog,0.3,0.0347,american_bulldog,True,dog,True,correct
american_bulldog_199,american_bulldog,dog,0.4,0.0473,american_bulldog,True,dog,True,correct
american_bulldog_199,american_bulldog,dog,0.5,0.0811,american_bulldog,True,dog,True,correct
american_bulldog_199,american_bulldog,dog,0.6,0.0647,american_bulldog,True,dog,True,correct
american_bulldog_199,american_bulldog,dog,0.7,0.0868,american_bulldog,True,dog,True,correct
american_bulldog_199,american_bulldog,dog,0.8,0.1018,american_bulldog,True,dog,True,correct
american_bulldog_199,american_bulldog,dog,0.9,0.0828,american_bulldog,True,dog,True,correct
american_bulldog_199,american_bulldog,dog,1.0,0.0954,american_bulldog,True,dog,True,correct
english_cocker_spaniel_132,english_cocker_spaniel,dog,0.0,0.0,english_cocker_spaniel,True,dog,True,correct
english_cocker_spaniel_132,english_cocker_spaniel,dog,0.1,0.0154,english_cocker_spaniel,True,dog,True,correct
english_cocker_spaniel_132,english_cocker_spaniel,dog,0.2,0.0198,english_cocker_spaniel,True,dog,True,correct
english_cocker_spaniel_132,english_cocker_spaniel,dog,0.3,0.0289,english_cocker_spaniel,True,dog,True,correct
english_cocker_spaniel_132,english_cocker_spaniel,dog,0.4,0.0306,english_cocker_spaniel,True,dog,True,correct
english_cocker_spaniel_132,english_cocker_spaniel,dog,0.5,0.0455,english_cocker_spaniel,True,dog,True,correct
english_cocker_spaniel_132,english_cocker_spaniel,dog,0.6,0.0424,english_cocker_spaniel,True,dog,True,correct
english_cocker_spaniel_132,english_cocker_spaniel,dog,0.7,0.0524,english_cocker_spaniel,True,dog,True,correct
english_cocker_spaniel_132,english_cocker_spaniel,dog,0.8,0.0719,english_cocker_spaniel,True,dog,True,correct
english_cocker_spaniel_132,english_cocker_spaniel,dog,0.9,0.0888,english_cocker_spaniel,True,dog,True,correct
english_cocker_spaniel_132,english_cocker_spaniel,dog,1.0,0.0906,english_cocker_spaniel,True,dog,True,correct
leonberger_148,leonberger,dog,0.0,0.0,leonberger,True,dog,True,correct
leonberger_148,leonberger,dog,0.1,0.0328,leonberger,True,dog,True,correct
leonberger_148,leonberger,dog,0.2,0.043,leonberger,True,dog,True,correct
leonberger_148,leonberger,dog,0.3,0.0555,leonberger,True,dog,True,correct
leonberger_148,leonberger,dog,0.4,0.0682,leonberger,True,dog,True,correct
leonberger_148,leonberger,dog,0.5,0.0887,leonberger,True,dog,True,correct
leonberger_148,leonberger,dog,0.6,0.079,leonberger,True,dog,True,correct
leonberger_148,leonberger,dog,0.7,0.0914,leonberger,True,dog,True,correct
leonberger_148,leonberger,dog,0.8,0.0914,leonberger,True,dog,True,correct
leonberger_148,leonberger,dog,0.9,0.1176,leonberger,True,dog,True,correct
leonberger_148,leonberger,dog,1.0,0.1176,leonberger,True,dog,True,correct
scottish_terrier_189,scottish_terrier,dog,0.0,0.0,scottish_terrier,True,dog,True,correct
scottish_terrier_189,scottish_terrier,dog,0.1,0.0408,scottish_terrier,True,dog,True,correct
scottish_terrier_189,scottish_terrier,dog,0.2,0.0542,scottish_terrier,True,dog,True,correct
scottish_terrier_189,scottish_terrier,dog,0.3,0.068,scottish_terrier,True,dog,True,correct
scottish_terrier_189,scottish_terrier,dog,0.4,0.0619,scottish_terrier,True,dog,True,correct
scottish_terrier_189,scottish_terrier,dog,0.5,0.0782,scottish_terrier,True,dog,True,correct
scottish_terrier_189,scottish_terrier,dog,0.6,0.124,scottish_terrier,True,dog,True,correct
scottish_terrier_189,scottish_terrier,dog,0.7,0.095,scottish_terrier,True,dog,True,correct
scottish_terrier_189,scottish_terrier,dog,0.8,0.0991,scottish_terrier,True,dog,True,correct
scottish_terrier_189,scottish_terrier,dog,0.9,0.0856,scottish_terrier,True,dog,True,correct
scottish_terrier_189,scottish_terrier,dog,1.0,0.1116,scottish_terrier,True,dog,True,correct
pomeranian_184,pomeranian,dog,0.0,0.0,pomeranian,True,dog,True,correct
pomeranian_184,pomeranian,dog,0.1,0.0456,pomeranian,True,dog,True,correct
pomeranian_184,pomeranian,dog,0.2,0.05,pomeranian,True,dog,True,correct
pomeranian_184,pomeranian,dog,0.3,0.0635,pomeranian,True,dog,True,correct
pomeranian_184,pomeranian,dog,0.4,0.0718,pomeranian,True,dog,True,correct
pomeranian_184,pomeranian,dog,0.5,0.0927,pomeranian,True,dog,True,correct
pomeranian_184,pomeranian,dog,0.6,0.1048,pomeranian,True,dog,True,correct
pomeranian_184,pomeranian,dog,0.7,0.1385,pomeranian,True,dog,True,correct
pomeranian_184,pomeranian,dog,0.8,0.1598,pomeranian,True,dog,True,correct
pomeranian_184,pomeranian,dog,0.9,0.1831,pomeranian,True,dog,True,correct
pomeranian_184,pomeranian,dog,1.0,0.168,pomeranian,True,dog,True,correct
pomeranian_181,pomeranian,dog,0.0,0.0,pomeranian,True,dog,True,correct
pomeranian_181,pomeranian,dog,0.1,0.0548,pomeranian,True,dog,True,correct
pomeranian_181,pomeranian,dog,0.2,0.0602,pomeranian,True,dog,True,correct
pomeranian_181,pomeranian,dog,0.3,0.0728,pomeranian,True,dog,True,correct
pomeranian_181,pomeranian,dog,0.4,0.0767,pomeranian,True,dog,True,correct
pomeranian_181,pomeranian,dog,0.5,0.0956,pomeranian,True,dog,True,correct
pomeranian_181,pomeranian,dog,0.6,0.0937,pomeranian,True,dog,True,correct
pomeranian_181,pomeranian,dog,0.7,0.1068,pomeranian,True,dog,True,correct
pomeranian_181,pomeranian,dog,0.8,0.1165,pomeranian,True,dog,True,correct
pomeranian_181,pomeranian,dog,0.9,0.1878,pomeranian,True,dog,True,correct
pomeranian_181,pomeranian,dog,1.0,0.171,pomeranian,True,dog,True,correct
Ragdoll_147,ragdoll,cat,0.0,0.0,ragdoll,True,cat,True,correct
Ragdoll_147,ragdoll,cat,0.1,0.025,ragdoll,True,cat,True,correct
Ragdoll_147,ragdoll,cat,0.2,0.0272,ragdoll,True,cat,True,correct
Ragdoll_147,ragdoll,cat,0.3,0.0485,birman,False,cat,True,within_superclass
Ragdoll_147,ragdoll,cat,0.4,0.0611,ragdoll,True,cat,True,correct
Ragdoll_147,ragdoll,cat,0.5,0.0851,ragdoll,True,cat,True,correct
Ragdoll_147,ragdoll,cat,0.6,0.0994,birman,False,cat,True,within_superclass
Ragdoll_147,ragdoll,cat,0.7,0.12,ragdoll,True,cat,True,correct
Ragdoll_147,ragdoll,cat,0.8,0.1271,ragdoll,True,cat,True,correct
Ragdoll_147,ragdoll,cat,0.9,0.1407,ragdoll,True,cat,True,correct
Ragdoll_147,ragdoll,cat,1.0,0.141,ragdoll,True,cat,True,correct
Bombay_106,bombay,cat,0.0,0.0,russian_blue,False,cat,True,within_superclass
Bombay_106,bombay,cat,0.1,0.0851,russian_blue,False,cat,True,within_superclass
Bombay_106,bombay,cat,0.2,0.1031,russian_blue,False,cat,True,within_superclass
Bombay_106,bombay,cat,0.3,0.1355,russian_blue,False,cat,True,within_superclass
Bombay_106,bombay,cat,0.4,0.1294,british_shorthair,False,cat,True,within_superclass
Bombay_106,bombay,cat,0.5,0.1576,british_shorthair,False,cat,True,within_superclass
Bombay_106,bombay,cat,0.6,0.1735,siamese,False,cat,True,within_superclass
Bombay_106,bombay,cat,0.7,0.1809,siamese,False,cat,True,within_superclass
Bombay_106,bombay,cat,0.8,0.1847,siamese,False,cat,True,within_superclass
Bombay_106,bombay,cat,0.9,0.196,siamese,False,cat,True,within_superclass
Bombay_106,bombay,cat,1.0,0.188,persian,False,cat,True,within_superclass
english_cocker_spaniel_184,english_cocker_spaniel,dog,0.0,0.0,english_cocker_spaniel,True,dog,True,correct
english_cocker_spaniel_184,english_cocker_spaniel,dog,0.1,0.0376,english_cocker_spaniel,True,dog,True,correct
english_cocker_spaniel_184,english_cocker_spaniel,dog,0.2,0.02,english_cocker_spaniel,True,dog,True,correct
english_cocker_spaniel_184,english_cocker_spaniel,dog,0.3,0.0292,english_cocker_spaniel,True,dog,True,correct
english_cocker_spaniel_184,english_cocker_spaniel,dog,0.4,0.0672,english_cocker_spaniel,True,dog,True,correct
english_cocker_spaniel_184,english_cocker_spaniel,dog,0.5,0.0683,english_cocker_spaniel,True,dog,True,correct
english_cocker_spaniel_184,english_cocker_spaniel,dog,0.6,0.0585,english_cocker_spaniel,True,dog,True,correct
english_cocker_spaniel_184,english_cocker_spaniel,dog,0.7,0.0716,english_cocker_spaniel,True,dog,True,correct
english_cocker_spaniel_184,english_cocker_spaniel,dog,0.8,0.0964,english_cocker_spaniel,True,dog,True,correct
english_cocker_spaniel_184,english_cocker_spaniel,dog,0.9,0.1007,english_cocker_spaniel,True,dog,True,correct
english_cocker_spaniel_184,english_cocker_spaniel,dog,1.0,0.1041,english_cocker_spaniel,True,dog,True,correct
Abyssinian_130,abyssinian,cat,0.0,0.0,abyssinian,True,cat,True,correct
Abyssinian_130,abyssinian,cat,0.1,0.0259,abyssinian,True,cat,True,correct
Abyssinian_130,abyssinian,cat,0.2,0.0606,abyssinian,True,cat,True,correct
Abyssinian_130,abyssinian,cat,0.3,0.1404,abyssinian,True,cat,True,correct
Abyssinian_130,abyssinian,cat,0.4,0.1138,abyssinian,True,cat,True,correct
Abyssinian_130,abyssinian,cat,0.5,0.1552,abyssinian,True,cat,True,correct
Abyssinian_130,abyssinian,cat,0.6,0.1814,abyssinian,True,cat,True,correct
Abyssinian_130,abyssinian,cat,0.7,0.1784,abyssinian,True,cat,True,correct
Abyssinian_130,abyssinian,cat,0.8,0.1429,abyssinian,True,cat,True,correct
Abyssinian_130,abyssinian,cat,0.9,0.1644,abyssinian,True,cat,True,correct
Abyssinian_130,abyssinian,cat,1.0,0.167,abyssinian,True,cat,True,correct
miniature_pinscher_190,miniature_pinscher,dog,0.0,0.0,miniature_pinscher,True,dog,True,correct
miniature_pinscher_190,miniature_pinscher,dog,0.1,0.0755,miniature_pinscher,True,dog,True,correct
miniature_pinscher_190,miniature_pinscher,dog,0.2,0.0836,miniature_pinscher,True,dog,True,correct
miniature_pinscher_190,miniature_pinscher,dog,0.3,0.0837,miniature_pinscher,True,dog,True,correct
miniature_pinscher_190,miniature_pinscher,dog,0.4,0.0951,miniature_pinscher,True,dog,True,correct
miniature_pinscher_190,miniature_pinscher,dog,0.5,0.0951,miniature_pinscher,True,dog,True,correct
miniature_pinscher_190,miniature_pinscher,dog,0.6,0.1027,miniature_pinscher,True,dog,True,correct
miniature_pinscher_190,miniature_pinscher,dog,0.7,0.1163,miniature_pinscher,True,dog,True,correct
miniature_pinscher_190,miniature_pinscher,dog,0.8,0.1255,miniature_pinscher,True,dog,True,correct
miniature_pinscher_190,miniature_pinscher,dog,0.9,0.1607,miniature_pinscher,True,dog,True,correct
miniature_pinscher_190,miniature_pinscher,dog,1.0,0.1599,miniature_pinscher,True,dog,True,correct
Abyssinian_135,abyssinian,cat,0.0,0.0,abyssinian,True,cat,True,correct
Abyssinian_135,abyssinian,cat,0.1,0.0272,abyssinian,True,cat,True,correct
Abyssinian_135,abyssinian,cat,0.2,0.0326,abyssinian,True,cat,True,correct
Abyssinian_135,abyssinian,cat,0.3,0.0373,abyssinian,True,cat,True,correct
Abyssinian_135,abyssinian,cat,0.4,0.051,abyssinian,True,cat,True,correct
Abyssinian_135,abyssinian,cat,0.5,0.08,abyssinian,True,cat,True,correct
Abyssinian_135,abyssinian,cat,0.6,0.0846,abyssinian,True,cat,True,correct
Abyssinian_135,abyssinian,cat,0.7,0.0862,abyssinian,True,cat,True,correct
Abyssinian_135,abyssinian,cat,0.8,0.1102,abyssinian,True,cat,True,correct
Abyssinian_135,abyssinian,cat,0.9,0.1597,abyssinian,True,cat,True,correct
Abyssinian_135,abyssinian,cat,1.0,0.1358,abyssinian,True,cat,True,correct
keeshond_111,keeshond,dog,0.0,0.0,keeshond,True,dog,True,correct
keeshond_111,keeshond,dog,0.1,0.0259,keeshond,True,dog,True,correct
keeshond_111,keeshond,dog,0.2,0.0365,keeshond,True,dog,True,correct
keeshond_111,keeshond,dog,0.3,0.0496,keeshond,True,dog,True,correct
keeshond_111,keeshond,dog,0.4,0.0602,keeshond,True,dog,True,correct
keeshond_111,keeshond,dog,0.5,0.0747,keeshond,True,dog,True,correct
keeshond_111,keeshond,dog,0.6,0.076,keeshond,True,dog,True,correct
keeshond_111,keeshond,dog,0.7,0.0843,keeshond,True,dog,True,correct
keeshond_111,keeshond,dog,0.8,0.0867,keeshond,True,dog,True,correct
keeshond_111,keeshond,dog,0.9,0.0933,keeshond,True,dog,True,correct
keeshond_111,keeshond,dog,1.0,0.1246,keeshond,True,dog,True,correct
Maine_Coon_152,maine_coon,cat,0.0,0.0,maine_coon,True,cat,True,correct
Maine_Coon_152,maine_coon,cat,0.1,0.0228,maine_coon,True,cat,True,correct
Maine_Coon_152,maine_coon,cat,0.2,0.0394,maine_coon,True,cat,True,correct
Maine_Coon_152,maine_coon,cat,0.3,0.0442,maine_coon,True,cat,True,correct
Maine_Coon_152,maine_coon,cat,0.4,0.046,maine_coon,True,cat,True,correct
Maine_Coon_152,maine_coon,cat,0.5,0.0512,maine_coon,True,cat,True,correct
Maine_Coon_152,maine_coon,cat,0.6,0.0657,maine_coon,True,cat,True,correct
Maine_Coon_152,maine_coon,cat,0.7,0.0608,maine_coon,True,cat,True,correct
Maine_Coon_152,maine_coon,cat,0.8,0.0775,maine_coon,True,cat,True,correct
Maine_Coon_152,maine_coon,cat,0.9,0.101,maine_coon,True,cat,True,correct
Maine_Coon_152,maine_coon,cat,1.0,0.106,maine_coon,True,cat,True,correct
staffordshire_bull_terrier_100,staffordshire_bull_terrier,dog,0.0,0.0,staffordshire_bull_terrier,True,dog,True,correct
staffordshire_bull_terrier_100,staffordshire_bull_terrier,dog,0.1,0.0375,staffordshire_bull_terrier,True,dog,True,correct
staffordshire_bull_terrier_100,staffordshire_bull_terrier,dog,0.2,0.0352,staffordshire_bull_terrier,True,dog,True,correct
staffordshire_bull_terrier_100,staffordshire_bull_terrier,dog,0.3,0.0407,staffordshire_bull_terrier,True,dog,True,correct
staffordshire_bull_terrier_100,staffordshire_bull_terrier,dog,0.4,0.0372,staffordshire_bull_terrier,True,dog,True,correct
staffordshire_bull_terrier_100,staffordshire_bull_terrier,dog,0.5,0.0453,staffordshire_bull_terrier,True,dog,True,correct
staffordshire_bull_terrier_100,staffordshire_bull_terrier,dog,0.6,0.058,staffordshire_bull_terrier,True,dog,True,correct
staffordshire_bull_terrier_100,staffordshire_bull_terrier,dog,0.7,0.0784,staffordshire_bull_terrier,True,dog,True,correct
staffordshire_bull_terrier_100,staffordshire_bull_terrier,dog,0.8,0.0791,staffordshire_bull_terrier,True,dog,True,correct
staffordshire_bull_terrier_100,staffordshire_bull_terrier,dog,0.9,0.0885,staffordshire_bull_terrier,True,dog,True,correct
staffordshire_bull_terrier_100,staffordshire_bull_terrier,dog,1.0,0.0968,staffordshire_bull_terrier,True,dog,True,correct
newfoundland_180,newfoundland,dog,0.0,0.0,newfoundland,True,dog,True,correct
newfoundland_180,newfoundland,dog,0.1,0.0247,newfoundland,True,dog,True,correct
newfoundland_180,newfoundland,dog,0.2,0.0237,newfoundland,True,dog,True,correct
newfoundland_180,newfoundland,dog,0.3,0.0403,newfoundland,True,dog,True,correct
newfoundland_180,newfoundland,dog,0.4,0.0431,newfoundland,True,dog,True,correct
newfoundland_180,newfoundland,dog,0.5,0.0426,newfoundland,True,dog,True,correct
newfoundland_180,newfoundland,dog,0.6,0.0695,newfoundland,True,dog,True,correct
newfoundland_180,newfoundland,dog,0.7,0.0621,newfoundland,True,dog,True,correct
newfoundland_180,newfoundland,dog,0.8,0.0666,newfoundland,True,dog,True,correct
newfoundland_180,newfoundland,dog,0.9,0.0803,newfoundland,True,dog,True,correct
newfoundland_180,newfoundland,dog,1.0,0.0928,english_cocker_spaniel,False,dog,True,within_superclass
newfoundland_142,newfoundland,dog,0.0,0.0,newfoundland,True,dog,True,correct
newfoundland_142,newfoundland,dog,0.1,0.0231,newfoundland,True,dog,True,correct
newfoundland_142,newfoundland,dog,0.2,0.0348,newfoundland,True,dog,True,correct
newfoundland_142,newfoundland,dog,0.3,0.0553,newfoundland,True,dog,True,correct
newfoundland_142,newfoundland,dog,0.4,0.0733,newfoundland,True,dog,True,correct
newfoundland_142,newfoundland,dog,0.5,0.073,newfoundland,True,dog,True,correct
newfoundland_142,newfoundland,dog,0.6,0.0848,newfoundland,True,dog,True,correct
newfoundland_142,newfoundland,dog,0.7,0.1089,newfoundland,True,dog,True,correct
newfoundland_142,newfoundland,dog,0.8,0.1131,newfoundland,True,dog,True,correct
newfoundland_142,newfoundland,dog,0.9,0.1462,newfoundland,True,dog,True,correct
newfoundland_142,newfoundland,dog,1.0,0.1405,newfoundland,True,dog,True,correct
Maine_Coon_208,maine_coon,cat,0.0,0.0,maine_coon,True,cat,True,correct
Maine_Coon_208,maine_coon,cat,0.1,0.0499,maine_coon,True,cat,True,correct
Maine_Coon_208,maine_coon,cat,0.2,0.0646,maine_coon,True,cat,True,correct
Maine_Coon_208,maine_coon,cat,0.3,0.0811,maine_coon,True,cat,True,correct
Maine_Coon_208,maine_coon,cat,0.4,0.1033,maine_coon,True,cat,True,correct
Maine_Coon_208,maine_coon,cat,0.5,0.1308,maine_coon,True,cat,True,correct
Maine_Coon_208,maine_coon,cat,0.6,0.1321,maine_coon,True,cat,True,correct
Maine_Coon_208,maine_coon,cat,0.7,0.1477,maine_coon,True,cat,True,correct
Maine_Coon_208,maine_coon,cat,0.8,0.1412,maine_coon,True,cat,True,correct
Maine_Coon_208,maine_coon,cat,0.9,0.1381,maine_coon,True,cat,True,correct
Maine_Coon_208,maine_coon,cat,1.0,0.1878,maine_coon,True,cat,True,correct
British_Shorthair_155,british_shorthair,cat,0.0,0.0,british_shorthair,True,cat,True,correct
British_Shorthair_155,british_shorthair,cat,0.1,0.0366,british_shorthair,True,cat,True,correct
British_Shorthair_155,british_shorthair,cat,0.2,0.0525,british_shorthair,True,cat,True,correct
British_Shorthair_155,british_shorthair,cat,0.3,0.0672,british_shorthair,True,cat,True,correct
British_Shorthair_155,british_shorthair,cat,0.4,0.0798,british_shorthair,True,cat,True,correct
British_Shorthair_155,british_shorthair,cat,0.5,0.0929,british_shorthair,True,cat,True,correct
British_Shorthair_155,british_shorthair,cat,0.6,0.1182,british_shorthair,True,cat,True,correct
British_Shorthair_155,british_shorthair,cat,0.7,0.1364,british_shorthair,True,cat,True,correct
British_Shorthair_155,british_shorthair,cat,0.8,0.127,british_shorthair,True,cat,True,correct
British_Shorthair_155,british_shorthair,cat,0.9,0.1969,british_shorthair,True,cat,True,correct
British_Shorthair_155,british_shorthair,cat,1.0,0.2314,british_shorthair,True,cat,True,correct
shiba_inu_161,shiba_inu,dog,0.0,0.0,shiba_inu,True,dog,True,correct
shiba_inu_161,shiba_inu,dog,0.1,0.0452,shiba_inu,True,dog,True,correct
shiba_inu_161,shiba_inu,dog,0.2,0.027,shiba_inu,True,dog,True,correct
shiba_inu_161,shiba_inu,dog,0.3,0.0264,shiba_inu,True,dog,True,correct
shiba_inu_161,shiba_inu,dog,0.4,0.0368,shiba_inu,True,dog,True,correct
shiba_inu_161,shiba_inu,dog,0.5,0.0451,shiba_inu,True,dog,True,correct
shiba_inu_161,shiba_inu,dog,0.6,0.069,shiba_inu,True,dog,True,correct
shiba_inu_161,shiba_inu,dog,0.7,0.0666,shiba_inu,True,dog,True,correct
shiba_inu_161,shiba_inu,dog,0.8,0.0841,shiba_inu,True,dog,True,correct
shiba_inu_161,shiba_inu,dog,0.9,0.1222,shiba_inu,True,dog,True,correct
shiba_inu_161,shiba_inu,dog,1.0,0.1116,shiba_inu,True,dog,True,correct
samoyed_133,samoyed,dog,0.0,0.0,samoyed,True,dog,True,correct
samoyed_133,samoyed,dog,0.1,0.0208,samoyed,True,dog,True,correct
samoyed_133,samoyed,dog,0.2,0.0266,samoyed,True,dog,True,correct
samoyed_133,samoyed,dog,0.3,0.0436,samoyed,True,dog,True,correct
samoyed_133,samoyed,dog,0.4,0.0592,samoyed,True,dog,True,correct
samoyed_133,samoyed,dog,0.5,0.0573,samoyed,True,dog,True,correct
samoyed_133,samoyed,dog,0.6,0.0687,samoyed,True,dog,True,correct
samoyed_133,samoyed,dog,0.7,0.066,samoyed,True,dog,True,correct
samoyed_133,samoyed,dog,0.8,0.075,samoyed,True,dog,True,correct
samoyed_133,samoyed,dog,0.9,0.1123,samoyed,True,dog,True,correct
samoyed_133,samoyed,dog,1.0,0.0973,samoyed,True,dog,True,correct
staffordshire_bull_terrier_138,staffordshire_bull_terrier,dog,0.0,0.0,staffordshire_bull_terrier,True,dog,True,correct
staffordshire_bull_terrier_138,staffordshire_bull_terrier,dog,0.1,0.0249,staffordshire_bull_terrier,True,dog,True,correct
staffordshire_bull_terrier_138,staffordshire_bull_terrier,dog,0.2,0.0208,staffordshire_bull_terrier,True,dog,True,correct
staffordshire_bull_terrier_138,staffordshire_bull_terrier,dog,0.3,0.0271,staffordshire_bull_terrier,True,dog,True,correct
staffordshire_bull_terrier_138,staffordshire_bull_terrier,dog,0.4,0.0387,staffordshire_bull_terrier,True,dog,True,correct
staffordshire_bull_terrier_138,staffordshire_bull_terrier,dog,0.5,0.0541,staffordshire_bull_terrier,True,dog,True,correct
staffordshire_bull_terrier_138,staffordshire_bull_terrier,dog,0.6,0.045,staffordshire_bull_terrier,True,dog,True,correct
staffordshire_bull_terrier_138,staffordshire_bull_terrier,dog,0.7,0.0505,staffordshire_bull_terrier,True,dog,True,correct
staffordshire_bull_terrier_138,staffordshire_bull_terrier,dog,0.8,0.0543,staffordshire_bull_terrier,True,dog,True,correct
staffordshire_bull_terrier_138,staffordshire_bull_terrier,dog,0.9,0.0766,staffordshire_bull_terrier,True,dog,True,correct
staffordshire_bull_terrier_138,staffordshire_bull_terrier,dog,1.0,0.0848,staffordshire_bull_terrier,True,dog,True,correct
beagle_111,beagle,dog,0.0,0.0,beagle,True,dog,True,correct
beagle_111,beagle,dog,0.1,0.0343,beagle,True,dog,True,correct
beagle_111,beagle,dog,0.2,0.0505,beagle,True,dog,True,correct
beagle_111,beagle,dog,0.3,0.0612,beagle,True,dog,True,correct
beagle_111,beagle,dog,0.4,0.0835,beagle,True,dog,True,correct
beagle_111,beagle,dog,0.5,0.1008,beagle,True,dog,True,correct
beagle_111,beagle,dog,0.6,0.1178,beagle,True,dog,True,correct
beagle_111,beagle,dog,0.7,0.1152,beagle,True,dog,True,correct
beagle_111,beagle,dog,0.8,0.1454,beagle,True,dog,True,correct
beagle_111,beagle,dog,0.9,0.1518,beagle,True,dog,True,correct
beagle_111,beagle,dog,1.0,0.1897,beagle,True,dog,True,correct
wheaten_terrier_114,wheaten_terrier,dog,0.0,0.0,wheaten_terrier,True,dog,True,correct
wheaten_terrier_114,wheaten_terrier,dog,0.1,0.0268,wheaten_terrier,True,dog,True,correct
wheaten_terrier_114,wheaten_terrier,dog,0.2,0.0415,wheaten_terrier,True,dog,True,correct
wheaten_terrier_114,wheaten_terrier,dog,0.3,0.0508,wheaten_terrier,True,dog,True,correct
wheaten_terrier_114,wheaten_terrier,dog,0.4,0.0719,wheaten_terrier,True,dog,True,correct
wheaten_terrier_114,wheaten_terrier,dog,0.5,0.0883,wheaten_terrier,True,dog,True,correct
wheaten_terrier_114,wheaten_terrier,dog,0.6,0.0982,wheaten_terrier,True,dog,True,correct
wheaten_terrier_114,wheaten_terrier,dog,0.7,0.1041,wheaten_terrier,True,dog,True,correct
wheaten_terrier_114,wheaten_terrier,dog,0.8,0.1209,wheaten_terrier,True,dog,True,correct
wheaten_terrier_114,wheaten_terrier,dog,0.9,0.1187,wheaten_terrier,True,dog,True,correct
wheaten_terrier_114,wheaten_terrier,dog,1.0,0.1259,wheaten_terrier,True,dog,True,correct
scottish_terrier_18,scottish_terrier,dog,0.0,0.0,scottish_terrier,True,dog,True,correct
scottish_terrier_18,scottish_terrier,dog,0.1,0.0446,scottish_terrier,True,dog,True,correct
scottish_terrier_18,scottish_terrier,dog,0.2,0.0406,scottish_terrier,True,dog,True,correct
scottish_terrier_18,scottish_terrier,dog,0.3,0.0443,scottish_terrier,True,dog,True,correct
scottish_terrier_18,scottish_terrier,dog,0.4,0.0624,scottish_terrier,True,dog,True,correct
scottish_terrier_18,scottish_terrier,dog,0.5,0.0718,scottish_terrier,True,dog,True,correct
scottish_terrier_18,scottish_terrier,dog,0.6,0.0682,scottish_terrier,True,dog,True,correct
scottish_terrier_18,scottish_terrier,dog,0.7,0.085,scottish_terrier,True,dog,True,correct
scottish_terrier_18,scottish_terrier,dog,0.8,0.0936,scottish_terrier,True,dog,True,correct
scottish_terrier_18,scottish_terrier,dog,0.9,0.1003,scottish_terrier,True,dog,True,correct
scottish_terrier_18,scottish_terrier,dog,1.0,0.1035,miniature_pinscher,False,dog,True,within_superclass
Abyssinian_137,abyssinian,cat,0.0,0.0,siamese,False,cat,True,within_superclass
Abyssinian_137,abyssinian,cat,0.1,0.0042,siamese,False,cat,True,within_superclass
Abyssinian_137,abyssinian,cat,0.2,0.0209,siamese,False,cat,True,within_superclass
Abyssinian_137,abyssinian,cat,0.3,0.0174,siamese,False,cat,True,within_superclass
Abyssinian_137,abyssinian,cat,0.4,0.019,siamese,False,cat,True,within_superclass
Abyssinian_137,abyssinian,cat,0.5,0.0283,abyssinian,True,cat,True,correct
Abyssinian_137,abyssinian,cat,0.6,0.0351,abyssinian,True,cat,True,correct
Abyssinian_137,abyssinian,cat,0.7,0.0288,abyssinian,True,cat,True,correct
Abyssinian_137,abyssinian,cat,0.8,0.0421,abyssinian,True,cat,True,correct
Abyssinian_137,abyssinian,cat,0.9,0.0352,abyssinian,True,cat,True,correct
Abyssinian_137,abyssinian,cat,1.0,0.0397,abyssinian,True,cat,True,correct
wheaten_terrier_141,wheaten_terrier,dog,0.0,0.0,wheaten_terrier,True,dog,True,correct
wheaten_terrier_141,wheaten_terrier,dog,0.1,0.0247,wheaten_terrier,True,dog,True,correct
wheaten_terrier_141,wheaten_terrier,dog,0.2,0.0282,wheaten_terrier,True,dog,True,correct
wheaten_terrier_141,wheaten_terrier,dog,0.3,0.0404,wheaten_terrier,True,dog,True,correct
wheaten_terrier_141,wheaten_terrier,dog,0.4,0.0503,wheaten_terrier,True,dog,True,correct
wheaten_terrier_141,wheaten_terrier,dog,0.5,0.0559,wheaten_terrier,True,dog,True,correct
wheaten_terrier_141,wheaten_terrier,dog,0.6,0.0708,wheaten_terrier,True,dog,True,correct
wheaten_terrier_141,wheaten_terrier,dog,0.7,0.0922,wheaten_terrier,True,dog,True,correct
wheaten_terrier_141,wheaten_terrier,dog,0.8,0.0815,wheaten_terrier,True,dog,True,correct
wheaten_terrier_141,wheaten_terrier,dog,0.9,0.0753,wheaten_terrier,True,dog,True,correct
wheaten_terrier_141,wheaten_terrier,dog,1.0,0.0855,wheaten_terrier,True,dog,True,correct
keeshond_178,keeshond,dog,0.0,0.0,keeshond,True,dog,True,correct
keeshond_178,keeshond,dog,0.1,0.0345,keeshond,True,dog,True,correct
keeshond_178,keeshond,dog,0.2,0.0191,keeshond,True,dog,True,correct
keeshond_178,keeshond,dog,0.3,0.0295,keeshond,True,dog,True,correct
keeshond_178,keeshond,dog,0.4,0.0435,keeshond,True,dog,True,correct
keeshond_178,keeshond,dog,0.5,0.0467,keeshond,True,dog,True,correct
keeshond_178,keeshond,dog,0.6,0.055,keeshond,True,dog,True,correct
keeshond_178,keeshond,dog,0.7,0.0587,keeshond,True,dog,True,correct
keeshond_178,keeshond,dog,0.8,0.0575,keeshond,True,dog,True,correct
keeshond_178,keeshond,dog,0.9,0.0572,keeshond,True,dog,True,correct
keeshond_178,keeshond,dog,1.0,0.0656,keeshond,True,dog,True,correct
pomeranian_170,pomeranian,dog,0.0,0.0,pomeranian,True,dog,True,correct
pomeranian_170,pomeranian,dog,0.1,0.0484,pomeranian,True,dog,True,correct
pomeranian_170,pomeranian,dog,0.2,0.0604,pomeranian,True,dog,True,correct
pomeranian_170,pomeranian,dog,0.3,0.0707,pomeranian,True,dog,True,correct
pomeranian_170,pomeranian,dog,0.4,0.0898,pomeranian,True,dog,True,correct
pomeranian_170,pomeranian,dog,0.5,0.1139,pomeranian,True,dog,True,correct
pomeranian_170,pomeranian,dog,0.6,0.1678,pomeranian,True,dog,True,correct
pomeranian_170,pomeranian,dog,0.7,0.209,pomeranian,True,dog,True,correct
pomeranian_170,pomeranian,dog,0.8,0.2171,pomeranian,True,dog,True,correct
pomeranian_170,pomeranian,dog,0.9,0.1591,pomeranian,True,dog,True,correct
pomeranian_170,pomeranian,dog,1.0,0.2639,pomeranian,True,dog,True,correct
american_pit_bull_terrier_175,american_pit_bull_terrier,dog,0.0,0.0,american_bulldog,False,dog,True,within_superclass
american_pit_bull_terrier_175,american_pit_bull_terrier,dog,0.1,0.0784,american_bulldog,False,dog,True,within_superclass
american_pit_bull_terrier_175,american_pit_bull_terrier,dog,0.2,0.0748,american_bulldog,False,dog,True,within_superclass
american_pit_bull_terrier_175,american_pit_bull_terrier,dog,0.3,0.0676,american_bulldog,False,dog,True,within_superclass
american_pit_bull_terrier_175,american_pit_bull_terrier,dog,0.4,0.0771,american_pit_bull_terrier,True,dog,True,correct
american_pit_bull_terrier_175,american_pit_bull_terrier,dog,0.5,0.0853,american_bulldog,False,dog,True,within_superclass
american_pit_bull_terrier_175,american_pit_bull_terrier,dog,0.6,0.0939,american_pit_bull_terrier,True,dog,True,correct
american_pit_bull_terrier_175,american_pit_bull_terrier,dog,0.7,0.1217,american_bulldog,False,dog,True,within_superclass
american_pit_bull_terrier_175,american_pit_bull_terrier,dog,0.8,0.1285,american_pit_bull_terrier,True,dog,True,correct
american_pit_bull_terrier_175,american_pit_bull_terrier,dog,0.9,0.1115,american_pit_bull_terrier,True,dog,True,correct
american_pit_bull_terrier_175,american_pit_bull_terrier,dog,1.0,0.1471,american_pit_bull_terrier,True,dog,True,correct
miniature_pinscher_104,miniature_pinscher,dog,0.0,0.0,miniature_pinscher,True,dog,True,correct
miniature_pinscher_104,miniature_pinscher,dog,0.1,0.0524,miniature_pinscher,True,dog,True,correct
miniature_pinscher_104,miniature_pinscher,dog,0.2,0.0421,miniature_pinscher,True,dog,True,correct
miniature_pinscher_104,miniature_pinscher,dog,0.3,0.0532,miniature_pinscher,True,dog,True,correct
miniature_pinscher_104,miniature_pinscher,dog,0.4,0.0809,miniature_pinscher,True,dog,True,correct
miniature_pinscher_104,miniature_pinscher,dog,0.5,0.0981,miniature_pinscher,True,dog,True,correct
miniature_pinscher_104,miniature_pinscher,dog,0.6,0.1347,miniature_pinscher,True,dog,True,correct
miniature_pinscher_104,miniature_pinscher,dog,0.7,0.1446,miniature_pinscher,True,dog,True,correct
miniature_pinscher_104,miniature_pinscher,dog,0.8,0.1447,miniature_pinscher,True,dog,True,correct
miniature_pinscher_104,miniature_pinscher,dog,0.9,0.1369,miniature_pinscher,True,dog,True,correct
miniature_pinscher_104,miniature_pinscher,dog,1.0,0.1749,chihuahua,False,dog,True,within_superclass
staffordshire_bull_terrier_192,staffordshire_bull_terrier,dog,0.0,0.0,american_pit_bull_terrier,False,dog,True,within_superclass
staffordshire_bull_terrier_192,staffordshire_bull_terrier,dog,0.1,0.0345,american_pit_bull_terrier,False,dog,True,within_superclass
staffordshire_bull_terrier_192,staffordshire_bull_terrier,dog,0.2,0.045,american_pit_bull_terrier,False,dog,True,within_superclass
staffordshire_bull_terrier_192,staffordshire_bull_terrier,dog,0.3,0.0578,american_pit_bull_terrier,False,dog,True,within_superclass
staffordshire_bull_terrier_192,staffordshire_bull_terrier,dog,0.4,0.082,miniature_pinscher,False,dog,True,within_superclass
staffordshire_bull_terrier_192,staffordshire_bull_terrier,dog,0.5,0.0905,miniature_pinscher,False,dog,True,within_superclass
staffordshire_bull_terrier_192,staffordshire_bull_terrier,dog,0.6,0.0847,miniature_pinscher,False,dog,True,within_superclass
staffordshire_bull_terrier_192,staffordshire_bull_terrier,dog,0.7,0.1067,miniature_pinscher,False,dog,True,within_superclass
staffordshire_bull_terrier_192,staffordshire_bull_terrier,dog,0.8,0.1076,miniature_pinscher,False,dog,True,within_superclass
staffordshire_bull_terrier_192,staffordshire_bull_terrier,dog,0.9,0.1136,miniature_pinscher,False,dog,True,within_superclass
staffordshire_bull_terrier_192,staffordshire_bull_terrier,dog,1.0,0.1018,miniature_pinscher,False,dog,True,within_superclass
japanese_chin_185,japanese_chin,dog,0.0,0.0,japanese_chin,True,dog,True,correct
japanese_chin_185,japanese_chin,dog,0.1,0.0321,japanese_chin,True,dog,True,correct
japanese_chin_185,japanese_chin,dog,0.2,0.0303,japanese_chin,True,dog,True,correct
japanese_chin_185,japanese_chin,dog,0.3,0.0324,japanese_chin,True,dog,True,correct
japanese_chin_185,japanese_chin,dog,0.4,0.0455,japanese_chin,True,dog,True,correct
japanese_chin_185,japanese_chin,dog,0.5,0.0453,japanese_chin,True,dog,True,correct
japanese_chin_185,japanese_chin,dog,0.6,0.0573,japanese_chin,True,dog,True,correct
japanese_chin_185,japanese_chin,dog,0.7,0.0514,japanese_chin,True,dog,True,correct
japanese_chin_185,japanese_chin,dog,0.8,0.0661,japanese_chin,True,dog,True,correct
japanese_chin_185,japanese_chin,dog,0.9,0.0843,japanese_chin,True,dog,True,correct
japanese_chin_185,japanese_chin,dog,1.0,0.0875,japanese_chin,True,dog,True,correct
scottish_terrier_141,scottish_terrier,dog,0.0,0.0,scottish_terrier,True,dog,True,correct
scottish_terrier_141,scottish_terrier,dog,0.1,0.0221,scottish_terrier,True,dog,True,correct
scottish_terrier_141,scottish_terrier,dog,0.2,0.0266,scottish_terrier,True,dog,True,correct
scottish_terrier_141,scottish_terrier,dog,0.3,0.0298,scottish_terrier,True,dog,True,correct
scottish_terrier_141,scottish_terrier,dog,0.4,0.04,scottish_terrier,True,dog,True,correct
scottish_terrier_141,scottish_terrier,dog,0.5,0.0347,scottish_terrier,True,dog,True,correct
scottish_terrier_141,scottish_terrier,dog,0.6,0.0385,scottish_terrier,True,dog,True,correct
scottish_terrier_141,scottish_terrier,dog,0.7,0.044,scottish_terrier,True,dog,True,correct
scottish_terrier_141,scottish_terrier,dog,0.8,0.0583,scottish_terrier,True,dog,True,correct
scottish_terrier_141,scottish_terrier,dog,0.9,0.0533,scottish_terrier,True,dog,True,correct
scottish_terrier_141,scottish_terrier,dog,1.0,0.0481,scottish_terrier,True,dog,True,correct
english_cocker_spaniel_17,english_cocker_spaniel,dog,0.0,0.0,english_cocker_spaniel,True,dog,True,correct
english_cocker_spaniel_17,english_cocker_spaniel,dog,0.1,0.0415,english_cocker_spaniel,True,dog,True,correct
english_cocker_spaniel_17,english_cocker_spaniel,dog,0.2,0.026,english_cocker_spaniel,True,dog,True,correct
english_cocker_spaniel_17,english_cocker_spaniel,dog,0.3,0.027,english_cocker_spaniel,True,dog,True,correct
english_cocker_spaniel_17,english_cocker_spaniel,dog,0.4,0.0309,english_cocker_spaniel,True,dog,True,correct
english_cocker_spaniel_17,english_cocker_spaniel,dog,0.5,0.0392,english_cocker_spaniel,True,dog,True,correct
english_cocker_spaniel_17,english_cocker_spaniel,dog,0.6,0.0448,english_cocker_spaniel,True,dog,True,correct
english_cocker_spaniel_17,english_cocker_spaniel,dog,0.7,0.0446,english_cocker_spaniel,True,dog,True,correct
english_cocker_spaniel_17,english_cocker_spaniel,dog,0.8,0.0619,english_cocker_spaniel,True,dog,True,correct
english_cocker_spaniel_17,english_cocker_spaniel,dog,0.9,0.0537,english_cocker_spaniel,True,dog,True,correct
english_cocker_spaniel_17,english_cocker_spaniel,dog,1.0,0.0665,english_cocker_spaniel,True,dog,True,correct
pomeranian_136,pomeranian,dog,0.0,0.0,pomeranian,True,dog,True,correct
pomeranian_136,pomeranian,dog,0.1,0.0674,pomeranian,True,dog,True,correct
pomeranian_136,pomeranian,dog,0.2,0.0676,pomeranian,True,dog,True,correct
pomeranian_136,pomeranian,dog,0.3,0.066,pomeranian,True,dog,True,correct
pomeranian_136,pomeranian,dog,0.4,0.0723,pomeranian,True,dog,True,correct
pomeranian_136,pomeranian,dog,0.5,0.0782,pomeranian,True,dog,True,correct
pomeranian_136,pomeranian,dog,0.6,0.0845,pomeranian,True,dog,True,correct
pomeranian_136,pomeranian,dog,0.7,0.0958,pomeranian,True,dog,True,correct
pomeranian_136,pomeranian,dog,0.8,0.1092,pomeranian,True,dog,True,correct
pomeranian_136,pomeranian,dog,0.9,0.127,pomeranian,True,dog,True,correct
pomeranian_136,pomeranian,dog,1.0,0.1344,pomeranian,True,dog,True,correct
samoyed_154,samoyed,dog,0.0,0.0,samoyed,True,dog,True,correct
samoyed_154,samoyed,dog,0.1,0.0497,samoyed,True,dog,True,correct
samoyed_154,samoyed,dog,0.2,0.0729,samoyed,True,dog,True,correct
samoyed_154,samoyed,dog,0.3,0.098,samoyed,True,dog,True,correct
samoyed_154,samoyed,dog,0.4,0.1051,samoyed,True,dog,True,correct
samoyed_154,samoyed,dog,0.5,0.1244,samoyed,True,dog,True,correct
samoyed_154,samoyed,dog,0.6,0.1318,samoyed,True,dog,True,correct
samoyed_154,samoyed,dog,0.7,0.1516,samoyed,True,dog,True,correct
samoyed_154,samoyed,dog,0.8,0.1672,samoyed,True,dog,True,correct
samoyed_154,samoyed,dog,0.9,0.1875,samoyed,True,dog,True,correct
samoyed_154,samoyed,dog,1.0,0.1696,samoyed,True,dog,True,correct
staffordshire_bull_terrier_186,staffordshire_bull_terrier,dog,0.0,0.0,staffordshire_bull_terrier,True,dog,True,correct
staffordshire_bull_terrier_186,staffordshire_bull_terrier,dog,0.1,0.0254,staffordshire_bull_terrier,True,dog,True,correct
staffordshire_bull_terrier_186,staffordshire_bull_terrier,dog,0.2,0.0287,staffordshire_bull_terrier,True,dog,True,correct
staffordshire_bull_terrier_186,staffordshire_bull_terrier,dog,0.3,0.0358,staffordshire_bull_terrier,True,dog,True,correct
staffordshire_bull_terrier_186,staffordshire_bull_terrier,dog,0.4,0.041,staffordshire_bull_terrier,True,dog,True,correct
staffordshire_bull_terrier_186,staffordshire_bull_terrier,dog,0.5,0.0454,staffordshire_bull_terrier,True,dog,True,correct
staffordshire_bull_terrier_186,staffordshire_bull_terrier,dog,0.6,0.0489,staffordshire_bull_terrier,True,dog,True,correct
staffordshire_bull_terrier_186,staffordshire_bull_terrier,dog,0.7,0.0595,staffordshire_bull_terrier,True,dog,True,correct
staffordshire_bull_terrier_186,staffordshire_bull_terrier,dog,0.8,0.0757,staffordshire_bull_terrier,True,dog,True,correct
staffordshire_bull_terrier_186,staffordshire_bull_terrier,dog,0.9,0.0817,staffordshire_bull_terrier,True,dog,True,correct
staffordshire_bull_terrier_186,staffordshire_bull_terrier,dog,1.0,0.1015,staffordshire_bull_terrier,True,dog,True,correct
newfoundland_118,newfoundland,dog,0.0,0.0,newfoundland,True,dog,True,correct
newfoundland_118,newfoundland,dog,0.1,0.0178,newfoundland,True,dog,True,correct
newfoundland_118,newfoundland,dog,0.2,0.0225,newfoundland,True,dog,True,correct
newfoundland_118,newfoundland,dog,0.3,0.0328,newfoundland,True,dog,True,correct
newfoundland_118,newfoundland,dog,0.4,0.0297,newfoundland,True,dog,True,correct
newfoundland_118,newfoundland,dog,0.5,0.0473,newfoundland,True,dog,True,correct
newfoundland_118,newfoundland,dog,0.6,0.0473,english_cocker_spaniel,False,dog,True,within_superclass
newfoundland_118,newfoundland,dog,0.7,0.0659,english_cocker_spaniel,False,dog,True,within_superclass
newfoundland_118,newfoundland,dog,0.8,0.0591,english_cocker_spaniel,False,dog,True,within_superclass
newfoundland_118,newfoundland,dog,0.9,0.0676,english_cocker_spaniel,False,dog,True,within_superclass
newfoundland_118,newfoundland,dog,1.0,0.0761,english_cocker_spaniel,False,dog,True,within_superclass
Bengal_189,bengal,cat,0.0,0.0,bengal,True,cat,True,correct
Bengal_189,bengal,cat,0.1,0.1082,bengal,True,cat,True,correct
Bengal_189,bengal,cat,0.2,0.1278,bengal,True,cat,True,correct
Bengal_189,bengal,cat,0.3,0.1128,bengal,True,cat,True,correct
Bengal_189,bengal,cat,0.4,0.1153,bengal,True,cat,True,correct
Bengal_189,bengal,cat,0.5,0.126,bengal,True,cat,True,correct
Bengal_189,bengal,cat,0.6,0.1319,bengal,True,cat,True,correct
Bengal_189,bengal,cat,0.7,0.1365,bengal,True,cat,True,correct
Bengal_189,bengal,cat,0.8,0.1773,bengal,True,cat,True,correct
Bengal_189,bengal,cat,0.9,0.1993,bengal,True,cat,True,correct
Bengal_189,bengal,cat,1.0,0.2211,egyptian_mau,False,cat,True,within_superclass
Russian_Blue_162,russian_blue,cat,0.0,0.0,russian_blue,True,cat,True,correct
Russian_Blue_162,russian_blue,cat,0.1,0.0155,russian_blue,True,cat,True,correct
Russian_Blue_162,russian_blue,cat,0.2,0.0239,russian_blue,True,cat,True,correct
Russian_Blue_162,russian_blue,cat,0.3,0.0271,russian_blue,True,cat,True,correct
Russian_Blue_162,russian_blue,cat,0.4,0.0337,russian_blue,True,cat,True,correct
Russian_Blue_162,russian_blue,cat,0.5,0.0517,russian_blue,True,cat,True,correct
Russian_Blue_162,russian_blue,cat,0.6,0.0457,russian_blue,True,cat,True,correct
Russian_Blue_162,russian_blue,cat,0.7,0.0675,russian_blue,True,cat,True,correct
Russian_Blue_162,russian_blue,cat,0.8,0.0826,russian_blue,True,cat,True,correct
Russian_Blue_162,russian_blue,cat,0.9,0.0925,british_shorthair,False,cat,True,within_superclass
Russian_Blue_162,russian_blue,cat,1.0,0.0975,british_shorthair,False,cat,True,within_superclass
scottish_terrier_136,scottish_terrier,dog,0.0,0.0,havanese,False,dog,True,within_superclass
scottish_terrier_136,scottish_terrier,dog,0.1,0.0537,yorkshire_terrier,False,dog,True,within_superclass
scottish_terrier_136,scottish_terrier,dog,0.2,0.0369,yorkshire_terrier,False,dog,True,within_superclass
scottish_terrier_136,scottish_terrier,dog,0.3,0.0425,yorkshire_terrier,False,dog,True,within_superclass
scottish_terrier_136,scottish_terrier,dog,0.4,0.0534,scottish_terrier,True,dog,True,correct
scottish_terrier_136,scottish_terrier,dog,0.5,0.0723,scottish_terrier,True,dog,True,correct
scottish_terrier_136,scottish_terrier,dog,0.6,0.0622,yorkshire_terrier,False,dog,True,within_superclass
scottish_terrier_136,scottish_terrier,dog,0.7,0.065,wheaten_terrier,False,dog,True,within_superclass
scottish_terrier_136,scottish_terrier,dog,0.8,0.0746,scottish_terrier,True,dog,True,correct
scottish_terrier_136,scottish_terrier,dog,0.9,0.0867,yorkshire_terrier,False,dog,True,within_superclass
scottish_terrier_136,scottish_terrier,dog,1.0,0.0846,scottish_terrier,True,dog,True,correct
beagle_155,beagle,dog,0.0,0.0,beagle,True,dog,True,correct
beagle_155,beagle,dog,0.1,0.0287,beagle,True,dog,True,correct
beagle_155,beagle,dog,0.2,0.0341,beagle,True,dog,True,correct
beagle_155,beagle,dog,0.3,0.0532,beagle,True,dog,True,correct
beagle_155,beagle,dog,0.4,0.0654,beagle,True,dog,True,correct
beagle_155,beagle,dog,0.5,0.0718,beagle,True,dog,True,correct
beagle_155,beagle,dog,0.6,0.0858,beagle,True,dog,True,correct
beagle_155,beagle,dog,0.7,0.0874,beagle,True,dog,True,correct
beagle_155,beagle,dog,0.8,0.0881,beagle,True,dog,True,correct
beagle_155,beagle,dog,0.9,0.0788,beagle,True,dog,True,correct
beagle_155,beagle,dog,1.0,0.0846,beagle,True,dog,True,correct
Birman_152,birman,cat,0.0,0.0,birman,True,cat,True,correct
Birman_152,birman,cat,0.1,0.0257,birman,True,cat,True,correct
Birman_152,birman,cat,0.2,0.0335,birman,True,cat,True,correct
Birman_152,birman,cat,0.3,0.046,birman,True,cat,True,correct
Birman_152,birman,cat,0.4,0.0545,birman,True,cat,True,correct
Birman_152,birman,cat,0.5,0.0554,birman,True,cat,True,correct
Birman_152,birman,cat,0.6,0.0759,birman,True,cat,True,correct
Birman_152,birman,cat,0.7,0.0786,birman,True,cat,True,correct
Birman_152,birman,cat,0.8,0.0902,birman,True,cat,True,correct
Birman_152,birman,cat,0.9,0.0961,birman,True,cat,True,correct
Birman_152,birman,cat,1.0,0.1191,birman,True,cat,True,correct
japanese_chin_148,japanese_chin,dog,0.0,0.0,japanese_chin,True,dog,True,correct
japanese_chin_148,japanese_chin,dog,0.1,0.0336,japanese_chin,True,dog,True,correct
japanese_chin_148,japanese_chin,dog,0.2,0.0331,japanese_chin,True,dog,True,correct
japanese_chin_148,japanese_chin,dog,0.3,0.0372,japanese_chin,True,dog,True,correct
japanese_chin_148,japanese_chin,dog,0.4,0.059,japanese_chin,True,dog,True,correct
japanese_chin_148,japanese_chin,dog,0.5,0.0484,japanese_chin,True,dog,True,correct
japanese_chin_148,japanese_chin,dog,0.6,0.0648,japanese_chin,True,dog,True,correct
japanese_chin_148,japanese_chin,dog,0.7,0.0843,japanese_chin,True,dog,True,correct
japanese_chin_148,japanese_chin,dog,0.8,0.0737,japanese_chin,True,dog,True,correct
japanese_chin_148,japanese_chin,dog,0.9,0.0819,japanese_chin,True,dog,True,correct
japanese_chin_148,japanese_chin,dog,1.0,0.0807,japanese_chin,True,dog,True,correct
pug_109,pug,dog,0.0,0.0,pug,True,dog,True,correct
pug_109,pug,dog,0.1,0.0212,pug,True,dog,True,correct
pug_109,pug,dog,0.2,0.0276,pug,True,dog,True,correct
pug_109,pug,dog,0.3,0.0369,pug,True,dog,True,correct
pug_109,pug,dog,0.4,0.0499,pug,True,dog,True,correct
pug_109,pug,dog,0.5,0.0474,pug,True,dog,True,correct
pug_109,pug,dog,0.6,0.0687,pug,True,dog,True,correct
pug_109,pug,dog,0.7,0.048,pug,True,dog,True,correct
pug_109,pug,dog,0.8,0.0562,pug,True,dog,True,correct
pug_109,pug,dog,0.9,0.0545,pug,True,dog,True,correct
pug_109,pug,dog,1.0,0.0805,pug,True,dog,True,correct
samoyed_103,samoyed,dog,0.0,0.0,samoyed,True,dog,True,correct
samoyed_103,samoyed,dog,0.1,0.0205,samoyed,True,dog,True,correct
samoyed_103,samoyed,dog,0.2,0.0213,samoyed,True,dog,True,correct
samoyed_103,samoyed,dog,0.3,0.0372,samoyed,True,dog,True,correct
samoyed_103,samoyed,dog,0.4,0.0321,samoyed,True,dog,True,correct
samoyed_103,samoyed,dog,0.5,0.0386,samoyed,True,dog,True,correct
samoyed_103,samoyed,dog,0.6,0.0476,samoyed,True,dog,True,correct
samoyed_103,samoyed,dog,0.7,0.0749,samoyed,True,dog,True,correct
samoyed_103,samoyed,dog,0.8,0.0858,samoyed,True,dog,True,correct
samoyed_103,samoyed,dog,0.9,0.0969,samoyed,True,dog,True,correct
samoyed_103,samoyed,dog,1.0,0.1329,samoyed,True,dog,True,correct
Abyssinian_191,abyssinian,cat,0.0,0.0,egyptian_mau,False,cat,True,within_superclass
Abyssinian_191,abyssinian,cat,0.1,0.086,abyssinian,True,cat,True,correct
Abyssinian_191,abyssinian,cat,0.2,0.0772,abyssinian,True,cat,True,correct
Abyssinian_191,abyssinian,cat,0.3,0.1156,abyssinian,True,cat,True,correct
Abyssinian_191,abyssinian,cat,0.4,0.1238,abyssinian,True,cat,True,correct
Abyssinian_191,abyssinian,cat,0.5,0.1272,abyssinian,True,cat,True,correct
Abyssinian_191,abyssinian,cat,0.6,0.1574,abyssinian,True,cat,True,correct
Abyssinian_191,abyssinian,cat,0.7,0.16,abyssinian,True,cat,True,correct
Abyssinian_191,abyssinian,cat,0.8,0.1832,egyptian_mau,False,cat,True,within_superclass
Abyssinian_191,abyssinian,cat,0.9,0.1966,egyptian_mau,False,cat,True,within_superclass
Abyssinian_191,abyssinian,cat,1.0,0.1931,egyptian_mau,False,cat,True,within_superclass
Russian_Blue_117,russian_blue,cat,0.0,0.0,russian_blue,True,cat,True,correct
Russian_Blue_117,russian_blue,cat,0.1,0.0272,russian_blue,True,cat,True,correct
Russian_Blue_117,russian_blue,cat,0.2,0.0639,russian_blue,True,cat,True,correct
Russian_Blue_117,russian_blue,cat,0.3,0.0716,russian_blue,True,cat,True,correct
Russian_Blue_117,russian_blue,cat,0.4,0.0978,russian_blue,True,cat,True,correct
Russian_Blue_117,russian_blue,cat,0.5,0.0941,russian_blue,True,cat,True,correct
Russian_Blue_117,russian_blue,cat,0.6,0.1596,russian_blue,True,cat,True,correct
Russian_Blue_117,russian_blue,cat,0.7,0.133,russian_blue,True,cat,True,correct
Russian_Blue_117,russian_blue,cat,0.8,0.1646,russian_blue,True,cat,True,correct
Russian_Blue_117,russian_blue,cat,0.9,0.173,russian_blue,True,cat,True,correct
Russian_Blue_117,russian_blue,cat,1.0,0.1977,sphynx,False,cat,True,within_superclass
boxer_190,boxer,dog,0.0,0.0,boxer,True,dog,True,correct
boxer_190,boxer,dog,0.1,0.0518,boxer,True,dog,True,correct
boxer_190,boxer,dog,0.2,0.0473,boxer,True,dog,True,correct
boxer_190,boxer,dog,0.3,0.055,boxer,True,dog,True,correct
boxer_190,boxer,dog,0.4,0.0614,boxer,True,dog,True,correct
boxer_190,boxer,dog,0.5,0.0797,boxer,True,dog,True,correct
boxer_190,boxer,dog,0.6,0.0936,boxer,True,dog,True,correct
boxer_190,boxer,dog,0.7,0.1166,boxer,True,dog,True,correct
boxer_190,boxer,dog,0.8,0.1034,boxer,True,dog,True,correct
boxer_190,boxer,dog,0.9,0.1038,boxer,True,dog,True,correct
boxer_190,boxer,dog,1.0,0.1294,boxer,True,dog,True,correct
american_bulldog_102,american_bulldog,dog,0.0,0.0,staffordshire_bull_terrier,False,dog,True,within_superclass
american_bulldog_102,american_bulldog,dog,0.1,0.0196,staffordshire_bull_terrier,False,dog,True,within_superclass
american_bulldog_102,american_bulldog,dog,0.2,0.0265,staffordshire_bull_terrier,False,dog,True,within_superclass
american_bulldog_102,american_bulldog,dog,0.3,0.0332,staffordshire_bull_terrier,False,dog,True,within_superclass
american_bulldog_102,american_bulldog,dog,0.4,0.0381,staffordshire_bull_terrier,False,dog,True,within_superclass
american_bulldog_102,american_bulldog,dog,0.5,0.044,staffordshire_bull_terrier,False,dog,True,within_superclass
american_bulldog_102,american_bulldog,dog,0.6,0.0513,staffordshire_bull_terrier,False,dog,True,within_superclass
american_bulldog_102,american_bulldog,dog,0.7,0.0743,staffordshire_bull_terrier,False,dog,True,within_superclass
american_bulldog_102,american_bulldog,dog,0.8,0.0846,staffordshire_bull_terrier,False,dog,True,within_superclass
american_bulldog_102,american_bulldog,dog,0.9,0.1033,staffordshire_bull_terrier,False,dog,True,within_superclass
american_bulldog_102,american_bulldog,dog,1.0,0.0959,staffordshire_bull_terrier,False,dog,True,within_superclass
shiba_inu_186,shiba_inu,dog,0.0,0.0,shiba_inu,True,dog,True,correct
shiba_inu_186,shiba_inu,dog,0.1,0.0191,shiba_inu,True,dog,True,correct
shiba_inu_186,shiba_inu,dog,0.2,0.0168,shiba_inu,True,dog,True,correct
shiba_inu_186,shiba_inu,dog,0.3,0.0233,shiba_inu,True,dog,True,correct
shiba_inu_186,shiba_inu,dog,0.4,0.0284,shiba_inu,True,dog,True,correct
shiba_inu_186,shiba_inu,dog,0.5,0.0339,shiba_inu,True,dog,True,correct
shiba_inu_186,shiba_inu,dog,0.6,0.0446,shiba_inu,True,dog,True,correct
shiba_inu_186,shiba_inu,dog,0.7,0.059,shiba_inu,True,dog,True,correct
shiba_inu_186,shiba_inu,dog,0.8,0.0667,shiba_inu,True,dog,True,correct
shiba_inu_186,shiba_inu,dog,0.9,0.0767,shiba_inu,True,dog,True,correct
shiba_inu_186,shiba_inu,dog,1.0,0.0712,shiba_inu,True,dog,True,correct
Siamese_184,siamese,cat,0.0,0.0,siamese,True,cat,True,correct
Siamese_184,siamese,cat,0.1,0.0294,siamese,True,cat,True,correct
Siamese_184,siamese,cat,0.2,0.0359,siamese,True,cat,True,correct
Siamese_184,siamese,cat,0.3,0.0361,siamese,True,cat,True,correct
Siamese_184,siamese,cat,0.4,0.0582,siamese,True,cat,True,correct
Siamese_184,siamese,cat,0.5,0.0498,siamese,True,cat,True,correct
Siamese_184,siamese,cat,0.6,0.0564,siamese,True,cat,True,correct
Siamese_184,siamese,cat,0.7,0.0677,siamese,True,cat,True,correct
Siamese_184,siamese,cat,0.8,0.0616,siamese,True,cat,True,correct
Siamese_184,siamese,cat,0.9,0.0888,siamese,True,cat,True,correct
Siamese_184,siamese,cat,1.0,0.1069,siamese,True,cat,True,correct
pomeranian_168,pomeranian,dog,0.0,0.0,pomeranian,True,dog,True,correct
pomeranian_168,pomeranian,dog,0.1,0.0752,pomeranian,True,dog,True,correct
pomeranian_168,pomeranian,dog,0.2,0.1033,pomeranian,True,dog,True,correct
pomeranian_168,pomeranian,dog,0.3,0.0949,pomeranian,True,dog,True,correct
pomeranian_168,pomeranian,dog,0.4,0.1668,pomeranian,True,dog,True,correct
pomeranian_168,pomeranian,dog,0.5,0.1392,pomeranian,True,dog,True,correct
pomeranian_168,pomeranian,dog,0.6,0.1342,pomeranian,True,dog,True,correct
pomeranian_168,pomeranian,dog,0.7,0.16,pomeranian,True,dog,True,correct
pomeranian_168,pomeranian,dog,0.8,0.2173,pomeranian,True,dog,True,correct
pomeranian_168,pomeranian,dog,0.9,0.1876,pomeranian,True,dog,True,correct
pomeranian_168,pomeranian,dog,1.0,0.197,pomeranian,True,dog,True,correct
pomeranian_119,pomeranian,dog,0.0,0.0,pomeranian,True,dog,True,correct
pomeranian_119,pomeranian,dog,0.1,0.062,pomeranian,True,dog,True,correct
pomeranian_119,pomeranian,dog,0.2,0.0719,pomeranian,True,dog,True,correct
pomeranian_119,pomeranian,dog,0.3,0.1044,pomeranian,True,dog,True,correct
pomeranian_119,pomeranian,dog,0.4,0.1058,pomeranian,True,dog,True,correct
pomeranian_119,pomeranian,dog,0.5,0.112,pomeranian,True,dog,True,correct
pomeranian_119,pomeranian,dog,0.6,0.1313,pomeranian,True,dog,True,correct
pomeranian_119,pomeranian,dog,0.7,0.1251,pomeranian,True,dog,True,correct
pomeranian_119,pomeranian,dog,0.8,0.1699,pomeranian,True,dog,True,correct
pomeranian_119,pomeranian,dog,0.9,0.1812,pomeranian,True,dog,True,correct
pomeranian_119,pomeranian,dog,1.0,0.1821,pomeranian,True,dog,True,correct
scottish_terrier_133,scottish_terrier,dog,0.0,0.0,havanese,False,dog,True,within_superclass
scottish_terrier_133,scottish_terrier,dog,0.1,0.0221,yorkshire_terrier,False,dog,True,within_superclass
scottish_terrier_133,scottish_terrier,dog,0.2,0.0401,yorkshire_terrier,False,dog,True,within_superclass
scottish_terrier_133,scottish_terrier,dog,0.3,0.0465,yorkshire_terrier,False,dog,True,within_superclass
scottish_terrier_133,scottish_terrier,dog,0.4,0.058,yorkshire_terrier,False,dog,True,within_superclass
scottish_terrier_133,scottish_terrier,dog,0.5,0.0699,yorkshire_terrier,False,dog,True,within_superclass
scottish_terrier_133,scottish_terrier,dog,0.6,0.073,yorkshire_terrier,False,dog,True,within_superclass
scottish_terrier_133,scottish_terrier,dog,0.7,0.0715,yorkshire_terrier,False,dog,True,within_superclass
scottish_terrier_133,scottish_terrier,dog,0.8,0.0843,yorkshire_terrier,False,dog,True,within_superclass
scottish_terrier_133,scottish_terrier,dog,0.9,0.0903,yorkshire_terrier,False,dog,True,within_superclass
scottish_terrier_133,scottish_terrier,dog,1.0,0.0886,yorkshire_terrier,False,dog,True,within_superclass
Abyssinian_105,abyssinian,cat,0.0,0.0,abyssinian,True,cat,True,correct
Abyssinian_105,abyssinian,cat,0.1,0.047,abyssinian,True,cat,True,correct
Abyssinian_105,abyssinian,cat,0.2,0.1027,abyssinian,True,cat,True,correct
Abyssinian_105,abyssinian,cat,0.3,0.1151,abyssinian,True,cat,True,correct
Abyssinian_105,abyssinian,cat,0.4,0.1137,abyssinian,True,cat,True,correct
Abyssinian_105,abyssinian,cat,0.5,0.1344,abyssinian,True,cat,True,correct
Abyssinian_105,abyssinian,cat,0.6,0.1317,abyssinian,True,cat,True,correct
Abyssinian_105,abyssinian,cat,0.7,0.114,abyssinian,True,cat,True,correct
Abyssinian_105,abyssinian,cat,0.8,0.1295,abyssinian,True,cat,True,correct
Abyssinian_105,abyssinian,cat,0.9,0.1377,abyssinian,True,cat,True,correct
Abyssinian_105,abyssinian,cat,1.0,0.1252,abyssinian,True,cat,True,correct
scottish_terrier_169,scottish_terrier,dog,0.0,0.0,scottish_terrier,True,dog,True,correct
scottish_terrier_169,scottish_terrier,dog,0.1,0.0247,scottish_terrier,True,dog,True,correct
scottish_terrier_169,scottish_terrier,dog,0.2,0.0312,scottish_terrier,True,dog,True,correct
scottish_terrier_169,scottish_terrier,dog,0.3,0.0355,scottish_terrier,True,dog,True,correct
scottish_terrier_169,scottish_terrier,dog,0.4,0.0299,scottish_terrier,True,dog,True,correct
scottish_terrier_169,scottish_terrier,dog,0.5,0.0452,scottish_terrier,True,dog,True,correct
scottish_terrier_169,scottish_terrier,dog,0.6,0.046,scottish_terrier,True,dog,True,correct
scottish_terrier_169,scottish_terrier,dog,0.7,0.0593,scottish_terrier,True,dog,True,correct
scottish_terrier_169,scottish_terrier,dog,0.8,0.0782,scottish_terrier,True,dog,True,correct
scottish_terrier_169,scottish_terrier,dog,0.9,0.0782,scottish_terrier,True,dog,True,correct
scottish_terrier_169,scottish_terrier,dog,1.0,0.088,scottish_terrier,True,dog,True,correct
boxer_162,boxer,dog,0.0,0.0,boxer,True,dog,True,correct
boxer_162,boxer,dog,0.1,0.0147,boxer,True,dog,True,correct
boxer_162,boxer,dog,0.2,0.0353,boxer,True,dog,True,correct
boxer_162,boxer,dog,0.3,0.0403,boxer,True,dog,True,correct
boxer_162,boxer,dog,0.4,0.0603,staffordshire_bull_terrier,False,dog,True,within_superclass
boxer_162,boxer,dog,0.5,0.0604,staffordshire_bull_terrier,False,dog,True,within_superclass
boxer_162,boxer,dog,0.6,0.0799,miniature_pinscher,False,dog,True,within_superclass
boxer_162,boxer,dog,0.7,0.0794,staffordshire_bull_terrier,False,dog,True,within_superclass
boxer_162,boxer,dog,0.8,0.0896,miniature_pinscher,False,dog,True,within_superclass
boxer_162,boxer,dog,0.9,0.1175,staffordshire_bull_terrier,False,dog,True,within_superclass
boxer_162,boxer,dog,1.0,0.1401,staffordshire_bull_terrier,False,dog,True,within_superclass
american_bulldog_113,american_bulldog,dog,0.0,0.0,american_bulldog,True,dog,True,correct
american_bulldog_113,american_bulldog,dog,0.1,0.0463,american_bulldog,True,dog,True,correct
american_bulldog_113,american_bulldog,dog,0.2,0.1053,american_pit_bull_terrier,False,dog,True,within_superclass
american_bulldog_113,american_bulldog,dog,0.3,0.1212,american_pit_bull_terrier,False,dog,True,within_superclass
american_bulldog_113,american_bulldog,dog,0.4,0.1418,american_pit_bull_terrier,False,dog,True,within_superclass
american_bulldog_113,american_bulldog,dog,0.5,0.1525,american_pit_bull_terrier,False,dog,True,within_superclass
american_bulldog_113,american_bulldog,dog,0.6,0.1603,american_pit_bull_terrier,False,dog,True,within_superclass
american_bulldog_113,american_bulldog,dog,0.7,0.1695,american_pit_bull_terrier,False,dog,True,within_superclass
american_bulldog_113,american_bulldog,dog,0.8,0.1621,american_pit_bull_terrier,False,dog,True,within_superclass
american_bulldog_113,american_bulldog,dog,0.9,0.1665,american_pit_bull_terrier,False,dog,True,within_superclass
american_bulldog_113,american_bulldog,dog,1.0,0.1683,american_pit_bull_terrier,False,dog,True,within_superclass
samoyed_120,samoyed,dog,0.0,0.0,samoyed,True,dog,True,correct
samoyed_120,samoyed,dog,0.1,0.0144,samoyed,True,dog,True,correct
samoyed_120,samoyed,dog,0.2,0.0195,samoyed,True,dog,True,correct
samoyed_120,samoyed,dog,0.3,0.0253,samoyed,True,dog,True,correct
samoyed_120,samoyed,dog,0.4,0.0317,samoyed,True,dog,True,correct
samoyed_120,samoyed,dog,0.5,0.0343,samoyed,True,dog,True,correct
samoyed_120,samoyed,dog,0.6,0.05,samoyed,True,dog,True,correct
samoyed_120,samoyed,dog,0.7,0.0691,samoyed,True,dog,True,correct
samoyed_120,samoyed,dog,0.8,0.0733,samoyed,True,dog,True,correct
samoyed_120,samoyed,dog,0.9,0.1022,samoyed,True,dog,True,correct
samoyed_120,samoyed,dog,1.0,0.0849,samoyed,True,dog,True,correct
Maine_Coon_105,maine_coon,cat,0.0,0.0,maine_coon,True,cat,True,correct
Maine_Coon_105,maine_coon,cat,0.1,0.0228,maine_coon,True,cat,True,correct
Maine_Coon_105,maine_coon,cat,0.2,0.0294,maine_coon,True,cat,True,correct
Maine_Coon_105,maine_coon,cat,0.3,0.0438,maine_coon,True,cat,True,correct
Maine_Coon_105,maine_coon,cat,0.4,0.0397,maine_coon,True,cat,True,correct
Maine_Coon_105,maine_coon,cat,0.5,0.0515,maine_coon,True,cat,True,correct
Maine_Coon_105,maine_coon,cat,0.6,0.0928,maine_coon,True,cat,True,correct
Maine_Coon_105,maine_coon,cat,0.7,0.0814,maine_coon,True,cat,True,correct
Maine_Coon_105,maine_coon,cat,0.8,0.0819,maine_coon,True,cat,True,correct
Maine_Coon_105,maine_coon,cat,0.9,0.1078,maine_coon,True,cat,True,correct
Maine_Coon_105,maine_coon,cat,1.0,0.1145,maine_coon,True,cat,True,correct
Abyssinian_134,abyssinian,cat,0.0,0.0,abyssinian,True,cat,True,correct
Abyssinian_134,abyssinian,cat,0.1,0.0271,abyssinian,True,cat,True,correct
Abyssinian_134,abyssinian,cat,0.2,0.0438,abyssinian,True,cat,True,correct
Abyssinian_134,abyssinian,cat,0.3,0.0349,abyssinian,True,cat,True,correct
Abyssinian_134,abyssinian,cat,0.4,0.0479,abyssinian,True,cat,True,correct
Abyssinian_134,abyssinian,cat,0.5,0.0678,abyssinian,True,cat,True,correct
Abyssinian_134,abyssinian,cat,0.6,0.0671,abyssinian,True,cat,True,correct
Abyssinian_134,abyssinian,cat,0.7,0.0805,abyssinian,True,cat,True,correct
Abyssinian_134,abyssinian,cat,0.8,0.106,abyssinian,True,cat,True,correct
Abyssinian_134,abyssinian,cat,0.9,0.1415,abyssinian,True,cat,True,correct
Abyssinian_134,abyssinian,cat,1.0,0.1047,abyssinian,True,cat,True,correct
japanese_chin_162,japanese_chin,dog,0.0,0.0,japanese_chin,True,dog,True,correct
japanese_chin_162,japanese_chin,dog,0.1,0.0422,chihuahua,False,dog,True,within_superclass
japanese_chin_162,japanese_chin,dog,0.2,0.0433,chihuahua,False,dog,True,within_superclass
japanese_chin_162,japanese_chin,dog,0.3,0.0814,chihuahua,False,dog,True,within_superclass
japanese_chin_162,japanese_chin,dog,0.4,0.0887,chihuahua,False,dog,True,within_superclass
japanese_chin_162,japanese_chin,dog,0.5,0.0985,chihuahua,False,dog,True,within_superclass
japanese_chin_162,japanese_chin,dog,0.6,0.1227,chihuahua,False,dog,True,within_superclass
japanese_chin_162,japanese_chin,dog,0.7,0.1152,chihuahua,False,dog,True,within_superclass
japanese_chin_162,japanese_chin,dog,0.8,0.152,chihuahua,False,dog,True,within_superclass
japanese_chin_162,japanese_chin,dog,0.9,0.1512,chihuahua,False,dog,True,within_superclass
japanese_chin_162,japanese_chin,dog,1.0,0.2002,chihuahua,False,dog,True,within_superclass
Russian_Blue_183,russian_blue,cat,0.0,0.0,russian_blue,True,cat,True,correct
Russian_Blue_183,russian_blue,cat,0.1,0.0278,russian_blue,True,cat,True,correct
Russian_Blue_183,russian_blue,cat,0.2,0.0471,russian_blue,True,cat,True,correct
Russian_Blue_183,russian_blue,cat,0.3,0.0543,russian_blue,True,cat,True,correct
Russian_Blue_183,russian_blue,cat,0.4,0.0848,british_shorthair,False,cat,True,within_superclass
Russian_Blue_183,russian_blue,cat,0.5,0.0844,british_shorthair,False,cat,True,within_superclass
Russian_Blue_183,russian_blue,cat,0.6,0.1218,british_shorthair,False,cat,True,within_superclass
Russian_Blue_183,russian_blue,cat,0.7,0.1195,british_shorthair,False,cat,True,within_superclass
Russian_Blue_183,russian_blue,cat,0.8,0.1272,british_shorthair,False,cat,True,within_superclass
Russian_Blue_183,russian_blue,cat,0.9,0.1444,british_shorthair,False,cat,True,within_superclass
Russian_Blue_183,russian_blue,cat,1.0,0.1494,british_shorthair,False,cat,True,within_superclass
Persian_114,persian,cat,0.0,0.0,persian,True,cat,True,correct
Persian_114,persian,cat,0.1,0.0339,persian,True,cat,True,correct
Persian_114,persian,cat,0.2,0.0507,persian,True,cat,True,correct
Persian_114,persian,cat,0.3,0.0682,persian,True,cat,True,correct
Persian_114,persian,cat,0.4,0.0574,persian,True,cat,True,correct
Persian_114,persian,cat,0.5,0.0842,persian,True,cat,True,correct
Persian_114,persian,cat,0.6,0.0927,persian,True,cat,True,correct
Persian_114,persian,cat,0.7,0.1086,persian,True,cat,True,correct
Persian_114,persian,cat,0.8,0.1098,persian,True,cat,True,correct
Persian_114,persian,cat,0.9,0.1159,persian,True,cat,True,correct
Persian_114,persian,cat,1.0,0.1128,persian,True,cat,True,correct
miniature_pinscher_105,miniature_pinscher,dog,0.0,0.0,miniature_pinscher,True,dog,True,correct
miniature_pinscher_105,miniature_pinscher,dog,0.1,0.1606,miniature_pinscher,True,dog,True,correct
miniature_pinscher_105,miniature_pinscher,dog,0.2,0.13,miniature_pinscher,True,dog,True,correct
miniature_pinscher_105,miniature_pinscher,dog,0.3,0.1213,miniature_pinscher,True,dog,True,correct
miniature_pinscher_105,miniature_pinscher,dog,0.4,0.1187,miniature_pinscher,True,dog,True,correct
miniature_pinscher_105,miniature_pinscher,dog,0.5,0.1499,miniature_pinscher,True,dog,True,correct
miniature_pinscher_105,miniature_pinscher,dog,0.6,0.1398,miniature_pinscher,True,dog,True,correct
miniature_pinscher_105,miniature_pinscher,dog,0.7,0.131,miniature_pinscher,True,dog,True,correct
miniature_pinscher_105,miniature_pinscher,dog,0.8,0.1438,miniature_pinscher,True,dog,True,correct
miniature_pinscher_105,miniature_pinscher,dog,0.9,0.1444,miniature_pinscher,True,dog,True,correct
miniature_pinscher_105,miniature_pinscher,dog,1.0,0.1482,miniature_pinscher,True,dog,True,correct
havanese_132,havanese,dog,0.0,0.0,havanese,True,dog,True,correct
havanese_132,havanese,dog,0.1,0.0389,havanese,True,dog,True,correct
havanese_132,havanese,dog,0.2,0.0331,havanese,True,dog,True,correct
havanese_132,havanese,dog,0.3,0.052,havanese,True,dog,True,correct
havanese_132,havanese,dog,0.4,0.0607,havanese,True,dog,True,correct
havanese_132,havanese,dog,0.5,0.0783,havanese,True,dog,True,correct
havanese_132,havanese,dog,0.6,0.0755,havanese,True,dog,True,correct
havanese_132,havanese,dog,0.7,0.0932,havanese,True,dog,True,correct
havanese_132,havanese,dog,0.8,0.0953,havanese,True,dog,True,correct
havanese_132,havanese,dog,0.9,0.1123,yorkshire_terrier,False,dog,True,within_superclass
havanese_132,havanese,dog,1.0,0.1247,havanese,True,dog,True,correct
chihuahua_189,chihuahua,dog,0.0,0.0,chihuahua,True,dog,True,correct
chihuahua_189,chihuahua,dog,0.1,0.0632,chihuahua,True,dog,True,correct
chihuahua_189,chihuahua,dog,0.2,0.0679,chihuahua,True,dog,True,correct
chihuahua_189,chihuahua,dog,0.3,0.0794,chihuahua,True,dog,True,correct
chihuahua_189,chihuahua,dog,0.4,0.063,chihuahua,True,dog,True,correct
chihuahua_189,chihuahua,dog,0.5,0.0751,chihuahua,True,dog,True,correct
chihuahua_189,chihuahua,dog,0.6,0.0737,chihuahua,True,dog,True,correct
chihuahua_189,chihuahua,dog,0.7,0.0855,chihuahua,True,dog,True,correct
chihuahua_189,chihuahua,dog,0.8,0.0659,chihuahua,True,dog,True,correct
chihuahua_189,chihuahua,dog,0.9,0.0806,chihuahua,True,dog,True,correct
chihuahua_189,chihuahua,dog,1.0,0.0971,chihuahua,True,dog,True,correct
yorkshire_terrier_103,yorkshire_terrier,dog,0.0,0.0,yorkshire_terrier,True,dog,True,correct
yorkshire_terrier_103,yorkshire_terrier,dog,0.1,0.0464,yorkshire_terrier,True,dog,True,correct
yorkshire_terrier_103,yorkshire_terrier,dog,0.2,0.0252,yorkshire_terrier,True,dog,True,correct
yorkshire_terrier_103,yorkshire_terrier,dog,0.3,0.0356,yorkshire_terrier,True,dog,True,correct
yorkshire_terrier_103,yorkshire_terrier,dog,0.4,0.0404,yorkshire_terrier,True,dog,True,correct
yorkshire_terrier_103,yorkshire_terrier,dog,0.5,0.0514,yorkshire_terrier,True,dog,True,correct
yorkshire_terrier_103,yorkshire_terrier,dog,0.6,0.0474,yorkshire_terrier,True,dog,True,correct
yorkshire_terrier_103,yorkshire_terrier,dog,0.7,0.0594,yorkshire_terrier,True,dog,True,correct
yorkshire_terrier_103,yorkshire_terrier,dog,0.8,0.0638,yorkshire_terrier,True,dog,True,correct
yorkshire_terrier_103,yorkshire_terrier,dog,0.9,0.0683,yorkshire_terrier,True,dog,True,correct
yorkshire_terrier_103,yorkshire_terrier,dog,1.0,0.0787,yorkshire_terrier,True,dog,True,correct
newfoundland_174,newfoundland,dog,0.0,0.0,english_cocker_spaniel,False,dog,True,within_superclass
newfoundland_174,newfoundland,dog,0.1,0.0178,newfoundland,True,dog,True,correct
newfoundland_174,newfoundland,dog,0.2,0.0231,newfoundland,True,dog,True,correct
newfoundland_174,newfoundland,dog,0.3,0.0311,newfoundland,True,dog,True,correct
newfoundland_174,newfoundland,dog,0.4,0.0421,newfoundland,True,dog,True,correct
newfoundland_174,newfoundland,dog,0.5,0.0948,newfoundland,True,dog,True,correct
newfoundland_174,newfoundland,dog,0.6,0.0841,german_shorthaired,False,dog,True,within_superclass
newfoundland_174,newfoundland,dog,0.7,0.0776,english_cocker_spaniel,False,dog,True,within_superclass
newfoundland_174,newfoundland,dog,0.8,0.1223,english_cocker_spaniel,False,dog,True,within_superclass
newfoundland_174,newfoundland,dog,0.9,0.0859,english_cocker_spaniel,False,dog,True,within_superclass
newfoundland_174,newfoundland,dog,1.0,0.1133,english_cocker_spaniel,False,dog,True,within_superclass
japanese_chin_183,japanese_chin,dog,0.0,0.0,japanese_chin,True,dog,True,correct
japanese_chin_183,japanese_chin,dog,0.1,0.0212,japanese_chin,True,dog,True,correct
japanese_chin_183,japanese_chin,dog,0.2,0.0176,japanese_chin,True,dog,True,correct
japanese_chin_183,japanese_chin,dog,0.3,0.023,japanese_chin,True,dog,True,correct
japanese_chin_183,japanese_chin,dog,0.4,0.0399,japanese_chin,True,dog,True,correct
japanese_chin_183,japanese_chin,dog,0.5,0.0472,japanese_chin,True,dog,True,correct
japanese_chin_183,japanese_chin,dog,0.6,0.0552,japanese_chin,True,dog,True,correct
japanese_chin_183,japanese_chin,dog,0.7,0.0629,japanese_chin,True,dog,True,correct
japanese_chin_183,japanese_chin,dog,0.8,0.0539,japanese_chin,True,dog,True,correct
japanese_chin_183,japanese_chin,dog,0.9,0.0637,japanese_chin,True,dog,True,correct
japanese_chin_183,japanese_chin,dog,1.0,0.0586,japanese_chin,True,dog,True,correct
staffordshire_bull_terrier_199,staffordshire_bull_terrier,dog,0.0,0.0,staffordshire_bull_terrier,True,dog,True,correct
staffordshire_bull_terrier_199,staffordshire_bull_terrier,dog,0.1,0.0511,staffordshire_bull_terrier,True,dog,True,correct
staffordshire_bull_terrier_199,staffordshire_bull_terrier,dog,0.2,0.0318,staffordshire_bull_terrier,True,dog,True,correct
staffordshire_bull_terrier_199,staffordshire_bull_terrier,dog,0.3,0.0443,staffordshire_bull_terrier,True,dog,True,correct
staffordshire_bull_terrier_199,staffordshire_bull_terrier,dog,0.4,0.0695,staffordshire_bull_terrier,True,dog,True,correct
staffordshire_bull_terrier_199,staffordshire_bull_terrier,dog,0.5,0.0798,staffordshire_bull_terrier,True,dog,True,correct
staffordshire_bull_terrier_199,staffordshire_bull_terrier,dog,0.6,0.0812,staffordshire_bull_terrier,True,dog,True,correct
staffordshire_bull_terrier_199,staffordshire_bull_terrier,dog,0.7,0.1476,staffordshire_bull_terrier,True,dog,True,correct
staffordshire_bull_terrier_199,staffordshire_bull_terrier,dog,0.8,0.135,staffordshire_bull_terrier,True,dog,True,correct
staffordshire_bull_terrier_199,staffordshire_bull_terrier,dog,0.9,0.1504,staffordshire_bull_terrier,True,dog,True,correct
staffordshire_bull_terrier_199,staffordshire_bull_terrier,dog,1.0,0.1594,staffordshire_bull_terrier,True,dog,True,correct
pug_171,pug,dog,0.0,0.0,pug,True,dog,True,correct
pug_171,pug,dog,0.1,0.0902,pug,True,dog,True,correct
pug_171,pug,dog,0.2,0.1155,pug,True,dog,True,correct
pug_171,pug,dog,0.3,0.1384,pug,True,dog,True,correct
pug_171,pug,dog,0.4,0.1508,pug,True,dog,True,correct
pug_171,pug,dog,0.5,0.1639,pug,True,dog,True,correct
pug_171,pug,dog,0.6,0.1691,pug,True,dog,True,correct
pug_171,pug,dog,0.7,0.1592,pug,True,dog,True,correct
pug_171,pug,dog,0.8,0.1876,pug,True,dog,True,correct
pug_171,pug,dog,0.9,0.1693,pug,True,dog,True,correct
pug_171,pug,dog,1.0,0.1976,pug,True,dog,True,correct
miniature_pinscher_168,miniature_pinscher,dog,0.0,0.0,miniature_pinscher,True,dog,True,correct
miniature_pinscher_168,miniature_pinscher,dog,0.1,0.0859,miniature_pinscher,True,dog,True,correct
miniature_pinscher_168,miniature_pinscher,dog,0.2,0.1083,miniature_pinscher,True,dog,True,correct
miniature_pinscher_168,miniature_pinscher,dog,0.3,0.1013,miniature_pinscher,True,dog,True,correct
miniature_pinscher_168,miniature_pinscher,dog,0.4,0.1149,miniature_pinscher,True,dog,True,correct
miniature_pinscher_168,miniature_pinscher,dog,0.5,0.1211,miniature_pinscher,True,dog,True,correct
miniature_pinscher_168,miniature_pinscher,dog,0.6,0.1334,miniature_pinscher,True,dog,True,correct
miniature_pinscher_168,miniature_pinscher,dog,0.7,0.1153,miniature_pinscher,True,dog,True,correct
miniature_pinscher_168,miniature_pinscher,dog,0.8,0.1276,miniature_pinscher,True,dog,True,correct
miniature_pinscher_168,miniature_pinscher,dog,0.9,0.1424,miniature_pinscher,True,dog,True,correct
miniature_pinscher_168,miniature_pinscher,dog,1.0,0.1394,miniature_pinscher,True,dog,True,correct
Bombay_185,bombay,cat,0.0,0.0,siamese,False,cat,True,within_superclass
Bombay_185,bombay,cat,0.1,0.0687,siamese,False,cat,True,within_superclass
Bombay_185,bombay,cat,0.2,0.0751,siamese,False,cat,True,within_superclass
Bombay_185,bombay,cat,0.3,0.084,british_shorthair,False,cat,True,within_superclass
Bombay_185,bombay,cat,0.4,0.1005,siamese,False,cat,True,within_superclass
Bombay_185,bombay,cat,0.5,0.0847,siamese,False,cat,True,within_superclass
Bombay_185,bombay,cat,0.6,0.0847,siamese,False,cat,True,within_superclass
Bombay_185,bombay,cat,0.7,0.0946,british_shorthair,False,cat,True,within_superclass
Bombay_185,bombay,cat,0.8,0.0863,british_shorthair,False,cat,True,within_superclass
Bombay_185,bombay,cat,0.9,0.093,british_shorthair,False,cat,True,within_superclass
Bombay_185,bombay,cat,1.0,0.1005,persian,False,cat,True,within_superclass
pug_187,pug,dog,0.0,0.0,pug,True,dog,True,correct
pug_187,pug,dog,0.1,0.0509,pug,True,dog,True,correct
pug_187,pug,dog,0.2,0.0687,pug,True,dog,True,correct
pug_187,pug,dog,0.3,0.065,pug,True,dog,True,correct
pug_187,pug,dog,0.4,0.1168,pug,True,dog,True,correct
pug_187,pug,dog,0.5,0.1051,pug,True,dog,True,correct
pug_187,pug,dog,0.6,0.1193,pug,True,dog,True,correct
pug_187,pug,dog,0.7,0.1199,pug,True,dog,True,correct
pug_187,pug,dog,0.8,0.119,pug,True,dog,True,correct
pug_187,pug,dog,0.9,0.1592,pug,True,dog,True,correct
pug_187,pug,dog,1.0,0.1467,pug,True,dog,True,correct
pug_150,pug,dog,0.0,0.0,pug,True,dog,True,correct
pug_150,pug,dog,0.1,0.0438,pug,True,dog,True,correct
pug_150,pug,dog,0.2,0.0539,pug,True,dog,True,correct
pug_150,pug,dog,0.3,0.0623,pug,True,dog,True,correct
pug_150,pug,dog,0.4,0.0743,pug,True,dog,True,correct
pug_150,pug,dog,0.5,0.0793,pug,True,dog,True,correct
pug_150,pug,dog,0.6,0.0806,pug,True,dog,True,correct
pug_150,pug,dog,0.7,0.092,pug,True,dog,True,correct
pug_150,pug,dog,0.8,0.1051,pug,True,dog,True,correct
pug_150,pug,dog,0.9,0.1141,pug,True,dog,True,correct
pug_150,pug,dog,1.0,0.1279,pug,True,dog,True,correct
pug_139,pug,dog,0.0,0.0,pug,True,dog,True,correct
pug_139,pug,dog,0.1,0.0411,pug,True,dog,True,correct
pug_139,pug,dog,0.2,0.0597,pug,True,dog,True,correct
pug_139,pug,dog,0.3,0.0517,pug,True,dog,True,correct
pug_139,pug,dog,0.4,0.0602,pug,True,dog,True,correct
pug_139,pug,dog,0.5,0.0762,pug,True,dog,True,correct
pug_139,pug,dog,0.6,0.0733,pug,True,dog,True,correct
pug_139,pug,dog,0.7,0.0709,pug,True,dog,True,correct
pug_139,pug,dog,0.8,0.1147,pug,True,dog,True,correct
pug_139,pug,dog,0.9,0.1075,pug,True,dog,True,correct
pug_139,pug,dog,1.0,0.1163,pug,True,dog,True,correct
staffordshire_bull_terrier_122,staffordshire_bull_terrier,dog,0.0,0.0,staffordshire_bull_terrier,True,dog,True,correct
staffordshire_bull_terrier_122,staffordshire_bull_terrier,dog,0.1,0.0246,staffordshire_bull_terrier,True,dog,True,correct
staffordshire_bull_terrier_122,staffordshire_bull_terrier,dog,0.2,0.0187,staffordshire_bull_terrier,True,dog,True,correct
staffordshire_bull_terrier_122,staffordshire_bull_terrier,dog,0.3,0.0244,staffordshire_bull_terrier,True,dog,True,correct
staffordshire_bull_terrier_122,staffordshire_bull_terrier,dog,0.4,0.0381,staffordshire_bull_terrier,True,dog,True,correct
staffordshire_bull_terrier_122,staffordshire_bull_terrier,dog,0.5,0.0464,staffordshire_bull_terrier,True,dog,True,correct
staffordshire_bull_terrier_122,staffordshire_bull_terrier,dog,0.6,0.0503,staffordshire_bull_terrier,True,dog,True,correct
staffordshire_bull_terrier_122,staffordshire_bull_terrier,dog,0.7,0.0501,staffordshire_bull_terrier,True,dog,True,correct
staffordshire_bull_terrier_122,staffordshire_bull_terrier,dog,0.8,0.0592,staffordshire_bull_terrier,True,dog,True,correct
staffordshire_bull_terrier_122,staffordshire_bull_terrier,dog,0.9,0.0627,staffordshire_bull_terrier,True,dog,True,correct
staffordshire_bull_terrier_122,staffordshire_bull_terrier,dog,1.0,0.0728,staffordshire_bull_terrier,True,dog,True,correct
scottish_terrier_104,scottish_terrier,dog,0.0,0.0,scottish_terrier,True,dog,True,correct
scottish_terrier_104,scottish_terrier,dog,0.1,0.0156,scottish_terrier,True,dog,True,correct
scottish_terrier_104,scottish_terrier,dog,0.2,0.0241,scottish_terrier,True,dog,True,correct
scottish_terrier_104,scottish_terrier,dog,0.3,0.0303,scottish_terrier,True,dog,True,correct
scottish_terrier_104,scottish_terrier,dog,0.4,0.0337,scottish_terrier,True,dog,True,correct
scottish_terrier_104,scottish_terrier,dog,0.5,0.0519,scottish_terrier,True,dog,True,correct
scottish_terrier_104,scottish_terrier,dog,0.6,0.0593,scottish_terrier,True,dog,True,correct
scottish_terrier_104,scottish_terrier,dog,0.7,0.0603,miniature_pinscher,False,dog,True,within_superclass
scottish_terrier_104,scottish_terrier,dog,0.8,0.092,miniature_pinscher,False,dog,True,within_superclass
scottish_terrier_104,scottish_terrier,dog,0.9,0.0995,miniature_pinscher,False,dog,True,within_superclass
scottish_terrier_104,scottish_terrier,dog,1.0,0.1085,scottish_terrier,True,dog,True,correct
shiba_inu_165,shiba_inu,dog,0.0,0.0,shiba_inu,True,dog,True,correct
shiba_inu_165,shiba_inu,dog,0.1,0.0232,shiba_inu,True,dog,True,correct
shiba_inu_165,shiba_inu,dog,0.2,0.0306,shiba_inu,True,dog,True,correct
shiba_inu_165,shiba_inu,dog,0.3,0.0364,shiba_inu,True,dog,True,correct
shiba_inu_165,shiba_inu,dog,0.4,0.0566,shiba_inu,True,dog,True,correct
shiba_inu_165,shiba_inu,dog,0.5,0.0568,shiba_inu,True,dog,True,correct
shiba_inu_165,shiba_inu,dog,0.6,0.0743,shiba_inu,True,dog,True,correct
shiba_inu_165,shiba_inu,dog,0.7,0.0949,shiba_inu,True,dog,True,correct
shiba_inu_165,shiba_inu,dog,0.8,0.1001,shiba_inu,True,dog,True,correct
shiba_inu_165,shiba_inu,dog,0.9,0.1102,shiba_inu,True,dog,True,correct
shiba_inu_165,shiba_inu,dog,1.0,0.1147,shiba_inu,True,dog,True,correct
Persian_131,persian,cat,0.0,0.0,persian,True,cat,True,correct
Persian_131,persian,cat,0.1,0.0136,persian,True,cat,True,correct
Persian_131,persian,cat,0.2,0.0146,persian,True,cat,True,correct
Persian_131,persian,cat,0.3,0.0229,persian,True,cat,True,correct
Persian_131,persian,cat,0.4,0.0258,persian,True,cat,True,correct
Persian_131,persian,cat,0.5,0.0372,persian,True,cat,True,correct
Persian_131,persian,cat,0.6,0.0398,persian,True,cat,True,correct
Persian_131,persian,cat,0.7,0.0451,persian,True,cat,True,correct
Persian_131,persian,cat,0.8,0.0578,persian,True,cat,True,correct
Persian_131,persian,cat,0.9,0.0695,persian,True,cat,True,correct
Persian_131,persian,cat,1.0,0.079,persian,True,cat,True,correct
basset_hound_169,basset_hound,dog,0.0,0.0,basset_hound,True,dog,True,correct
basset_hound_169,basset_hound,dog,0.1,0.0279,basset_hound,True,dog,True,correct
basset_hound_169,basset_hound,dog,0.2,0.0445,basset_hound,True,dog,True,correct
basset_hound_169,basset_hound,dog,0.3,0.0556,basset_hound,True,dog,True,correct
basset_hound_169,basset_hound,dog,0.4,0.0596,basset_hound,True,dog,True,correct
basset_hound_169,basset_hound,dog,0.5,0.0648,basset_hound,True,dog,True,correct
basset_hound_169,basset_hound,dog,0.6,0.0716,basset_hound,True,dog,True,correct
basset_hound_169,basset_hound,dog,0.7,0.0835,basset_hound,True,dog,True,correct
basset_hound_169,basset_hound,dog,0.8,0.0812,basset_hound,True,dog,True,correct
basset_hound_169,basset_hound,dog,0.9,0.1136,basset_hound,True,dog,True,correct
basset_hound_169,basset_hound,dog,1.0,0.1247,basset_hound,True,dog,True,correct
scottish_terrier_153,scottish_terrier,dog,0.0,0.0,scottish_terrier,True,dog,True,correct
scottish_terrier_153,scottish_terrier,dog,0.1,0.0488,scottish_terrier,True,dog,True,correct
scottish_terrier_153,scottish_terrier,dog,0.2,0.0544,scottish_terrier,True,dog,True,correct
scottish_terrier_153,scottish_terrier,dog,0.3,0.0933,scottish_terrier,True,dog,True,correct
scottish_terrier_153,scottish_terrier,dog,0.4,0.0765,scottish_terrier,True,dog,True,correct
scottish_terrier_153,scottish_terrier,dog,0.5,0.1415,scottish_terrier,True,dog,True,correct
scottish_terrier_153,scottish_terrier,dog,0.6,0.1217,scottish_terrier,True,dog,True,correct
scottish_terrier_153,scottish_terrier,dog,0.7,0.0892,scottish_terrier,True,dog,True,correct
scottish_terrier_153,scottish_terrier,dog,0.8,0.1283,scottish_terrier,True,dog,True,correct
scottish_terrier_153,scottish_terrier,dog,0.9,0.1107,scottish_terrier,True,dog,True,correct
scottish_terrier_153,scottish_terrier,dog,1.0,0.1161,scottish_terrier,True,dog,True,correct
Siamese_138,siamese,cat,0.0,0.0,siamese,True,cat,True,correct
Siamese_138,siamese,cat,0.1,0.029,siamese,True,cat,True,correct
Siamese_138,siamese,cat,0.2,0.0396,siamese,True,cat,True,correct
Siamese_138,siamese,cat,0.3,0.0446,siamese,True,cat,True,correct
Siamese_138,siamese,cat,0.4,0.0738,siamese,True,cat,True,correct
Siamese_138,siamese,cat,0.5,0.0885,siamese,True,cat,True,correct
Siamese_138,siamese,cat,0.6,0.0953,siamese,True,cat,True,correct
Siamese_138,siamese,cat,0.7,0.106,siamese,True,cat,True,correct
Siamese_138,siamese,cat,0.8,0.1223,siamese,True,cat,True,correct
Siamese_138,siamese,cat,0.9,0.1571,siamese,True,cat,True,correct
Siamese_138,siamese,cat,1.0,0.1707,siamese,True,cat,True,correct
yorkshire_terrier_145,yorkshire_terrier,dog,0.0,0.0,yorkshire_terrier,True,dog,True,correct
yorkshire_terrier_145,yorkshire_terrier,dog,0.1,0.0672,yorkshire_terrier,True,dog,True,correct
yorkshire_terrier_145,yorkshire_terrier,dog,0.2,0.0854,yorkshire_terrier,True,dog,True,correct
yorkshire_terrier_145,yorkshire_terrier,dog,0.3,0.115,chihuahua,False,dog,True,within_superclass
yorkshire_terrier_145,yorkshire_terrier,dog,0.4,0.1265,miniature_pinscher,False,dog,True,within_superclass
yorkshire_terrier_145,yorkshire_terrier,dog,0.5,0.1595,miniature_pinscher,False,dog,True,within_superclass
yorkshire_terrier_145,yorkshire_terrier,dog,0.6,0.1702,chihuahua,False,dog,True,within_superclass
yorkshire_terrier_145,yorkshire_terrier,dog,0.7,0.2247,miniature_pinscher,False,dog,True,within_superclass
yorkshire_terrier_145,yorkshire_terrier,dog,0.8,0.2124,miniature_pinscher,False,dog,True,within_superclass
yorkshire_terrier_145,yorkshire_terrier,dog,0.9,0.2299,chihuahua,False,dog,True,within_superclass
yorkshire_terrier_145,yorkshire_terrier,dog,1.0,0.2438,chihuahua,False,dog,True,within_superclass
samoyed_147,samoyed,dog,0.0,0.0,pomeranian,False,dog,True,within_superclass
samoyed_147,samoyed,dog,0.1,0.0224,pomeranian,False,dog,True,within_superclass
samoyed_147,samoyed,dog,0.2,0.0242,pomeranian,False,dog,True,within_superclass
samoyed_147,samoyed,dog,0.3,0.0432,pomeranian,False,dog,True,within_superclass
samoyed_147,samoyed,dog,0.4,0.0436,pomeranian,False,dog,True,within_superclass
samoyed_147,samoyed,dog,0.5,0.0479,pomeranian,False,dog,True,within_superclass
samoyed_147,samoyed,dog,0.6,0.0793,pomeranian,False,dog,True,within_superclass
samoyed_147,samoyed,dog,0.7,0.0904,keeshond,False,dog,True,within_superclass
samoyed_147,samoyed,dog,0.8,0.1058,pomeranian,False,dog,True,within_superclass
samoyed_147,samoyed,dog,0.9,0.1037,samoyed,True,dog,True,correct
samoyed_147,samoyed,dog,1.0,0.1289,keeshond,False,dog,True,within_superclass
great_pyrenees_16,great_pyrenees,dog,0.0,0.0,samoyed,False,dog,True,within_superclass
great_pyrenees_16,great_pyrenees,dog,0.1,0.0392,samoyed,False,dog,True,within_superclass
great_pyrenees_16,great_pyrenees,dog,0.2,0.0196,samoyed,False,dog,True,within_superclass
great_pyrenees_16,great_pyrenees,dog,0.3,0.0232,samoyed,False,dog,True,within_superclass
great_pyrenees_16,great_pyrenees,dog,0.4,0.0243,samoyed,False,dog,True,within_superclass
great_pyrenees_16,great_pyrenees,dog,0.5,0.0393,samoyed,False,dog,True,within_superclass
great_pyrenees_16,great_pyrenees,dog,0.6,0.038,samoyed,False,dog,True,within_superclass
great_pyrenees_16,great_pyrenees,dog,0.7,0.0382,samoyed,False,dog,True,within_superclass
great_pyrenees_16,great_pyrenees,dog,0.8,0.0447,samoyed,False,dog,True,within_superclass
great_pyrenees_16,great_pyrenees,dog,0.9,0.0445,samoyed,False,dog,True,within_superclass
great_pyrenees_16,great_pyrenees,dog,1.0,0.0475,samoyed,False,dog,True,within_superclass
leonberger_187,leonberger,dog,0.0,0.0,leonberger,True,dog,True,correct
leonberger_187,leonberger,dog,0.1,0.0535,leonberger,True,dog,True,correct
leonberger_187,leonberger,dog,0.2,0.0421,leonberger,True,dog,True,correct
leonberger_187,leonberger,dog,0.3,0.0399,leonberger,True,dog,True,correct
leonberger_187,leonberger,dog,0.4,0.0499,leonberger,True,dog,True,correct
leonberger_187,leonberger,dog,0.5,0.0612,leonberger,True,dog,True,correct
leonberger_187,leonberger,dog,0.6,0.0558,leonberger,True,dog,True,correct
leonberger_187,leonberger,dog,0.7,0.0955,leonberger,True,dog,True,correct
leonberger_187,leonberger,dog,0.8,0.0682,leonberger,True,dog,True,correct
leonberger_187,leonberger,dog,0.9,0.0987,leonberger,True,dog,True,correct
leonberger_187,leonberger,dog,1.0,0.0958,leonberger,True,dog,True,correct
miniature_pinscher_185,miniature_pinscher,dog,0.0,0.0,miniature_pinscher,True,dog,True,correct
miniature_pinscher_185,miniature_pinscher,dog,0.1,0.0404,miniature_pinscher,True,dog,True,correct
miniature_pinscher_185,miniature_pinscher,dog,0.2,0.0417,miniature_pinscher,True,dog,True,correct
miniature_pinscher_185,miniature_pinscher,dog,0.3,0.0458,miniature_pinscher,True,dog,True,correct
miniature_pinscher_185,miniature_pinscher,dog,0.4,0.0359,miniature_pinscher,True,dog,True,correct
miniature_pinscher_185,miniature_pinscher,dog,0.5,0.0395,miniature_pinscher,True,dog,True,correct
miniature_pinscher_185,miniature_pinscher,dog,0.6,0.0549,miniature_pinscher,True,dog,True,correct
miniature_pinscher_185,miniature_pinscher,dog,0.7,0.0627,miniature_pinscher,True,dog,True,correct
miniature_pinscher_185,miniature_pinscher,dog,0.8,0.0692,miniature_pinscher,True,dog,True,correct
miniature_pinscher_185,miniature_pinscher,dog,0.9,0.0733,miniature_pinscher,True,dog,True,correct
miniature_pinscher_185,miniature_pinscher,dog,1.0,0.1192,chihuahua,False,dog,True,within_superclass
shiba_inu_15,shiba_inu,dog,0.0,0.0,shiba_inu,True,dog,True,correct
shiba_inu_15,shiba_inu,dog,0.1,0.0178,shiba_inu,True,dog,True,correct
shiba_inu_15,shiba_inu,dog,0.2,0.019,shiba_inu,True,dog,True,correct
shiba_inu_15,shiba_inu,dog,0.3,0.0206,shiba_inu,True,dog,True,correct
shiba_inu_15,shiba_inu,dog,0.4,0.0306,shiba_inu,True,dog,True,correct
shiba_inu_15,shiba_inu,dog,0.5,0.0283,shiba_inu,True,dog,True,correct
shiba_inu_15,shiba_inu,dog,0.6,0.0347,shiba_inu,True,dog,True,correct
shiba_inu_15,shiba_inu,dog,0.7,0.0439,shiba_inu,True,dog,True,correct
shiba_inu_15,shiba_inu,dog,0.8,0.066,shiba_inu,True,dog,True,correct
shiba_inu_15,shiba_inu,dog,0.9,0.0487,shiba_inu,True,dog,True,correct
shiba_inu_15,shiba_inu,dog,1.0,0.0672,shiba_inu,True,dog,True,correct
japanese_chin_127,japanese_chin,dog,0.0,0.0,keeshond,False,dog,True,within_superclass
japanese_chin_127,japanese_chin,dog,0.1,0.0317,pomeranian,False,dog,True,within_superclass
japanese_chin_127,japanese_chin,dog,0.2,0.0381,pomeranian,False,dog,True,within_superclass
japanese_chin_127,japanese_chin,dog,0.3,0.0364,pomeranian,False,dog,True,within_superclass
japanese_chin_127,japanese_chin,dog,0.4,0.0568,pomeranian,False,dog,True,within_superclass
japanese_chin_127,japanese_chin,dog,0.5,0.0794,keeshond,False,dog,True,within_superclass
japanese_chin_127,japanese_chin,dog,0.6,0.0783,keeshond,False,dog,True,within_superclass
japanese_chin_127,japanese_chin,dog,0.7,0.0875,pomeranian,False,dog,True,within_superclass
japanese_chin_127,japanese_chin,dog,0.8,0.1011,keeshond,False,dog,True,within_superclass
japanese_chin_127,japanese_chin,dog,0.9,0.1018,keeshond,False,dog,True,within_superclass
japanese_chin_127,japanese_chin,dog,1.0,0.1009,pomeranian,False,dog,True,within_superclass
Bombay_137,bombay,cat,0.0,0.0,russian_blue,False,cat,True,within_superclass
Bombay_137,bombay,cat,0.1,0.0191,russian_blue,False,cat,True,within_superclass
Bombay_137,bombay,cat,0.2,0.0295,russian_blue,False,cat,True,within_superclass
Bombay_137,bombay,cat,0.3,0.0367,russian_blue,False,cat,True,within_superclass
Bombay_137,bombay,cat,0.4,0.0518,russian_blue,False,cat,True,within_superclass
Bombay_137,bombay,cat,0.5,0.0482,russian_blue,False,cat,True,within_superclass
Bombay_137,bombay,cat,0.6,0.0553,russian_blue,False,cat,True,within_superclass
Bombay_137,bombay,cat,0.7,0.0657,russian_blue,False,cat,True,within_superclass
Bombay_137,bombay,cat,0.8,0.0768,siamese,False,cat,True,within_superclass
Bombay_137,bombay,cat,0.9,0.0895,siamese,False,cat,True,within_superclass
Bombay_137,bombay,cat,1.0,0.0964,russian_blue,False,cat,True,within_superclass
staffordshire_bull_terrier_184,staffordshire_bull_terrier,dog,0.0,0.0,staffordshire_bull_terrier,True,dog,True,correct
staffordshire_bull_terrier_184,staffordshire_bull_terrier,dog,0.1,0.0346,staffordshire_bull_terrier,True,dog,True,correct
staffordshire_bull_terrier_184,staffordshire_bull_terrier,dog,0.2,0.0366,staffordshire_bull_terrier,True,dog,True,correct
staffordshire_bull_terrier_184,staffordshire_bull_terrier,dog,0.3,0.0455,staffordshire_bull_terrier,True,dog,True,correct
staffordshire_bull_terrier_184,staffordshire_bull_terrier,dog,0.4,0.0489,staffordshire_bull_terrier,True,dog,True,correct
staffordshire_bull_terrier_184,staffordshire_bull_terrier,dog,0.5,0.0551,staffordshire_bull_terrier,True,dog,True,correct
staffordshire_bull_terrier_184,staffordshire_bull_terrier,dog,0.6,0.0739,staffordshire_bull_terrier,True,dog,True,correct
staffordshire_bull_terrier_184,staffordshire_bull_terrier,dog,0.7,0.0858,staffordshire_bull_terrier,True,dog,True,correct
staffordshire_bull_terrier_184,staffordshire_bull_terrier,dog,0.8,0.0923,staffordshire_bull_terrier,True,dog,True,correct
staffordshire_bull_terrier_184,staffordshire_bull_terrier,dog,0.9,0.1288,staffordshire_bull_terrier,True,dog,True,correct
staffordshire_bull_terrier_184,staffordshire_bull_terrier,dog,1.0,0.1048,staffordshire_bull_terrier,True,dog,True,correct
beagle_149,beagle,dog,0.0,0.0,beagle,True,dog,True,correct
beagle_149,beagle,dog,0.1,0.0203,beagle,True,dog,True,correct
beagle_149,beagle,dog,0.2,0.0363,beagle,True,dog,True,correct
beagle_149,beagle,dog,0.3,0.0672,beagle,True,dog,True,correct
beagle_149,beagle,dog,0.4,0.0696,beagle,True,dog,True,correct
beagle_149,beagle,dog,0.5,0.0802,beagle,True,dog,True,correct
beagle_149,beagle,dog,0.6,0.0813,beagle,True,dog,True,correct
beagle_149,beagle,dog,0.7,0.1016,beagle,True,dog,True,correct
beagle_149,beagle,dog,0.8,0.1006,beagle,True,dog,True,correct
beagle_149,beagle,dog,0.9,0.125,beagle,True,dog,True,correct
beagle_149,beagle,dog,1.0,0.1354,beagle,True,dog,True,correct
english_setter_105,english_setter,dog,0.0,0.0,english_cocker_spaniel,False,dog,True,within_superclass
english_setter_105,english_setter,dog,0.1,0.022,english_cocker_spaniel,False,dog,True,within_superclass
english_setter_105,english_setter,dog,0.2,0.0239,english_cocker_spaniel,False,dog,True,within_superclass
english_setter_105,english_setter,dog,0.3,0.0341,english_cocker_spaniel,False,dog,True,within_superclass
english_setter_105,english_setter,dog,0.4,0.0398,english_cocker_spaniel,False,dog,True,within_superclass
english_setter_105,english_setter,dog,0.5,0.0491,english_cocker_spaniel,False,dog,True,within_superclass
english_setter_105,english_setter,dog,0.6,0.0574,english_cocker_spaniel,False,dog,True,within_superclass
english_setter_105,english_setter,dog,0.7,0.0814,english_cocker_spaniel,False,dog,True,within_superclass
english_setter_105,english_setter,dog,0.8,0.077,english_cocker_spaniel,False,dog,True,within_superclass
english_setter_105,english_setter,dog,0.9,0.0908,english_cocker_spaniel,False,dog,True,within_superclass
english_setter_105,english_setter,dog,1.0,0.1134,english_cocker_spaniel,False,dog,True,within_superclass
english_setter_187,english_setter,dog,0.0,0.0,english_setter,True,dog,True,correct
english_setter_187,english_setter,dog,0.1,0.0499,english_cocker_spaniel,False,dog,True,within_superclass
english_setter_187,english_setter,dog,0.2,0.0288,english_cocker_spaniel,False,dog,True,within_superclass
english_setter_187,english_setter,dog,0.3,0.031,english_cocker_spaniel,False,dog,True,within_superclass
english_setter_187,english_setter,dog,0.4,0.0383,english_setter,True,dog,True,correct
english_setter_187,english_setter,dog,0.5,0.0511,english_setter,True,dog,True,correct
english_setter_187,english_setter,dog,0.6,0.0546,english_cocker_spaniel,False,dog,True,within_superclass
english_setter_187,english_setter,dog,0.7,0.0658,english_setter,True,dog,True,correct
english_setter_187,english_setter,dog,0.8,0.06,english_cocker_spaniel,False,dog,True,within_superclass
english_setter_187,english_setter,dog,0.9,0.0672,english_cocker_spaniel,False,dog,True,within_superclass
english_setter_187,english_setter,dog,1.0,0.0752,english_setter,True,dog,True,correct
beagle_100,beagle,dog,0.0,0.0,beagle,True,dog,True,correct
beagle_100,beagle,dog,0.1,0.0621,beagle,True,dog,True,correct
beagle_100,beagle,dog,0.2,0.064,beagle,True,dog,True,correct
beagle_100,beagle,dog,0.3,0.0516,beagle,True,dog,True,correct
beagle_100,beagle,dog,0.4,0.056,beagle,True,dog,True,correct
beagle_100,beagle,dog,0.5,0.0794,beagle,True,dog,True,correct
beagle_100,beagle,dog,0.6,0.0825,beagle,True,dog,True,correct
beagle_100,beagle,dog,0.7,0.0914,beagle,True,dog,True,correct
beagle_100,beagle,dog,0.8,0.0766,beagle,True,dog,True,correct
beagle_100,beagle,dog,0.9,0.0885,beagle,True,dog,True,correct
beagle_100,beagle,dog,1.0,0.0993,beagle,True,dog,True,correct
scottish_terrier_124,scottish_terrier,dog,0.0,0.0,scottish_terrier,True,dog,True,correct
scottish_terrier_124,scottish_terrier,dog,0.1,0.0206,scottish_terrier,True,dog,True,correct
scottish_terrier_124,scottish_terrier,dog,0.2,0.0348,scottish_terrier,True,dog,True,correct
scottish_terrier_124,scottish_terrier,dog,0.3,0.0433,scottish_terrier,True,dog,True,correct
scottish_terrier_124,scottish_terrier,dog,0.4,0.0669,scottish_terrier,True,dog,True,correct
scottish_terrier_124,scottish_terrier,dog,0.5,0.055,scottish_terrier,True,dog,True,correct
scottish_terrier_124,scottish_terrier,dog,0.6,0.0725,scottish_terrier,True,dog,True,correct
scottish_terrier_124,scottish_terrier,dog,0.7,0.088,scottish_terrier,True,dog,True,correct
scottish_terrier_124,scottish_terrier,dog,0.8,0.1135,scottish_terrier,True,dog,True,correct
scottish_terrier_124,scottish_terrier,dog,0.9,0.1062,scottish_terrier,True,dog,True,correct
scottish_terrier_124,scottish_terrier,dog,1.0,0.1186,scottish_terrier,True,dog,True,correct
Egyptian_Mau_12,egyptian_mau,cat,0.0,0.0,egyptian_mau,True,cat,True,correct
Egyptian_Mau_12,egyptian_mau,cat,0.1,0.03,bengal,False,cat,True,within_superclass
Egyptian_Mau_12,egyptian_mau,cat,0.2,0.0404,egyptian_mau,True,cat,True,correct
Egyptian_Mau_12,egyptian_mau,cat,0.3,0.043,egyptian_mau,True,cat,True,correct
Egyptian_Mau_12,egyptian_mau,cat,0.4,0.0415,bengal,False,cat,True,within_superclass
Egyptian_Mau_12,egyptian_mau,cat,0.5,0.0708,bengal,False,cat,True,within_superclass
Egyptian_Mau_12,egyptian_mau,cat,0.6,0.0634,bengal,False,cat,True,within_superclass
Egyptian_Mau_12,egyptian_mau,cat,0.7,0.0807,egyptian_mau,True,cat,True,correct
Egyptian_Mau_12,egyptian_mau,cat,0.8,0.0838,bengal,False,cat,True,within_superclass
Egyptian_Mau_12,egyptian_mau,cat,0.9,0.0787,egyptian_mau,True,cat,True,correct
Egyptian_Mau_12,egyptian_mau,cat,1.0,0.1075,bengal,False,cat,True,within_superclass
great_pyrenees_133,great_pyrenees,dog,0.0,0.0,great_pyrenees,True,dog,True,correct
great_pyrenees_133,great_pyrenees,dog,0.1,0.0877,great_pyrenees,True,dog,True,correct
great_pyrenees_133,great_pyrenees,dog,0.2,0.0843,great_pyrenees,True,dog,True,correct
great_pyrenees_133,great_pyrenees,dog,0.3,0.0935,great_pyrenees,True,dog,True,correct
great_pyrenees_133,great_pyrenees,dog,0.4,0.0939,great_pyrenees,True,dog,True,correct
great_pyrenees_133,great_pyrenees,dog,0.5,0.1108,great_pyrenees,True,dog,True,correct
great_pyrenees_133,great_pyrenees,dog,0.6,0.113,great_pyrenees,True,dog,True,correct
great_pyrenees_133,great_pyrenees,dog,0.7,0.1384,great_pyrenees,True,dog,True,correct
great_pyrenees_133,great_pyrenees,dog,0.8,0.1382,great_pyrenees,True,dog,True,correct
great_pyrenees_133,great_pyrenees,dog,0.9,0.1392,great_pyrenees,True,dog,True,correct
great_pyrenees_133,great_pyrenees,dog,1.0,0.147,great_pyrenees,True,dog,True,correct
yorkshire_terrier_170,yorkshire_terrier,dog,0.0,0.0,yorkshire_terrier,True,dog,True,correct
yorkshire_terrier_170,yorkshire_terrier,dog,0.1,0.064,yorkshire_terrier,True,dog,True,correct
yorkshire_terrier_170,yorkshire_terrier,dog,0.2,0.0883,yorkshire_terrier,True,dog,True,correct
yorkshire_terrier_170,yorkshire_terrier,dog,0.3,0.1088,yorkshire_terrier,True,dog,True,correct
yorkshire_terrier_170,yorkshire_terrier,dog,0.4,0.1388,yorkshire_terrier,True,dog,True,correct
yorkshire_terrier_170,yorkshire_terrier,dog,0.5,0.1444,yorkshire_terrier,True,dog,True,correct
yorkshire_terrier_170,yorkshire_terrier,dog,0.6,0.1523,yorkshire_terrier,True,dog,True,correct
yorkshire_terrier_170,yorkshire_terrier,dog,0.7,0.1513,yorkshire_terrier,True,dog,True,correct
yorkshire_terrier_170,yorkshire_terrier,dog,0.8,0.1535,yorkshire_terrier,True,dog,True,correct
yorkshire_terrier_170,yorkshire_terrier,dog,0.9,0.1749,yorkshire_terrier,True,dog,True,correct
yorkshire_terrier_170,yorkshire_terrier,dog,1.0,0.1621,yorkshire_terrier,True,dog,True,correct
Russian_Blue_133,russian_blue,cat,0.0,0.0,russian_blue,True,cat,True,correct
Russian_Blue_133,russian_blue,cat,0.1,0.0331,russian_blue,True,cat,True,correct
Russian_Blue_133,russian_blue,cat,0.2,0.04,russian_blue,True,cat,True,correct
Russian_Blue_133,russian_blue,cat,0.3,0.054,russian_blue,True,cat,True,correct
Russian_Blue_133,russian_blue,cat,0.4,0.0537,russian_blue,True,cat,True,correct
Russian_Blue_133,russian_blue,cat,0.5,0.0691,russian_blue,True,cat,True,correct
Russian_Blue_133,russian_blue,cat,0.6,0.0596,russian_blue,True,cat,True,correct
Russian_Blue_133,russian_blue,cat,0.7,0.1009,russian_blue,True,cat,True,correct
Russian_Blue_133,russian_blue,cat,0.8,0.0856,russian_blue,True,cat,True,correct
Russian_Blue_133,russian_blue,cat,0.9,0.1236,russian_blue,True,cat,True,correct
Russian_Blue_133,russian_blue,cat,1.0,0.1146,russian_blue,True,cat,True,correct
Persian_145,persian,cat,0.0,0.0,birman,False,cat,True,within_superclass
Persian_145,persian,cat,0.1,0.0284,persian,True,cat,True,correct
Persian_145,persian,cat,0.2,0.0443,persian,True,cat,True,correct
Persian_145,persian,cat,0.3,0.0823,persian,True,cat,True,correct
Persian_145,persian,cat,0.4,0.0717,persian,True,cat,True,correct
Persian_145,persian,cat,0.5,0.0963,persian,True,cat,True,correct
Persian_145,persian,cat,0.6,0.0832,persian,True,cat,True,correct
Persian_145,persian,cat,0.7,0.1237,persian,True,cat,True,correct
Persian_145,persian,cat,0.8,0.1183,british_shorthair,False,cat,True,within_superclass
Persian_145,persian,cat,0.9,0.147,persian,True,cat,True,correct
Persian_145,persian,cat,1.0,0.1679,persian,True,cat,True,correct
scottish_terrier_106,scottish_terrier,dog,0.0,0.0,wheaten_terrier,False,dog,True,within_superclass
scottish_terrier_106,scottish_terrier,dog,0.1,0.0235,wheaten_terrier,False,dog,True,within_superclass
scottish_terrier_106,scottish_terrier,dog,0.2,0.0362,wheaten_terrier,False,dog,True,within_superclass
scottish_terrier_106,scottish_terrier,dog,0.3,0.0464,wheaten_terrier,False,dog,True,within_superclass
scottish_terrier_106,scottish_terrier,dog,0.4,0.06,wheaten_terrier,False,dog,True,within_superclass
scottish_terrier_106,scottish_terrier,dog,0.5,0.0708,wheaten_terrier,False,dog,True,within_superclass
scottish_terrier_106,scottish_terrier,dog,0.6,0.0911,wheaten_terrier,False,dog,True,within_superclass
scottish_terrier_106,scottish_terrier,dog,0.7,0.0863,wheaten_terrier,False,dog,True,within_superclass
scottish_terrier_106,scottish_terrier,dog,0.8,0.0889,wheaten_terrier,False,dog,True,within_superclass
scottish_terrier_106,scottish_terrier,dog,0.9,0.1252,wheaten_terrier,False,dog,True,within_superclass
scottish_terrier_106,scottish_terrier,dog,1.0,0.1336,wheaten_terrier,False,dog,True,within_superclass
english_setter_137,english_setter,dog,0.0,0.0,english_setter,True,dog,True,correct
english_setter_137,english_setter,dog,0.1,0.0145,english_setter,True,dog,True,correct
english_setter_137,english_setter,dog,0.2,0.0202,english_setter,True,dog,True,correct
english_setter_137,english_setter,dog,0.3,0.0329,english_setter,True,dog,True,correct
english_setter_137,english_setter,dog,0.4,0.0467,english_setter,True,dog,True,correct
english_setter_137,english_setter,dog,0.5,0.0669,english_setter,True,dog,True,correct
english_setter_137,english_setter,dog,0.6,0.0713,english_setter,True,dog,True,correct
english_setter_137,english_setter,dog,0.7,0.0751,english_setter,True,dog,True,correct
english_setter_137,english_setter,dog,0.8,0.1059,english_setter,True,dog,True,correct
english_setter_137,english_setter,dog,0.9,0.0914,english_setter,True,dog,True,correct
english_setter_137,english_setter,dog,1.0,0.1088,english_setter,True,dog,True,correct
saint_bernard_12,saint_bernard,dog,0.0,0.0,saint_bernard,True,dog,True,correct
saint_bernard_12,saint_bernard,dog,0.1,0.0566,saint_bernard,True,dog,True,correct
saint_bernard_12,saint_bernard,dog,0.2,0.0326,saint_bernard,True,dog,True,correct
saint_bernard_12,saint_bernard,dog,0.3,0.074,saint_bernard,True,dog,True,correct
saint_bernard_12,saint_bernard,dog,0.4,0.0535,saint_bernard,True,dog,True,correct
saint_bernard_12,saint_bernard,dog,0.5,0.0616,saint_bernard,True,dog,True,correct
saint_bernard_12,saint_bernard,dog,0.6,0.0639,saint_bernard,True,dog,True,correct
saint_bernard_12,saint_bernard,dog,0.7,0.0854,saint_bernard,True,dog,True,correct
saint_bernard_12,saint_bernard,dog,0.8,0.0732,saint_bernard,True,dog,True,correct
saint_bernard_12,saint_bernard,dog,0.9,0.088,saint_bernard,True,dog,True,correct
saint_bernard_12,saint_bernard,dog,1.0,0.078,saint_bernard,True,dog,True,correct
Persian_200,persian,cat,0.0,0.0,persian,True,cat,True,correct
Persian_200,persian,cat,0.1,0.0472,persian,True,cat,True,correct
Persian_200,persian,cat,0.2,0.0392,persian,True,cat,True,correct
Persian_200,persian,cat,0.3,0.0513,persian,True,cat,True,correct
Persian_200,persian,cat,0.4,0.0724,persian,True,cat,True,correct
Persian_200,persian,cat,0.5,0.0993,persian,True,cat,True,correct
Persian_200,persian,cat,0.6,0.0972,persian,True,cat,True,correct
Persian_200,persian,cat,0.7,0.1305,persian,True,cat,True,correct
Persian_200,persian,cat,0.8,0.1747,persian,True,cat,True,correct
Persian_200,persian,cat,0.9,0.1585,british_shorthair,False,cat,True,within_superclass
Persian_200,persian,cat,1.0,0.1648,persian,True,cat,True,correct
saint_bernard_11,saint_bernard,dog,0.0,0.0,saint_bernard,True,dog,True,correct
saint_bernard_11,saint_bernard,dog,0.1,0.0502,saint_bernard,True,dog,True,correct
saint_bernard_11,saint_bernard,dog,0.2,0.0443,saint_bernard,True,dog,True,correct
saint_bernard_11,saint_bernard,dog,0.3,0.0484,saint_bernard,True,dog,True,correct
saint_bernard_11,saint_bernard,dog,0.4,0.0642,saint_bernard,True,dog,True,correct
saint_bernard_11,saint_bernard,dog,0.5,0.0742,saint_bernard,True,dog,True,correct
saint_bernard_11,saint_bernard,dog,0.6,0.0906,saint_bernard,True,dog,True,correct
saint_bernard_11,saint_bernard,dog,0.7,0.1159,saint_bernard,True,dog,True,correct
saint_bernard_11,saint_bernard,dog,0.8,0.0963,saint_bernard,True,dog,True,correct
saint_bernard_11,saint_bernard,dog,0.9,0.1034,saint_bernard,True,dog,True,correct
saint_bernard_11,saint_bernard,dog,1.0,0.1201,saint_bernard,True,dog,True,correct
chihuahua_181,chihuahua,dog,0.0,0.0,chihuahua,True,dog,True,correct
chihuahua_181,chihuahua,dog,0.1,0.0438,chihuahua,True,dog,True,correct
chihuahua_181,chihuahua,dog,0.2,0.0514,chihuahua,True,dog,True,correct
chihuahua_181,chihuahua,dog,0.3,0.049,chihuahua,True,dog,True,correct
chihuahua_181,chihuahua,dog,0.4,0.0661,chihuahua,True,dog,True,correct
chihuahua_181,chihuahua,dog,0.5,0.0685,chihuahua,True,dog,True,correct
chihuahua_181,chihuahua,dog,0.6,0.0722,chihuahua,True,dog,True,correct
chihuahua_181,chihuahua,dog,0.7,0.0742,chihuahua,True,dog,True,correct
chihuahua_181,chihuahua,dog,0.8,0.1066,chihuahua,True,dog,True,correct
chihuahua_181,chihuahua,dog,0.9,0.1144,chihuahua,True,dog,True,correct
chihuahua_181,chihuahua,dog,1.0,0.1204,chihuahua,True,dog,True,correct
keeshond_174,keeshond,dog,0.0,0.0,keeshond,True,dog,True,correct
keeshond_174,keeshond,dog,0.1,0.0384,keeshond,True,dog,True,correct
keeshond_174,keeshond,dog,0.2,0.0506,keeshond,True,dog,True,correct
keeshond_174,keeshond,dog,0.3,0.0779,keeshond,True,dog,True,correct
keeshond_174,keeshond,dog,0.4,0.1064,keeshond,True,dog,True,correct
keeshond_174,keeshond,dog,0.5,0.1163,keeshond,True,dog,True,correct
keeshond_174,keeshond,dog,0.6,0.1225,keeshond,True,dog,True,correct
keeshond_174,keeshond,dog,0.7,0.1179,keeshond,True,dog,True,correct
keeshond_174,keeshond,dog,0.8,0.1193,keeshond,True,dog,True,correct
keeshond_174,keeshond,dog,0.9,0.1235,keeshond,True,dog,True,correct
keeshond_174,keeshond,dog,1.0,0.1738,keeshond,True,dog,True,correct
boxer_101,boxer,dog,0.0,0.0,boxer,True,dog,True,correct
boxer_101,boxer,dog,0.1,0.0276,boxer,True,dog,True,correct
boxer_101,boxer,dog,0.2,0.0212,boxer,True,dog,True,correct
boxer_101,boxer,dog,0.3,0.0331,boxer,True,dog,True,correct
boxer_101,boxer,dog,0.4,0.037,boxer,True,dog,True,correct
boxer_101,boxer,dog,0.5,0.0385,boxer,True,dog,True,correct
boxer_101,boxer,dog,0.6,0.049,boxer,True,dog,True,correct
boxer_101,boxer,dog,0.7,0.0479,boxer,True,dog,True,correct
boxer_101,boxer,dog,0.8,0.0477,boxer,True,dog,True,correct
boxer_101,boxer,dog,0.9,0.0572,boxer,True,dog,True,correct
boxer_101,boxer,dog,1.0,0.057,boxer,True,dog,True,correct
Persian_197,persian,cat,0.0,0.0,birman,False,cat,True,within_superclass
Persian_197,persian,cat,0.1,0.0235,birman,False,cat,True,within_superclass
Persian_197,persian,cat,0.2,0.0341,birman,False,cat,True,within_superclass
Persian_197,persian,cat,0.3,0.0489,birman,False,cat,True,within_superclass
Persian_197,persian,cat,0.4,0.0544,birman,False,cat,True,within_superclass
Persian_197,persian,cat,0.5,0.0606,birman,False,cat,True,within_superclass
Persian_197,persian,cat,0.6,0.0699,british_shorthair,False,cat,True,within_superclass
Persian_197,persian,cat,0.7,0.0805,british_shorthair,False,cat,True,within_superclass
Persian_197,persian,cat,0.8,0.1004,birman,False,cat,True,within_superclass
Persian_197,persian,cat,0.9,0.1085,birman,False,cat,True,within_superclass
Persian_197,persian,cat,1.0,0.1237,british_shorthair,False,cat,True,within_superclass
shiba_inu_152,shiba_inu,dog,0.0,0.0,chihuahua,False,dog,True,within_superclass
shiba_inu_152,shiba_inu,dog,0.1,0.0249,chihuahua,False,dog,True,within_superclass
shiba_inu_152,shiba_inu,dog,0.2,0.0506,chihuahua,False,dog,True,within_superclass
shiba_inu_152,shiba_inu,dog,0.3,0.0539,chihuahua,False,dog,True,within_superclass
shiba_inu_152,shiba_inu,dog,0.4,0.0613,chihuahua,False,dog,True,within_superclass
shiba_inu_152,shiba_inu,dog,0.5,0.09,chihuahua,False,dog,True,within_superclass
shiba_inu_152,shiba_inu,dog,0.6,0.0655,chihuahua,False,dog,True,within_superclass
shiba_inu_152,shiba_inu,dog,0.7,0.109,shiba_inu,True,dog,True,correct
shiba_inu_152,shiba_inu,dog,0.8,0.1121,chihuahua,False,dog,True,within_superclass
shiba_inu_152,shiba_inu,dog,0.9,0.1516,chihuahua,False,dog,True,within_superclass
shiba_inu_152,shiba_inu,dog,1.0,0.1773,chihuahua,False,dog,True,within_superclass
Maine_Coon_138,maine_coon,cat,0.0,0.0,maine_coon,True,cat,True,correct
Maine_Coon_138,maine_coon,cat,0.1,0.0305,maine_coon,True,cat,True,correct
Maine_Coon_138,maine_coon,cat,0.2,0.0314,maine_coon,True,cat,True,correct
Maine_Coon_138,maine_coon,cat,0.3,0.0503,maine_coon,True,cat,True,correct
Maine_Coon_138,maine_coon,cat,0.4,0.0587,maine_coon,True,cat,True,correct
Maine_Coon_138,maine_coon,cat,0.5,0.0838,maine_coon,True,cat,True,correct
Maine_Coon_138,maine_coon,cat,0.6,0.1068,maine_coon,True,cat,True,correct
Maine_Coon_138,maine_coon,cat,0.7,0.1018,maine_coon,True,cat,True,correct
Maine_Coon_138,maine_coon,cat,0.8,0.1025,maine_coon,True,cat,True,correct
Maine_Coon_138,maine_coon,cat,0.9,0.1399,maine_coon,True,cat,True,correct
Maine_Coon_138,maine_coon,cat,1.0,0.1311,maine_coon,True,cat,True,correct
samoyed_102,samoyed,dog,0.0,0.0,samoyed,True,dog,True,correct
samoyed_102,samoyed,dog,0.1,0.0095,samoyed,True,dog,True,correct
samoyed_102,samoyed,dog,0.2,0.0192,samoyed,True,dog,True,correct
samoyed_102,samoyed,dog,0.3,0.0316,samoyed,True,dog,True,correct
samoyed_102,samoyed,dog,0.4,0.0331,samoyed,True,dog,True,correct
samoyed_102,samoyed,dog,0.5,0.0551,samoyed,True,dog,True,correct
samoyed_102,samoyed,dog,0.6,0.064,samoyed,True,dog,True,correct
samoyed_102,samoyed,dog,0.7,0.0603,samoyed,True,dog,True,correct
samoyed_102,samoyed,dog,0.8,0.0603,samoyed,True,dog,True,correct
samoyed_102,samoyed,dog,0.9,0.0531,samoyed,True,dog,True,correct
samoyed_102,samoyed,dog,1.0,0.0726,samoyed,True,dog,True,correct
beagle_127,beagle,dog,0.0,0.0,beagle,True,dog,True,correct
beagle_127,beagle,dog,0.1,0.0323,beagle,True,dog,True,correct
beagle_127,beagle,dog,0.2,0.0343,beagle,True,dog,True,correct
beagle_127,beagle,dog,0.3,0.0417,beagle,True,dog,True,correct
beagle_127,beagle,dog,0.4,0.0533,beagle,True,dog,True,correct
beagle_127,beagle,dog,0.5,0.0631,beagle,True,dog,True,correct
beagle_127,beagle,dog,0.6,0.078,beagle,True,dog,True,correct
beagle_127,beagle,dog,0.7,0.1028,beagle,True,dog,True,correct
beagle_127,beagle,dog,0.8,0.1036,beagle,True,dog,True,correct
beagle_127,beagle,dog,0.9,0.1169,beagle,True,dog,True,correct
beagle_127,beagle,dog,1.0,0.1294,beagle,True,dog,True,correct
staffordshire_bull_terrier_126,staffordshire_bull_terrier,dog,0.0,0.0,staffordshire_bull_terrier,True,dog,True,correct
staffordshire_bull_terrier_126,staffordshire_bull_terrier,dog,0.1,0.0346,staffordshire_bull_terrier,True,dog,True,correct
staffordshire_bull_terrier_126,staffordshire_bull_terrier,dog,0.2,0.0125,staffordshire_bull_terrier,True,dog,True,correct
staffordshire_bull_terrier_126,staffordshire_bull_terrier,dog,0.3,0.0243,staffordshire_bull_terrier,True,dog,True,correct
staffordshire_bull_terrier_126,staffordshire_bull_terrier,dog,0.4,0.0308,staffordshire_bull_terrier,True,dog,True,correct
staffordshire_bull_terrier_126,staffordshire_bull_terrier,dog,0.5,0.0437,staffordshire_bull_terrier,True,dog,True,correct
staffordshire_bull_terrier_126,staffordshire_bull_terrier,dog,0.6,0.0545,staffordshire_bull_terrier,True,dog,True,correct
staffordshire_bull_terrier_126,staffordshire_bull_terrier,dog,0.7,0.0668,staffordshire_bull_terrier,True,dog,True,correct
staffordshire_bull_terrier_126,staffordshire_bull_terrier,dog,0.8,0.063,staffordshire_bull_terrier,True,dog,True,correct
staffordshire_bull_terrier_126,staffordshire_bull_terrier,dog,0.9,0.0814,staffordshire_bull_terrier,True,dog,True,correct
staffordshire_bull_terrier_126,staffordshire_bull_terrier,dog,1.0,0.1151,staffordshire_bull_terrier,True,dog,True,correct
Russian_Blue_104,russian_blue,cat,0.0,0.0,russian_blue,True,cat,True,correct
Russian_Blue_104,russian_blue,cat,0.1,0.0313,russian_blue,True,cat,True,correct
Russian_Blue_104,russian_blue,cat,0.2,0.0251,russian_blue,True,cat,True,correct
Russian_Blue_104,russian_blue,cat,0.3,0.0385,russian_blue,True,cat,True,correct
Russian_Blue_104,russian_blue,cat,0.4,0.0486,russian_blue,True,cat,True,correct
Russian_Blue_104,russian_blue,cat,0.5,0.0706,russian_blue,True,cat,True,correct
Russian_Blue_104,russian_blue,cat,0.6,0.0809,russian_blue,True,cat,True,correct
Russian_Blue_104,russian_blue,cat,0.7,0.0825,russian_blue,True,cat,True,correct
Russian_Blue_104,russian_blue,cat,0.8,0.125,russian_blue,True,cat,True,correct
Russian_Blue_104,russian_blue,cat,0.9,0.1209,russian_blue,True,cat,True,correct
Russian_Blue_104,russian_blue,cat,1.0,0.1402,russian_blue,True,cat,True,correct
Siamese_130,siamese,cat,0.0,0.0,birman,False,cat,True,within_superclass
Siamese_130,siamese,cat,0.1,0.1204,birman,False,cat,True,within_superclass
Siamese_130,siamese,cat,0.2,0.0699,birman,False,cat,True,within_superclass
Siamese_130,siamese,cat,0.3,0.0905,ragdoll,False,cat,True,within_superclass
Siamese_130,siamese,cat,0.4,0.1048,birman,False,cat,True,within_superclass
Siamese_130,siamese,cat,0.5,0.1129,siamese,True,cat,True,correct
Siamese_130,siamese,cat,0.6,0.1438,siamese,True,cat,True,correct
Siamese_130,siamese,cat,0.7,0.1556,siamese,True,cat,True,correct
Siamese_130,siamese,cat,0.8,0.1506,siamese,True,cat,True,correct
Siamese_130,siamese,cat,0.9,0.172,siamese,True,cat,True,correct
Siamese_130,siamese,cat,1.0,0.1651,siamese,True,cat,True,correct
wheaten_terrier_107,wheaten_terrier,dog,0.0,0.0,wheaten_terrier,True,dog,True,correct
wheaten_terrier_107,wheaten_terrier,dog,0.1,0.0351,wheaten_terrier,True,dog,True,correct
wheaten_terrier_107,wheaten_terrier,dog,0.2,0.0193,wheaten_terrier,True,dog,True,correct
wheaten_terrier_107,wheaten_terrier,dog,0.3,0.0274,wheaten_terrier,True,dog,True,correct
wheaten_terrier_107,wheaten_terrier,dog,0.4,0.0372,wheaten_terrier,True,dog,True,correct
wheaten_terrier_107,wheaten_terrier,dog,0.5,0.0445,wheaten_terrier,True,dog,True,correct
wheaten_terrier_107,wheaten_terrier,dog,0.6,0.0415,wheaten_terrier,True,dog,True,correct
wheaten_terrier_107,wheaten_terrier,dog,0.7,0.0503,wheaten_terrier,True,dog,True,correct
wheaten_terrier_107,wheaten_terrier,dog,0.8,0.0602,wheaten_terrier,True,dog,True,correct
wheaten_terrier_107,wheaten_terrier,dog,0.9,0.1011,wheaten_terrier,True,dog,True,correct
wheaten_terrier_107,wheaten_terrier,dog,1.0,0.0924,wheaten_terrier,True,dog,True,correct
pug_112,pug,dog,0.0,0.0,pug,True,dog,True,correct
pug_112,pug,dog,0.1,0.0211,pug,True,dog,True,correct
pug_112,pug,dog,0.2,0.0275,pug,True,dog,True,correct
pug_112,pug,dog,0.3,0.0373,pug,True,dog,True,correct
pug_112,pug,dog,0.4,0.05,pug,True,dog,True,correct
pug_112,pug,dog,0.5,0.0724,pug,True,dog,True,correct
pug_112,pug,dog,0.6,0.071,pug,True,dog,True,correct
pug_112,pug,dog,0.7,0.09,pug,True,dog,True,correct
pug_112,pug,dog,0.8,0.1185,pug,True,dog,True,correct
pug_112,pug,dog,0.9,0.0902,pug,True,dog,True,correct
pug_112,pug,dog,1.0,0.1151,pug,True,dog,True,correct
Russian_Blue_122,russian_blue,cat,0.0,0.0,russian_blue,True,cat,True,correct
Russian_Blue_122,russian_blue,cat,0.1,0.0325,russian_blue,True,cat,True,correct
Russian_Blue_122,russian_blue,cat,0.2,0.0233,russian_blue,True,cat,True,correct
Russian_Blue_122,russian_blue,cat,0.3,0.0307,russian_blue,True,cat,True,correct
Russian_Blue_122,russian_blue,cat,0.4,0.0365,russian_blue,True,cat,True,correct
Russian_Blue_122,russian_blue,cat,0.5,0.0394,russian_blue,True,cat,True,correct
Russian_Blue_122,russian_blue,cat,0.6,0.053,russian_blue,True,cat,True,correct
Russian_Blue_122,russian_blue,cat,0.7,0.0632,russian_blue,True,cat,True,correct
Russian_Blue_122,russian_blue,cat,0.8,0.0654,british_shorthair,False,cat,True,within_superclass
Russian_Blue_122,russian_blue,cat,0.9,0.0692,russian_blue,True,cat,True,correct
Russian_Blue_122,russian_blue,cat,1.0,0.0717,british_shorthair,False,cat,True,within_superclass
Birman_153,birman,cat,0.0,0.0,birman,True,cat,True,correct
Birman_153,birman,cat,0.1,0.0247,birman,True,cat,True,correct
Birman_153,birman,cat,0.2,0.0296,birman,True,cat,True,correct
Birman_153,birman,cat,0.3,0.0383,birman,True,cat,True,correct
Birman_153,birman,cat,0.4,0.0495,birman,True,cat,True,correct
Birman_153,birman,cat,0.5,0.0513,birman,True,cat,True,correct
Birman_153,birman,cat,0.6,0.0588,birman,True,cat,True,correct
Birman_153,birman,cat,0.7,0.0796,birman,True,cat,True,correct
Birman_153,birman,cat,0.8,0.0872,birman,True,cat,True,correct
Birman_153,birman,cat,0.9,0.0956,birman,True,cat,True,correct
Birman_153,birman,cat,1.0,0.1115,birman,True,cat,True,correct
american_bulldog_103,american_bulldog,dog,0.0,0.0,american_bulldog,True,dog,True,correct
american_bulldog_103,american_bulldog,dog,0.1,0.0131,american_bulldog,True,dog,True,correct
american_bulldog_103,american_bulldog,dog,0.2,0.0166,american_bulldog,True,dog,True,correct
american_bulldog_103,american_bulldog,dog,0.3,0.0308,american_bulldog,True,dog,True,correct
american_bulldog_103,american_bulldog,dog,0.4,0.0325,american_bulldog,True,dog,True,correct
american_bulldog_103,american_bulldog,dog,0.5,0.044,american_bulldog,True,dog,True,correct
american_bulldog_103,american_bulldog,dog,0.6,0.0528,american_bulldog,True,dog,True,correct
american_bulldog_103,american_bulldog,dog,0.7,0.0662,american_bulldog,True,dog,True,correct
american_bulldog_103,american_bulldog,dog,0.8,0.0641,american_bulldog,True,dog,True,correct
american_bulldog_103,american_bulldog,dog,0.9,0.0979,american_bulldog,True,dog,True,correct
american_bulldog_103,american_bulldog,dog,1.0,0.1238,american_bulldog,True,dog,True,correct
Egyptian_Mau_188,egyptian_mau,cat,0.0,0.0,bengal,False,cat,True,within_superclass
Egyptian_Mau_188,egyptian_mau,cat,0.1,0.0787,bengal,False,cat,True,within_superclass
Egyptian_Mau_188,egyptian_mau,cat,0.2,0.0676,bengal,False,cat,True,within_superclass
Egyptian_Mau_188,egyptian_mau,cat,0.3,0.0843,bengal,False,cat,True,within_superclass
Egyptian_Mau_188,egyptian_mau,cat,0.4,0.0913,bengal,False,cat,True,within_superclass
Egyptian_Mau_188,egyptian_mau,cat,0.5,0.0879,bengal,False,cat,True,within_superclass
Egyptian_Mau_188,egyptian_mau,cat,0.6,0.105,bengal,False,cat,True,within_superclass
Egyptian_Mau_188,egyptian_mau,cat,0.7,0.1196,bengal,False,cat,True,within_superclass
Egyptian_Mau_188,egyptian_mau,cat,0.8,0.1332,bengal,False,cat,True,within_superclass
Egyptian_Mau_188,egyptian_mau,cat,0.9,0.1548,bengal,False,cat,True,within_superclass
Egyptian_Mau_188,egyptian_mau,cat,1.0,0.1616,bengal,False,cat,True,within_superclass
Sphynx_132,sphynx,cat,0.0,0.0,sphynx,True,cat,True,correct
Sphynx_132,sphynx,cat,0.1,0.0203,sphynx,True,cat,True,correct
Sphynx_132,sphynx,cat,0.2,0.0251,sphynx,True,cat,True,correct
Sphynx_132,sphynx,cat,0.3,0.0297,sphynx,True,cat,True,correct
Sphynx_132,sphynx,cat,0.4,0.0398,sphynx,True,cat,True,correct
Sphynx_132,sphynx,cat,0.5,0.0484,sphynx,True,cat,True,correct
Sphynx_132,sphynx,cat,0.6,0.0516,sphynx,True,cat,True,correct
Sphynx_132,sphynx,cat,0.7,0.0618,sphynx,True,cat,True,correct
Sphynx_132,sphynx,cat,0.8,0.0557,sphynx,True,cat,True,correct
Sphynx_132,sphynx,cat,0.9,0.0693,sphynx,True,cat,True,correct
Sphynx_132,sphynx,cat,1.0,0.0744,sphynx,True,cat,True,correct
Ragdoll_195,ragdoll,cat,0.0,0.0,birman,False,cat,True,within_superclass
Ragdoll_195,ragdoll,cat,0.1,0.045,birman,False,cat,True,within_superclass
Ragdoll_195,ragdoll,cat,0.2,0.0579,birman,False,cat,True,within_superclass
Ragdoll_195,ragdoll,cat,0.3,0.0798,birman,False,cat,True,within_superclass
Ragdoll_195,ragdoll,cat,0.4,0.0977,birman,False,cat,True,within_superclass
Ragdoll_195,ragdoll,cat,0.5,0.1059,birman,False,cat,True,within_superclass
Ragdoll_195,ragdoll,cat,0.6,0.1219,birman,False,cat,True,within_superclass
Ragdoll_195,ragdoll,cat,0.7,0.137,birman,False,cat,True,within_superclass
Ragdoll_195,ragdoll,cat,0.8,0.1378,birman,False,cat,True,within_superclass
Ragdoll_195,ragdoll,cat,0.9,0.1331,birman,False,cat,True,within_superclass
Ragdoll_195,ragdoll,cat,1.0,0.1664,ragdoll,True,cat,True,correct
saint_bernard_160,saint_bernard,dog,0.0,0.0,saint_bernard,True,dog,True,correct
saint_bernard_160,saint_bernard,dog,0.1,0.0584,saint_bernard,True,dog,True,correct
saint_bernard_160,saint_bernard,dog,0.2,0.0453,saint_bernard,True,dog,True,correct
saint_bernard_160,saint_bernard,dog,0.3,0.0457,saint_bernard,True,dog,True,correct
saint_bernard_160,saint_bernard,dog,0.4,0.058,american_bulldog,False,dog,True,within_superclass
saint_bernard_160,saint_bernard,dog,0.5,0.0767,american_bulldog,False,dog,True,within_superclass
saint_bernard_160,saint_bernard,dog,0.6,0.0808,american_bulldog,False,dog,True,within_superclass
saint_bernard_160,saint_bernard,dog,0.7,0.0871,saint_bernard,True,dog,True,correct
saint_bernard_160,saint_bernard,dog,0.8,0.0934,american_bulldog,False,dog,True,within_superclass
saint_bernard_160,saint_bernard,dog,0.9,0.0954,american_bulldog,False,dog,True,within_superclass
saint_bernard_160,saint_bernard,dog,1.0,0.1022,american_bulldog,False,dog,True,within_superclass
Russian_Blue_152,russian_blue,cat,0.0,0.0,russian_blue,True,cat,True,correct
Russian_Blue_152,russian_blue,cat,0.1,0.0228,russian_blue,True,cat,True,correct
Russian_Blue_152,russian_blue,cat,0.2,0.0305,russian_blue,True,cat,True,correct
Russian_Blue_152,russian_blue,cat,0.3,0.0354,russian_blue,True,cat,True,correct
Russian_Blue_152,russian_blue,cat,0.4,0.0513,russian_blue,True,cat,True,correct
Russian_Blue_152,russian_blue,cat,0.5,0.0686,russian_blue,True,cat,True,correct
Russian_Blue_152,russian_blue,cat,0.6,0.084,russian_blue,True,cat,True,correct
Russian_Blue_152,russian_blue,cat,0.7,0.0849,russian_blue,True,cat,True,correct
Russian_Blue_152,russian_blue,cat,0.8,0.1134,russian_blue,True,cat,True,correct
Russian_Blue_152,russian_blue,cat,0.9,0.1147,russian_blue,True,cat,True,correct
Russian_Blue_152,russian_blue,cat,1.0,0.1138,russian_blue,True,cat,True,correct
British_Shorthair_105,british_shorthair,cat,0.0,0.0,british_shorthair,True,cat,True,correct
British_Shorthair_105,british_shorthair,cat,0.1,0.0533,russian_blue,False,cat,True,within_superclass
British_Shorthair_105,british_shorthair,cat,0.2,0.0607,british_shorthair,True,cat,True,correct
British_Shorthair_105,british_shorthair,cat,0.3,0.0537,british_shorthair,True,cat,True,correct
British_Shorthair_105,british_shorthair,cat,0.4,0.0711,british_shorthair,True,cat,True,correct
British_Shorthair_105,british_shorthair,cat,0.5,0.0823,british_shorthair,True,cat,True,correct
British_Shorthair_105,british_shorthair,cat,0.6,0.0923,british_shorthair,True,cat,True,correct
British_Shorthair_105,british_shorthair,cat,0.7,0.0981,british_shorthair,True,cat,True,correct
British_Shorthair_105,british_shorthair,cat,0.8,0.1066,british_shorthair,True,cat,True,correct
British_Shorthair_105,british_shorthair,cat,0.9,0.1266,british_shorthair,True,cat,True,correct
British_Shorthair_105,british_shorthair,cat,1.0,0.1566,british_shorthair,True,cat,True,correct
Russian_Blue_130,russian_blue,cat,0.0,0.0,russian_blue,True,cat,True,correct
Russian_Blue_130,russian_blue,cat,0.1,0.0321,russian_blue,True,cat,True,correct
Russian_Blue_130,russian_blue,cat,0.2,0.0455,russian_blue,True,cat,True,correct
Russian_Blue_130,russian_blue,cat,0.3,0.0433,russian_blue,True,cat,True,correct
Russian_Blue_130,russian_blue,cat,0.4,0.0497,russian_blue,True,cat,True,correct
Russian_Blue_130,russian_blue,cat,0.5,0.0611,russian_blue,True,cat,True,correct
Russian_Blue_130,russian_blue,cat,0.6,0.0861,russian_blue,True,cat,True,correct
Russian_Blue_130,russian_blue,cat,0.7,0.0776,russian_blue,True,cat,True,correct
Russian_Blue_130,russian_blue,cat,0.8,0.1065,russian_blue,True,cat,True,correct
Russian_Blue_130,russian_blue,cat,0.9,0.1426,british_shorthair,False,cat,True,within_superclass
Russian_Blue_130,russian_blue,cat,1.0,0.1669,british_shorthair,False,cat,True,within_superclass
Sphynx_17,sphynx,cat,0.0,0.0,sphynx,True,cat,True,correct
Sphynx_17,sphynx,cat,0.1,0.0307,sphynx,True,cat,True,correct
Sphynx_17,sphynx,cat,0.2,0.047,sphynx,True,cat,True,correct
Sphynx_17,sphynx,cat,0.3,0.0791,sphynx,True,cat,True,correct
Sphynx_17,sphynx,cat,0.4,0.081,sphynx,True,cat,True,correct
Sphynx_17,sphynx,cat,0.5,0.1099,sphynx,True,cat,True,correct
Sphynx_17,sphynx,cat,0.6,0.1046,sphynx,True,cat,True,correct
Sphynx_17,sphynx,cat,0.7,0.1288,sphynx,True,cat,True,correct
Sphynx_17,sphynx,cat,0.8,0.155,sphynx,True,cat,True,correct
Sphynx_17,sphynx,cat,0.9,0.1547,sphynx,True,cat,True,correct
Sphynx_17,sphynx,cat,1.0,0.1586,abyssinian,False,cat,True,within_superclass
miniature_pinscher_152,miniature_pinscher,dog,0.0,0.0,miniature_pinscher,True,dog,True,correct
miniature_pinscher_152,miniature_pinscher,dog,0.1,0.0504,miniature_pinscher,True,dog,True,correct
miniature_pinscher_152,miniature_pinscher,dog,0.2,0.0699,miniature_pinscher,True,dog,True,correct
miniature_pinscher_152,miniature_pinscher,dog,0.3,0.0812,miniature_pinscher,True,dog,True,correct
miniature_pinscher_152,miniature_pinscher,dog,0.4,0.0703,miniature_pinscher,True,dog,True,correct
miniature_pinscher_152,miniature_pinscher,dog,0.5,0.0807,miniature_pinscher,True,dog,True,correct
miniature_pinscher_152,miniature_pinscher,dog,0.6,0.0991,miniature_pinscher,True,dog,True,correct
miniature_pinscher_152,miniature_pinscher,dog,0.7,0.0854,miniature_pinscher,True,dog,True,correct
miniature_pinscher_152,miniature_pinscher,dog,0.8,0.1267,miniature_pinscher,True,dog,True,correct
miniature_pinscher_152,miniature_pinscher,dog,0.9,0.1588,miniature_pinscher,True,dog,True,correct
miniature_pinscher_152,miniature_pinscher,dog,1.0,0.1562,miniature_pinscher,True,dog,True,correct
Abyssinian_11,abyssinian,cat,0.0,0.0,abyssinian,True,cat,True,correct
Abyssinian_11,abyssinian,cat,0.1,0.0871,abyssinian,True,cat,True,correct
Abyssinian_11,abyssinian,cat,0.2,0.1156,abyssinian,True,cat,True,correct
Abyssinian_11,abyssinian,cat,0.3,0.1286,abyssinian,True,cat,True,correct
Abyssinian_11,abyssinian,cat,0.4,0.1493,abyssinian,True,cat,True,correct
Abyssinian_11,abyssinian,cat,0.5,0.1689,abyssinian,True,cat,True,correct
Abyssinian_11,abyssinian,cat,0.6,0.197,abyssinian,True,cat,True,correct
Abyssinian_11,abyssinian,cat,0.7,0.239,abyssinian,True,cat,True,correct
Abyssinian_11,abyssinian,cat,0.8,0.24,abyssinian,True,cat,True,correct
Abyssinian_11,abyssinian,cat,0.9,0.2431,abyssinian,True,cat,True,correct
Abyssinian_11,abyssinian,cat,1.0,0.2537,abyssinian,True,cat,True,correct
wheaten_terrier_132,wheaten_terrier,dog,0.0,0.0,wheaten_terrier,True,dog,True,correct
wheaten_terrier_132,wheaten_terrier,dog,0.1,0.0272,wheaten_terrier,True,dog,True,correct
wheaten_terrier_132,wheaten_terrier,dog,0.2,0.0196,wheaten_terrier,True,dog,True,correct
wheaten_terrier_132,wheaten_terrier,dog,0.3,0.0301,wheaten_terrier,True,dog,True,correct
wheaten_terrier_132,wheaten_terrier,dog,0.4,0.0585,wheaten_terrier,True,dog,True,correct
wheaten_terrier_132,wheaten_terrier,dog,0.5,0.0462,wheaten_terrier,True,dog,True,correct
wheaten_terrier_132,wheaten_terrier,dog,0.6,0.0655,wheaten_terrier,True,dog,True,correct
wheaten_terrier_132,wheaten_terrier,dog,0.7,0.0685,wheaten_terrier,True,dog,True,correct
wheaten_terrier_132,wheaten_terrier,dog,0.8,0.0665,wheaten_terrier,True,dog,True,correct
wheaten_terrier_132,wheaten_terrier,dog,0.9,0.087,wheaten_terrier,True,dog,True,correct
wheaten_terrier_132,wheaten_terrier,dog,1.0,0.0827,wheaten_terrier,True,dog,True,correct
american_pit_bull_terrier_179,american_pit_bull_terrier,dog,0.0,0.0,boxer,False,dog,True,within_superclass
american_pit_bull_terrier_179,american_pit_bull_terrier,dog,0.1,0.0467,boxer,False,dog,True,within_superclass
american_pit_bull_terrier_179,american_pit_bull_terrier,dog,0.2,0.0518,boxer,False,dog,True,within_superclass
american_pit_bull_terrier_179,american_pit_bull_terrier,dog,0.3,0.0599,boxer,False,dog,True,within_superclass
american_pit_bull_terrier_179,american_pit_bull_terrier,dog,0.4,0.0768,boxer,False,dog,True,within_superclass
american_pit_bull_terrier_179,american_pit_bull_terrier,dog,0.5,0.119,boxer,False,dog,True,within_superclass
american_pit_bull_terrier_179,american_pit_bull_terrier,dog,0.6,0.133,staffordshire_bull_terrier,False,dog,True,within_superclass
american_pit_bull_terrier_179,american_pit_bull_terrier,dog,0.7,0.1424,staffordshire_bull_terrier,False,dog,True,within_superclass
american_pit_bull_terrier_179,american_pit_bull_terrier,dog,0.8,0.1858,staffordshire_bull_terrier,False,dog,True,within_superclass
american_pit_bull_terrier_179,american_pit_bull_terrier,dog,0.9,0.1603,staffordshire_bull_terrier,False,dog,True,within_superclass
american_pit_bull_terrier_179,american_pit_bull_terrier,dog,1.0,0.1818,staffordshire_bull_terrier,False,dog,True,within_superclass
samoyed_178,samoyed,dog,0.0,0.0,samoyed,True,dog,True,correct
samoyed_178,samoyed,dog,0.1,0.0379,samoyed,True,dog,True,correct
samoyed_178,samoyed,dog,0.2,0.0349,samoyed,True,dog,True,correct
samoyed_178,samoyed,dog,0.3,0.0462,samoyed,True,dog,True,correct
samoyed_178,samoyed,dog,0.4,0.049,samoyed,True,dog,True,correct
samoyed_178,samoyed,dog,0.5,0.0651,samoyed,True,dog,True,correct
samoyed_178,samoyed,dog,0.6,0.0935,samoyed,True,dog,True,correct
samoyed_178,samoyed,dog,0.7,0.1067,samoyed,True,dog,True,correct
samoyed_178,samoyed,dog,0.8,0.1209,samoyed,True,dog,True,correct
samoyed_178,samoyed,dog,0.9,0.1362,samoyed,True,dog,True,correct
samoyed_178,samoyed,dog,1.0,0.1793,samoyed,True,dog,True,correct
pomeranian_157,pomeranian,dog,0.0,0.0,pomeranian,True,dog,True,correct
pomeranian_157,pomeranian,dog,0.1,0.0501,pomeranian,True,dog,True,correct
pomeranian_157,pomeranian,dog,0.2,0.0427,pomeranian,True,dog,True,correct
pomeranian_157,pomeranian,dog,0.3,0.0636,pomeranian,True,dog,True,correct
pomeranian_157,pomeranian,dog,0.4,0.0502,pomeranian,True,dog,True,correct
pomeranian_157,pomeranian,dog,0.5,0.0603,pomeranian,True,dog,True,correct
pomeranian_157,pomeranian,dog,0.6,0.0729,pomeranian,True,dog,True,correct
pomeranian_157,pomeranian,dog,0.7,0.0793,pomeranian,True,dog,True,correct
pomeranian_157,pomeranian,dog,0.8,0.0858,pomeranian,True,dog,True,correct
pomeranian_157,pomeranian,dog,0.9,0.0893,pomeranian,True,dog,True,correct
pomeranian_157,pomeranian,dog,1.0,0.1876,pomeranian,True,dog,True,correct
Bombay_148,bombay,cat,0.0,0.0,persian,False,cat,True,within_superclass
Bombay_148,bombay,cat,0.1,0.066,persian,False,cat,True,within_superclass
Bombay_148,bombay,cat,0.2,0.0498,persian,False,cat,True,within_superclass
Bombay_148,bombay,cat,0.3,0.0629,scottish_terrier,False,cat,True,within_superclass
Bombay_148,bombay,cat,0.4,0.0497,persian,False,cat,True,within_superclass
Bombay_148,bombay,cat,0.5,0.0713,sphynx,False,cat,True,within_superclass
Bombay_148,bombay,cat,0.6,0.0886,persian,False,cat,True,within_superclass
Bombay_148,bombay,cat,0.7,0.1144,sphynx,False,cat,True,within_superclass
Bombay_148,bombay,cat,0.8,0.1196,sphynx,False,cat,True,within_superclass
Bombay_148,bombay,cat,0.9,0.1517,german_shorthaired,False,cat,True,within_superclass
Bombay_148,bombay,cat,1.0,0.1727,german_shorthaired,False,dog,False,cross_superclass
newfoundland_184,newfoundland,dog,0.0,0.0,newfoundland,True,dog,True,correct
newfoundland_184,newfoundland,dog,0.1,0.0626,newfoundland,True,dog,True,correct
newfoundland_184,newfoundland,dog,0.2,0.058,newfoundland,True,dog,True,correct
newfoundland_184,newfoundland,dog,0.3,0.0737,english_cocker_spaniel,False,dog,True,within_superclass
newfoundland_184,newfoundland,dog,0.4,0.0869,english_cocker_spaniel,False,dog,True,within_superclass
newfoundland_184,newfoundland,dog,0.5,0.0878,newfoundland,True,dog,True,correct
newfoundland_184,newfoundland,dog,0.6,0.0967,newfoundland,True,dog,True,correct
newfoundland_184,newfoundland,dog,0.7,0.0963,newfoundland,True,dog,True,correct
newfoundland_184,newfoundland,dog,0.8,0.099,newfoundland,True,dog,True,correct
newfoundland_184,newfoundland,dog,0.9,0.0933,newfoundland,True,dog,True,correct
newfoundland_184,newfoundland,dog,1.0,0.1035,newfoundland,True,dog,True,correct
basset_hound_158,basset_hound,dog,0.0,0.0,basset_hound,True,dog,True,correct
basset_hound_158,basset_hound,dog,0.1,0.0303,basset_hound,True,dog,True,correct
basset_hound_158,basset_hound,dog,0.2,0.0339,basset_hound,True,dog,True,correct
basset_hound_158,basset_hound,dog,0.3,0.0507,basset_hound,True,dog,True,correct
basset_hound_158,basset_hound,dog,0.4,0.0582,basset_hound,True,dog,True,correct
basset_hound_158,basset_hound,dog,0.5,0.0871,basset_hound,True,dog,True,correct
basset_hound_158,basset_hound,dog,0.6,0.0901,basset_hound,True,dog,True,correct
basset_hound_158,basset_hound,dog,0.7,0.0982,basset_hound,True,dog,True,correct
basset_hound_158,basset_hound,dog,0.8,0.1257,basset_hound,True,dog,True,correct
basset_hound_158,basset_hound,dog,0.9,0.1184,basset_hound,True,dog,True,correct
basset_hound_158,basset_hound,dog,1.0,0.1705,basset_hound,True,dog,True,correct
scottish_terrier_120,scottish_terrier,dog,0.0,0.0,scottish_terrier,True,dog,True,correct
scottish_terrier_120,scottish_terrier,dog,0.1,0.0115,scottish_terrier,True,dog,True,correct
scottish_terrier_120,scottish_terrier,dog,0.2,0.0129,scottish_terrier,True,dog,True,correct
scottish_terrier_120,scottish_terrier,dog,0.3,0.0139,scottish_terrier,True,dog,True,correct
scottish_terrier_120,scottish_terrier,dog,0.4,0.0198,scottish_terrier,True,dog,True,correct
scottish_terrier_120,scottish_terrier,dog,0.5,0.0286,scottish_terrier,True,dog,True,correct
scottish_terrier_120,scottish_terrier,dog,0.6,0.0383,scottish_terrier,True,dog,True,correct
scottish_terrier_120,scottish_terrier,dog,0.7,0.0416,scottish_terrier,True,dog,True,correct
scottish_terrier_120,scottish_terrier,dog,0.8,0.0546,scottish_terrier,True,dog,True,correct
scottish_terrier_120,scottish_terrier,dog,0.9,0.067,scottish_terrier,True,dog,True,correct
scottish_terrier_120,scottish_terrier,dog,1.0,0.061,scottish_terrier,True,dog,True,correct
saint_bernard_105,saint_bernard,dog,0.0,0.0,saint_bernard,True,dog,True,correct
saint_bernard_105,saint_bernard,dog,0.1,0.0208,saint_bernard,True,dog,True,correct
saint_bernard_105,saint_bernard,dog,0.2,0.0186,saint_bernard,True,dog,True,correct
saint_bernard_105,saint_bernard,dog,0.3,0.0324,saint_bernard,True,dog,True,correct
saint_bernard_105,saint_bernard,dog,0.4,0.0504,saint_bernard,True,dog,True,correct
saint_bernard_105,saint_bernard,dog,0.5,0.0828,saint_bernard,True,dog,True,correct
saint_bernard_105,saint_bernard,dog,0.6,0.1181,saint_bernard,True,dog,True,correct
saint_bernard_105,saint_bernard,dog,0.7,0.0969,saint_bernard,True,dog,True,correct
saint_bernard_105,saint_bernard,dog,0.8,0.1496,saint_bernard,True,dog,True,correct
saint_bernard_105,saint_bernard,dog,0.9,0.1139,saint_bernard,True,dog,True,correct
saint_bernard_105,saint_bernard,dog,1.0,0.1237,saint_bernard,True,dog,True,correct
american_bulldog_105,american_bulldog,dog,0.0,0.0,american_bulldog,True,dog,True,correct
american_bulldog_105,american_bulldog,dog,0.1,0.0578,american_bulldog,True,dog,True,correct
american_bulldog_105,american_bulldog,dog,0.2,0.0238,american_bulldog,True,dog,True,correct
american_bulldog_105,american_bulldog,dog,0.3,0.0285,american_pit_bull_terrier,False,dog,True,within_superclass
american_bulldog_105,american_bulldog,dog,0.4,0.0496,american_pit_bull_terrier,False,dog,True,within_superclass
american_bulldog_105,american_bulldog,dog,0.5,0.0472,american_pit_bull_terrier,False,dog,True,within_superclass
american_bulldog_105,american_bulldog,dog,0.6,0.0532,american_pit_bull_terrier,False,dog,True,within_superclass
american_bulldog_105,american_bulldog,dog,0.7,0.053,american_pit_bull_terrier,False,dog,True,within_superclass
american_bulldog_105,american_bulldog,dog,0.8,0.0734,american_pit_bull_terrier,False,dog,True,within_superclass
american_bulldog_105,american_bulldog,dog,0.9,0.0758,american_pit_bull_terrier,False,dog,True,within_superclass
american_bulldog_105,american_bulldog,dog,1.0,0.0945,american_pit_bull_terrier,False,dog,True,within_superclass
British_Shorthair_124,british_shorthair,cat,0.0,0.0,british_shorthair,True,cat,True,correct
British_Shorthair_124,british_shorthair,cat,0.1,0.0391,british_shorthair,True,cat,True,correct
British_Shorthair_124,british_shorthair,cat,0.2,0.0545,british_shorthair,True,cat,True,correct
British_Shorthair_124,british_shorthair,cat,0.3,0.0546,british_shorthair,True,cat,True,correct
British_Shorthair_124,british_shorthair,cat,0.4,0.0839,british_shorthair,True,cat,True,correct
British_Shorthair_124,british_shorthair,cat,0.5,0.0724,british_shorthair,True,cat,True,correct
British_Shorthair_124,british_shorthair,cat,0.6,0.0919,british_shorthair,True,cat,True,correct
British_Shorthair_124,british_shorthair,cat,0.7,0.1217,british_shorthair,True,cat,True,correct
British_Shorthair_124,british_shorthair,cat,0.8,0.1134,british_shorthair,True,cat,True,correct
British_Shorthair_124,british_shorthair,cat,0.9,0.1295,british_shorthair,True,cat,True,correct
British_Shorthair_124,british_shorthair,cat,1.0,0.1733,british_shorthair,True,cat,True,correct
yorkshire_terrier_115,yorkshire_terrier,dog,0.0,0.0,yorkshire_terrier,True,dog,True,correct
yorkshire_terrier_115,yorkshire_terrier,dog,0.1,0.058,yorkshire_terrier,True,dog,True,correct
yorkshire_terrier_115,yorkshire_terrier,dog,0.2,0.0702,yorkshire_terrier,True,dog,True,correct
yorkshire_terrier_115,yorkshire_terrier,dog,0.3,0.089,yorkshire_terrier,True,dog,True,correct
yorkshire_terrier_115,yorkshire_terrier,dog,0.4,0.0977,yorkshire_terrier,True,dog,True,correct
yorkshire_terrier_115,yorkshire_terrier,dog,0.5,0.1213,yorkshire_terrier,True,dog,True,correct
yorkshire_terrier_115,yorkshire_terrier,dog,0.6,0.1389,yorkshire_terrier,True,dog,True,correct
yorkshire_terrier_115,yorkshire_terrier,dog,0.7,0.1261,yorkshire_terrier,True,dog,True,correct
yorkshire_terrier_115,yorkshire_terrier,dog,0.8,0.1733,yorkshire_terrier,True,dog,True,correct
yorkshire_terrier_115,yorkshire_terrier,dog,0.9,0.1762,yorkshire_terrier,True,dog,True,correct
yorkshire_terrier_115,yorkshire_terrier,dog,1.0,0.1922,yorkshire_terrier,True,dog,True,correct
saint_bernard_141,saint_bernard,dog,0.0,0.0,saint_bernard,True,dog,True,correct
saint_bernard_141,saint_bernard,dog,0.1,0.049,saint_bernard,True,dog,True,correct
saint_bernard_141,saint_bernard,dog,0.2,0.0347,saint_bernard,True,dog,True,correct
saint_bernard_141,saint_bernard,dog,0.3,0.0588,saint_bernard,True,dog,True,correct
saint_bernard_141,saint_bernard,dog,0.4,0.0778,saint_bernard,True,dog,True,correct
saint_bernard_141,saint_bernard,dog,0.5,0.0808,saint_bernard,True,dog,True,correct
saint_bernard_141,saint_bernard,dog,0.6,0.0819,saint_bernard,True,dog,True,correct
saint_bernard_141,saint_bernard,dog,0.7,0.0939,saint_bernard,True,dog,True,correct
saint_bernard_141,saint_bernard,dog,0.8,0.0851,saint_bernard,True,dog,True,correct
saint_bernard_141,saint_bernard,dog,0.9,0.0962,saint_bernard,True,dog,True,correct
saint_bernard_141,saint_bernard,dog,1.0,0.1227,saint_bernard,True,dog,True,correct
Bombay_115,bombay,cat,0.0,0.0,russian_blue,False,cat,True,within_superclass
Bombay_115,bombay,cat,0.1,0.0312,russian_blue,False,cat,True,within_superclass
Bombay_115,bombay,cat,0.2,0.0363,siamese,False,cat,True,within_superclass
Bombay_115,bombay,cat,0.3,0.0375,russian_blue,False,cat,True,within_superclass
Bombay_115,bombay,cat,0.4,0.0493,british_shorthair,False,cat,True,within_superclass
Bombay_115,bombay,cat,0.5,0.0648,british_shorthair,False,cat,True,within_superclass
Bombay_115,bombay,cat,0.6,0.0564,british_shorthair,False,cat,True,within_superclass
Bombay_115,bombay,cat,0.7,0.0651,british_shorthair,False,cat,True,within_superclass
Bombay_115,bombay,cat,0.8,0.075,british_shorthair,False,cat,True,within_superclass
Bombay_115,bombay,cat,0.9,0.0622,british_shorthair,False,cat,True,within_superclass
Bombay_115,bombay,cat,1.0,0.0672,british_shorthair,False,cat,True,within_superclass
pug_115,pug,dog,0.0,0.0,pug,True,dog,True,correct
pug_115,pug,dog,0.1,0.0096,pug,True,dog,True,correct
pug_115,pug,dog,0.2,0.0179,pug,True,dog,True,correct
pug_115,pug,dog,0.3,0.0348,pug,True,dog,True,correct
pug_115,pug,dog,0.4,0.0382,pug,True,dog,True,correct
pug_115,pug,dog,0.5,0.049,pug,True,dog,True,correct
pug_115,pug,dog,0.6,0.0555,pug,True,dog,True,correct
pug_115,pug,dog,0.7,0.07,pug,True,dog,True,correct
pug_115,pug,dog,0.8,0.0596,pug,True,dog,True,correct
pug_115,pug,dog,0.9,0.0732,pug,True,dog,True,correct
pug_115,pug,dog,1.0,0.0698,pug,True,dog,True,correct
keeshond_18,keeshond,dog,0.0,0.0,keeshond,True,dog,True,correct
keeshond_18,keeshond,dog,0.1,0.0289,keeshond,True,dog,True,correct
keeshond_18,keeshond,dog,0.2,0.0231,keeshond,True,dog,True,correct
keeshond_18,keeshond,dog,0.3,0.0394,keeshond,True,dog,True,correct
keeshond_18,keeshond,dog,0.4,0.0487,keeshond,True,dog,True,correct
keeshond_18,keeshond,dog,0.5,0.0626,keeshond,True,dog,True,correct
keeshond_18,keeshond,dog,0.6,0.0731,keeshond,True,dog,True,correct
keeshond_18,keeshond,dog,0.7,0.0934,keeshond,True,dog,True,correct
keeshond_18,keeshond,dog,0.8,0.1095,keeshond,True,dog,True,correct
keeshond_18,keeshond,dog,0.9,0.144,keeshond,True,dog,True,correct
keeshond_18,keeshond,dog,1.0,0.138,keeshond,True,dog,True,correct
english_cocker_spaniel_188,english_cocker_spaniel,dog,0.0,0.0,english_cocker_spaniel,True,dog,True,correct
english_cocker_spaniel_188,english_cocker_spaniel,dog,0.1,0.0471,english_cocker_spaniel,True,dog,True,correct
english_cocker_spaniel_188,english_cocker_spaniel,dog,0.2,0.028,english_cocker_spaniel,True,dog,True,correct
english_cocker_spaniel_188,english_cocker_spaniel,dog,0.3,0.0346,english_cocker_spaniel,True,dog,True,correct
english_cocker_spaniel_188,english_cocker_spaniel,dog,0.4,0.0428,english_cocker_spaniel,True,dog,True,correct
english_cocker_spaniel_188,english_cocker_spaniel,dog,0.5,0.0539,english_cocker_spaniel,True,dog,True,correct
english_cocker_spaniel_188,english_cocker_spaniel,dog,0.6,0.0796,english_cocker_spaniel,True,dog,True,correct
english_cocker_spaniel_188,english_cocker_spaniel,dog,0.7,0.0935,english_cocker_spaniel,True,dog,True,correct
english_cocker_spaniel_188,english_cocker_spaniel,dog,0.8,0.1105,english_cocker_spaniel,True,dog,True,correct
english_cocker_spaniel_188,english_cocker_spaniel,dog,0.9,0.1127,english_cocker_spaniel,True,dog,True,correct
english_cocker_spaniel_188,english_cocker_spaniel,dog,1.0,0.1373,english_cocker_spaniel,True,dog,True,correct
samoyed_138,samoyed,dog,0.0,0.0,samoyed,True,dog,True,correct
samoyed_138,samoyed,dog,0.1,0.0273,samoyed,True,dog,True,correct
samoyed_138,samoyed,dog,0.2,0.0433,samoyed,True,dog,True,correct
samoyed_138,samoyed,dog,0.3,0.0683,samoyed,True,dog,True,correct
samoyed_138,samoyed,dog,0.4,0.1178,samoyed,True,dog,True,correct
samoyed_138,samoyed,dog,0.5,0.1354,samoyed,True,dog,True,correct
samoyed_138,samoyed,dog,0.6,0.1682,samoyed,True,dog,True,correct
samoyed_138,samoyed,dog,0.7,0.1879,samoyed,True,dog,True,correct
samoyed_138,samoyed,dog,0.8,0.1796,samoyed,True,dog,True,correct
samoyed_138,samoyed,dog,0.9,0.1951,samoyed,True,dog,True,correct
samoyed_138,samoyed,dog,1.0,0.2168,samoyed,True,dog,True,correct
leonberger_171,leonberger,dog,0.0,0.0,leonberger,True,dog,True,correct
leonberger_171,leonberger,dog,0.1,0.0233,leonberger,True,dog,True,correct
leonberger_171,leonberger,dog,0.2,0.0271,leonberger,True,dog,True,correct
leonberger_171,leonberger,dog,0.3,0.0346,leonberger,True,dog,True,correct
leonberger_171,leonberger,dog,0.4,0.0393,leonberger,True,dog,True,correct
leonberger_171,leonberger,dog,0.5,0.0473,leonberger,True,dog,True,correct
leonberger_171,leonberger,dog,0.6,0.0643,leonberger,True,dog,True,correct
leonberger_171,leonberger,dog,0.7,0.0704,leonberger,True,dog,True,correct
leonberger_171,leonberger,dog,0.8,0.1028,leonberger,True,dog,True,correct
leonberger_171,leonberger,dog,0.9,0.07,leonberger,True,dog,True,correct
leonberger_171,leonberger,dog,1.0,0.0822,leonberger,True,dog,True,correct
chihuahua_171,chihuahua,dog,0.0,0.0,miniature_pinscher,False,dog,True,within_superclass
chihuahua_171,chihuahua,dog,0.1,0.0374,chihuahua,True,dog,True,correct
chihuahua_171,chihuahua,dog,0.2,0.0652,chihuahua,True,dog,True,correct
chihuahua_171,chihuahua,dog,0.3,0.0901,chihuahua,True,dog,True,correct
chihuahua_171,chihuahua,dog,0.4,0.0931,chihuahua,True,dog,True,correct
chihuahua_171,chihuahua,dog,0.5,0.08,chihuahua,True,dog,True,correct
chihuahua_171,chihuahua,dog,0.6,0.0907,chihuahua,True,dog,True,correct
chihuahua_171,chihuahua,dog,0.7,0.0792,chihuahua,True,dog,True,correct
chihuahua_171,chihuahua,dog,0.8,0.0909,chihuahua,True,dog,True,correct
chihuahua_171,chihuahua,dog,0.9,0.0959,chihuahua,True,dog,True,correct
chihuahua_171,chihuahua,dog,1.0,0.1125,chihuahua,True,dog,True,correct
newfoundland_129,newfoundland,dog,0.0,0.0,newfoundland,True,dog,True,correct
newfoundland_129,newfoundland,dog,0.1,0.0729,english_cocker_spaniel,False,dog,True,within_superclass
newfoundland_129,newfoundland,dog,0.2,0.0367,newfoundland,True,dog,True,correct
newfoundland_129,newfoundland,dog,0.3,0.035,newfoundland,True,dog,True,correct
newfoundland_129,newfoundland,dog,0.4,0.0492,leonberger,False,dog,True,within_superclass
newfoundland_129,newfoundland,dog,0.5,0.0428,newfoundland,True,dog,True,correct
newfoundland_129,newfoundland,dog,0.6,0.0662,english_cocker_spaniel,False,dog,True,within_superclass
newfoundland_129,newfoundland,dog,0.7,0.0714,newfoundland,True,dog,True,correct
newfoundland_129,newfoundland,dog,0.8,0.0902,newfoundland,True,dog,True,correct
newfoundland_129,newfoundland,dog,0.9,0.1306,english_cocker_spaniel,False,dog,True,within_superclass
newfoundland_129,newfoundland,dog,1.0,0.1212,newfoundland,True,dog,True,correct
keeshond_141,keeshond,dog,0.0,0.0,keeshond,True,dog,True,correct
keeshond_141,keeshond,dog,0.1,0.0193,keeshond,True,dog,True,correct
keeshond_141,keeshond,dog,0.2,0.0215,keeshond,True,dog,True,correct
keeshond_141,keeshond,dog,0.3,0.0294,keeshond,True,dog,True,correct
keeshond_141,keeshond,dog,0.4,0.0372,keeshond,True,dog,True,correct
keeshond_141,keeshond,dog,0.5,0.0426,keeshond,True,dog,True,correct
keeshond_141,keeshond,dog,0.6,0.043,keeshond,True,dog,True,correct
keeshond_141,keeshond,dog,0.7,0.0597,keeshond,True,dog,True,correct
keeshond_141,keeshond,dog,0.8,0.0693,keeshond,True,dog,True,correct
keeshond_141,keeshond,dog,0.9,0.0624,keeshond,True,dog,True,correct
keeshond_141,keeshond,dog,1.0,0.0965,keeshond,True,dog,True,correct
leonberger_124,leonberger,dog,0.0,0.0,leonberger,True,dog,True,correct
leonberger_124,leonberger,dog,0.1,0.0601,leonberger,True,dog,True,correct
leonberger_124,leonberger,dog,0.2,0.0494,leonberger,True,dog,True,correct
leonberger_124,leonberger,dog,0.3,0.0599,leonberger,True,dog,True,correct
leonberger_124,leonberger,dog,0.4,0.068,leonberger,True,dog,True,correct
leonberger_124,leonberger,dog,0.5,0.076,leonberger,True,dog,True,correct
leonberger_124,leonberger,dog,0.6,0.0831,leonberger,True,dog,True,correct
leonberger_124,leonberger,dog,0.7,0.0757,pomeranian,False,dog,True,within_superclass
leonberger_124,leonberger,dog,0.8,0.0822,pomeranian,False,dog,True,within_superclass
leonberger_124,leonberger,dog,0.9,0.0913,english_cocker_spaniel,False,dog,True,within_superclass
leonberger_124,leonberger,dog,1.0,0.0983,pomeranian,False,dog,True,within_superclass
saint_bernard_178,saint_bernard,dog,0.0,0.0,saint_bernard,True,dog,True,correct
saint_bernard_178,saint_bernard,dog,0.1,0.0389,saint_bernard,True,dog,True,correct
saint_bernard_178,saint_bernard,dog,0.2,0.0609,saint_bernard,True,dog,True,correct
saint_bernard_178,saint_bernard,dog,0.3,0.0425,saint_bernard,True,dog,True,correct
saint_bernard_178,saint_bernard,dog,0.4,0.0535,saint_bernard,True,dog,True,correct
saint_bernard_178,saint_bernard,dog,0.5,0.0476,saint_bernard,True,dog,True,correct
saint_bernard_178,saint_bernard,dog,0.6,0.0603,saint_bernard,True,dog,True,correct
saint_bernard_178,saint_bernard,dog,0.7,0.0602,saint_bernard,True,dog,True,correct
saint_bernard_178,saint_bernard,dog,0.8,0.0587,saint_bernard,True,dog,True,correct
saint_bernard_178,saint_bernard,dog,0.9,0.0691,saint_bernard,True,dog,True,correct
saint_bernard_178,saint_bernard,dog,1.0,0.0797,saint_bernard,True,dog,True,correct
saint_bernard_146,saint_bernard,dog,0.0,0.0,saint_bernard,True,dog,True,correct
saint_bernard_146,saint_bernard,dog,0.1,0.0234,saint_bernard,True,dog,True,correct
saint_bernard_146,saint_bernard,dog,0.2,0.0265,saint_bernard,True,dog,True,correct
saint_bernard_146,saint_bernard,dog,0.3,0.0306,saint_bernard,True,dog,True,correct
saint_bernard_146,saint_bernard,dog,0.4,0.0425,saint_bernard,True,dog,True,correct
saint_bernard_146,saint_bernard,dog,0.5,0.0454,saint_bernard,True,dog,True,correct
saint_bernard_146,saint_bernard,dog,0.6,0.0534,saint_bernard,True,dog,True,correct
saint_bernard_146,saint_bernard,dog,0.7,0.0784,saint_bernard,True,dog,True,correct
saint_bernard_146,saint_bernard,dog,0.8,0.086,saint_bernard,True,dog,True,correct
saint_bernard_146,saint_bernard,dog,0.9,0.092,saint_bernard,True,dog,True,correct
saint_bernard_146,saint_bernard,dog,1.0,0.17,saint_bernard,True,dog,True,correct
english_setter_115,english_setter,dog,0.0,0.0,havanese,False,dog,True,within_superclass
english_setter_115,english_setter,dog,0.1,0.0498,havanese,False,dog,True,within_superclass
english_setter_115,english_setter,dog,0.2,0.0923,english_cocker_spaniel,False,dog,True,within_superclass
english_setter_115,english_setter,dog,0.3,0.0862,english_cocker_spaniel,False,dog,True,within_superclass
english_setter_115,english_setter,dog,0.4,0.097,english_cocker_spaniel,False,dog,True,within_superclass
english_setter_115,english_setter,dog,0.5,0.1282,english_cocker_spaniel,False,dog,True,within_superclass
english_setter_115,english_setter,dog,0.6,0.1208,english_cocker_spaniel,False,dog,True,within_superclass
english_setter_115,english_setter,dog,0.7,0.1659,english_cocker_spaniel,False,dog,True,within_superclass
english_setter_115,english_setter,dog,0.8,0.1714,english_cocker_spaniel,False,dog,True,within_superclass
english_setter_115,english_setter,dog,0.9,0.1662,english_cocker_spaniel,False,dog,True,within_superclass
english_setter_115,english_setter,dog,1.0,0.1645,english_cocker_spaniel,False,dog,True,within_superclass
pomeranian_123,pomeranian,dog,0.0,0.0,pomeranian,True,dog,True,correct
pomeranian_123,pomeranian,dog,0.1,0.0776,pomeranian,True,dog,True,correct
pomeranian_123,pomeranian,dog,0.2,0.071,pomeranian,True,dog,True,correct
pomeranian_123,pomeranian,dog,0.3,0.0991,pomeranian,True,dog,True,correct
pomeranian_123,pomeranian,dog,0.4,0.1107,pomeranian,True,dog,True,correct
pomeranian_123,pomeranian,dog,0.5,0.1347,pomeranian,True,dog,True,correct
pomeranian_123,pomeranian,dog,0.6,0.1716,pomeranian,True,dog,True,correct
pomeranian_123,pomeranian,dog,0.7,0.1646,pomeranian,True,dog,True,correct
pomeranian_123,pomeranian,dog,0.8,0.2229,pomeranian,True,dog,True,correct
pomeranian_123,pomeranian,dog,0.9,0.2238,pomeranian,True,dog,True,correct
pomeranian_123,pomeranian,dog,1.0,0.2022,pomeranian,True,dog,True,correct
Bengal_112,bengal,cat,0.0,0.0,bengal,True,cat,True,correct
Bengal_112,bengal,cat,0.1,0.0195,bengal,True,cat,True,correct
Bengal_112,bengal,cat,0.2,0.0284,bengal,True,cat,True,correct
Bengal_112,bengal,cat,0.3,0.0395,bengal,True,cat,True,correct
Bengal_112,bengal,cat,0.4,0.0478,bengal,True,cat,True,correct
Bengal_112,bengal,cat,0.5,0.0562,bengal,True,cat,True,correct
Bengal_112,bengal,cat,0.6,0.0649,bengal,True,cat,True,correct
Bengal_112,bengal,cat,0.7,0.1059,bengal,True,cat,True,correct
Bengal_112,bengal,cat,0.8,0.1084,bengal,True,cat,True,correct
Bengal_112,bengal,cat,0.9,0.0986,bengal,True,cat,True,correct
Bengal_112,bengal,cat,1.0,0.1086,bengal,True,cat,True,correct
english_setter_158,english_setter,dog,0.0,0.0,english_setter,True,dog,True,correct
english_setter_158,english_setter,dog,0.1,0.0273,english_setter,True,dog,True,correct
english_setter_158,english_setter,dog,0.2,0.0374,english_setter,True,dog,True,correct
english_setter_158,english_setter,dog,0.3,0.0609,english_setter,True,dog,True,correct
english_setter_158,english_setter,dog,0.4,0.0821,english_setter,True,dog,True,correct
english_setter_158,english_setter,dog,0.5,0.1122,english_setter,True,dog,True,correct
english_setter_158,english_setter,dog,0.6,0.0953,english_setter,True,dog,True,correct
english_setter_158,english_setter,dog,0.7,0.0884,english_setter,True,dog,True,correct
english_setter_158,english_setter,dog,0.8,0.0988,english_setter,True,dog,True,correct
english_setter_158,english_setter,dog,0.9,0.1017,english_setter,True,dog,True,correct
english_setter_158,english_setter,dog,1.0,0.1022,german_shorthaired,False,dog,True,within_superclass
Ragdoll_119,ragdoll,cat,0.0,0.0,birman,False,cat,True,within_superclass
Ragdoll_119,ragdoll,cat,0.1,0.0154,birman,False,cat,True,within_superclass
Ragdoll_119,ragdoll,cat,0.2,0.0242,birman,False,cat,True,within_superclass
Ragdoll_119,ragdoll,cat,0.3,0.035,birman,False,cat,True,within_superclass
Ragdoll_119,ragdoll,cat,0.4,0.0409,birman,False,cat,True,within_superclass
Ragdoll_119,ragdoll,cat,0.5,0.0459,birman,False,cat,True,within_superclass
Ragdoll_119,ragdoll,cat,0.6,0.0766,birman,False,cat,True,within_superclass
Ragdoll_119,ragdoll,cat,0.7,0.0676,birman,False,cat,True,within_superclass
Ragdoll_119,ragdoll,cat,0.8,0.0745,birman,False,cat,True,within_superclass
Ragdoll_119,ragdoll,cat,0.9,0.0846,birman,False,cat,True,within_superclass
Ragdoll_119,ragdoll,cat,1.0,0.0834,birman,False,cat,True,within_superclass
american_bulldog_186,american_bulldog,dog,0.0,0.0,american_bulldog,True,dog,True,correct
american_bulldog_186,american_bulldog,dog,0.1,0.0324,american_bulldog,True,dog,True,correct
american_bulldog_186,american_bulldog,dog,0.2,0.0258,american_bulldog,True,dog,True,correct
american_bulldog_186,american_bulldog,dog,0.3,0.0397,american_bulldog,True,dog,True,correct
american_bulldog_186,american_bulldog,dog,0.4,0.0523,american_bulldog,True,dog,True,correct
american_bulldog_186,american_bulldog,dog,0.5,0.0582,american_bulldog,True,dog,True,correct
american_bulldog_186,american_bulldog,dog,0.6,0.0625,american_bulldog,True,dog,True,correct
american_bulldog_186,american_bulldog,dog,0.7,0.0833,american_bulldog,True,dog,True,correct
american_bulldog_186,american_bulldog,dog,0.8,0.0806,american_bulldog,True,dog,True,correct
american_bulldog_186,american_bulldog,dog,0.9,0.0971,american_bulldog,True,dog,True,correct
american_bulldog_186,american_bulldog,dog,1.0,0.0879,american_bulldog,True,dog,True,correct
leonberger_108,leonberger,dog,0.0,0.0,leonberger,True,dog,True,correct
leonberger_108,leonberger,dog,0.1,0.025,leonberger,True,dog,True,correct
leonberger_108,leonberger,dog,0.2,0.0282,leonberger,True,dog,True,correct
leonberger_108,leonberger,dog,0.3,0.0223,leonberger,True,dog,True,correct
leonberger_108,leonberger,dog,0.4,0.0336,leonberger,True,dog,True,correct
leonberger_108,leonberger,dog,0.5,0.0426,leonberger,True,dog,True,correct
leonberger_108,leonberger,dog,0.6,0.0395,leonberger,True,dog,True,correct
leonberger_108,leonberger,dog,0.7,0.053,leonberger,True,dog,True,correct
leonberger_108,leonberger,dog,0.8,0.0476,leonberger,True,dog,True,correct
leonberger_108,leonberger,dog,0.9,0.0739,leonberger,True,dog,True,correct
leonberger_108,leonberger,dog,1.0,0.0917,leonberger,True,dog,True,correct
american_pit_bull_terrier_154,american_pit_bull_terrier,dog,0.0,0.0,american_pit_bull_terrier,True,dog,True,correct
american_pit_bull_terrier_154,american_pit_bull_terrier,dog,0.1,0.0386,american_pit_bull_terrier,True,dog,True,correct
american_pit_bull_terrier_154,american_pit_bull_terrier,dog,0.2,0.0815,american_pit_bull_terrier,True,dog,True,correct
american_pit_bull_terrier_154,american_pit_bull_terrier,dog,0.3,0.1041,american_pit_bull_terrier,True,dog,True,correct
american_pit_bull_terrier_154,american_pit_bull_terrier,dog,0.4,0.1426,american_pit_bull_terrier,True,dog,True,correct
american_pit_bull_terrier_154,american_pit_bull_terrier,dog,0.5,0.0926,american_pit_bull_terrier,True,dog,True,correct
american_pit_bull_terrier_154,american_pit_bull_terrier,dog,0.6,0.1184,american_pit_bull_terrier,True,dog,True,correct
american_pit_bull_terrier_154,american_pit_bull_terrier,dog,0.7,0.1341,american_pit_bull_terrier,True,dog,True,correct
american_pit_bull_terrier_154,american_pit_bull_terrier,dog,0.8,0.1367,american_pit_bull_terrier,True,dog,True,correct
american_pit_bull_terrier_154,american_pit_bull_terrier,dog,0.9,0.1657,chihuahua,False,dog,True,within_superclass
american_pit_bull_terrier_154,american_pit_bull_terrier,dog,1.0,0.1804,chihuahua,False,dog,True,within_superclass
japanese_chin_155,japanese_chin,dog,0.0,0.0,japanese_chin,True,dog,True,correct
japanese_chin_155,japanese_chin,dog,0.1,0.0197,japanese_chin,True,dog,True,correct
japanese_chin_155,japanese_chin,dog,0.2,0.0275,japanese_chin,True,dog,True,correct
japanese_chin_155,japanese_chin,dog,0.3,0.0431,japanese_chin,True,dog,True,correct
japanese_chin_155,japanese_chin,dog,0.4,0.0574,japanese_chin,True,dog,True,correct
japanese_chin_155,japanese_chin,dog,0.5,0.0561,japanese_chin,True,dog,True,correct
japanese_chin_155,japanese_chin,dog,0.6,0.0814,japanese_chin,True,dog,True,correct
japanese_chin_155,japanese_chin,dog,0.7,0.0809,japanese_chin,True,dog,True,correct
japanese_chin_155,japanese_chin,dog,0.8,0.1052,japanese_chin,True,dog,True,correct
japanese_chin_155,japanese_chin,dog,0.9,0.1239,japanese_chin,True,dog,True,correct
japanese_chin_155,japanese_chin,dog,1.0,0.0997,japanese_chin,True,dog,True,correct
Sphynx_176,sphynx,cat,0.0,0.0,sphynx,True,cat,True,correct
Sphynx_176,sphynx,cat,0.1,0.0319,sphynx,True,cat,True,correct
Sphynx_176,sphynx,cat,0.2,0.0372,sphynx,True,cat,True,correct
Sphynx_176,sphynx,cat,0.3,0.056,sphynx,True,cat,True,correct
Sphynx_176,sphynx,cat,0.4,0.0713,sphynx,True,cat,True,correct
Sphynx_176,sphynx,cat,0.5,0.084,sphynx,True,cat,True,correct
Sphynx_176,sphynx,cat,0.6,0.1002,sphynx,True,cat,True,correct
Sphynx_176,sphynx,cat,0.7,0.1117,sphynx,True,cat,True,correct
Sphynx_176,sphynx,cat,0.8,0.1539,sphynx,True,cat,True,correct
Sphynx_176,sphynx,cat,0.9,0.149,sphynx,True,cat,True,correct
Sphynx_176,sphynx,cat,1.0,0.184,sphynx,True,cat,True,correct
boxer_130,boxer,dog,0.0,0.0,boxer,True,dog,True,correct
boxer_130,boxer,dog,0.1,0.0224,boxer,True,dog,True,correct
boxer_130,boxer,dog,0.2,0.0221,boxer,True,dog,True,correct
boxer_130,boxer,dog,0.3,0.0249,boxer,True,dog,True,correct
boxer_130,boxer,dog,0.4,0.0322,american_pit_bull_terrier,False,dog,True,within_superclass
boxer_130,boxer,dog,0.5,0.0398,american_bulldog,False,dog,True,within_superclass
boxer_130,boxer,dog,0.6,0.0499,american_bulldog,False,dog,True,within_superclass
boxer_130,boxer,dog,0.7,0.0649,american_bulldog,False,dog,True,within_superclass
boxer_130,boxer,dog,0.8,0.0626,boxer,True,dog,True,correct
boxer_130,boxer,dog,0.9,0.081,boxer,True,dog,True,correct
boxer_130,boxer,dog,1.0,0.0886,american_pit_bull_terrier,False,dog,True,within_superclass
leonberger_163,leonberger,dog,0.0,0.0,leonberger,True,dog,True,correct
leonberger_163,leonberger,dog,0.1,0.0388,leonberger,True,dog,True,correct
leonberger_163,leonberger,dog,0.2,0.0394,leonberger,True,dog,True,correct
leonberger_163,leonberger,dog,0.3,0.0573,leonberger,True,dog,True,correct
leonberger_163,leonberger,dog,0.4,0.0626,leonberger,True,dog,True,correct
leonberger_163,leonberger,dog,0.5,0.0732,leonberger,True,dog,True,correct
leonberger_163,leonberger,dog,0.6,0.0858,leonberger,True,dog,True,correct
leonberger_163,leonberger,dog,0.7,0.0874,leonberger,True,dog,True,correct
leonberger_163,leonberger,dog,0.8,0.1098,leonberger,True,dog,True,correct
leonberger_163,leonberger,dog,0.9,0.107,leonberger,True,dog,True,correct
leonberger_163,leonberger,dog,1.0,0.1502,leonberger,True,dog,True,correct
shiba_inu_146,shiba_inu,dog,0.0,0.0,shiba_inu,True,dog,True,correct
shiba_inu_146,shiba_inu,dog,0.1,0.0161,shiba_inu,True,dog,True,correct
shiba_inu_146,shiba_inu,dog,0.2,0.0219,shiba_inu,True,dog,True,correct
shiba_inu_146,shiba_inu,dog,0.3,0.0267,shiba_inu,True,dog,True,correct
shiba_inu_146,shiba_inu,dog,0.4,0.038,shiba_inu,True,dog,True,correct
shiba_inu_146,shiba_inu,dog,0.5,0.0463,shiba_inu,True,dog,True,correct
shiba_inu_146,shiba_inu,dog,0.6,0.0479,shiba_inu,True,dog,True,correct
shiba_inu_146,shiba_inu,dog,0.7,0.0692,shiba_inu,True,dog,True,correct
shiba_inu_146,shiba_inu,dog,0.8,0.0859,shiba_inu,True,dog,True,correct
shiba_inu_146,shiba_inu,dog,0.9,0.0751,shiba_inu,True,dog,True,correct
shiba_inu_146,shiba_inu,dog,1.0,0.1021,shiba_inu,True,dog,True,correct
english_cocker_spaniel_124,english_cocker_spaniel,dog,0.0,0.0,english_setter,False,dog,True,within_superclass
english_cocker_spaniel_124,english_cocker_spaniel,dog,0.1,0.0347,english_setter,False,dog,True,within_superclass
english_cocker_spaniel_124,english_cocker_spaniel,dog,0.2,0.0286,english_setter,False,dog,True,within_superclass
english_cocker_spaniel_124,english_cocker_spaniel,dog,0.3,0.0429,english_setter,False,dog,True,within_superclass
english_cocker_spaniel_124,english_cocker_spaniel,dog,0.4,0.0596,english_cocker_spaniel,True,dog,True,correct
english_cocker_spaniel_124,english_cocker_spaniel,dog,0.5,0.0592,english_setter,False,dog,True,within_superclass
english_cocker_spaniel_124,english_cocker_spaniel,dog,0.6,0.0675,english_setter,False,dog,True,within_superclass
english_cocker_spaniel_124,english_cocker_spaniel,dog,0.7,0.105,english_setter,False,dog,True,within_superclass
english_cocker_spaniel_124,english_cocker_spaniel,dog,0.8,0.0979,english_cocker_spaniel,True,dog,True,correct
english_cocker_spaniel_124,english_cocker_spaniel,dog,0.9,0.1211,english_setter,False,dog,True,within_superclass
english_cocker_spaniel_124,english_cocker_spaniel,dog,1.0,0.1318,english_setter,False,dog,True,within_superclass
Siamese_139,siamese,cat,0.0,0.0,siamese,True,cat,True,correct
Siamese_139,siamese,cat,0.1,0.0222,siamese,True,cat,True,correct
Siamese_139,siamese,cat,0.2,0.0298,siamese,True,cat,True,correct
Siamese_139,siamese,cat,0.3,0.0397,siamese,True,cat,True,correct
Siamese_139,siamese,cat,0.4,0.0477,siamese,True,cat,True,correct
Siamese_139,siamese,cat,0.5,0.0544,siamese,True,cat,True,correct
Siamese_139,siamese,cat,0.6,0.0697,siamese,True,cat,True,correct
Siamese_139,siamese,cat,0.7,0.0805,siamese,True,cat,True,correct
Siamese_139,siamese,cat,0.8,0.0883,siamese,True,cat,True,correct
Siamese_139,siamese,cat,0.9,0.0962,siamese,True,cat,True,correct
Siamese_139,siamese,cat,1.0,0.1121,siamese,True,cat,True,correct
Ragdoll_173,ragdoll,cat,0.0,0.0,ragdoll,True,cat,True,correct
Ragdoll_173,ragdoll,cat,0.1,0.0542,ragdoll,True,cat,True,correct
Ragdoll_173,ragdoll,cat,0.2,0.0591,ragdoll,True,cat,True,correct
Ragdoll_173,ragdoll,cat,0.3,0.0672,ragdoll,True,cat,True,correct
Ragdoll_173,ragdoll,cat,0.4,0.059,ragdoll,True,cat,True,correct
Ragdoll_173,ragdoll,cat,0.5,0.07,ragdoll,True,cat,True,correct
Ragdoll_173,ragdoll,cat,0.6,0.0815,ragdoll,True,cat,True,correct
Ragdoll_173,ragdoll,cat,0.7,0.0989,ragdoll,True,cat,True,correct
Ragdoll_173,ragdoll,cat,0.8,0.1135,ragdoll,True,cat,True,correct
Ragdoll_173,ragdoll,cat,0.9,0.1163,ragdoll,True,cat,True,correct
Ragdoll_173,ragdoll,cat,1.0,0.1373,ragdoll,True,cat,True,correct
leonberger_186,leonberger,dog,0.0,0.0,keeshond,False,dog,True,within_superclass
leonberger_186,leonberger,dog,0.1,0.0146,keeshond,False,dog,True,within_superclass
leonberger_186,leonberger,dog,0.2,0.0181,keeshond,False,dog,True,within_superclass
leonberger_186,leonberger,dog,0.3,0.0225,keeshond,False,dog,True,within_superclass
leonberger_186,leonberger,dog,0.4,0.0344,keeshond,False,dog,True,within_superclass
leonberger_186,leonberger,dog,0.5,0.052,keeshond,False,dog,True,within_superclass
leonberger_186,leonberger,dog,0.6,0.0513,keeshond,False,dog,True,within_superclass
leonberger_186,leonberger,dog,0.7,0.061,keeshond,False,dog,True,within_superclass
leonberger_186,leonberger,dog,0.8,0.063,english_cocker_spaniel,False,dog,True,within_superclass
leonberger_186,leonberger,dog,0.9,0.0712,keeshond,False,dog,True,within_superclass
leonberger_186,leonberger,dog,1.0,0.071,keeshond,False,dog,True,within_superclass
Maine_Coon_145,maine_coon,cat,0.0,0.0,maine_coon,True,cat,True,correct
Maine_Coon_145,maine_coon,cat,0.1,0.0523,maine_coon,True,cat,True,correct
Maine_Coon_145,maine_coon,cat,0.2,0.0249,maine_coon,True,cat,True,correct
Maine_Coon_145,maine_coon,cat,0.3,0.0431,maine_coon,True,cat,True,correct
Maine_Coon_145,maine_coon,cat,0.4,0.0438,maine_coon,True,cat,True,correct
Maine_Coon_145,maine_coon,cat,0.5,0.066,maine_coon,True,cat,True,correct
Maine_Coon_145,maine_coon,cat,0.6,0.0558,maine_coon,True,cat,True,correct
Maine_Coon_145,maine_coon,cat,0.7,0.096,maine_coon,True,cat,True,correct
Maine_Coon_145,maine_coon,cat,0.8,0.0935,maine_coon,True,cat,True,correct
Maine_Coon_145,maine_coon,cat,0.9,0.1071,maine_coon,True,cat,True,correct
Maine_Coon_145,maine_coon,cat,1.0,0.1269,maine_coon,True,cat,True,correct
keeshond_115,keeshond,dog,0.0,0.0,keeshond,True,dog,True,correct
keeshond_115,keeshond,dog,0.1,0.0173,keeshond,True,dog,True,correct
keeshond_115,keeshond,dog,0.2,0.0263,keeshond,True,dog,True,correct
keeshond_115,keeshond,dog,0.3,0.0365,keeshond,True,dog,True,correct
keeshond_115,keeshond,dog,0.4,0.0394,keeshond,True,dog,True,correct
keeshond_115,keeshond,dog,0.5,0.0615,keeshond,True,dog,True,correct
keeshond_115,keeshond,dog,0.6,0.0711,keeshond,True,dog,True,correct
keeshond_115,keeshond,dog,0.7,0.0825,keeshond,True,dog,True,correct
keeshond_115,keeshond,dog,0.8,0.099,keeshond,True,dog,True,correct
keeshond_115,keeshond,dog,0.9,0.1033,keeshond,True,dog,True,correct
keeshond_115,keeshond,dog,1.0,0.1407,keeshond,True,dog,True,correct
german_shorthaired_142,german_shorthaired,dog,0.0,0.0,german_shorthaired,True,dog,True,correct
german_shorthaired_142,german_shorthaired,dog,0.1,0.0412,german_shorthaired,True,dog,True,correct
german_shorthaired_142,german_shorthaired,dog,0.2,0.0323,german_shorthaired,True,dog,True,correct
german_shorthaired_142,german_shorthaired,dog,0.3,0.0378,german_shorthaired,True,dog,True,correct
german_shorthaired_142,german_shorthaired,dog,0.4,0.0514,german_shorthaired,True,dog,True,correct
german_shorthaired_142,german_shorthaired,dog,0.5,0.069,german_shorthaired,True,dog,True,correct
german_shorthaired_142,german_shorthaired,dog,0.6,0.0752,german_shorthaired,True,dog,True,correct
german_shorthaired_142,german_shorthaired,dog,0.7,0.0676,german_shorthaired,True,dog,True,correct
german_shorthaired_142,german_shorthaired,dog,0.8,0.0616,german_shorthaired,True,dog,True,correct
german_shorthaired_142,german_shorthaired,dog,0.9,0.0939,german_shorthaired,True,dog,True,correct
german_shorthaired_142,german_shorthaired,dog,1.0,0.1184,german_shorthaired,True,dog,True,correct
Bengal_156,bengal,cat,0.0,0.0,egyptian_mau,False,cat,True,within_superclass
Bengal_156,bengal,cat,0.1,0.044,egyptian_mau,False,cat,True,within_superclass
Bengal_156,bengal,cat,0.2,0.0599,egyptian_mau,False,cat,True,within_superclass
Bengal_156,bengal,cat,0.3,0.0719,egyptian_mau,False,cat,True,within_superclass
Bengal_156,bengal,cat,0.4,0.091,egyptian_mau,False,cat,True,within_superclass
Bengal_156,bengal,cat,0.5,0.1042,egyptian_mau,False,cat,True,within_superclass
Bengal_156,bengal,cat,0.6,0.1129,egyptian_mau,False,cat,True,within_superclass
Bengal_156,bengal,cat,0.7,0.1386,egyptian_mau,False,cat,True,within_superclass
Bengal_156,bengal,cat,0.8,0.1535,egyptian_mau,False,cat,True,within_superclass
Bengal_156,bengal,cat,0.9,0.1613,maine_coon,False,cat,True,within_superclass
Bengal_156,bengal,cat,1.0,0.1666,maine_coon,False,cat,True,within_superclass
saint_bernard_145,saint_bernard,dog,0.0,0.0,saint_bernard,True,dog,True,correct
saint_bernard_145,saint_bernard,dog,0.1,0.0228,saint_bernard,True,dog,True,correct
saint_bernard_145,saint_bernard,dog,0.2,0.0286,saint_bernard,True,dog,True,correct
saint_bernard_145,saint_bernard,dog,0.3,0.0405,saint_bernard,True,dog,True,correct
saint_bernard_145,saint_bernard,dog,0.4,0.0618,saint_bernard,True,dog,True,correct
saint_bernard_145,saint_bernard,dog,0.5,0.061,saint_bernard,True,dog,True,correct
saint_bernard_145,saint_bernard,dog,0.6,0.0816,saint_bernard,True,dog,True,correct
saint_bernard_145,saint_bernard,dog,0.7,0.0916,saint_bernard,True,dog,True,correct
saint_bernard_145,saint_bernard,dog,0.8,0.1029,saint_bernard,True,dog,True,correct
saint_bernard_145,saint_bernard,dog,0.9,0.1035,saint_bernard,True,dog,True,correct
saint_bernard_145,saint_bernard,dog,1.0,0.1331,saint_bernard,True,dog,True,correct
Abyssinian_176,abyssinian,cat,0.0,0.0,abyssinian,True,cat,True,correct
Abyssinian_176,abyssinian,cat,0.1,0.0445,abyssinian,True,cat,True,correct
Abyssinian_176,abyssinian,cat,0.2,0.0316,abyssinian,True,cat,True,correct
Abyssinian_176,abyssinian,cat,0.3,0.0398,abyssinian,True,cat,True,correct
Abyssinian_176,abyssinian,cat,0.4,0.0461,abyssinian,True,cat,True,correct
Abyssinian_176,abyssinian,cat,0.5,0.0561,abyssinian,True,cat,True,correct
Abyssinian_176,abyssinian,cat,0.6,0.0573,abyssinian,True,cat,True,correct
Abyssinian_176,abyssinian,cat,0.7,0.0755,abyssinian,True,cat,True,correct
Abyssinian_176,abyssinian,cat,0.8,0.0773,abyssinian,True,cat,True,correct
Abyssinian_176,abyssinian,cat,0.9,0.078,abyssinian,True,cat,True,correct
Abyssinian_176,abyssinian,cat,1.0,0.0915,abyssinian,True,cat,True,correct
miniature_pinscher_126,miniature_pinscher,dog,0.0,0.0,miniature_pinscher,True,dog,True,correct
miniature_pinscher_126,miniature_pinscher,dog,0.1,0.0442,miniature_pinscher,True,dog,True,correct
miniature_pinscher_126,miniature_pinscher,dog,0.2,0.0612,miniature_pinscher,True,dog,True,correct
miniature_pinscher_126,miniature_pinscher,dog,0.3,0.0638,miniature_pinscher,True,dog,True,correct
miniature_pinscher_126,miniature_pinscher,dog,0.4,0.0601,miniature_pinscher,True,dog,True,correct
miniature_pinscher_126,miniature_pinscher,dog,0.5,0.0709,miniature_pinscher,True,dog,True,correct
miniature_pinscher_126,miniature_pinscher,dog,0.6,0.0653,miniature_pinscher,True,dog,True,correct
miniature_pinscher_126,miniature_pinscher,dog,0.7,0.0707,miniature_pinscher,True,dog,True,correct
miniature_pinscher_126,miniature_pinscher,dog,0.8,0.0814,miniature_pinscher,True,dog,True,correct
miniature_pinscher_126,miniature_pinscher,dog,0.9,0.0847,miniature_pinscher,True,dog,True,correct
miniature_pinscher_126,miniature_pinscher,dog,1.0,0.0912,miniature_pinscher,True,dog,True,correct
staffordshire_bull_terrier_158,staffordshire_bull_terrier,dog,0.0,0.0,staffordshire_bull_terrier,True,dog,True,correct
staffordshire_bull_terrier_158,staffordshire_bull_terrier,dog,0.1,0.033,staffordshire_bull_terrier,True,dog,True,correct
staffordshire_bull_terrier_158,staffordshire_bull_terrier,dog,0.2,0.0241,staffordshire_bull_terrier,True,dog,True,correct
staffordshire_bull_terrier_158,staffordshire_bull_terrier,dog,0.3,0.0497,staffordshire_bull_terrier,True,dog,True,correct
staffordshire_bull_terrier_158,staffordshire_bull_terrier,dog,0.4,0.0581,staffordshire_bull_terrier,True,dog,True,correct
staffordshire_bull_terrier_158,staffordshire_bull_terrier,dog,0.5,0.0641,staffordshire_bull_terrier,True,dog,True,correct
staffordshire_bull_terrier_158,staffordshire_bull_terrier,dog,0.6,0.0664,staffordshire_bull_terrier,True,dog,True,correct
staffordshire_bull_terrier_158,staffordshire_bull_terrier,dog,0.7,0.0717,staffordshire_bull_terrier,True,dog,True,correct
staffordshire_bull_terrier_158,staffordshire_bull_terrier,dog,0.8,0.0777,staffordshire_bull_terrier,True,dog,True,correct
staffordshire_bull_terrier_158,staffordshire_bull_terrier,dog,0.9,0.0829,staffordshire_bull_terrier,True,dog,True,correct
staffordshire_bull_terrier_158,staffordshire_bull_terrier,dog,1.0,0.0938,staffordshire_bull_terrier,True,dog,True,correct
chihuahua_154,chihuahua,dog,0.0,0.0,chihuahua,True,dog,True,correct
chihuahua_154,chihuahua,dog,0.1,0.044,chihuahua,True,dog,True,correct
chihuahua_154,chihuahua,dog,0.2,0.0578,chihuahua,True,dog,True,correct
chihuahua_154,chihuahua,dog,0.3,0.0675,chihuahua,True,dog,True,correct
chihuahua_154,chihuahua,dog,0.4,0.0875,chihuahua,True,dog,True,correct
chihuahua_154,chihuahua,dog,0.5,0.1078,chihuahua,True,dog,True,correct
chihuahua_154,chihuahua,dog,0.6,0.1477,chihuahua,True,dog,True,correct
chihuahua_154,chihuahua,dog,0.7,0.1502,chihuahua,True,dog,True,correct
chihuahua_154,chihuahua,dog,0.8,0.1829,chihuahua,True,dog,True,correct
chihuahua_154,chihuahua,dog,0.9,0.1746,chihuahua,True,dog,True,correct
chihuahua_154,chihuahua,dog,1.0,0.2136,chihuahua,True,dog,True,correct
leonberger_120,leonberger,dog,0.0,0.0,leonberger,True,dog,True,correct
leonberger_120,leonberger,dog,0.1,0.0132,leonberger,True,dog,True,correct
leonberger_120,leonberger,dog,0.2,0.0256,leonberger,True,dog,True,correct
leonberger_120,leonberger,dog,0.3,0.0322,leonberger,True,dog,True,correct
leonberger_120,leonberger,dog,0.4,0.0377,leonberger,True,dog,True,correct
leonberger_120,leonberger,dog,0.5,0.0545,leonberger,True,dog,True,correct
leonberger_120,leonberger,dog,0.6,0.0581,leonberger,True,dog,True,correct
leonberger_120,leonberger,dog,0.7,0.0678,leonberger,True,dog,True,correct
leonberger_120,leonberger,dog,0.8,0.0735,leonberger,True,dog,True,correct
leonberger_120,leonberger,dog,0.9,0.0827,leonberger,True,dog,True,correct
leonberger_120,leonberger,dog,1.0,0.1001,leonberger,True,dog,True,correct
Persian_189,persian,cat,0.0,0.0,persian,True,cat,True,correct
Persian_189,persian,cat,0.1,0.0297,persian,True,cat,True,correct
Persian_189,persian,cat,0.2,0.0392,persian,True,cat,True,correct
Persian_189,persian,cat,0.3,0.041,persian,True,cat,True,correct
Persian_189,persian,cat,0.4,0.0483,persian,True,cat,True,correct
Persian_189,persian,cat,0.5,0.0543,persian,True,cat,True,correct
Persian_189,persian,cat,0.6,0.0676,persian,True,cat,True,correct
Persian_189,persian,cat,0.7,0.0775,persian,True,cat,True,correct
Persian_189,persian,cat,0.8,0.0932,persian,True,cat,True,correct
Persian_189,persian,cat,0.9,0.0959,persian,True,cat,True,correct
Persian_189,persian,cat,1.0,0.113,persian,True,cat,True,correct
Sphynx_174,sphynx,cat,0.0,0.0,sphynx,True,cat,True,correct
Sphynx_174,sphynx,cat,0.1,0.0175,sphynx,True,cat,True,correct
Sphynx_174,sphynx,cat,0.2,0.0237,sphynx,True,cat,True,correct
Sphynx_174,sphynx,cat,0.3,0.0299,sphynx,True,cat,True,correct
Sphynx_174,sphynx,cat,0.4,0.0443,sphynx,True,cat,True,correct
Sphynx_174,sphynx,cat,0.5,0.0485,sphynx,True,cat,True,correct
Sphynx_174,sphynx,cat,0.6,0.0484,sphynx,True,cat,True,correct
Sphynx_174,sphynx,cat,0.7,0.0683,sphynx,True,cat,True,correct
Sphynx_174,sphynx,cat,0.8,0.0575,sphynx,True,cat,True,correct
Sphynx_174,sphynx,cat,0.9,0.071,sphynx,True,cat,True,correct
Sphynx_174,sphynx,cat,1.0,0.098,sphynx,True,cat,True,correct
newfoundland_160,newfoundland,dog,0.0,0.0,newfoundland,True,dog,True,correct
newfoundland_160,newfoundland,dog,0.1,0.0155,newfoundland,True,dog,True,correct
newfoundland_160,newfoundland,dog,0.2,0.0298,newfoundland,True,dog,True,correct
newfoundland_160,newfoundland,dog,0.3,0.0593,newfoundland,True,dog,True,correct
newfoundland_160,newfoundland,dog,0.4,0.0862,newfoundland,True,dog,True,correct
newfoundland_160,newfoundland,dog,0.5,0.0945,newfoundland,True,dog,True,correct
newfoundland_160,newfoundland,dog,0.6,0.1088,newfoundland,True,dog,True,correct
newfoundland_160,newfoundland,dog,0.7,0.144,newfoundland,True,dog,True,correct
newfoundland_160,newfoundland,dog,0.8,0.1806,newfoundland,True,dog,True,correct
newfoundland_160,newfoundland,dog,0.9,0.1647,newfoundland,True,dog,True,correct
newfoundland_160,newfoundland,dog,1.0,0.1891,newfoundland,True,dog,True,correct
wheaten_terrier_190,wheaten_terrier,dog,0.0,0.0,wheaten_terrier,True,dog,True,correct
wheaten_terrier_190,wheaten_terrier,dog,0.1,0.0445,wheaten_terrier,True,dog,True,correct
wheaten_terrier_190,wheaten_terrier,dog,0.2,0.0406,wheaten_terrier,True,dog,True,correct
wheaten_terrier_190,wheaten_terrier,dog,0.3,0.0494,wheaten_terrier,True,dog,True,correct
wheaten_terrier_190,wheaten_terrier,dog,0.4,0.0564,wheaten_terrier,True,dog,True,correct
wheaten_terrier_190,wheaten_terrier,dog,0.5,0.0609,wheaten_terrier,True,dog,True,correct
wheaten_terrier_190,wheaten_terrier,dog,0.6,0.0956,wheaten_terrier,True,dog,True,correct
wheaten_terrier_190,wheaten_terrier,dog,0.7,0.0969,wheaten_terrier,True,dog,True,correct
wheaten_terrier_190,wheaten_terrier,dog,0.8,0.1015,wheaten_terrier,True,dog,True,correct
wheaten_terrier_190,wheaten_terrier,dog,0.9,0.11,wheaten_terrier,True,dog,True,correct
wheaten_terrier_190,wheaten_terrier,dog,1.0,0.1211,wheaten_terrier,True,dog,True,correct
basset_hound_175,basset_hound,dog,0.0,0.0,basset_hound,True,dog,True,correct
basset_hound_175,basset_hound,dog,0.1,0.0654,basset_hound,True,dog,True,correct
basset_hound_175,basset_hound,dog,0.2,0.0655,basset_hound,True,dog,True,correct
basset_hound_175,basset_hound,dog,0.3,0.0736,basset_hound,True,dog,True,correct
basset_hound_175,basset_hound,dog,0.4,0.0827,basset_hound,True,dog,True,correct
basset_hound_175,basset_hound,dog,0.5,0.0876,basset_hound,True,dog,True,correct
basset_hound_175,basset_hound,dog,0.6,0.1017,basset_hound,True,dog,True,correct
basset_hound_175,basset_hound,dog,0.7,0.1068,basset_hound,True,dog,True,correct
basset_hound_175,basset_hound,dog,0.8,0.1143,basset_hound,True,dog,True,correct
basset_hound_175,basset_hound,dog,0.9,0.1177,basset_hound,True,dog,True,correct
basset_hound_175,basset_hound,dog,1.0,0.1341,basset_hound,True,dog,True,correct
Siamese_127,siamese,cat,0.0,0.0,siamese,True,cat,True,correct
Siamese_127,siamese,cat,0.1,0.023,siamese,True,cat,True,correct
Siamese_127,siamese,cat,0.2,0.0375,siamese,True,cat,True,correct
Siamese_127,siamese,cat,0.3,0.0574,siamese,True,cat,True,correct
Siamese_127,siamese,cat,0.4,0.0735,siamese,True,cat,True,correct
Siamese_127,siamese,cat,0.5,0.0685,siamese,True,cat,True,correct
Siamese_127,siamese,cat,0.6,0.1,siamese,True,cat,True,correct
Siamese_127,siamese,cat,0.7,0.1527,siamese,True,cat,True,correct
Siamese_127,siamese,cat,0.8,0.1501,siamese,True,cat,True,correct
Siamese_127,siamese,cat,0.9,0.1842,siamese,True,cat,True,correct
Siamese_127,siamese,cat,1.0,0.1862,siamese,True,cat,True,correct
newfoundland_10,newfoundland,dog,0.0,0.0,english_cocker_spaniel,False,dog,True,within_superclass
newfoundland_10,newfoundland,dog,0.1,0.0183,saint_bernard,False,dog,True,within_superclass
newfoundland_10,newfoundland,dog,0.2,0.0341,saint_bernard,False,dog,True,within_superclass
newfoundland_10,newfoundland,dog,0.3,0.0422,saint_bernard,False,dog,True,within_superclass
newfoundland_10,newfoundland,dog,0.4,0.0454,saint_bernard,False,dog,True,within_superclass
newfoundland_10,newfoundland,dog,0.5,0.0649,english_cocker_spaniel,False,dog,True,within_superclass
newfoundland_10,newfoundland,dog,0.6,0.0662,leonberger,False,dog,True,within_superclass
newfoundland_10,newfoundland,dog,0.7,0.0708,leonberger,False,dog,True,within_superclass
newfoundland_10,newfoundland,dog,0.8,0.0764,leonberger,False,dog,True,within_superclass
newfoundland_10,newfoundland,dog,0.9,0.0987,english_cocker_spaniel,False,dog,True,within_superclass
newfoundland_10,newfoundland,dog,1.0,0.1025,english_cocker_spaniel,False,dog,True,within_superclass
scottish_terrier_109,scottish_terrier,dog,0.0,0.0,scottish_terrier,True,dog,True,correct
scottish_terrier_109,scottish_terrier,dog,0.1,0.0401,scottish_terrier,True,dog,True,correct
scottish_terrier_109,scottish_terrier,dog,0.2,0.03,scottish_terrier,True,dog,True,correct
scottish_terrier_109,scottish_terrier,dog,0.3,0.0583,scottish_terrier,True,dog,True,correct
scottish_terrier_109,scottish_terrier,dog,0.4,0.0708,scottish_terrier,True,dog,True,correct
scottish_terrier_109,scottish_terrier,dog,0.5,0.0891,scottish_terrier,True,dog,True,correct
scottish_terrier_109,scottish_terrier,dog,0.6,0.0856,scottish_terrier,True,dog,True,correct
scottish_terrier_109,scottish_terrier,dog,0.7,0.1003,scottish_terrier,True,dog,True,correct
scottish_terrier_109,scottish_terrier,dog,0.8,0.0877,scottish_terrier,True,dog,True,correct
scottish_terrier_109,scottish_terrier,dog,0.9,0.1049,scottish_terrier,True,dog,True,correct
scottish_terrier_109,scottish_terrier,dog,1.0,0.1207,scottish_terrier,True,dog,True,correct
havanese_130,havanese,dog,0.0,0.0,havanese,True,dog,True,correct
havanese_130,havanese,dog,0.1,0.0139,havanese,True,dog,True,correct
havanese_130,havanese,dog,0.2,0.0173,havanese,True,dog,True,correct
havanese_130,havanese,dog,0.3,0.0277,havanese,True,dog,True,correct
havanese_130,havanese,dog,0.4,0.0451,havanese,True,dog,True,correct
havanese_130,havanese,dog,0.5,0.0589,havanese,True,dog,True,correct
havanese_130,havanese,dog,0.6,0.0551,havanese,True,dog,True,correct
havanese_130,havanese,dog,0.7,0.0892,havanese,True,dog,True,correct
havanese_130,havanese,dog,0.8,0.0806,havanese,True,dog,True,correct
havanese_130,havanese,dog,0.9,0.1371,havanese,True,dog,True,correct
havanese_130,havanese,dog,1.0,0.1046,havanese,True,dog,True,correct
Ragdoll_175,ragdoll,cat,0.0,0.0,birman,False,cat,True,within_superclass
Ragdoll_175,ragdoll,cat,0.1,0.0493,birman,False,cat,True,within_superclass
Ragdoll_175,ragdoll,cat,0.2,0.0636,ragdoll,True,cat,True,correct
Ragdoll_175,ragdoll,cat,0.3,0.0789,ragdoll,True,cat,True,correct
Ragdoll_175,ragdoll,cat,0.4,0.092,ragdoll,True,cat,True,correct
Ragdoll_175,ragdoll,cat,0.5,0.1265,siamese,False,cat,True,within_superclass
Ragdoll_175,ragdoll,cat,0.6,0.13,ragdoll,True,cat,True,correct
Ragdoll_175,ragdoll,cat,0.7,0.2286,persian,False,cat,True,within_superclass
Ragdoll_175,ragdoll,cat,0.8,0.1747,birman,False,cat,True,within_superclass
Ragdoll_175,ragdoll,cat,0.9,0.1981,ragdoll,True,cat,True,correct
Ragdoll_175,ragdoll,cat,1.0,0.225,ragdoll,True,cat,True,correct
great_pyrenees_168,great_pyrenees,dog,0.0,0.0,great_pyrenees,True,dog,True,correct
great_pyrenees_168,great_pyrenees,dog,0.1,0.0387,great_pyrenees,True,dog,True,correct
great_pyrenees_168,great_pyrenees,dog,0.2,0.0363,great_pyrenees,True,dog,True,correct
great_pyrenees_168,great_pyrenees,dog,0.3,0.0492,great_pyrenees,True,dog,True,correct
great_pyrenees_168,great_pyrenees,dog,0.4,0.0617,great_pyrenees,True,dog,True,correct
great_pyrenees_168,great_pyrenees,dog,0.5,0.0811,great_pyrenees,True,dog,True,correct
great_pyrenees_168,great_pyrenees,dog,0.6,0.0963,great_pyrenees,True,dog,True,correct
great_pyrenees_168,great_pyrenees,dog,0.7,0.0913,great_pyrenees,True,dog,True,correct
great_pyrenees_168,great_pyrenees,dog,0.8,0.1141,great_pyrenees,True,dog,True,correct
great_pyrenees_168,great_pyrenees,dog,0.9,0.1388,great_pyrenees,True,dog,True,correct
great_pyrenees_168,great_pyrenees,dog,1.0,0.1329,great_pyrenees,True,dog,True,correct
american_bulldog_151,american_bulldog,dog,0.0,0.0,american_bulldog,True,dog,True,correct
american_bulldog_151,american_bulldog,dog,0.1,0.0507,american_bulldog,True,dog,True,correct
american_bulldog_151,american_bulldog,dog,0.2,0.0693,american_bulldog,True,dog,True,correct
american_bulldog_151,american_bulldog,dog,0.3,0.089,american_bulldog,True,dog,True,correct
american_bulldog_151,american_bulldog,dog,0.4,0.1278,american_bulldog,True,dog,True,correct
american_bulldog_151,american_bulldog,dog,0.5,0.1659,american_bulldog,True,dog,True,correct
american_bulldog_151,american_bulldog,dog,0.6,0.1861,american_bulldog,True,dog,True,correct
american_bulldog_151,american_bulldog,dog,0.7,0.2003,american_bulldog,True,dog,True,correct
american_bulldog_151,american_bulldog,dog,0.8,0.1826,american_bulldog,True,dog,True,correct
american_bulldog_151,american_bulldog,dog,0.9,0.2348,staffordshire_bull_terrier,False,dog,True,within_superclass
american_bulldog_151,american_bulldog,dog,1.0,0.2035,staffordshire_bull_terrier,False,dog,True,within_superclass
american_bulldog_179,american_bulldog,dog,0.0,0.0,american_bulldog,True,dog,True,correct
american_bulldog_179,american_bulldog,dog,0.1,0.0309,american_bulldog,True,dog,True,correct
american_bulldog_179,american_bulldog,dog,0.2,0.0638,american_bulldog,True,dog,True,correct
american_bulldog_179,american_bulldog,dog,0.3,0.0568,american_bulldog,True,dog,True,correct
american_bulldog_179,american_bulldog,dog,0.4,0.0582,american_bulldog,True,dog,True,correct
american_bulldog_179,american_bulldog,dog,0.5,0.081,american_bulldog,True,dog,True,correct
american_bulldog_179,american_bulldog,dog,0.6,0.0806,american_bulldog,True,dog,True,correct
american_bulldog_179,american_bulldog,dog,0.7,0.125,american_bulldog,True,dog,True,correct
american_bulldog_179,american_bulldog,dog,0.8,0.1075,american_bulldog,True,dog,True,correct
american_bulldog_179,american_bulldog,dog,0.9,0.1184,american_bulldog,True,dog,True,correct
american_bulldog_179,american_bulldog,dog,1.0,0.133,american_bulldog,True,dog,True,correct
Abyssinian_165,abyssinian,cat,0.0,0.0,abyssinian,True,cat,True,correct
Abyssinian_165,abyssinian,cat,0.1,0.0348,abyssinian,True,cat,True,correct
Abyssinian_165,abyssinian,cat,0.2,0.0321,abyssinian,True,cat,True,correct
Abyssinian_165,abyssinian,cat,0.3,0.039,abyssinian,True,cat,True,correct
Abyssinian_165,abyssinian,cat,0.4,0.0389,abyssinian,True,cat,True,correct
Abyssinian_165,abyssinian,cat,0.5,0.0479,abyssinian,True,cat,True,correct
Abyssinian_165,abyssinian,cat,0.6,0.0568,abyssinian,True,cat,True,correct
Abyssinian_165,abyssinian,cat,0.7,0.0649,abyssinian,True,cat,True,correct
Abyssinian_165,abyssinian,cat,0.8,0.0677,abyssinian,True,cat,True,correct
Abyssinian_165,abyssinian,cat,0.9,0.0766,abyssinian,True,cat,True,correct
Abyssinian_165,abyssinian,cat,1.0,0.0848,abyssinian,True,cat,True,correct
newfoundland_145,newfoundland,dog,0.0,0.0,newfoundland,True,dog,True,correct
newfoundland_145,newfoundland,dog,0.1,0.0546,newfoundland,True,dog,True,correct
newfoundland_145,newfoundland,dog,0.2,0.0678,newfoundland,True,dog,True,correct
newfoundland_145,newfoundland,dog,0.3,0.0835,newfoundland,True,dog,True,correct
newfoundland_145,newfoundland,dog,0.4,0.0925,newfoundland,True,dog,True,correct
newfoundland_145,newfoundland,dog,0.5,0.0827,newfoundland,True,dog,True,correct
newfoundland_145,newfoundland,dog,0.6,0.0948,newfoundland,True,dog,True,correct
newfoundland_145,newfoundland,dog,0.7,0.0934,newfoundland,True,dog,True,correct
newfoundland_145,newfoundland,dog,0.8,0.1036,newfoundland,True,dog,True,correct
newfoundland_145,newfoundland,dog,0.9,0.1058,newfoundland,True,dog,True,correct
newfoundland_145,newfoundland,dog,1.0,0.1041,newfoundland,True,dog,True,correct
Sphynx_144,sphynx,cat,0.0,0.0,sphynx,True,cat,True,correct
Sphynx_144,sphynx,cat,0.1,0.0412,sphynx,True,dog,False,correct
Sphynx_144,sphynx,cat,0.2,0.077,sphynx,True,dog,False,correct
Sphynx_144,sphynx,cat,0.3,0.0818,sphynx,True,dog,False,correct
Sphynx_144,sphynx,cat,0.4,0.1023,sphynx,True,cat,True,correct
Sphynx_144,sphynx,cat,0.5,0.0844,sphynx,True,dog,False,correct
Sphynx_144,sphynx,cat,0.6,0.1135,sphynx,True,cat,True,correct
Sphynx_144,sphynx,cat,0.7,0.0948,sphynx,True,cat,True,correct
Sphynx_144,sphynx,cat,0.8,0.1072,sphynx,True,cat,True,correct
Sphynx_144,sphynx,cat,0.9,0.1245,sphynx,True,cat,True,correct
Sphynx_144,sphynx,cat,1.0,0.133,sphynx,True,cat,True,correct
miniature_pinscher_135,miniature_pinscher,dog,0.0,0.0,miniature_pinscher,True,dog,True,correct
miniature_pinscher_135,miniature_pinscher,dog,0.1,0.0765,miniature_pinscher,True,dog,True,correct
miniature_pinscher_135,miniature_pinscher,dog,0.2,0.0994,miniature_pinscher,True,dog,True,correct
miniature_pinscher_135,miniature_pinscher,dog,0.3,0.0878,miniature_pinscher,True,dog,True,correct
miniature_pinscher_135,miniature_pinscher,dog,0.4,0.1198,miniature_pinscher,True,dog,True,correct
miniature_pinscher_135,miniature_pinscher,dog,0.5,0.1179,miniature_pinscher,True,dog,True,correct
miniature_pinscher_135,miniature_pinscher,dog,0.6,0.1263,miniature_pinscher,True,dog,True,correct
miniature_pinscher_135,miniature_pinscher,dog,0.7,0.1234,miniature_pinscher,True,dog,True,correct
miniature_pinscher_135,miniature_pinscher,dog,0.8,0.115,miniature_pinscher,True,dog,True,correct
miniature_pinscher_135,miniature_pinscher,dog,0.9,0.1473,miniature_pinscher,True,dog,True,correct
miniature_pinscher_135,miniature_pinscher,dog,1.0,0.1333,miniature_pinscher,True,dog,True,correct
boxer_136,boxer,dog,0.0,0.0,american_pit_bull_terrier,False,dog,True,within_superclass
boxer_136,boxer,dog,0.1,0.013,american_pit_bull_terrier,False,dog,True,within_superclass
boxer_136,boxer,dog,0.2,0.0194,boxer,True,dog,True,correct
boxer_136,boxer,dog,0.3,0.0289,boxer,True,dog,True,correct
boxer_136,boxer,dog,0.4,0.0332,boxer,True,dog,True,correct
boxer_136,boxer,dog,0.5,0.0378,boxer,True,dog,True,correct
boxer_136,boxer,dog,0.6,0.0462,boxer,True,dog,True,correct
boxer_136,boxer,dog,0.7,0.0513,boxer,True,dog,True,correct
boxer_136,boxer,dog,0.8,0.0558,american_pit_bull_terrier,False,dog,True,within_superclass
boxer_136,boxer,dog,0.9,0.0581,boxer,True,dog,True,correct
boxer_136,boxer,dog,1.0,0.0632,boxer,True,dog,True,correct
Birman_115,birman,cat,0.0,0.0,birman,True,cat,True,correct
Birman_115,birman,cat,0.1,0.015,birman,True,cat,True,correct
Birman_115,birman,cat,0.2,0.0253,birman,True,cat,True,correct
Birman_115,birman,cat,0.3,0.038,birman,True,cat,True,correct
Birman_115,birman,cat,0.4,0.0449,birman,True,cat,True,correct
Birman_115,birman,cat,0.5,0.0514,birman,True,cat,True,correct
Birman_115,birman,cat,0.6,0.0637,birman,True,cat,True,correct
Birman_115,birman,cat,0.7,0.0879,ragdoll,False,cat,True,within_superclass
Birman_115,birman,cat,0.8,0.1012,birman,True,cat,True,correct
Birman_115,birman,cat,0.9,0.0995,ragdoll,False,cat,True,within_superclass
Birman_115,birman,cat,1.0,0.1113,ragdoll,False,cat,True,within_superclass
basset_hound_141,basset_hound,dog,0.0,0.0,basset_hound,True,dog,True,correct
basset_hound_141,basset_hound,dog,0.1,0.0653,basset_hound,True,dog,True,correct
basset_hound_141,basset_hound,dog,0.2,0.0774,basset_hound,True,dog,True,correct
basset_hound_141,basset_hound,dog,0.3,0.0897,basset_hound,True,dog,True,correct
basset_hound_141,basset_hound,dog,0.4,0.0927,basset_hound,True,dog,True,correct
basset_hound_141,basset_hound,dog,0.5,0.0987,basset_hound,True,dog,True,correct
basset_hound_141,basset_hound,dog,0.6,0.0995,basset_hound,True,dog,True,correct
basset_hound_141,basset_hound,dog,0.7,0.1277,basset_hound,True,dog,True,correct
basset_hound_141,basset_hound,dog,0.8,0.1255,basset_hound,True,dog,True,correct
basset_hound_141,basset_hound,dog,0.9,0.1646,basset_hound,True,dog,True,correct
basset_hound_141,basset_hound,dog,1.0,0.2048,basset_hound,True,dog,True,correct
american_bulldog_109,american_bulldog,dog,0.0,0.0,american_bulldog,True,dog,True,correct
american_bulldog_109,american_bulldog,dog,0.1,0.0268,american_bulldog,True,dog,True,correct
american_bulldog_109,american_bulldog,dog,0.2,0.0294,american_bulldog,True,dog,True,correct
american_bulldog_109,american_bulldog,dog,0.3,0.0366,american_bulldog,True,dog,True,correct
american_bulldog_109,american_bulldog,dog,0.4,0.0446,american_bulldog,True,dog,True,correct
american_bulldog_109,american_bulldog,dog,0.5,0.0525,american_bulldog,True,dog,True,correct
american_bulldog_109,american_bulldog,dog,0.6,0.052,american_bulldog,True,dog,True,correct
american_bulldog_109,american_bulldog,dog,0.7,0.0582,american_bulldog,True,dog,True,correct
american_bulldog_109,american_bulldog,dog,0.8,0.0554,american_bulldog,True,dog,True,correct
american_bulldog_109,american_bulldog,dog,0.9,0.0624,american_bulldog,True,dog,True,correct
american_bulldog_109,american_bulldog,dog,1.0,0.0641,american_bulldog,True,dog,True,correct
yorkshire_terrier_189,yorkshire_terrier,dog,0.0,0.0,yorkshire_terrier,True,dog,True,correct
yorkshire_terrier_189,yorkshire_terrier,dog,0.1,0.0176,yorkshire_terrier,True,dog,True,correct
yorkshire_terrier_189,yorkshire_terrier,dog,0.2,0.0209,yorkshire_terrier,True,dog,True,correct
yorkshire_terrier_189,yorkshire_terrier,dog,0.3,0.0313,yorkshire_terrier,True,dog,True,correct
yorkshire_terrier_189,yorkshire_terrier,dog,0.4,0.0408,yorkshire_terrier,True,dog,True,correct
yorkshire_terrier_189,yorkshire_terrier,dog,0.5,0.0436,yorkshire_terrier,True,dog,True,correct
yorkshire_terrier_189,yorkshire_terrier,dog,0.6,0.0744,yorkshire_terrier,True,dog,True,correct
yorkshire_terrier_189,yorkshire_terrier,dog,0.7,0.0647,yorkshire_terrier,True,dog,True,correct
yorkshire_terrier_189,yorkshire_terrier,dog,0.8,0.1187,yorkshire_terrier,True,dog,True,correct
yorkshire_terrier_189,yorkshire_terrier,dog,0.9,0.1068,yorkshire_terrier,True,dog,True,correct
yorkshire_terrier_189,yorkshire_terrier,dog,1.0,0.1503,yorkshire_terrier,True,dog,True,correct
american_pit_bull_terrier_169,american_pit_bull_terrier,dog,0.0,0.0,american_pit_bull_terrier,True,dog,True,correct
american_pit_bull_terrier_169,american_pit_bull_terrier,dog,0.1,0.0546,american_pit_bull_terrier,True,dog,True,correct
american_pit_bull_terrier_169,american_pit_bull_terrier,dog,0.2,0.0664,american_pit_bull_terrier,True,dog,True,correct
american_pit_bull_terrier_169,american_pit_bull_terrier,dog,0.3,0.0691,american_pit_bull_terrier,True,dog,True,correct
american_pit_bull_terrier_169,american_pit_bull_terrier,dog,0.4,0.0863,american_pit_bull_terrier,True,dog,True,correct
american_pit_bull_terrier_169,american_pit_bull_terrier,dog,0.5,0.1046,american_pit_bull_terrier,True,dog,True,correct
american_pit_bull_terrier_169,american_pit_bull_terrier,dog,0.6,0.1304,american_pit_bull_terrier,True,dog,True,correct
american_pit_bull_terrier_169,american_pit_bull_terrier,dog,0.7,0.1463,american_pit_bull_terrier,True,dog,True,correct
american_pit_bull_terrier_169,american_pit_bull_terrier,dog,0.8,0.143,american_pit_bull_terrier,True,dog,True,correct
american_pit_bull_terrier_169,american_pit_bull_terrier,dog,0.9,0.1483,american_pit_bull_terrier,True,dog,True,correct
american_pit_bull_terrier_169,american_pit_bull_terrier,dog,1.0,0.1924,american_pit_bull_terrier,True,dog,True,correct
boxer_107,boxer,dog,0.0,0.0,boxer,True,dog,True,correct
boxer_107,boxer,dog,0.1,0.0371,boxer,True,dog,True,correct
boxer_107,boxer,dog,0.2,0.0185,boxer,True,dog,True,correct
boxer_107,boxer,dog,0.3,0.0396,boxer,True,dog,True,correct
boxer_107,boxer,dog,0.4,0.0315,boxer,True,dog,True,correct
boxer_107,boxer,dog,0.5,0.0428,boxer,True,dog,True,correct
boxer_107,boxer,dog,0.6,0.0583,boxer,True,dog,True,correct
boxer_107,boxer,dog,0.7,0.0563,boxer,True,dog,True,correct
boxer_107,boxer,dog,0.8,0.081,boxer,True,dog,True,correct
boxer_107,boxer,dog,0.9,0.0913,boxer,True,dog,True,correct
boxer_107,boxer,dog,1.0,0.0916,boxer,True,dog,True,correct
Birman_161,birman,cat,0.0,0.0,birman,True,cat,True,correct
Birman_161,birman,cat,0.1,0.0231,birman,True,cat,True,correct
Birman_161,birman,cat,0.2,0.0403,birman,True,cat,True,correct
Birman_161,birman,cat,0.3,0.0603,birman,True,cat,True,correct
Birman_161,birman,cat,0.4,0.0681,birman,True,cat,True,correct
Birman_161,birman,cat,0.5,0.0693,birman,True,cat,True,correct
Birman_161,birman,cat,0.6,0.0804,birman,True,cat,True,correct
Birman_161,birman,cat,0.7,0.0995,birman,True,cat,True,correct
Birman_161,birman,cat,0.8,0.1115,birman,True,cat,True,correct
Birman_161,birman,cat,0.9,0.1285,ragdoll,False,cat,True,within_superclass
Birman_161,birman,cat,1.0,0.1131,ragdoll,False,cat,True,within_superclass
leonberger_131,leonberger,dog,0.0,0.0,leonberger,True,dog,True,correct
leonberger_131,leonberger,dog,0.1,0.031,leonberger,True,dog,True,correct
leonberger_131,leonberger,dog,0.2,0.0461,leonberger,True,dog,True,correct
leonberger_131,leonberger,dog,0.3,0.0642,leonberger,True,dog,True,correct
leonberger_131,leonberger,dog,0.4,0.0853,leonberger,True,dog,True,correct
leonberger_131,leonberger,dog,0.5,0.0784,leonberger,True,dog,True,correct
leonberger_131,leonberger,dog,0.6,0.0986,leonberger,True,dog,True,correct
leonberger_131,leonberger,dog,0.7,0.1043,leonberger,True,dog,True,correct
leonberger_131,leonberger,dog,0.8,0.1201,leonberger,True,dog,True,correct
leonberger_131,leonberger,dog,0.9,0.11,leonberger,True,dog,True,correct
leonberger_131,leonberger,dog,1.0,0.1529,leonberger,True,dog,True,correct
staffordshire_bull_terrier_172,staffordshire_bull_terrier,dog,0.0,0.0,american_pit_bull_terrier,False,dog,True,within_superclass
staffordshire_bull_terrier_172,staffordshire_bull_terrier,dog,0.1,0.0476,american_pit_bull_terrier,False,dog,True,within_superclass
staffordshire_bull_terrier_172,staffordshire_bull_terrier,dog,0.2,0.0225,american_pit_bull_terrier,False,dog,True,within_superclass
staffordshire_bull_terrier_172,staffordshire_bull_terrier,dog,0.3,0.0252,american_pit_bull_terrier,False,dog,True,within_superclass
staffordshire_bull_terrier_172,staffordshire_bull_terrier,dog,0.4,0.0312,american_pit_bull_terrier,False,dog,True,within_superclass
staffordshire_bull_terrier_172,staffordshire_bull_terrier,dog,0.5,0.0289,american_pit_bull_terrier,False,dog,True,within_superclass
staffordshire_bull_terrier_172,staffordshire_bull_terrier,dog,0.6,0.0334,american_pit_bull_terrier,False,dog,True,within_superclass
staffordshire_bull_terrier_172,staffordshire_bull_terrier,dog,0.7,0.042,american_pit_bull_terrier,False,dog,True,within_superclass
staffordshire_bull_terrier_172,staffordshire_bull_terrier,dog,0.8,0.0513,american_pit_bull_terrier,False,dog,True,within_superclass
staffordshire_bull_terrier_172,staffordshire_bull_terrier,dog,0.9,0.0484,american_pit_bull_terrier,False,dog,True,within_superclass
staffordshire_bull_terrier_172,staffordshire_bull_terrier,dog,1.0,0.0689,american_pit_bull_terrier,False,dog,True,within_superclass
wheaten_terrier_162,wheaten_terrier,dog,0.0,0.0,wheaten_terrier,True,dog,True,correct
wheaten_terrier_162,wheaten_terrier,dog,0.1,0.0192,wheaten_terrier,True,dog,True,correct
wheaten_terrier_162,wheaten_terrier,dog,0.2,0.0256,wheaten_terrier,True,dog,True,correct
wheaten_terrier_162,wheaten_terrier,dog,0.3,0.036,wheaten_terrier,True,dog,True,correct
wheaten_terrier_162,wheaten_terrier,dog,0.4,0.0433,wheaten_terrier,True,dog,True,correct
wheaten_terrier_162,wheaten_terrier,dog,0.5,0.0531,wheaten_terrier,True,dog,True,correct
wheaten_terrier_162,wheaten_terrier,dog,0.6,0.0613,wheaten_terrier,True,dog,True,correct
wheaten_terrier_162,wheaten_terrier,dog,0.7,0.0722,wheaten_terrier,True,dog,True,correct
wheaten_terrier_162,wheaten_terrier,dog,0.8,0.0686,wheaten_terrier,True,dog,True,correct
wheaten_terrier_162,wheaten_terrier,dog,0.9,0.0786,wheaten_terrier,True,dog,True,correct
wheaten_terrier_162,wheaten_terrier,dog,1.0,0.091,wheaten_terrier,True,dog,True,correct
german_shorthaired_131,german_shorthaired,dog,0.0,0.0,german_shorthaired,True,dog,True,correct
german_shorthaired_131,german_shorthaired,dog,0.1,0.0129,german_shorthaired,True,dog,True,correct
german_shorthaired_131,german_shorthaired,dog,0.2,0.0184,german_shorthaired,True,dog,True,correct
german_shorthaired_131,german_shorthaired,dog,0.3,0.0237,german_shorthaired,True,dog,True,correct
german_shorthaired_131,german_shorthaired,dog,0.4,0.0363,german_shorthaired,True,dog,True,correct
german_shorthaired_131,german_shorthaired,dog,0.5,0.0409,german_shorthaired,True,dog,True,correct
german_shorthaired_131,german_shorthaired,dog,0.6,0.0394,german_shorthaired,True,dog,True,correct
german_shorthaired_131,german_shorthaired,dog,0.7,0.0483,german_shorthaired,True,dog,True,correct
german_shorthaired_131,german_shorthaired,dog,0.8,0.0734,german_shorthaired,True,dog,True,correct
german_shorthaired_131,german_shorthaired,dog,0.9,0.1186,german_shorthaired,True,dog,True,correct
german_shorthaired_131,german_shorthaired,dog,1.0,0.1469,german_shorthaired,True,dog,True,correct
Egyptian_Mau_193,egyptian_mau,cat,0.0,0.0,egyptian_mau,True,cat,True,correct
Egyptian_Mau_193,egyptian_mau,cat,0.1,0.0474,egyptian_mau,True,cat,True,correct
Egyptian_Mau_193,egyptian_mau,cat,0.2,0.0554,egyptian_mau,True,cat,True,correct
Egyptian_Mau_193,egyptian_mau,cat,0.3,0.0677,egyptian_mau,True,cat,True,correct
Egyptian_Mau_193,egyptian_mau,cat,0.4,0.0802,egyptian_mau,True,cat,True,correct
Egyptian_Mau_193,egyptian_mau,cat,0.5,0.1062,egyptian_mau,True,cat,True,correct
Egyptian_Mau_193,egyptian_mau,cat,0.6,0.108,egyptian_mau,True,cat,True,correct
Egyptian_Mau_193,egyptian_mau,cat,0.7,0.1323,egyptian_mau,True,cat,True,correct
Egyptian_Mau_193,egyptian_mau,cat,0.8,0.1553,egyptian_mau,True,cat,True,correct
Egyptian_Mau_193,egyptian_mau,cat,0.9,0.1549,egyptian_mau,True,cat,True,correct
Egyptian_Mau_193,egyptian_mau,cat,1.0,0.1559,egyptian_mau,True,cat,True,correct
havanese_155,havanese,dog,0.0,0.0,havanese,True,dog,True,correct
havanese_155,havanese,dog,0.1,0.0258,havanese,True,dog,True,correct
havanese_155,havanese,dog,0.2,0.0363,havanese,True,dog,True,correct
havanese_155,havanese,dog,0.3,0.0437,havanese,True,dog,True,correct
havanese_155,havanese,dog,0.4,0.0525,havanese,True,dog,True,correct
havanese_155,havanese,dog,0.5,0.0622,havanese,True,dog,True,correct
havanese_155,havanese,dog,0.6,0.0684,havanese,True,dog,True,correct
havanese_155,havanese,dog,0.7,0.065,havanese,True,dog,True,correct
havanese_155,havanese,dog,0.8,0.09,havanese,True,dog,True,correct
havanese_155,havanese,dog,0.9,0.0787,havanese,True,dog,True,correct
havanese_155,havanese,dog,1.0,0.089,havanese,True,dog,True,correct
shiba_inu_117,shiba_inu,dog,0.0,0.0,shiba_inu,True,dog,True,correct
shiba_inu_117,shiba_inu,dog,0.1,0.0152,shiba_inu,True,dog,True,correct
shiba_inu_117,shiba_inu,dog,0.2,0.0231,shiba_inu,True,dog,True,correct
shiba_inu_117,shiba_inu,dog,0.3,0.0326,shiba_inu,True,dog,True,correct
shiba_inu_117,shiba_inu,dog,0.4,0.0492,shiba_inu,True,dog,True,correct
shiba_inu_117,shiba_inu,dog,0.5,0.0591,shiba_inu,True,dog,True,correct
shiba_inu_117,shiba_inu,dog,0.6,0.0655,shiba_inu,True,dog,True,correct
shiba_inu_117,shiba_inu,dog,0.7,0.0942,shiba_inu,True,dog,True,correct
shiba_inu_117,shiba_inu,dog,0.8,0.1091,shiba_inu,True,dog,True,correct
shiba_inu_117,shiba_inu,dog,0.9,0.1257,shiba_inu,True,dog,True,correct
shiba_inu_117,shiba_inu,dog,1.0,0.1163,shiba_inu,True,dog,True,correct
havanese_111,havanese,dog,0.0,0.0,havanese,True,dog,True,correct
havanese_111,havanese,dog,0.1,0.0178,havanese,True,dog,True,correct
havanese_111,havanese,dog,0.2,0.0252,havanese,True,dog,True,correct
havanese_111,havanese,dog,0.3,0.0286,havanese,True,dog,True,correct
havanese_111,havanese,dog,0.4,0.0525,havanese,True,dog,True,correct
havanese_111,havanese,dog,0.5,0.0591,havanese,True,dog,True,correct
havanese_111,havanese,dog,0.6,0.0901,havanese,True,dog,True,correct
havanese_111,havanese,dog,0.7,0.0828,yorkshire_terrier,False,dog,True,within_superclass
havanese_111,havanese,dog,0.8,0.0861,havanese,True,dog,True,correct
havanese_111,havanese,dog,0.9,0.1009,yorkshire_terrier,False,dog,True,within_superclass
havanese_111,havanese,dog,1.0,0.1088,yorkshire_terrier,False,dog,True,within_superclass
basset_hound_137,basset_hound,dog,0.0,0.0,basset_hound,True,dog,True,correct
basset_hound_137,basset_hound,dog,0.1,0.0506,basset_hound,True,dog,True,correct
basset_hound_137,basset_hound,dog,0.2,0.0683,basset_hound,True,dog,True,correct
basset_hound_137,basset_hound,dog,0.3,0.0781,basset_hound,True,dog,True,correct
basset_hound_137,basset_hound,dog,0.4,0.0865,basset_hound,True,dog,True,correct
basset_hound_137,basset_hound,dog,0.5,0.1005,basset_hound,True,dog,True,correct
basset_hound_137,basset_hound,dog,0.6,0.1152,basset_hound,True,dog,True,correct
basset_hound_137,basset_hound,dog,0.7,0.1009,basset_hound,True,dog,True,correct
basset_hound_137,basset_hound,dog,0.8,0.1098,basset_hound,True,dog,True,correct
basset_hound_137,basset_hound,dog,0.9,0.113,basset_hound,True,dog,True,correct
basset_hound_137,basset_hound,dog,1.0,0.1264,basset_hound,True,dog,True,correct
Persian_217,persian,cat,0.0,0.0,maine_coon,False,cat,True,within_superclass
Persian_217,persian,cat,0.1,0.0685,maine_coon,False,cat,True,within_superclass
Persian_217,persian,cat,0.2,0.0764,maine_coon,False,cat,True,within_superclass
Persian_217,persian,cat,0.3,0.0982,maine_coon,False,cat,True,within_superclass
Persian_217,persian,cat,0.4,0.1161,maine_coon,False,cat,True,within_superclass
Persian_217,persian,cat,0.5,0.1267,abyssinian,False,cat,True,within_superclass
Persian_217,persian,cat,0.6,0.1785,maine_coon,False,cat,True,within_superclass
Persian_217,persian,cat,0.7,0.1573,maine_coon,False,cat,True,within_superclass
Persian_217,persian,cat,0.8,0.1957,maine_coon,False,cat,True,within_superclass
Persian_217,persian,cat,0.9,0.2198,maine_coon,False,cat,True,within_superclass
Persian_217,persian,cat,1.0,0.2132,maine_coon,False,cat,True,within_superclass
scottish_terrier_111,scottish_terrier,dog,0.0,0.0,scottish_terrier,True,dog,True,correct
scottish_terrier_111,scottish_terrier,dog,0.1,0.042,scottish_terrier,True,dog,True,correct
scottish_terrier_111,scottish_terrier,dog,0.2,0.0495,scottish_terrier,True,dog,True,correct
scottish_terrier_111,scottish_terrier,dog,0.3,0.0589,scottish_terrier,True,dog,True,correct
scottish_terrier_111,scottish_terrier,dog,0.4,0.0636,scottish_terrier,True,dog,True,correct
scottish_terrier_111,scottish_terrier,dog,0.5,0.071,scottish_terrier,True,dog,True,correct
scottish_terrier_111,scottish_terrier,dog,0.6,0.0645,scottish_terrier,True,dog,True,correct
scottish_terrier_111,scottish_terrier,dog,0.7,0.0776,scottish_terrier,True,dog,True,correct
scottish_terrier_111,scottish_terrier,dog,0.8,0.0848,scottish_terrier,True,dog,True,correct
scottish_terrier_111,scottish_terrier,dog,0.9,0.1257,scottish_terrier,True,dog,True,correct
scottish_terrier_111,scottish_terrier,dog,1.0,0.1208,scottish_terrier,True,dog,True,correct
staffordshire_bull_terrier_107,staffordshire_bull_terrier,dog,0.0,0.0,staffordshire_bull_terrier,True,dog,True,correct
staffordshire_bull_terrier_107,staffordshire_bull_terrier,dog,0.1,0.0224,staffordshire_bull_terrier,True,dog,True,correct
staffordshire_bull_terrier_107,staffordshire_bull_terrier,dog,0.2,0.0246,staffordshire_bull_terrier,True,dog,True,correct
staffordshire_bull_terrier_107,staffordshire_bull_terrier,dog,0.3,0.045,staffordshire_bull_terrier,True,dog,True,correct
staffordshire_bull_terrier_107,staffordshire_bull_terrier,dog,0.4,0.0434,german_shorthaired,False,dog,True,within_superclass
staffordshire_bull_terrier_107,staffordshire_bull_terrier,dog,0.5,0.0557,staffordshire_bull_terrier,True,dog,True,correct
staffordshire_bull_terrier_107,staffordshire_bull_terrier,dog,0.6,0.0546,staffordshire_bull_terrier,True,dog,True,correct
staffordshire_bull_terrier_107,staffordshire_bull_terrier,dog,0.7,0.0642,german_shorthaired,False,dog,True,within_superclass
staffordshire_bull_terrier_107,staffordshire_bull_terrier,dog,0.8,0.0796,staffordshire_bull_terrier,True,dog,True,correct
staffordshire_bull_terrier_107,staffordshire_bull_terrier,dog,0.9,0.0583,german_shorthaired,False,dog,True,within_superclass
staffordshire_bull_terrier_107,staffordshire_bull_terrier,dog,1.0,0.0615,german_shorthaired,False,dog,True,within_superclass
american_bulldog_135,american_bulldog,dog,0.0,0.0,american_bulldog,True,dog,True,correct
american_bulldog_135,american_bulldog,dog,0.1,0.0366,american_bulldog,True,dog,True,correct
american_bulldog_135,american_bulldog,dog,0.2,0.0454,american_bulldog,True,dog,True,correct
american_bulldog_135,american_bulldog,dog,0.3,0.053,american_bulldog,True,dog,True,correct
american_bulldog_135,american_bulldog,dog,0.4,0.068,american_bulldog,True,dog,True,correct
american_bulldog_135,american_bulldog,dog,0.5,0.0806,american_bulldog,True,dog,True,correct
american_bulldog_135,american_bulldog,dog,0.6,0.0903,american_bulldog,True,dog,True,correct
american_bulldog_135,american_bulldog,dog,0.7,0.0911,american_bulldog,True,dog,True,correct
american_bulldog_135,american_bulldog,dog,0.8,0.0972,american_bulldog,True,dog,True,correct
american_bulldog_135,american_bulldog,dog,0.9,0.1118,american_bulldog,True,dog,True,correct
american_bulldog_135,american_bulldog,dog,1.0,0.1252,american_bulldog,True,dog,True,correct
chihuahua_141,chihuahua,dog,0.0,0.0,chihuahua,True,dog,True,correct
chihuahua_141,chihuahua,dog,0.1,0.0361,chihuahua,True,dog,True,correct
chihuahua_141,chihuahua,dog,0.2,0.0417,chihuahua,True,dog,True,correct
chihuahua_141,chihuahua,dog,0.3,0.038,chihuahua,True,dog,True,correct
chihuahua_141,chihuahua,dog,0.4,0.0508,chihuahua,True,dog,True,correct
chihuahua_141,chihuahua,dog,0.5,0.0687,chihuahua,True,dog,True,correct
chihuahua_141,chihuahua,dog,0.6,0.0802,chihuahua,True,dog,True,correct
chihuahua_141,chihuahua,dog,0.7,0.1136,chihuahua,True,dog,True,correct
chihuahua_141,chihuahua,dog,0.8,0.1411,chihuahua,True,dog,True,correct
chihuahua_141,chihuahua,dog,0.9,0.1468,chihuahua,True,dog,True,correct
chihuahua_141,chihuahua,dog,1.0,0.1716,chihuahua,True,dog,True,correct
Siamese_129,siamese,cat,0.0,0.0,siamese,True,cat,True,correct
Siamese_129,siamese,cat,0.1,0.0324,birman,False,cat,True,within_superclass
Siamese_129,siamese,cat,0.2,0.0176,birman,False,cat,True,within_superclass
Siamese_129,siamese,cat,0.3,0.024,birman,False,cat,True,within_superclass
Siamese_129,siamese,cat,0.4,0.035,birman,False,cat,True,within_superclass
Siamese_129,siamese,cat,0.5,0.027,ragdoll,False,cat,True,within_superclass
Siamese_129,siamese,cat,0.6,0.0414,birman,False,cat,True,within_superclass
Siamese_129,siamese,cat,0.7,0.0527,birman,False,cat,True,within_superclass
Siamese_129,siamese,cat,0.8,0.0516,siamese,True,cat,True,correct
Siamese_129,siamese,cat,0.9,0.0628,siamese,True,cat,True,correct
Siamese_129,siamese,cat,1.0,0.0749,siamese,True,cat,True,correct
havanese_121,havanese,dog,0.0,0.0,havanese,True,dog,True,correct
havanese_121,havanese,dog,0.1,0.0241,havanese,True,dog,True,correct
havanese_121,havanese,dog,0.2,0.0318,english_cocker_spaniel,False,dog,True,within_superclass
havanese_121,havanese,dog,0.3,0.0476,english_cocker_spaniel,False,dog,True,within_superclass
havanese_121,havanese,dog,0.4,0.0429,havanese,True,dog,True,correct
havanese_121,havanese,dog,0.5,0.0387,havanese,True,dog,True,correct
havanese_121,havanese,dog,0.6,0.0634,havanese,True,dog,True,correct
havanese_121,havanese,dog,0.7,0.0716,havanese,True,dog,True,correct
havanese_121,havanese,dog,0.8,0.1214,english_cocker_spaniel,False,dog,True,within_superclass
havanese_121,havanese,dog,0.9,0.1631,english_cocker_spaniel,False,dog,True,within_superclass
havanese_121,havanese,dog,1.0,0.2705,english_cocker_spaniel,False,dog,True,within_superclass
basset_hound_129,basset_hound,dog,0.0,0.0,basset_hound,True,dog,True,correct
basset_hound_129,basset_hound,dog,0.1,0.0155,basset_hound,True,dog,True,correct
basset_hound_129,basset_hound,dog,0.2,0.0447,basset_hound,True,dog,True,correct
basset_hound_129,basset_hound,dog,0.3,0.0252,basset_hound,True,dog,True,correct
basset_hound_129,basset_hound,dog,0.4,0.0295,basset_hound,True,dog,True,correct
basset_hound_129,basset_hound,dog,0.5,0.036,basset_hound,True,dog,True,correct
basset_hound_129,basset_hound,dog,0.6,0.0426,basset_hound,True,dog,True,correct
basset_hound_129,basset_hound,dog,0.7,0.0454,basset_hound,True,dog,True,correct
basset_hound_129,basset_hound,dog,0.8,0.0587,basset_hound,True,dog,True,correct
basset_hound_129,basset_hound,dog,0.9,0.0634,basset_hound,True,dog,True,correct
basset_hound_129,basset_hound,dog,1.0,0.0705,basset_hound,True,dog,True,correct
basset_hound_139,basset_hound,dog,0.0,0.0,basset_hound,True,dog,True,correct
basset_hound_139,basset_hound,dog,0.1,0.0432,basset_hound,True,dog,True,correct
basset_hound_139,basset_hound,dog,0.2,0.0516,basset_hound,True,dog,True,correct
basset_hound_139,basset_hound,dog,0.3,0.0417,basset_hound,True,dog,True,correct
basset_hound_139,basset_hound,dog,0.4,0.0508,basset_hound,True,dog,True,correct
basset_hound_139,basset_hound,dog,0.5,0.0529,basset_hound,True,dog,True,correct
basset_hound_139,basset_hound,dog,0.6,0.0589,basset_hound,True,dog,True,correct
basset_hound_139,basset_hound,dog,0.7,0.0613,basset_hound,True,dog,True,correct
basset_hound_139,basset_hound,dog,0.8,0.0708,basset_hound,True,dog,True,correct
basset_hound_139,basset_hound,dog,0.9,0.0673,basset_hound,True,dog,True,correct
basset_hound_139,basset_hound,dog,1.0,0.0918,basset_hound,True,dog,True,correct
wheaten_terrier_109,wheaten_terrier,dog,0.0,0.0,wheaten_terrier,True,dog,True,correct
wheaten_terrier_109,wheaten_terrier,dog,0.1,0.0254,wheaten_terrier,True,dog,True,correct
wheaten_terrier_109,wheaten_terrier,dog,0.2,0.0242,wheaten_terrier,True,dog,True,correct
wheaten_terrier_109,wheaten_terrier,dog,0.3,0.0324,wheaten_terrier,True,dog,True,correct
wheaten_terrier_109,wheaten_terrier,dog,0.4,0.0367,wheaten_terrier,True,dog,True,correct
wheaten_terrier_109,wheaten_terrier,dog,0.5,0.0399,wheaten_terrier,True,dog,True,correct
wheaten_terrier_109,wheaten_terrier,dog,0.6,0.0525,wheaten_terrier,True,dog,True,correct
wheaten_terrier_109,wheaten_terrier,dog,0.7,0.0594,wheaten_terrier,True,dog,True,correct
wheaten_terrier_109,wheaten_terrier,dog,0.8,0.0732,wheaten_terrier,True,dog,True,correct
wheaten_terrier_109,wheaten_terrier,dog,0.9,0.0855,wheaten_terrier,True,dog,True,correct
wheaten_terrier_109,wheaten_terrier,dog,1.0,0.0851,wheaten_terrier,True,dog,True,correct
Persian_195,persian,cat,0.0,0.0,persian,True,cat,True,correct
Persian_195,persian,cat,0.1,0.0304,persian,True,cat,True,correct
Persian_195,persian,cat,0.2,0.0246,persian,True,cat,True,correct
Persian_195,persian,cat,0.3,0.0338,persian,True,cat,True,correct
Persian_195,persian,cat,0.4,0.0369,persian,True,cat,True,correct
Persian_195,persian,cat,0.5,0.0495,persian,True,cat,True,correct
Persian_195,persian,cat,0.6,0.0478,persian,True,cat,True,correct
Persian_195,persian,cat,0.7,0.0605,persian,True,cat,True,correct
Persian_195,persian,cat,0.8,0.0618,persian,True,cat,True,correct
Persian_195,persian,cat,0.9,0.0708,persian,True,cat,True,correct
Persian_195,persian,cat,1.0,0.0872,persian,True,cat,True,correct
Sphynx_185,sphynx,cat,0.0,0.0,sphynx,True,cat,True,correct
Sphynx_185,sphynx,cat,0.1,0.0349,sphynx,True,cat,True,correct
Sphynx_185,sphynx,cat,0.2,0.0273,sphynx,True,cat,True,correct
Sphynx_185,sphynx,cat,0.3,0.0415,sphynx,True,cat,True,correct
Sphynx_185,sphynx,cat,0.4,0.0571,sphynx,True,cat,True,correct
Sphynx_185,sphynx,cat,0.5,0.0652,sphynx,True,cat,True,correct
Sphynx_185,sphynx,cat,0.6,0.0705,sphynx,True,cat,True,correct
Sphynx_185,sphynx,cat,0.7,0.1037,sphynx,True,cat,True,correct
Sphynx_185,sphynx,cat,0.8,0.0989,sphynx,True,cat,True,correct
Sphynx_185,sphynx,cat,0.9,0.117,sphynx,True,cat,True,correct
Sphynx_185,sphynx,cat,1.0,0.145,sphynx,True,cat,True,correct
keeshond_105,keeshond,dog,0.0,0.0,keeshond,True,dog,True,correct
keeshond_105,keeshond,dog,0.1,0.0257,keeshond,True,dog,True,correct
keeshond_105,keeshond,dog,0.2,0.0404,keeshond,True,dog,True,correct
keeshond_105,keeshond,dog,0.3,0.0451,keeshond,True,dog,True,correct
keeshond_105,keeshond,dog,0.4,0.0548,keeshond,True,dog,True,correct
keeshond_105,keeshond,dog,0.5,0.0665,keeshond,True,dog,True,correct
keeshond_105,keeshond,dog,0.6,0.0881,keeshond,True,dog,True,correct
keeshond_105,keeshond,dog,0.7,0.0741,keeshond,True,dog,True,correct
keeshond_105,keeshond,dog,0.8,0.0811,keeshond,True,dog,True,correct
keeshond_105,keeshond,dog,0.9,0.1362,keeshond,True,dog,True,correct
keeshond_105,keeshond,dog,1.0,0.1607,keeshond,True,dog,True,correct
american_pit_bull_terrier_11,american_pit_bull_terrier,dog,0.0,0.0,american_pit_bull_terrier,True,dog,True,correct
american_pit_bull_terrier_11,american_pit_bull_terrier,dog,0.1,0.0884,american_pit_bull_terrier,True,dog,True,correct
american_pit_bull_terrier_11,american_pit_bull_terrier,dog,0.2,0.0815,american_pit_bull_terrier,True,dog,True,correct
american_pit_bull_terrier_11,american_pit_bull_terrier,dog,0.3,0.0464,american_pit_bull_terrier,True,dog,True,correct
american_pit_bull_terrier_11,american_pit_bull_terrier,dog,0.4,0.0592,american_pit_bull_terrier,True,dog,True,correct
american_pit_bull_terrier_11,american_pit_bull_terrier,dog,0.5,0.0668,american_pit_bull_terrier,True,dog,True,correct
american_pit_bull_terrier_11,american_pit_bull_terrier,dog,0.6,0.0619,american_pit_bull_terrier,True,dog,True,correct
american_pit_bull_terrier_11,american_pit_bull_terrier,dog,0.7,0.0811,american_pit_bull_terrier,True,dog,True,correct
american_pit_bull_terrier_11,american_pit_bull_terrier,dog,0.8,0.0695,american_pit_bull_terrier,True,dog,True,correct
american_pit_bull_terrier_11,american_pit_bull_terrier,dog,0.9,0.0893,american_pit_bull_terrier,True,dog,True,correct
american_pit_bull_terrier_11,american_pit_bull_terrier,dog,1.0,0.0981,american_pit_bull_terrier,True,dog,True,correct
boxer_169,boxer,dog,0.0,0.0,boxer,True,dog,True,correct
boxer_169,boxer,dog,0.1,0.0279,boxer,True,dog,True,correct
boxer_169,boxer,dog,0.2,0.0447,boxer,True,dog,True,correct
boxer_169,boxer,dog,0.3,0.0568,boxer,True,dog,True,correct
boxer_169,boxer,dog,0.4,0.0777,boxer,True,dog,True,correct
boxer_169,boxer,dog,0.5,0.0855,boxer,True,dog,True,correct
boxer_169,boxer,dog,0.6,0.106,boxer,True,dog,True,correct
boxer_169,boxer,dog,0.7,0.1192,boxer,True,dog,True,correct
boxer_169,boxer,dog,0.8,0.1176,boxer,True,dog,True,correct
boxer_169,boxer,dog,0.9,0.1325,boxer,True,dog,True,correct
boxer_169,boxer,dog,1.0,0.1287,boxer,True,dog,True,correct
saint_bernard_175,saint_bernard,dog,0.0,0.0,saint_bernard,True,dog,True,correct
saint_bernard_175,saint_bernard,dog,0.1,0.0339,boxer,False,dog,True,within_superclass
saint_bernard_175,saint_bernard,dog,0.2,0.0369,boxer,False,dog,True,within_superclass
saint_bernard_175,saint_bernard,dog,0.3,0.0339,saint_bernard,True,dog,True,correct
saint_bernard_175,saint_bernard,dog,0.4,0.0454,saint_bernard,True,dog,True,correct
saint_bernard_175,saint_bernard,dog,0.5,0.0541,boxer,False,dog,True,within_superclass
saint_bernard_175,saint_bernard,dog,0.6,0.0582,saint_bernard,True,dog,True,correct
saint_bernard_175,saint_bernard,dog,0.7,0.0669,saint_bernard,True,dog,True,correct
saint_bernard_175,saint_bernard,dog,0.8,0.0647,boxer,False,dog,True,within_superclass
saint_bernard_175,saint_bernard,dog,0.9,0.0741,saint_bernard,True,dog,True,correct
saint_bernard_175,saint_bernard,dog,1.0,0.078,boxer,False,dog,True,within_superclass
Abyssinian_122,abyssinian,cat,0.0,0.0,abyssinian,True,cat,True,correct
Abyssinian_122,abyssinian,cat,0.1,0.0472,abyssinian,True,cat,True,correct
Abyssinian_122,abyssinian,cat,0.2,0.0522,abyssinian,True,cat,True,correct
Abyssinian_122,abyssinian,cat,0.3,0.0706,abyssinian,True,cat,True,correct
Abyssinian_122,abyssinian,cat,0.4,0.0796,abyssinian,True,cat,True,correct
Abyssinian_122,abyssinian,cat,0.5,0.089,abyssinian,True,cat,True,correct
Abyssinian_122,abyssinian,cat,0.6,0.0775,abyssinian,True,cat,True,correct
Abyssinian_122,abyssinian,cat,0.7,0.1056,abyssinian,True,cat,True,correct
Abyssinian_122,abyssinian,cat,0.8,0.1067,abyssinian,True,cat,True,correct
Abyssinian_122,abyssinian,cat,0.9,0.1314,abyssinian,True,cat,True,correct
Abyssinian_122,abyssinian,cat,1.0,0.1357,abyssinian,True,cat,True,correct
samoyed_156,samoyed,dog,0.0,0.0,samoyed,True,dog,True,correct
samoyed_156,samoyed,dog,0.1,0.0316,samoyed,True,dog,True,correct
samoyed_156,samoyed,dog,0.2,0.0468,samoyed,True,dog,True,correct
samoyed_156,samoyed,dog,0.3,0.0773,samoyed,True,dog,True,correct
samoyed_156,samoyed,dog,0.4,0.1402,samoyed,True,dog,True,correct
samoyed_156,samoyed,dog,0.5,0.1468,samoyed,True,dog,True,correct
samoyed_156,samoyed,dog,0.6,0.1737,samoyed,True,dog,True,correct
samoyed_156,samoyed,dog,0.7,0.1572,samoyed,True,dog,True,correct
samoyed_156,samoyed,dog,0.8,0.1714,samoyed,True,dog,True,correct
samoyed_156,samoyed,dog,0.9,0.2186,samoyed,True,dog,True,correct
samoyed_156,samoyed,dog,1.0,0.1875,samoyed,True,dog,True,correct
miniature_pinscher_13,miniature_pinscher,dog,0.0,0.0,miniature_pinscher,True,dog,True,correct
miniature_pinscher_13,miniature_pinscher,dog,0.1,0.0232,miniature_pinscher,True,dog,True,correct
miniature_pinscher_13,miniature_pinscher,dog,0.2,0.0223,miniature_pinscher,True,dog,True,correct
miniature_pinscher_13,miniature_pinscher,dog,0.3,0.0311,miniature_pinscher,True,dog,True,correct
miniature_pinscher_13,miniature_pinscher,dog,0.4,0.0357,miniature_pinscher,True,dog,True,correct
miniature_pinscher_13,miniature_pinscher,dog,0.5,0.0464,miniature_pinscher,True,dog,True,correct
miniature_pinscher_13,miniature_pinscher,dog,0.6,0.067,miniature_pinscher,True,dog,True,correct
miniature_pinscher_13,miniature_pinscher,dog,0.7,0.0637,miniature_pinscher,True,dog,True,correct
miniature_pinscher_13,miniature_pinscher,dog,0.8,0.1013,miniature_pinscher,True,dog,True,correct
miniature_pinscher_13,miniature_pinscher,dog,0.9,0.1046,miniature_pinscher,True,dog,True,correct
miniature_pinscher_13,miniature_pinscher,dog,1.0,0.0962,miniature_pinscher,True,dog,True,correct
miniature_pinscher_164,miniature_pinscher,dog,0.0,0.0,miniature_pinscher,True,dog,True,correct
miniature_pinscher_164,miniature_pinscher,dog,0.1,0.0214,miniature_pinscher,True,dog,True,correct
miniature_pinscher_164,miniature_pinscher,dog,0.2,0.0372,miniature_pinscher,True,dog,True,correct
miniature_pinscher_164,miniature_pinscher,dog,0.3,0.0325,miniature_pinscher,True,dog,True,correct
miniature_pinscher_164,miniature_pinscher,dog,0.4,0.0346,miniature_pinscher,True,dog,True,correct
miniature_pinscher_164,miniature_pinscher,dog,0.5,0.0427,miniature_pinscher,True,dog,True,correct
miniature_pinscher_164,miniature_pinscher,dog,0.6,0.054,miniature_pinscher,True,dog,True,correct
miniature_pinscher_164,miniature_pinscher,dog,0.7,0.0522,miniature_pinscher,True,dog,True,correct
miniature_pinscher_164,miniature_pinscher,dog,0.8,0.0569,miniature_pinscher,True,dog,True,correct
miniature_pinscher_164,miniature_pinscher,dog,0.9,0.077,miniature_pinscher,True,dog,True,correct
miniature_pinscher_164,miniature_pinscher,dog,1.0,0.0793,miniature_pinscher,True,dog,True,correct
Siamese_154,siamese,cat,0.0,0.0,siamese,True,cat,True,correct
Siamese_154,siamese,cat,0.1,0.0479,siamese,True,cat,True,correct
Siamese_154,siamese,cat,0.2,0.0552,siamese,True,cat,True,correct
Siamese_154,siamese,cat,0.3,0.0614,siamese,True,cat,True,correct
Siamese_154,siamese,cat,0.4,0.076,siamese,True,cat,True,correct
Siamese_154,siamese,cat,0.5,0.09,siamese,True,cat,True,correct
Siamese_154,siamese,cat,0.6,0.1035,siamese,True,cat,True,correct
Siamese_154,siamese,cat,0.7,0.111,siamese,True,cat,True,correct
Siamese_154,siamese,cat,0.8,0.1285,siamese,True,cat,True,correct
Siamese_154,siamese,cat,0.9,0.134,siamese,True,cat,True,correct
Siamese_154,siamese,cat,1.0,0.1658,siamese,True,cat,True,correct
saint_bernard_134,saint_bernard,dog,0.0,0.0,saint_bernard,True,dog,True,correct
saint_bernard_134,saint_bernard,dog,0.1,0.0259,saint_bernard,True,dog,True,correct
saint_bernard_134,saint_bernard,dog,0.2,0.0411,saint_bernard,True,dog,True,correct
saint_bernard_134,saint_bernard,dog,0.3,0.0594,american_bulldog,False,dog,True,within_superclass
saint_bernard_134,saint_bernard,dog,0.4,0.0621,american_bulldog,False,dog,True,within_superclass
saint_bernard_134,saint_bernard,dog,0.5,0.0879,american_bulldog,False,dog,True,within_superclass
saint_bernard_134,saint_bernard,dog,0.6,0.0918,american_bulldog,False,dog,True,within_superclass
saint_bernard_134,saint_bernard,dog,0.7,0.119,american_bulldog,False,dog,True,within_superclass
saint_bernard_134,saint_bernard,dog,0.8,0.1072,american_bulldog,False,dog,True,within_superclass
saint_bernard_134,saint_bernard,dog,0.9,0.1186,american_bulldog,False,dog,True,within_superclass
saint_bernard_134,saint_bernard,dog,1.0,0.1198,american_bulldog,False,dog,True,within_superclass
miniature_pinscher_147,miniature_pinscher,dog,0.0,0.0,miniature_pinscher,True,dog,True,correct
miniature_pinscher_147,miniature_pinscher,dog,0.1,0.0615,miniature_pinscher,True,dog,True,correct
miniature_pinscher_147,miniature_pinscher,dog,0.2,0.0761,miniature_pinscher,True,dog,True,correct
miniature_pinscher_147,miniature_pinscher,dog,0.3,0.0858,miniature_pinscher,True,dog,True,correct
miniature_pinscher_147,miniature_pinscher,dog,0.4,0.0961,miniature_pinscher,True,dog,True,correct
miniature_pinscher_147,miniature_pinscher,dog,0.5,0.0978,miniature_pinscher,True,dog,True,correct
miniature_pinscher_147,miniature_pinscher,dog,0.6,0.1019,miniature_pinscher,True,dog,True,correct
miniature_pinscher_147,miniature_pinscher,dog,0.7,0.1129,miniature_pinscher,True,dog,True,correct
miniature_pinscher_147,miniature_pinscher,dog,0.8,0.1662,miniature_pinscher,True,dog,True,correct
miniature_pinscher_147,miniature_pinscher,dog,0.9,0.1522,miniature_pinscher,True,dog,True,correct
miniature_pinscher_147,miniature_pinscher,dog,1.0,0.1812,miniature_pinscher,True,dog,True,correct
Ragdoll_115,ragdoll,cat,0.0,0.0,birman,False,cat,True,within_superclass
Ragdoll_115,ragdoll,cat,0.1,0.0418,birman,False,cat,True,within_superclass
Ragdoll_115,ragdoll,cat,0.2,0.0585,birman,False,cat,True,within_superclass
Ragdoll_115,ragdoll,cat,0.3,0.0807,birman,False,cat,True,within_superclass
Ragdoll_115,ragdoll,cat,0.4,0.0868,birman,False,cat,True,within_superclass
Ragdoll_115,ragdoll,cat,0.5,0.1105,birman,False,cat,True,within_superclass
Ragdoll_115,ragdoll,cat,0.6,0.102,birman,False,cat,True,within_superclass
Ragdoll_115,ragdoll,cat,0.7,0.1349,birman,False,cat,True,within_superclass
Ragdoll_115,ragdoll,cat,0.8,0.144,birman,False,cat,True,within_superclass
Ragdoll_115,ragdoll,cat,0.9,0.1427,ragdoll,True,cat,True,correct
Ragdoll_115,ragdoll,cat,1.0,0.1428,birman,False,cat,True,within_superclass
Siamese_198,siamese,cat,0.0,0.0,siamese,True,cat,True,correct
Siamese_198,siamese,cat,0.1,0.0494,siamese,True,cat,True,correct
Siamese_198,siamese,cat,0.2,0.0755,siamese,True,cat,True,correct
Siamese_198,siamese,cat,0.3,0.0649,siamese,True,cat,True,correct
Siamese_198,siamese,cat,0.4,0.0845,siamese,True,cat,True,correct
Siamese_198,siamese,cat,0.5,0.0994,siamese,True,cat,True,correct
Siamese_198,siamese,cat,0.6,0.0957,siamese,True,cat,True,correct
Siamese_198,siamese,cat,0.7,0.1064,siamese,True,cat,True,correct
Siamese_198,siamese,cat,0.8,0.1296,siamese,True,cat,True,correct
Siamese_198,siamese,cat,0.9,0.1326,siamese,True,cat,True,correct
Siamese_198,siamese,cat,1.0,0.1551,siamese,True,cat,True,correct
beagle_162,beagle,dog,0.0,0.0,beagle,True,dog,True,correct
beagle_162,beagle,dog,0.1,0.016,beagle,True,dog,True,correct
beagle_162,beagle,dog,0.2,0.0403,beagle,True,dog,True,correct
beagle_162,beagle,dog,0.3,0.0437,beagle,True,dog,True,correct
beagle_162,beagle,dog,0.4,0.0533,beagle,True,dog,True,correct
beagle_162,beagle,dog,0.5,0.0606,beagle,True,dog,True,correct
beagle_162,beagle,dog,0.6,0.1165,beagle,True,dog,True,correct
beagle_162,beagle,dog,0.7,0.0889,beagle,True,dog,True,correct
beagle_162,beagle,dog,0.8,0.1293,beagle,True,dog,True,correct
beagle_162,beagle,dog,0.9,0.17,beagle,True,dog,True,correct
beagle_162,beagle,dog,1.0,0.1836,beagle,True,dog,True,correct
shiba_inu_156,shiba_inu,dog,0.0,0.0,saint_bernard,False,dog,True,within_superclass
shiba_inu_156,shiba_inu,dog,0.1,0.0363,saint_bernard,False,dog,True,within_superclass
shiba_inu_156,shiba_inu,dog,0.2,0.0399,english_cocker_spaniel,False,dog,True,within_superclass
shiba_inu_156,shiba_inu,dog,0.3,0.0576,english_cocker_spaniel,False,dog,True,within_superclass
shiba_inu_156,shiba_inu,dog,0.4,0.0606,english_cocker_spaniel,False,dog,True,within_superclass
shiba_inu_156,shiba_inu,dog,0.5,0.0739,english_cocker_spaniel,False,dog,True,within_superclass
shiba_inu_156,shiba_inu,dog,0.6,0.0789,english_cocker_spaniel,False,dog,True,within_superclass
shiba_inu_156,shiba_inu,dog,0.7,0.0821,english_cocker_spaniel,False,dog,True,within_superclass
shiba_inu_156,shiba_inu,dog,0.8,0.1039,english_cocker_spaniel,False,dog,True,within_superclass
shiba_inu_156,shiba_inu,dog,0.9,0.1196,english_cocker_spaniel,False,dog,True,within_superclass
shiba_inu_156,shiba_inu,dog,1.0,0.1346,english_cocker_spaniel,False,dog,True,within_superclass
pug_17,pug,dog,0.0,0.0,pug,True,dog,True,correct
pug_17,pug,dog,0.1,0.0305,pug,True,dog,True,correct
pug_17,pug,dog,0.2,0.0447,pug,True,dog,True,correct
pug_17,pug,dog,0.3,0.0396,pug,True,dog,True,correct
pug_17,pug,dog,0.4,0.0658,pug,True,dog,True,correct
pug_17,pug,dog,0.5,0.0831,pug,True,dog,True,correct
pug_17,pug,dog,0.6,0.0911,pug,True,dog,True,correct
pug_17,pug,dog,0.7,0.1235,pug,True,dog,True,correct
pug_17,pug,dog,0.8,0.1538,pug,True,dog,True,correct
pug_17,pug,dog,0.9,0.1498,pug,True,dog,True,correct
pug_17,pug,dog,1.0,0.1433,pug,True,dog,True,correct
Russian_Blue_182,russian_blue,cat,0.0,0.0,russian_blue,True,cat,True,correct
Russian_Blue_182,russian_blue,cat,0.1,0.0316,russian_blue,True,cat,True,correct
Russian_Blue_182,russian_blue,cat,0.2,0.031,russian_blue,True,cat,True,correct
Russian_Blue_182,russian_blue,cat,0.3,0.0455,russian_blue,True,cat,True,correct
Russian_Blue_182,russian_blue,cat,0.4,0.0529,russian_blue,True,cat,True,correct
Russian_Blue_182,russian_blue,cat,0.5,0.0733,russian_blue,True,cat,True,correct
Russian_Blue_182,russian_blue,cat,0.6,0.0697,russian_blue,True,cat,True,correct
Russian_Blue_182,russian_blue,cat,0.7,0.0931,russian_blue,True,cat,True,correct
Russian_Blue_182,russian_blue,cat,0.8,0.13,russian_blue,True,cat,True,correct
Russian_Blue_182,russian_blue,cat,0.9,0.1366,russian_blue,True,cat,True,correct
Russian_Blue_182,russian_blue,cat,1.0,0.1392,russian_blue,True,cat,True,correct
newfoundland_179,newfoundland,dog,0.0,0.0,leonberger,False,dog,True,within_superclass
newfoundland_179,newfoundland,dog,0.1,0.0432,leonberger,False,dog,True,within_superclass
newfoundland_179,newfoundland,dog,0.2,0.0266,leonberger,False,dog,True,within_superclass
newfoundland_179,newfoundland,dog,0.3,0.0282,leonberger,False,dog,True,within_superclass
newfoundland_179,newfoundland,dog,0.4,0.0459,leonberger,False,dog,True,within_superclass
newfoundland_179,newfoundland,dog,0.5,0.0516,leonberger,False,dog,True,within_superclass
newfoundland_179,newfoundland,dog,0.6,0.0538,leonberger,False,dog,True,within_superclass
newfoundland_179,newfoundland,dog,0.7,0.068,leonberger,False,dog,True,within_superclass
newfoundland_179,newfoundland,dog,0.8,0.077,leonberger,False,dog,True,within_superclass
newfoundland_179,newfoundland,dog,0.9,0.0822,leonberger,False,dog,True,within_superclass
newfoundland_179,newfoundland,dog,1.0,0.1167,leonberger,False,dog,True,within_superclass
boxer_180,boxer,dog,0.0,0.0,boxer,True,dog,True,correct
boxer_180,boxer,dog,0.1,0.0328,boxer,True,dog,True,correct
boxer_180,boxer,dog,0.2,0.0354,american_bulldog,False,dog,True,within_superclass
boxer_180,boxer,dog,0.3,0.0414,staffordshire_bull_terrier,False,dog,True,within_superclass
boxer_180,boxer,dog,0.4,0.0448,boxer,True,dog,True,correct
boxer_180,boxer,dog,0.5,0.0691,boxer,True,dog,True,correct
boxer_180,boxer,dog,0.6,0.0873,staffordshire_bull_terrier,False,dog,True,within_superclass
boxer_180,boxer,dog,0.7,0.0901,staffordshire_bull_terrier,False,dog,True,within_superclass
boxer_180,boxer,dog,0.8,0.0991,staffordshire_bull_terrier,False,dog,True,within_superclass
boxer_180,boxer,dog,0.9,0.1455,staffordshire_bull_terrier,False,dog,True,within_superclass
boxer_180,boxer,dog,1.0,0.1593,staffordshire_bull_terrier,False,dog,True,within_superclass
Bombay_163,bombay,cat,0.0,0.0,british_shorthair,False,cat,True,within_superclass
Bombay_163,bombay,cat,0.1,0.0383,siamese,False,cat,True,within_superclass
Bombay_163,bombay,cat,0.2,0.025,british_shorthair,False,cat,True,within_superclass
Bombay_163,bombay,cat,0.3,0.0401,british_shorthair,False,cat,True,within_superclass
Bombay_163,bombay,cat,0.4,0.0435,british_shorthair,False,cat,True,within_superclass
Bombay_163,bombay,cat,0.5,0.0551,british_shorthair,False,cat,True,within_superclass
Bombay_163,bombay,cat,0.6,0.0507,british_shorthair,False,cat,True,within_superclass
Bombay_163,bombay,cat,0.7,0.0655,siamese,False,cat,True,within_superclass
Bombay_163,bombay,cat,0.8,0.0889,british_shorthair,False,cat,True,within_superclass
Bombay_163,bombay,cat,0.9,0.0715,siamese,False,cat,True,within_superclass
Bombay_163,bombay,cat,1.0,0.0777,siamese,False,cat,True,within_superclass
english_cocker_spaniel_147,english_cocker_spaniel,dog,0.0,0.0,english_cocker_spaniel,True,dog,True,correct
english_cocker_spaniel_147,english_cocker_spaniel,dog,0.1,0.055,english_cocker_spaniel,True,dog,True,correct
english_cocker_spaniel_147,english_cocker_spaniel,dog,0.2,0.0366,english_cocker_spaniel,True,dog,True,correct
english_cocker_spaniel_147,english_cocker_spaniel,dog,0.3,0.0476,english_cocker_spaniel,True,dog,True,correct
english_cocker_spaniel_147,english_cocker_spaniel,dog,0.4,0.0536,english_cocker_spaniel,True,dog,True,correct
english_cocker_spaniel_147,english_cocker_spaniel,dog,0.5,0.0529,english_cocker_spaniel,True,dog,True,correct
english_cocker_spaniel_147,english_cocker_spaniel,dog,0.6,0.0885,english_cocker_spaniel,True,dog,True,correct
english_cocker_spaniel_147,english_cocker_spaniel,dog,0.7,0.0759,english_cocker_spaniel,True,dog,True,correct
english_cocker_spaniel_147,english_cocker_spaniel,dog,0.8,0.0948,newfoundland,False,dog,True,within_superclass
english_cocker_spaniel_147,english_cocker_spaniel,dog,0.9,0.083,english_cocker_spaniel,True,dog,True,correct
english_cocker_spaniel_147,english_cocker_spaniel,dog,1.0,0.106,newfoundland,False,dog,True,within_superclass
Persian_10,persian,cat,0.0,0.0,birman,False,cat,True,within_superclass
Persian_10,persian,cat,0.1,0.0425,birman,False,cat,True,within_superclass
Persian_10,persian,cat,0.2,0.0557,birman,False,cat,True,within_superclass
Persian_10,persian,cat,0.3,0.0487,birman,False,cat,True,within_superclass
Persian_10,persian,cat,0.4,0.0618,birman,False,cat,True,within_superclass
Persian_10,persian,cat,0.5,0.0562,birman,False,cat,True,within_superclass
Persian_10,persian,cat,0.6,0.0669,birman,False,cat,True,within_superclass
Persian_10,persian,cat,0.7,0.0665,persian,True,cat,True,correct
Persian_10,persian,cat,0.8,0.0692,birman,False,cat,True,within_superclass
Persian_10,persian,cat,0.9,0.0668,british_shorthair,False,cat,True,within_superclass
Persian_10,persian,cat,1.0,0.0714,persian,True,cat,True,correct
english_cocker_spaniel_171,english_cocker_spaniel,dog,0.0,0.0,english_cocker_spaniel,True,dog,True,correct
english_cocker_spaniel_171,english_cocker_spaniel,dog,0.1,0.0462,english_cocker_spaniel,True,dog,True,correct
english_cocker_spaniel_171,english_cocker_spaniel,dog,0.2,0.0332,english_cocker_spaniel,True,dog,True,correct
english_cocker_spaniel_171,english_cocker_spaniel,dog,0.3,0.0445,english_cocker_spaniel,True,dog,True,correct
english_cocker_spaniel_171,english_cocker_spaniel,dog,0.4,0.0593,english_cocker_spaniel,True,dog,True,correct
english_cocker_spaniel_171,english_cocker_spaniel,dog,0.5,0.112,english_cocker_spaniel,True,dog,True,correct
english_cocker_spaniel_171,english_cocker_spaniel,dog,0.6,0.087,english_cocker_spaniel,True,dog,True,correct
english_cocker_spaniel_171,english_cocker_spaniel,dog,0.7,0.1283,english_cocker_spaniel,True,dog,True,correct
english_cocker_spaniel_171,english_cocker_spaniel,dog,0.8,0.1595,english_cocker_spaniel,True,dog,True,correct
english_cocker_spaniel_171,english_cocker_spaniel,dog,0.9,0.1748,english_cocker_spaniel,True,dog,True,correct
english_cocker_spaniel_171,english_cocker_spaniel,dog,1.0,0.1795,english_cocker_spaniel,True,dog,True,correct
Bengal_147,bengal,cat,0.0,0.0,bengal,True,cat,True,correct
Bengal_147,bengal,cat,0.1,0.0598,bengal,True,cat,True,correct
Bengal_147,bengal,cat,0.2,0.0585,bengal,True,cat,True,correct
Bengal_147,bengal,cat,0.3,0.0729,abyssinian,False,cat,True,within_superclass
Bengal_147,bengal,cat,0.4,0.0963,bengal,True,cat,True,correct
Bengal_147,bengal,cat,0.5,0.0923,abyssinian,False,cat,True,within_superclass
Bengal_147,bengal,cat,0.6,0.0978,bengal,True,cat,True,correct
Bengal_147,bengal,cat,0.7,0.1117,bengal,True,cat,True,correct
Bengal_147,bengal,cat,0.8,0.116,bengal,True,cat,True,correct
Bengal_147,bengal,cat,0.9,0.1221,bengal,True,cat,True,correct
Bengal_147,bengal,cat,1.0,0.1372,british_shorthair,False,cat,True,within_superclass
Egyptian_Mau_176,egyptian_mau,cat,0.0,0.0,egyptian_mau,True,cat,True,correct
Egyptian_Mau_176,egyptian_mau,cat,0.1,0.0483,egyptian_mau,True,cat,True,correct
Egyptian_Mau_176,egyptian_mau,cat,0.2,0.0756,egyptian_mau,True,cat,True,correct
Egyptian_Mau_176,egyptian_mau,cat,0.3,0.0784,egyptian_mau,True,cat,True,correct
Egyptian_Mau_176,egyptian_mau,cat,0.4,0.1029,egyptian_mau,True,cat,True,correct
Egyptian_Mau_176,egyptian_mau,cat,0.5,0.0893,egyptian_mau,True,cat,True,correct
Egyptian_Mau_176,egyptian_mau,cat,0.6,0.1498,egyptian_mau,True,cat,True,correct
Egyptian_Mau_176,egyptian_mau,cat,0.7,0.1691,egyptian_mau,True,cat,True,correct
Egyptian_Mau_176,egyptian_mau,cat,0.8,0.1322,egyptian_mau,True,cat,True,correct
Egyptian_Mau_176,egyptian_mau,cat,0.9,0.1708,egyptian_mau,True,cat,True,correct
Egyptian_Mau_176,egyptian_mau,cat,1.0,0.1828,egyptian_mau,True,cat,True,correct
english_setter_176,english_setter,dog,0.0,0.0,english_setter,True,dog,True,correct
english_setter_176,english_setter,dog,0.1,0.0626,english_cocker_spaniel,False,dog,True,within_superclass
english_setter_176,english_setter,dog,0.2,0.0724,english_cocker_spaniel,False,dog,True,within_superclass
english_setter_176,english_setter,dog,0.3,0.0792,english_setter,True,dog,True,correct
english_setter_176,english_setter,dog,0.4,0.078,english_setter,True,dog,True,correct
english_setter_176,english_setter,dog,0.5,0.0708,english_cocker_spaniel,False,dog,True,within_superclass
english_setter_176,english_setter,dog,0.6,0.0767,english_cocker_spaniel,False,dog,True,within_superclass
english_setter_176,english_setter,dog,0.7,0.1057,english_cocker_spaniel,False,dog,True,within_superclass
english_setter_176,english_setter,dog,0.8,0.0929,english_cocker_spaniel,False,dog,True,within_superclass
english_setter_176,english_setter,dog,0.9,0.1116,english_setter,True,dog,True,correct
english_setter_176,english_setter,dog,1.0,0.121,english_setter,True,dog,True,correct
miniature_pinscher_123,miniature_pinscher,dog,0.0,0.0,miniature_pinscher,True,dog,True,correct
miniature_pinscher_123,miniature_pinscher,dog,0.1,0.0588,miniature_pinscher,True,dog,True,correct
miniature_pinscher_123,miniature_pinscher,dog,0.2,0.0598,miniature_pinscher,True,dog,True,correct
miniature_pinscher_123,miniature_pinscher,dog,0.3,0.063,miniature_pinscher,True,dog,True,correct
miniature_pinscher_123,miniature_pinscher,dog,0.4,0.0544,miniature_pinscher,True,dog,True,correct
miniature_pinscher_123,miniature_pinscher,dog,0.5,0.0756,miniature_pinscher,True,dog,True,correct
miniature_pinscher_123,miniature_pinscher,dog,0.6,0.0852,miniature_pinscher,True,dog,True,correct
miniature_pinscher_123,miniature_pinscher,dog,0.7,0.1042,miniature_pinscher,True,dog,True,correct
miniature_pinscher_123,miniature_pinscher,dog,0.8,0.1135,miniature_pinscher,True,dog,True,correct
miniature_pinscher_123,miniature_pinscher,dog,0.9,0.1087,miniature_pinscher,True,dog,True,correct
miniature_pinscher_123,miniature_pinscher,dog,1.0,0.1414,miniature_pinscher,True,dog,True,correct
Bengal_102,bengal,cat,0.0,0.0,bengal,True,cat,True,correct
Bengal_102,bengal,cat,0.1,0.0278,bengal,True,cat,True,correct
Bengal_102,bengal,cat,0.2,0.0391,bengal,True,cat,True,correct
Bengal_102,bengal,cat,0.3,0.0448,bengal,True,cat,True,correct
Bengal_102,bengal,cat,0.4,0.0628,bengal,True,cat,True,correct
Bengal_102,bengal,cat,0.5,0.0665,bengal,True,cat,True,correct
Bengal_102,bengal,cat,0.6,0.0677,bengal,True,cat,True,correct
Bengal_102,bengal,cat,0.7,0.0707,bengal,True,cat,True,correct
Bengal_102,bengal,cat,0.8,0.0765,bengal,True,cat,True,correct
Bengal_102,bengal,cat,0.9,0.0943,bengal,True,cat,True,correct
Bengal_102,bengal,cat,1.0,0.1051,bengal,True,cat,True,correct
english_cocker_spaniel_137,english_cocker_spaniel,dog,0.0,0.0,havanese,False,dog,True,within_superclass
english_cocker_spaniel_137,english_cocker_spaniel,dog,0.1,0.0869,english_cocker_spaniel,True,dog,True,correct
english_cocker_spaniel_137,english_cocker_spaniel,dog,0.2,0.0794,english_cocker_spaniel,True,dog,True,correct
english_cocker_spaniel_137,english_cocker_spaniel,dog,0.3,0.1029,havanese,False,dog,True,within_superclass
english_cocker_spaniel_137,english_cocker_spaniel,dog,0.4,0.112,english_cocker_spaniel,True,dog,True,correct
english_cocker_spaniel_137,english_cocker_spaniel,dog,0.5,0.1256,english_cocker_spaniel,True,dog,True,correct
english_cocker_spaniel_137,english_cocker_spaniel,dog,0.6,0.1427,wheaten_terrier,False,dog,True,within_superclass
english_cocker_spaniel_137,english_cocker_spaniel,dog,0.7,0.1479,havanese,False,dog,True,within_superclass
english_cocker_spaniel_137,english_cocker_spaniel,dog,0.8,0.1528,wheaten_terrier,False,dog,True,within_superclass
english_cocker_spaniel_137,english_cocker_spaniel,dog,0.9,0.1591,english_cocker_spaniel,True,dog,True,correct
english_cocker_spaniel_137,english_cocker_spaniel,dog,1.0,0.1888,wheaten_terrier,False,dog,True,within_superclass
pug_164,pug,dog,0.0,0.0,pug,True,dog,True,correct
pug_164,pug,dog,0.1,0.0379,pug,True,dog,True,correct
pug_164,pug,dog,0.2,0.0451,pug,True,dog,True,correct
pug_164,pug,dog,0.3,0.0993,pug,True,dog,True,correct
pug_164,pug,dog,0.4,0.0727,pug,True,dog,True,correct
pug_164,pug,dog,0.5,0.118,pug,True,dog,True,correct
pug_164,pug,dog,0.6,0.1029,pug,True,dog,True,correct
pug_164,pug,dog,0.7,0.1111,pug,True,dog,True,correct
pug_164,pug,dog,0.8,0.1302,pug,True,dog,True,correct
pug_164,pug,dog,0.9,0.1629,pug,True,dog,True,correct
pug_164,pug,dog,1.0,0.1677,pug,True,dog,True,correct
english_cocker_spaniel_102,english_cocker_spaniel,dog,0.0,0.0,english_setter,False,dog,True,within_superclass
english_cocker_spaniel_102,english_cocker_spaniel,dog,0.1,0.0598,english_cocker_spaniel,True,dog,True,correct
english_cocker_spaniel_102,english_cocker_spaniel,dog,0.2,0.0577,english_setter,False,dog,True,within_superclass
english_cocker_spaniel_102,english_cocker_spaniel,dog,0.3,0.0738,english_cocker_spaniel,True,dog,True,correct
english_cocker_spaniel_102,english_cocker_spaniel,dog,0.4,0.0875,english_setter,False,dog,True,within_superclass
english_cocker_spaniel_102,english_cocker_spaniel,dog,0.5,0.0768,english_setter,False,dog,True,within_superclass
english_cocker_spaniel_102,english_cocker_spaniel,dog,0.6,0.0856,english_setter,False,dog,True,within_superclass
english_cocker_spaniel_102,english_cocker_spaniel,dog,0.7,0.0866,english_setter,False,dog,True,within_superclass
english_cocker_spaniel_102,english_cocker_spaniel,dog,0.8,0.1153,english_cocker_spaniel,True,dog,True,correct
english_cocker_spaniel_102,english_cocker_spaniel,dog,0.9,0.1285,wheaten_terrier,False,dog,True,within_superclass
english_cocker_spaniel_102,english_cocker_spaniel,dog,1.0,0.1229,english_setter,False,dog,True,within_superclass
Egyptian_Mau_101,egyptian_mau,cat,0.0,0.0,egyptian_mau,True,cat,True,correct
Egyptian_Mau_101,egyptian_mau,cat,0.1,0.053,egyptian_mau,True,cat,True,correct
Egyptian_Mau_101,egyptian_mau,cat,0.2,0.063,egyptian_mau,True,cat,True,correct
Egyptian_Mau_101,egyptian_mau,cat,0.3,0.0722,british_shorthair,False,cat,True,within_superclass
Egyptian_Mau_101,egyptian_mau,cat,0.4,0.0731,egyptian_mau,True,cat,True,correct
Egyptian_Mau_101,egyptian_mau,cat,0.5,0.0738,egyptian_mau,True,cat,True,correct
Egyptian_Mau_101,egyptian_mau,cat,0.6,0.0982,abyssinian,False,cat,True,within_superclass
Egyptian_Mau_101,egyptian_mau,cat,0.7,0.0931,british_shorthair,False,cat,True,within_superclass
Egyptian_Mau_101,egyptian_mau,cat,0.8,0.0859,egyptian_mau,True,cat,True,correct
Egyptian_Mau_101,egyptian_mau,cat,0.9,0.1104,egyptian_mau,True,cat,True,correct
Egyptian_Mau_101,egyptian_mau,cat,1.0,0.103,egyptian_mau,True,cat,True,correct
British_Shorthair_175,british_shorthair,cat,0.0,0.0,british_shorthair,True,cat,True,correct
British_Shorthair_175,british_shorthair,cat,0.1,0.0423,british_shorthair,True,cat,True,correct
British_Shorthair_175,british_shorthair,cat,0.2,0.0329,british_shorthair,True,cat,True,correct
British_Shorthair_175,british_shorthair,cat,0.3,0.0493,british_shorthair,True,cat,True,correct
British_Shorthair_175,british_shorthair,cat,0.4,0.0511,british_shorthair,True,cat,True,correct
British_Shorthair_175,british_shorthair,cat,0.5,0.0557,british_shorthair,True,cat,True,correct
British_Shorthair_175,british_shorthair,cat,0.6,0.063,british_shorthair,True,cat,True,correct
British_Shorthair_175,british_shorthair,cat,0.7,0.0674,british_shorthair,True,cat,True,correct
British_Shorthair_175,british_shorthair,cat,0.8,0.0696,british_shorthair,True,cat,True,correct
British_Shorthair_175,british_shorthair,cat,0.9,0.0831,british_shorthair,True,cat,True,correct
British_Shorthair_175,british_shorthair,cat,1.0,0.0964,british_shorthair,True,cat,True,correct
shiba_inu_192,shiba_inu,dog,0.0,0.0,shiba_inu,True,dog,True,correct
shiba_inu_192,shiba_inu,dog,0.1,0.0442,shiba_inu,True,dog,True,correct
shiba_inu_192,shiba_inu,dog,0.2,0.1024,shiba_inu,True,dog,True,correct
shiba_inu_192,shiba_inu,dog,0.3,0.0696,shiba_inu,True,dog,True,correct
shiba_inu_192,shiba_inu,dog,0.4,0.0946,shiba_inu,True,dog,True,correct
shiba_inu_192,shiba_inu,dog,0.5,0.1176,shiba_inu,True,dog,True,correct
shiba_inu_192,shiba_inu,dog,0.6,0.1297,shiba_inu,True,dog,True,correct
shiba_inu_192,shiba_inu,dog,0.7,0.1043,shiba_inu,True,dog,True,correct
shiba_inu_192,shiba_inu,dog,0.8,0.1209,shiba_inu,True,dog,True,correct
shiba_inu_192,shiba_inu,dog,0.9,0.1494,shiba_inu,True,dog,True,correct
shiba_inu_192,shiba_inu,dog,1.0,0.1698,shiba_inu,True,dog,True,correct
great_pyrenees_158,great_pyrenees,dog,0.0,0.0,great_pyrenees,True,dog,True,correct
great_pyrenees_158,great_pyrenees,dog,0.1,0.0481,great_pyrenees,True,dog,True,correct
great_pyrenees_158,great_pyrenees,dog,0.2,0.0696,great_pyrenees,True,dog,True,correct
great_pyrenees_158,great_pyrenees,dog,0.3,0.0824,great_pyrenees,True,dog,True,correct
great_pyrenees_158,great_pyrenees,dog,0.4,0.1251,great_pyrenees,True,dog,True,correct
great_pyrenees_158,great_pyrenees,dog,0.5,0.1408,wheaten_terrier,False,dog,True,within_superclass
great_pyrenees_158,great_pyrenees,dog,0.6,0.1223,great_pyrenees,True,dog,True,correct
great_pyrenees_158,great_pyrenees,dog,0.7,0.1448,great_pyrenees,True,dog,True,correct
great_pyrenees_158,great_pyrenees,dog,0.8,0.1532,great_pyrenees,True,dog,True,correct
great_pyrenees_158,great_pyrenees,dog,0.9,0.1738,great_pyrenees,True,dog,True,correct
great_pyrenees_158,great_pyrenees,dog,1.0,0.1885,great_pyrenees,True,dog,True,correct
keeshond_12,keeshond,dog,0.0,0.0,keeshond,True,dog,True,correct
keeshond_12,keeshond,dog,0.1,0.0338,keeshond,True,dog,True,correct
keeshond_12,keeshond,dog,0.2,0.0304,keeshond,True,dog,True,correct
keeshond_12,keeshond,dog,0.3,0.0392,keeshond,True,dog,True,correct
keeshond_12,keeshond,dog,0.4,0.0644,keeshond,True,dog,True,correct
keeshond_12,keeshond,dog,0.5,0.0621,keeshond,True,dog,True,correct
keeshond_12,keeshond,dog,0.6,0.0693,keeshond,True,dog,True,correct
keeshond_12,keeshond,dog,0.7,0.0621,keeshond,True,dog,True,correct
keeshond_12,keeshond,dog,0.8,0.0872,keeshond,True,dog,True,correct
keeshond_12,keeshond,dog,0.9,0.0789,keeshond,True,dog,True,correct
keeshond_12,keeshond,dog,1.0,0.0935,keeshond,True,dog,True,correct
basset_hound_171,basset_hound,dog,0.0,0.0,basset_hound,True,dog,True,correct
basset_hound_171,basset_hound,dog,0.1,0.035,basset_hound,True,dog,True,correct
basset_hound_171,basset_hound,dog,0.2,0.044,basset_hound,True,dog,True,correct
basset_hound_171,basset_hound,dog,0.3,0.0573,basset_hound,True,dog,True,correct
basset_hound_171,basset_hound,dog,0.4,0.0584,basset_hound,True,dog,True,correct
basset_hound_171,basset_hound,dog,0.5,0.0837,basset_hound,True,dog,True,correct
basset_hound_171,basset_hound,dog,0.6,0.0805,basset_hound,True,dog,True,correct
basset_hound_171,basset_hound,dog,0.7,0.1104,basset_hound,True,dog,True,correct
basset_hound_171,basset_hound,dog,0.8,0.1188,basset_hound,True,dog,True,correct
basset_hound_171,basset_hound,dog,0.9,0.1082,basset_hound,True,dog,True,correct
basset_hound_171,basset_hound,dog,1.0,0.1501,basset_hound,True,dog,True,correct
basset_hound_144,basset_hound,dog,0.0,0.0,basset_hound,True,dog,True,correct
basset_hound_144,basset_hound,dog,0.1,0.0795,basset_hound,True,dog,True,correct
basset_hound_144,basset_hound,dog,0.2,0.0958,basset_hound,True,dog,True,correct
basset_hound_144,basset_hound,dog,0.3,0.1212,basset_hound,True,dog,True,correct
basset_hound_144,basset_hound,dog,0.4,0.1541,basset_hound,True,dog,True,correct
basset_hound_144,basset_hound,dog,0.5,0.183,basset_hound,True,dog,True,correct
basset_hound_144,basset_hound,dog,0.6,0.198,basset_hound,True,dog,True,correct
basset_hound_144,basset_hound,dog,0.7,0.2085,leonberger,False,dog,True,within_superclass
basset_hound_144,basset_hound,dog,0.8,0.1923,basset_hound,True,dog,True,correct
basset_hound_144,basset_hound,dog,0.9,0.2281,basset_hound,True,dog,True,correct
basset_hound_144,basset_hound,dog,1.0,0.2659,leonberger,False,dog,True,within_superclass
Maine_Coon_140,maine_coon,cat,0.0,0.0,maine_coon,True,cat,True,correct
Maine_Coon_140,maine_coon,cat,0.1,0.0737,maine_coon,True,cat,True,correct
Maine_Coon_140,maine_coon,cat,0.2,0.0467,maine_coon,True,cat,True,correct
Maine_Coon_140,maine_coon,cat,0.3,0.0797,maine_coon,True,cat,True,correct
Maine_Coon_140,maine_coon,cat,0.4,0.0822,maine_coon,True,cat,True,correct
Maine_Coon_140,maine_coon,cat,0.5,0.1062,maine_coon,True,cat,True,correct
Maine_Coon_140,maine_coon,cat,0.6,0.0903,maine_coon,True,cat,True,correct
Maine_Coon_140,maine_coon,cat,0.7,0.0903,maine_coon,True,cat,True,correct
Maine_Coon_140,maine_coon,cat,0.8,0.1065,maine_coon,True,cat,True,correct
Maine_Coon_140,maine_coon,cat,0.9,0.1009,maine_coon,True,cat,True,correct
Maine_Coon_140,maine_coon,cat,1.0,0.0956,maine_coon,True,cat,True,correct
Bengal_186,bengal,cat,0.0,0.0,bengal,True,cat,True,correct
Bengal_186,bengal,cat,0.1,0.0259,bengal,True,cat,True,correct
Bengal_186,bengal,cat,0.2,0.0263,bengal,True,cat,True,correct
Bengal_186,bengal,cat,0.3,0.0337,bengal,True,cat,True,correct
Bengal_186,bengal,cat,0.4,0.0463,bengal,True,cat,True,correct
Bengal_186,bengal,cat,0.5,0.0525,bengal,True,cat,True,correct
Bengal_186,bengal,cat,0.6,0.0593,bengal,True,cat,True,correct
Bengal_186,bengal,cat,0.7,0.0778,bengal,True,cat,True,correct
Bengal_186,bengal,cat,0.8,0.0627,bengal,True,cat,True,correct
Bengal_186,bengal,cat,0.9,0.082,bengal,True,cat,True,correct
Bengal_186,bengal,cat,1.0,0.0869,bengal,True,cat,True,correct
Egyptian_Mau_104,egyptian_mau,cat,0.0,0.0,egyptian_mau,True,cat,True,correct
Egyptian_Mau_104,egyptian_mau,cat,0.1,0.0975,egyptian_mau,True,cat,True,correct
Egyptian_Mau_104,egyptian_mau,cat,0.2,0.1379,egyptian_mau,True,cat,True,correct
Egyptian_Mau_104,egyptian_mau,cat,0.3,0.1218,egyptian_mau,True,cat,True,correct
Egyptian_Mau_104,egyptian_mau,cat,0.4,0.1247,egyptian_mau,True,cat,True,correct
Egyptian_Mau_104,egyptian_mau,cat,0.5,0.1388,egyptian_mau,True,cat,True,correct
Egyptian_Mau_104,egyptian_mau,cat,0.6,0.1423,egyptian_mau,True,cat,True,correct
Egyptian_Mau_104,egyptian_mau,cat,0.7,0.1246,egyptian_mau,True,cat,True,correct
Egyptian_Mau_104,egyptian_mau,cat,0.8,0.1829,egyptian_mau,True,cat,True,correct
Egyptian_Mau_104,egyptian_mau,cat,0.9,0.1774,egyptian_mau,True,cat,True,correct
Egyptian_Mau_104,egyptian_mau,cat,1.0,0.1963,maine_coon,False,cat,True,within_superclass
Persian_12,persian,cat,0.0,0.0,birman,False,cat,True,within_superclass
Persian_12,persian,cat,0.1,0.0244,birman,False,cat,True,within_superclass
Persian_12,persian,cat,0.2,0.0249,birman,False,cat,True,within_superclass
Persian_12,persian,cat,0.3,0.0308,birman,False,cat,True,within_superclass
Persian_12,persian,cat,0.4,0.0461,birman,False,cat,True,within_superclass
Persian_12,persian,cat,0.5,0.0485,birman,False,cat,True,within_superclass
Persian_12,persian,cat,0.6,0.0488,birman,False,cat,True,within_superclass
Persian_12,persian,cat,0.7,0.0585,birman,False,cat,True,within_superclass
Persian_12,persian,cat,0.8,0.0754,british_shorthair,False,cat,True,within_superclass
Persian_12,persian,cat,0.9,0.0781,british_shorthair,False,cat,True,within_superclass
Persian_12,persian,cat,1.0,0.0738,british_shorthair,False,cat,True,within_superclass
boxer_121,boxer,dog,0.0,0.0,american_bulldog,False,dog,True,within_superclass
boxer_121,boxer,dog,0.1,0.0394,boxer,True,dog,True,correct
boxer_121,boxer,dog,0.2,0.0581,boxer,True,dog,True,correct
boxer_121,boxer,dog,0.3,0.0701,boxer,True,dog,True,correct
boxer_121,boxer,dog,0.4,0.0971,boxer,True,dog,True,correct
boxer_121,boxer,dog,0.5,0.0942,boxer,True,dog,True,correct
boxer_121,boxer,dog,0.6,0.125,boxer,True,dog,True,correct
boxer_121,boxer,dog,0.7,0.141,boxer,True,dog,True,correct
boxer_121,boxer,dog,0.8,0.1387,boxer,True,dog,True,correct
boxer_121,boxer,dog,0.9,0.1924,boxer,True,dog,True,correct
boxer_121,boxer,dog,1.0,0.1589,boxer,True,dog,True,correct
beagle_193,beagle,dog,0.0,0.0,beagle,True,dog,True,correct
beagle_193,beagle,dog,0.1,0.0199,beagle,True,dog,True,correct
beagle_193,beagle,dog,0.2,0.0347,beagle,True,dog,True,correct
beagle_193,beagle,dog,0.3,0.0439,beagle,True,dog,True,correct
beagle_193,beagle,dog,0.4,0.0464,beagle,True,dog,True,correct
beagle_193,beagle,dog,0.5,0.0665,beagle,True,dog,True,correct
beagle_193,beagle,dog,0.6,0.0793,beagle,True,dog,True,correct
beagle_193,beagle,dog,0.7,0.0913,beagle,True,dog,True,correct
beagle_193,beagle,dog,0.8,0.0867,beagle,True,dog,True,correct
beagle_193,beagle,dog,0.9,0.1054,basset_hound,False,dog,True,within_superclass
beagle_193,beagle,dog,1.0,0.1152,basset_hound,False,dog,True,within_superclass
British_Shorthair_178,british_shorthair,cat,0.0,0.0,british_shorthair,True,cat,True,correct
British_Shorthair_178,british_shorthair,cat,0.1,0.0297,british_shorthair,True,cat,True,correct
British_Shorthair_178,british_shorthair,cat,0.2,0.0399,british_shorthair,True,cat,True,correct
British_Shorthair_178,british_shorthair,cat,0.3,0.0487,british_shorthair,True,cat,True,correct
British_Shorthair_178,british_shorthair,cat,0.4,0.0581,british_shorthair,True,cat,True,correct
British_Shorthair_178,british_shorthair,cat,0.5,0.0647,british_shorthair,True,cat,True,correct
British_Shorthair_178,british_shorthair,cat,0.6,0.0838,british_shorthair,True,cat,True,correct
British_Shorthair_178,british_shorthair,cat,0.7,0.0882,british_shorthair,True,cat,True,correct
British_Shorthair_178,british_shorthair,cat,0.8,0.1261,british_shorthair,True,cat,True,correct
British_Shorthair_178,british_shorthair,cat,0.9,0.1098,british_shorthair,True,cat,True,correct
British_Shorthair_178,british_shorthair,cat,1.0,0.1083,british_shorthair,True,cat,True,correct
Bombay_162,bombay,cat,0.0,0.0,british_shorthair,False,cat,True,within_superclass
Bombay_162,bombay,cat,0.1,0.0183,siamese,False,cat,True,within_superclass
Bombay_162,bombay,cat,0.2,0.023,british_shorthair,False,cat,True,within_superclass
Bombay_162,bombay,cat,0.3,0.0327,british_shorthair,False,cat,True,within_superclass
Bombay_162,bombay,cat,0.4,0.0398,british_shorthair,False,cat,True,within_superclass
Bombay_162,bombay,cat,0.5,0.0453,siamese,False,cat,True,within_superclass
Bombay_162,bombay,cat,0.6,0.0451,british_shorthair,False,cat,True,within_superclass
Bombay_162,bombay,cat,0.7,0.0556,siamese,False,cat,True,within_superclass
Bombay_162,bombay,cat,0.8,0.076,siamese,False,cat,True,within_superclass
Bombay_162,bombay,cat,0.9,0.077,british_shorthair,False,cat,True,within_superclass
Bombay_162,bombay,cat,1.0,0.1209,siamese,False,cat,True,within_superclass
Siamese_195,siamese,cat,0.0,0.0,siamese,True,cat,True,correct
Siamese_195,siamese,cat,0.1,0.0901,siamese,True,cat,True,correct
Siamese_195,siamese,cat,0.2,0.1054,siamese,True,cat,True,correct
Siamese_195,siamese,cat,0.3,0.1277,siamese,True,cat,True,correct
Siamese_195,siamese,cat,0.4,0.1764,siamese,True,cat,True,correct
Siamese_195,siamese,cat,0.5,0.1685,siamese,True,cat,True,correct
Siamese_195,siamese,cat,0.6,0.1826,siamese,True,cat,True,correct
Siamese_195,siamese,cat,0.7,0.1939,siamese,True,cat,True,correct
Siamese_195,siamese,cat,0.8,0.1987,siamese,True,cat,True,correct
Siamese_195,siamese,cat,0.9,0.2005,siamese,True,cat,True,correct
Siamese_195,siamese,cat,1.0,0.2047,siamese,True,cat,True,correct
wheaten_terrier_149,wheaten_terrier,dog,0.0,0.0,wheaten_terrier,True,dog,True,correct
wheaten_terrier_149,wheaten_terrier,dog,0.1,0.038,wheaten_terrier,True,dog,True,correct
wheaten_terrier_149,wheaten_terrier,dog,0.2,0.0502,wheaten_terrier,True,dog,True,correct
wheaten_terrier_149,wheaten_terrier,dog,0.3,0.0616,wheaten_terrier,True,dog,True,correct
wheaten_terrier_149,wheaten_terrier,dog,0.4,0.0809,wheaten_terrier,True,dog,True,correct
wheaten_terrier_149,wheaten_terrier,dog,0.5,0.0954,wheaten_terrier,True,dog,True,correct
wheaten_terrier_149,wheaten_terrier,dog,0.6,0.0921,wheaten_terrier,True,dog,True,correct
wheaten_terrier_149,wheaten_terrier,dog,0.7,0.0981,wheaten_terrier,True,dog,True,correct
wheaten_terrier_149,wheaten_terrier,dog,0.8,0.1131,wheaten_terrier,True,dog,True,correct
wheaten_terrier_149,wheaten_terrier,dog,0.9,0.1294,wheaten_terrier,True,dog,True,correct
wheaten_terrier_149,wheaten_terrier,dog,1.0,0.1507,wheaten_terrier,True,dog,True,correct
english_cocker_spaniel_174,english_cocker_spaniel,dog,0.0,0.0,english_cocker_spaniel,True,dog,True,correct
english_cocker_spaniel_174,english_cocker_spaniel,dog,0.1,0.0443,english_cocker_spaniel,True,dog,True,correct
english_cocker_spaniel_174,english_cocker_spaniel,dog,0.2,0.0613,english_cocker_spaniel,True,dog,True,correct
english_cocker_spaniel_174,english_cocker_spaniel,dog,0.3,0.0823,english_cocker_spaniel,True,dog,True,correct
english_cocker_spaniel_174,english_cocker_spaniel,dog,0.4,0.0979,english_cocker_spaniel,True,dog,True,correct
english_cocker_spaniel_174,english_cocker_spaniel,dog,0.5,0.1407,english_cocker_spaniel,True,dog,True,correct
english_cocker_spaniel_174,english_cocker_spaniel,dog,0.6,0.1406,english_cocker_spaniel,True,dog,True,correct
english_cocker_spaniel_174,english_cocker_spaniel,dog,0.7,0.1361,english_cocker_spaniel,True,dog,True,correct
english_cocker_spaniel_174,english_cocker_spaniel,dog,0.8,0.1628,english_cocker_spaniel,True,dog,True,correct
english_cocker_spaniel_174,english_cocker_spaniel,dog,0.9,0.1153,english_cocker_spaniel,True,dog,True,correct
english_cocker_spaniel_174,english_cocker_spaniel,dog,1.0,0.1125,english_cocker_spaniel,True,dog,True,correct
Ragdoll_138,ragdoll,cat,0.0,0.0,birman,False,cat,True,within_superclass
Ragdoll_138,ragdoll,cat,0.1,0.0493,birman,False,cat,True,within_superclass
Ragdoll_138,ragdoll,cat,0.2,0.0504,birman,False,cat,True,within_superclass
Ragdoll_138,ragdoll,cat,0.3,0.0517,birman,False,cat,True,within_superclass
Ragdoll_138,ragdoll,cat,0.4,0.0752,birman,False,cat,True,within_superclass
Ragdoll_138,ragdoll,cat,0.5,0.0838,birman,False,cat,True,within_superclass
Ragdoll_138,ragdoll,cat,0.6,0.1026,siamese,False,cat,True,within_superclass
Ragdoll_138,ragdoll,cat,0.7,0.0799,birman,False,cat,True,within_superclass
Ragdoll_138,ragdoll,cat,0.8,0.0951,siamese,False,cat,True,within_superclass
Ragdoll_138,ragdoll,cat,0.9,0.0962,birman,False,cat,True,within_superclass
Ragdoll_138,ragdoll,cat,1.0,0.1011,siamese,False,cat,True,within_superclass
saint_bernard_135,saint_bernard,dog,0.0,0.0,saint_bernard,True,dog,True,correct
saint_bernard_135,saint_bernard,dog,0.1,0.0455,saint_bernard,True,dog,True,correct
saint_bernard_135,saint_bernard,dog,0.2,0.0387,saint_bernard,True,dog,True,correct
saint_bernard_135,saint_bernard,dog,0.3,0.0499,saint_bernard,True,dog,True,correct
saint_bernard_135,saint_bernard,dog,0.4,0.057,saint_bernard,True,dog,True,correct
saint_bernard_135,saint_bernard,dog,0.5,0.0701,saint_bernard,True,dog,True,correct
saint_bernard_135,saint_bernard,dog,0.6,0.0805,saint_bernard,True,dog,True,correct
saint_bernard_135,saint_bernard,dog,0.7,0.0989,saint_bernard,True,dog,True,correct
saint_bernard_135,saint_bernard,dog,0.8,0.1131,saint_bernard,True,dog,True,correct
saint_bernard_135,saint_bernard,dog,0.9,0.123,saint_bernard,True,dog,True,correct
saint_bernard_135,saint_bernard,dog,1.0,0.1346,saint_bernard,True,dog,True,correct
Bombay_171,bombay,cat,0.0,0.0,egyptian_mau,False,cat,True,within_superclass
Bombay_171,bombay,cat,0.1,0.0856,siamese,False,cat,True,within_superclass
Bombay_171,bombay,cat,0.2,0.0971,british_shorthair,False,cat,True,within_superclass
Bombay_171,bombay,cat,0.3,0.1072,egyptian_mau,False,cat,True,within_superclass
Bombay_171,bombay,cat,0.4,0.135,british_shorthair,False,cat,True,within_superclass
Bombay_171,bombay,cat,0.5,0.1458,egyptian_mau,False,cat,True,within_superclass
Bombay_171,bombay,cat,0.6,0.169,egyptian_mau,False,cat,True,within_superclass
Bombay_171,bombay,cat,0.7,0.2163,egyptian_mau,False,cat,True,within_superclass
Bombay_171,bombay,cat,0.8,0.2114,egyptian_mau,False,cat,True,within_superclass
Bombay_171,bombay,cat,0.9,0.2518,scottish_terrier,False,cat,True,within_superclass
Bombay_171,bombay,cat,1.0,0.2541,scottish_terrier,False,cat,True,within_superclass
staffordshire_bull_terrier_116,staffordshire_bull_terrier,dog,0.0,0.0,staffordshire_bull_terrier,True,dog,True,correct
staffordshire_bull_terrier_116,staffordshire_bull_terrier,dog,0.1,0.0258,staffordshire_bull_terrier,True,dog,True,correct
staffordshire_bull_terrier_116,staffordshire_bull_terrier,dog,0.2,0.0305,american_pit_bull_terrier,False,dog,True,within_superclass
staffordshire_bull_terrier_116,staffordshire_bull_terrier,dog,0.3,0.0564,american_pit_bull_terrier,False,dog,True,within_superclass
staffordshire_bull_terrier_116,staffordshire_bull_terrier,dog,0.4,0.0673,american_pit_bull_terrier,False,dog,True,within_superclass
staffordshire_bull_terrier_116,staffordshire_bull_terrier,dog,0.5,0.0743,american_pit_bull_terrier,False,dog,True,within_superclass
staffordshire_bull_terrier_116,staffordshire_bull_terrier,dog,0.6,0.0867,american_pit_bull_terrier,False,dog,True,within_superclass
staffordshire_bull_terrier_116,staffordshire_bull_terrier,dog,0.7,0.0823,american_pit_bull_terrier,False,dog,True,within_superclass
staffordshire_bull_terrier_116,staffordshire_bull_terrier,dog,0.8,0.1075,american_pit_bull_terrier,False,dog,True,within_superclass
staffordshire_bull_terrier_116,staffordshire_bull_terrier,dog,0.9,0.1301,american_pit_bull_terrier,False,dog,True,within_superclass
staffordshire_bull_terrier_116,staffordshire_bull_terrier,dog,1.0,0.1308,american_pit_bull_terrier,False,dog,True,within_superclass
staffordshire_bull_terrier_190,staffordshire_bull_terrier,dog,0.0,0.0,staffordshire_bull_terrier,True,dog,True,correct
staffordshire_bull_terrier_190,staffordshire_bull_terrier,dog,0.1,0.03,american_bulldog,False,dog,True,within_superclass
staffordshire_bull_terrier_190,staffordshire_bull_terrier,dog,0.2,0.038,staffordshire_bull_terrier,True,dog,True,correct
staffordshire_bull_terrier_190,staffordshire_bull_terrier,dog,0.3,0.057,staffordshire_bull_terrier,True,dog,True,correct
staffordshire_bull_terrier_190,staffordshire_bull_terrier,dog,0.4,0.077,staffordshire_bull_terrier,True,dog,True,correct
staffordshire_bull_terrier_190,staffordshire_bull_terrier,dog,0.5,0.0867,staffordshire_bull_terrier,True,dog,True,correct
staffordshire_bull_terrier_190,staffordshire_bull_terrier,dog,0.6,0.097,staffordshire_bull_terrier,True,dog,True,correct
staffordshire_bull_terrier_190,staffordshire_bull_terrier,dog,0.7,0.1173,staffordshire_bull_terrier,True,dog,True,correct
staffordshire_bull_terrier_190,staffordshire_bull_terrier,dog,0.8,0.1159,staffordshire_bull_terrier,True,dog,True,correct
staffordshire_bull_terrier_190,staffordshire_bull_terrier,dog,0.9,0.1235,staffordshire_bull_terrier,True,dog,True,correct
staffordshire_bull_terrier_190,staffordshire_bull_terrier,dog,1.0,0.1293,staffordshire_bull_terrier,True,dog,True,correct
Bengal_171,bengal,cat,0.0,0.0,abyssinian,False,cat,True,within_superclass
Bengal_171,bengal,cat,0.1,0.0678,abyssinian,False,cat,True,within_superclass
Bengal_171,bengal,cat,0.2,0.0861,abyssinian,False,cat,True,within_superclass
Bengal_171,bengal,cat,0.3,0.0907,abyssinian,False,cat,True,within_superclass
Bengal_171,bengal,cat,0.4,0.0972,abyssinian,False,cat,True,within_superclass
Bengal_171,bengal,cat,0.5,0.0955,abyssinian,False,cat,True,within_superclass
Bengal_171,bengal,cat,0.6,0.1239,abyssinian,False,cat,True,within_superclass
Bengal_171,bengal,cat,0.7,0.1254,abyssinian,False,cat,True,within_superclass
Bengal_171,bengal,cat,0.8,0.1422,abyssinian,False,cat,True,within_superclass
Bengal_171,bengal,cat,0.9,0.1605,egyptian_mau,False,cat,True,within_superclass
Bengal_171,bengal,cat,1.0,0.2042,british_shorthair,False,cat,True,within_superclass
american_bulldog_136,american_bulldog,dog,0.0,0.0,american_bulldog,True,dog,True,correct
american_bulldog_136,american_bulldog,dog,0.1,0.0682,american_bulldog,True,dog,True,correct
american_bulldog_136,american_bulldog,dog,0.2,0.0367,american_bulldog,True,dog,True,correct
american_bulldog_136,american_bulldog,dog,0.3,0.0533,staffordshire_bull_terrier,False,dog,True,within_superclass
american_bulldog_136,american_bulldog,dog,0.4,0.0526,american_bulldog,True,dog,True,correct
american_bulldog_136,american_bulldog,dog,0.5,0.0791,staffordshire_bull_terrier,False,dog,True,within_superclass
american_bulldog_136,american_bulldog,dog,0.6,0.076,staffordshire_bull_terrier,False,dog,True,within_superclass
american_bulldog_136,american_bulldog,dog,0.7,0.0744,staffordshire_bull_terrier,False,dog,True,within_superclass
american_bulldog_136,american_bulldog,dog,0.8,0.0837,american_bulldog,True,dog,True,correct
american_bulldog_136,american_bulldog,dog,0.9,0.086,american_bulldog,True,dog,True,correct
american_bulldog_136,american_bulldog,dog,1.0,0.0972,american_bulldog,True,dog,True,correct
leonberger_100,leonberger,dog,0.0,0.0,leonberger,True,dog,True,correct
leonberger_100,leonberger,dog,0.1,0.0193,leonberger,True,dog,True,correct
leonberger_100,leonberger,dog,0.2,0.0245,leonberger,True,dog,True,correct
leonberger_100,leonberger,dog,0.3,0.0321,leonberger,True,dog,True,correct
leonberger_100,leonberger,dog,0.4,0.0463,leonberger,True,dog,True,correct
leonberger_100,leonberger,dog,0.5,0.0449,leonberger,True,dog,True,correct
leonberger_100,leonberger,dog,0.6,0.0734,leonberger,True,dog,True,correct
leonberger_100,leonberger,dog,0.7,0.0807,leonberger,True,dog,True,correct
leonberger_100,leonberger,dog,0.8,0.0873,leonberger,True,dog,True,correct
leonberger_100,leonberger,dog,0.9,0.103,leonberger,True,dog,True,correct
leonberger_100,leonberger,dog,1.0,0.1204,leonberger,True,dog,True,correct
english_setter_159,english_setter,dog,0.0,0.0,english_setter,True,dog,True,correct
english_setter_159,english_setter,dog,0.1,0.0159,english_setter,True,dog,True,correct
english_setter_159,english_setter,dog,0.2,0.0263,english_setter,True,dog,True,correct
english_setter_159,english_setter,dog,0.3,0.0414,english_setter,True,dog,True,correct
english_setter_159,english_setter,dog,0.4,0.0498,english_setter,True,dog,True,correct
english_setter_159,english_setter,dog,0.5,0.0528,english_setter,True,dog,True,correct
english_setter_159,english_setter,dog,0.6,0.0703,english_setter,True,dog,True,correct
english_setter_159,english_setter,dog,0.7,0.0761,english_setter,True,dog,True,correct
english_setter_159,english_setter,dog,0.8,0.0768,english_setter,True,dog,True,correct
english_setter_159,english_setter,dog,0.9,0.1048,english_setter,True,dog,True,correct
english_setter_159,english_setter,dog,1.0,0.0885,english_setter,True,dog,True,correct
beagle_169,beagle,dog,0.0,0.0,boxer,False,dog,True,within_superclass
beagle_169,beagle,dog,0.1,0.0284,boxer,False,dog,True,within_superclass
beagle_169,beagle,dog,0.2,0.0204,boxer,False,dog,True,within_superclass
beagle_169,beagle,dog,0.3,0.0284,boxer,False,dog,True,within_superclass
beagle_169,beagle,dog,0.4,0.0257,boxer,False,dog,True,within_superclass
beagle_169,beagle,dog,0.5,0.0298,boxer,False,dog,True,within_superclass
beagle_169,beagle,dog,0.6,0.0438,boxer,False,dog,True,within_superclass
beagle_169,beagle,dog,0.7,0.0638,boxer,False,dog,True,within_superclass
beagle_169,beagle,dog,0.8,0.0558,boxer,False,dog,True,within_superclass
beagle_169,beagle,dog,0.9,0.0542,boxer,False,dog,True,within_superclass
beagle_169,beagle,dog,1.0,0.0743,boxer,False,dog,True,within_superclass
Maine_Coon_195,maine_coon,cat,0.0,0.0,maine_coon,True,cat,True,correct
Maine_Coon_195,maine_coon,cat,0.1,0.0233,maine_coon,True,cat,True,correct
Maine_Coon_195,maine_coon,cat,0.2,0.0329,maine_coon,True,cat,True,correct
Maine_Coon_195,maine_coon,cat,0.3,0.0332,maine_coon,True,cat,True,correct
Maine_Coon_195,maine_coon,cat,0.4,0.0374,maine_coon,True,cat,True,correct
Maine_Coon_195,maine_coon,cat,0.5,0.0456,maine_coon,True,cat,True,correct
Maine_Coon_195,maine_coon,cat,0.6,0.0584,maine_coon,True,cat,True,correct
Maine_Coon_195,maine_coon,cat,0.7,0.0563,maine_coon,True,cat,True,correct
Maine_Coon_195,maine_coon,cat,0.8,0.0704,maine_coon,True,cat,True,correct
Maine_Coon_195,maine_coon,cat,0.9,0.0619,maine_coon,True,cat,True,correct
Maine_Coon_195,maine_coon,cat,1.0,0.0956,maine_coon,True,cat,True,correct
american_pit_bull_terrier_153,american_pit_bull_terrier,dog,0.0,0.0,staffordshire_bull_terrier,False,dog,True,within_superclass
american_pit_bull_terrier_153,american_pit_bull_terrier,dog,0.1,0.0617,staffordshire_bull_terrier,False,dog,True,within_superclass
american_pit_bull_terrier_153,american_pit_bull_terrier,dog,0.2,0.0687,staffordshire_bull_terrier,False,dog,True,within_superclass
american_pit_bull_terrier_153,american_pit_bull_terrier,dog,0.3,0.0652,staffordshire_bull_terrier,False,dog,True,within_superclass
american_pit_bull_terrier_153,american_pit_bull_terrier,dog,0.4,0.0743,staffordshire_bull_terrier,False,dog,True,within_superclass
american_pit_bull_terrier_153,american_pit_bull_terrier,dog,0.5,0.0897,staffordshire_bull_terrier,False,dog,True,within_superclass
american_pit_bull_terrier_153,american_pit_bull_terrier,dog,0.6,0.0932,staffordshire_bull_terrier,False,dog,True,within_superclass
american_pit_bull_terrier_153,american_pit_bull_terrier,dog,0.7,0.1231,staffordshire_bull_terrier,False,dog,True,within_superclass
american_pit_bull_terrier_153,american_pit_bull_terrier,dog,0.8,0.1589,staffordshire_bull_terrier,False,dog,True,within_superclass
american_pit_bull_terrier_153,american_pit_bull_terrier,dog,0.9,0.1656,staffordshire_bull_terrier,False,dog,True,within_superclass
american_pit_bull_terrier_153,american_pit_bull_terrier,dog,1.0,0.2108,staffordshire_bull_terrier,False,dog,True,within_superclass
Bombay_102,bombay,cat,0.0,0.0,siamese,False,cat,True,within_superclass
Bombay_102,bombay,cat,0.1,0.0918,siamese,False,cat,True,within_superclass
Bombay_102,bombay,cat,0.2,0.1003,siamese,False,cat,True,within_superclass
Bombay_102,bombay,cat,0.3,0.0949,siamese,False,cat,True,within_superclass
Bombay_102,bombay,cat,0.4,0.1025,siamese,False,cat,True,within_superclass
Bombay_102,bombay,cat,0.5,0.1071,siamese,False,cat,True,within_superclass
Bombay_102,bombay,cat,0.6,0.1265,siamese,False,cat,True,within_superclass
Bombay_102,bombay,cat,0.7,0.1253,siamese,False,cat,True,within_superclass
Bombay_102,bombay,cat,0.8,0.1473,siamese,False,cat,True,within_superclass
Bombay_102,bombay,cat,0.9,0.1433,siamese,False,cat,True,within_superclass
Bombay_102,bombay,cat,1.0,0.1618,siamese,False,cat,True,within_superclass
Maine_Coon_104,maine_coon,cat,0.0,0.0,maine_coon,True,cat,True,correct
Maine_Coon_104,maine_coon,cat,0.1,0.0234,maine_coon,True,cat,True,correct
Maine_Coon_104,maine_coon,cat,0.2,0.0334,maine_coon,True,cat,True,correct
Maine_Coon_104,maine_coon,cat,0.3,0.0482,maine_coon,True,cat,True,correct
Maine_Coon_104,maine_coon,cat,0.4,0.0606,maine_coon,True,cat,True,correct
Maine_Coon_104,maine_coon,cat,0.5,0.0582,maine_coon,True,cat,True,correct
Maine_Coon_104,maine_coon,cat,0.6,0.0709,maine_coon,True,cat,True,correct
Maine_Coon_104,maine_coon,cat,0.7,0.0659,maine_coon,True,cat,True,correct
Maine_Coon_104,maine_coon,cat,0.8,0.0902,maine_coon,True,cat,True,correct
Maine_Coon_104,maine_coon,cat,0.9,0.083,maine_coon,True,cat,True,correct
Maine_Coon_104,maine_coon,cat,1.0,0.0887,maine_coon,True,cat,True,correct
Bengal_172,bengal,cat,0.0,0.0,bengal,True,cat,True,correct
Bengal_172,bengal,cat,0.1,0.0407,abyssinian,False,cat,True,within_superclass
Bengal_172,bengal,cat,0.2,0.0515,abyssinian,False,cat,True,within_superclass
Bengal_172,bengal,cat,0.3,0.062,abyssinian,False,cat,True,within_superclass
Bengal_172,bengal,cat,0.4,0.0643,abyssinian,False,cat,True,within_superclass
Bengal_172,bengal,cat,0.5,0.0788,abyssinian,False,cat,True,within_superclass
Bengal_172,bengal,cat,0.6,0.0934,abyssinian,False,cat,True,within_superclass
Bengal_172,bengal,cat,0.7,0.1159,abyssinian,False,cat,True,within_superclass
Bengal_172,bengal,cat,0.8,0.1566,abyssinian,False,cat,True,within_superclass
Bengal_172,bengal,cat,0.9,0.1674,abyssinian,False,cat,True,within_superclass
Bengal_172,bengal,cat,1.0,0.1488,abyssinian,False,cat,True,within_superclass
yorkshire_terrier_131,yorkshire_terrier,dog,0.0,0.0,yorkshire_terrier,True,dog,True,correct
yorkshire_terrier_131,yorkshire_terrier,dog,0.1,0.0403,yorkshire_terrier,True,dog,True,correct
yorkshire_terrier_131,yorkshire_terrier,dog,0.2,0.055,yorkshire_terrier,True,dog,True,correct
yorkshire_terrier_131,yorkshire_terrier,dog,0.3,0.0695,yorkshire_terrier,True,dog,True,correct
yorkshire_terrier_131,yorkshire_terrier,dog,0.4,0.0542,yorkshire_terrier,True,dog,True,correct
yorkshire_terrier_131,yorkshire_terrier,dog,0.5,0.0669,yorkshire_terrier,True,dog,True,correct
yorkshire_terrier_131,yorkshire_terrier,dog,0.6,0.0669,yorkshire_terrier,True,dog,True,correct
yorkshire_terrier_131,yorkshire_terrier,dog,0.7,0.0981,yorkshire_terrier,True,dog,True,correct
yorkshire_terrier_131,yorkshire_terrier,dog,0.8,0.0551,yorkshire_terrier,True,dog,True,correct
yorkshire_terrier_131,yorkshire_terrier,dog,0.9,0.1049,yorkshire_terrier,True,dog,True,correct
yorkshire_terrier_131,yorkshire_terrier,dog,1.0,0.1482,yorkshire_terrier,True,dog,True,correct
american_pit_bull_terrier_131,american_pit_bull_terrier,dog,0.0,0.0,staffordshire_bull_terrier,False,dog,True,within_superclass
american_pit_bull_terrier_131,american_pit_bull_terrier,dog,0.1,0.0497,staffordshire_bull_terrier,False,dog,True,within_superclass
american_pit_bull_terrier_131,american_pit_bull_terrier,dog,0.2,0.0547,staffordshire_bull_terrier,False,dog,True,within_superclass
american_pit_bull_terrier_131,american_pit_bull_terrier,dog,0.3,0.0897,staffordshire_bull_terrier,False,dog,True,within_superclass
american_pit_bull_terrier_131,american_pit_bull_terrier,dog,0.4,0.088,staffordshire_bull_terrier,False,dog,True,within_superclass
american_pit_bull_terrier_131,american_pit_bull_terrier,dog,0.5,0.0774,staffordshire_bull_terrier,False,dog,True,within_superclass
american_pit_bull_terrier_131,american_pit_bull_terrier,dog,0.6,0.073,staffordshire_bull_terrier,False,dog,True,within_superclass
american_pit_bull_terrier_131,american_pit_bull_terrier,dog,0.7,0.0925,staffordshire_bull_terrier,False,dog,True,within_superclass
american_pit_bull_terrier_131,american_pit_bull_terrier,dog,0.8,0.1455,staffordshire_bull_terrier,False,dog,True,within_superclass
american_pit_bull_terrier_131,american_pit_bull_terrier,dog,0.9,0.1342,staffordshire_bull_terrier,False,dog,True,within_superclass
american_pit_bull_terrier_131,american_pit_bull_terrier,dog,1.0,0.1661,staffordshire_bull_terrier,False,dog,True,within_superclass
British_Shorthair_174,british_shorthair,cat,0.0,0.0,british_shorthair,True,cat,True,correct
British_Shorthair_174,british_shorthair,cat,0.1,0.0181,british_shorthair,True,cat,True,correct
British_Shorthair_174,british_shorthair,cat,0.2,0.0274,british_shorthair,True,cat,True,correct
British_Shorthair_174,british_shorthair,cat,0.3,0.0471,russian_blue,False,cat,True,within_superclass
British_Shorthair_174,british_shorthair,cat,0.4,0.0675,british_shorthair,True,cat,True,correct
British_Shorthair_174,british_shorthair,cat,0.5,0.0759,russian_blue,False,cat,True,within_superclass
British_Shorthair_174,british_shorthair,cat,0.6,0.0925,british_shorthair,True,cat,True,correct
British_Shorthair_174,british_shorthair,cat,0.7,0.1518,british_shorthair,True,cat,True,correct
British_Shorthair_174,british_shorthair,cat,0.8,0.1285,russian_blue,False,cat,True,within_superclass
British_Shorthair_174,british_shorthair,cat,0.9,0.1661,british_shorthair,True,cat,True,correct
British_Shorthair_174,british_shorthair,cat,1.0,0.1796,british_shorthair,True,cat,True,correct
beagle_133,beagle,dog,0.0,0.0,beagle,True,dog,True,correct
beagle_133,beagle,dog,0.1,0.0753,beagle,True,dog,True,correct
beagle_133,beagle,dog,0.2,0.049,beagle,True,dog,True,correct
beagle_133,beagle,dog,0.3,0.0604,beagle,True,dog,True,correct
beagle_133,beagle,dog,0.4,0.0697,beagle,True,dog,True,correct
beagle_133,beagle,dog,0.5,0.0905,beagle,True,dog,True,correct
beagle_133,beagle,dog,0.6,0.0769,american_bulldog,False,dog,True,within_superclass
beagle_133,beagle,dog,0.7,0.0962,american_bulldog,False,dog,True,within_superclass
beagle_133,beagle,dog,0.8,0.0994,american_bulldog,False,dog,True,within_superclass
beagle_133,beagle,dog,0.9,0.1065,american_bulldog,False,dog,True,within_superclass
beagle_133,beagle,dog,1.0,0.1186,american_bulldog,False,dog,True,within_superclass
american_pit_bull_terrier_180,american_pit_bull_terrier,dog,0.0,0.0,staffordshire_bull_terrier,False,dog,True,within_superclass
american_pit_bull_terrier_180,american_pit_bull_terrier,dog,0.1,0.0288,american_pit_bull_terrier,True,dog,True,correct
american_pit_bull_terrier_180,american_pit_bull_terrier,dog,0.2,0.0354,american_pit_bull_terrier,True,dog,True,correct
american_pit_bull_terrier_180,american_pit_bull_terrier,dog,0.3,0.0395,american_pit_bull_terrier,True,dog,True,correct
american_pit_bull_terrier_180,american_pit_bull_terrier,dog,0.4,0.0493,american_pit_bull_terrier,True,dog,True,correct
american_pit_bull_terrier_180,american_pit_bull_terrier,dog,0.5,0.0655,american_pit_bull_terrier,True,dog,True,correct
american_pit_bull_terrier_180,american_pit_bull_terrier,dog,0.6,0.067,staffordshire_bull_terrier,False,dog,True,within_superclass
american_pit_bull_terrier_180,american_pit_bull_terrier,dog,0.7,0.0829,american_pit_bull_terrier,True,dog,True,correct
american_pit_bull_terrier_180,american_pit_bull_terrier,dog,0.8,0.1071,american_pit_bull_terrier,True,dog,True,correct
american_pit_bull_terrier_180,american_pit_bull_terrier,dog,0.9,0.105,staffordshire_bull_terrier,False,dog,True,within_superclass
american_pit_bull_terrier_180,american_pit_bull_terrier,dog,1.0,0.1381,staffordshire_bull_terrier,False,dog,True,within_superclass
english_cocker_spaniel_170,english_cocker_spaniel,dog,0.0,0.0,english_setter,False,dog,True,within_superclass
english_cocker_spaniel_170,english_cocker_spaniel,dog,0.1,0.0326,english_setter,False,dog,True,within_superclass
english_cocker_spaniel_170,english_cocker_spaniel,dog,0.2,0.0393,english_setter,False,dog,True,within_superclass
english_cocker_spaniel_170,english_cocker_spaniel,dog,0.3,0.0467,english_setter,False,dog,True,within_superclass
english_cocker_spaniel_170,english_cocker_spaniel,dog,0.4,0.0745,english_setter,False,dog,True,within_superclass
english_cocker_spaniel_170,english_cocker_spaniel,dog,0.5,0.0729,english_setter,False,dog,True,within_superclass
english_cocker_spaniel_170,english_cocker_spaniel,dog,0.6,0.0734,english_setter,False,dog,True,within_superclass
english_cocker_spaniel_170,english_cocker_spaniel,dog,0.7,0.064,english_setter,False,dog,True,within_superclass
english_cocker_spaniel_170,english_cocker_spaniel,dog,0.8,0.0821,english_setter,False,dog,True,within_superclass
english_cocker_spaniel_170,english_cocker_spaniel,dog,0.9,0.0775,english_setter,False,dog,True,within_superclass
english_cocker_spaniel_170,english_cocker_spaniel,dog,1.0,0.0843,english_setter,False,dog,True,within_superclass
Bengal_142,bengal,cat,0.0,0.0,bengal,True,cat,True,correct
Bengal_142,bengal,cat,0.1,0.0801,bengal,True,cat,True,correct
Bengal_142,bengal,cat,0.2,0.1203,bengal,True,cat,True,correct
Bengal_142,bengal,cat,0.3,0.1339,bengal,True,cat,True,correct
Bengal_142,bengal,cat,0.4,0.1085,bengal,True,cat,True,correct
Bengal_142,bengal,cat,0.5,0.1191,bengal,True,cat,True,correct
Bengal_142,bengal,cat,0.6,0.1246,bengal,True,cat,True,correct
Bengal_142,bengal,cat,0.7,0.1681,bengal,True,cat,True,correct
Bengal_142,bengal,cat,0.8,0.1647,maine_coon,False,cat,True,within_superclass
Bengal_142,bengal,cat,0.9,0.174,maine_coon,False,cat,True,within_superclass
Bengal_142,bengal,cat,1.0,0.1859,maine_coon,False,cat,True,within_superclass
Russian_Blue_157,russian_blue,cat,0.0,0.0,russian_blue,True,cat,True,correct
Russian_Blue_157,russian_blue,cat,0.1,0.0253,russian_blue,True,cat,True,correct
Russian_Blue_157,russian_blue,cat,0.2,0.0309,russian_blue,True,cat,True,correct
Russian_Blue_157,russian_blue,cat,0.3,0.0487,russian_blue,True,cat,True,correct
Russian_Blue_157,russian_blue,cat,0.4,0.05,russian_blue,True,cat,True,correct
Russian_Blue_157,russian_blue,cat,0.5,0.0647,russian_blue,True,cat,True,correct
Russian_Blue_157,russian_blue,cat,0.6,0.0739,russian_blue,True,cat,True,correct
Russian_Blue_157,russian_blue,cat,0.7,0.0774,russian_blue,True,cat,True,correct
Russian_Blue_157,russian_blue,cat,0.8,0.0853,russian_blue,True,cat,True,correct
Russian_Blue_157,russian_blue,cat,0.9,0.0841,british_shorthair,False,cat,True,within_superclass
Russian_Blue_157,russian_blue,cat,1.0,0.1027,russian_blue,True,cat,True,correct
Bombay_184,bombay,cat,0.0,0.0,egyptian_mau,False,cat,True,within_superclass
Bombay_184,bombay,cat,0.1,0.0513,egyptian_mau,False,cat,True,within_superclass
Bombay_184,bombay,cat,0.2,0.0473,egyptian_mau,False,cat,True,within_superclass
Bombay_184,bombay,cat,0.3,0.0467,egyptian_mau,False,cat,True,within_superclass
Bombay_184,bombay,cat,0.4,0.0409,russian_blue,False,cat,True,within_superclass
Bombay_184,bombay,cat,0.5,0.0556,siamese,False,cat,True,within_superclass
Bombay_184,bombay,cat,0.6,0.0531,egyptian_mau,False,cat,True,within_superclass
Bombay_184,bombay,cat,0.7,0.0576,siamese,False,cat,True,within_superclass
Bombay_184,bombay,cat,0.8,0.0679,egyptian_mau,False,cat,True,within_superclass
Bombay_184,bombay,cat,0.9,0.0697,siamese,False,cat,True,within_superclass
Bombay_184,bombay,cat,1.0,0.1025,siamese,False,cat,True,within_superclass
beagle_161,beagle,dog,0.0,0.0,beagle,True,dog,True,correct
beagle_161,beagle,dog,0.1,0.0111,beagle,True,dog,True,correct
beagle_161,beagle,dog,0.2,0.0183,beagle,True,dog,True,correct
beagle_161,beagle,dog,0.3,0.0561,miniature_pinscher,False,dog,True,within_superclass
beagle_161,beagle,dog,0.4,0.0365,miniature_pinscher,False,dog,True,within_superclass
beagle_161,beagle,dog,0.5,0.0666,miniature_pinscher,False,dog,True,within_superclass
beagle_161,beagle,dog,0.6,0.098,miniature_pinscher,False,dog,True,within_superclass
beagle_161,beagle,dog,0.7,0.0908,miniature_pinscher,False,dog,True,within_superclass
beagle_161,beagle,dog,0.8,0.0965,miniature_pinscher,False,dog,True,within_superclass
beagle_161,beagle,dog,0.9,0.1326,miniature_pinscher,False,dog,True,within_superclass
beagle_161,beagle,dog,1.0,0.1061,miniature_pinscher,False,dog,True,within_superclass
english_setter_182,english_setter,dog,0.0,0.0,english_setter,True,dog,True,correct
english_setter_182,english_setter,dog,0.1,0.0243,english_setter,True,dog,True,correct
english_setter_182,english_setter,dog,0.2,0.0296,english_setter,True,dog,True,correct
english_setter_182,english_setter,dog,0.3,0.0421,english_setter,True,dog,True,correct
english_setter_182,english_setter,dog,0.4,0.0413,english_setter,True,dog,True,correct
english_setter_182,english_setter,dog,0.5,0.0626,english_setter,True,dog,True,correct
english_setter_182,english_setter,dog,0.6,0.0764,english_setter,True,dog,True,correct
english_setter_182,english_setter,dog,0.7,0.0877,english_setter,True,dog,True,correct
english_setter_182,english_setter,dog,0.8,0.1009,english_setter,True,dog,True,correct
english_setter_182,english_setter,dog,0.9,0.1074,english_setter,True,dog,True,correct
english_setter_182,english_setter,dog,1.0,0.1108,english_setter,True,dog,True,correct
Sphynx_124,sphynx,cat,0.0,0.0,sphynx,True,cat,True,correct
Sphynx_124,sphynx,cat,0.1,0.0414,sphynx,True,cat,True,correct
Sphynx_124,sphynx,cat,0.2,0.0556,sphynx,True,cat,True,correct
Sphynx_124,sphynx,cat,0.3,0.0642,sphynx,True,cat,True,correct
Sphynx_124,sphynx,cat,0.4,0.0521,sphynx,True,cat,True,correct
Sphynx_124,sphynx,cat,0.5,0.0598,sphynx,True,cat,True,correct
Sphynx_124,sphynx,cat,0.6,0.0694,sphynx,True,cat,True,correct
Sphynx_124,sphynx,cat,0.7,0.0805,sphynx,True,cat,True,correct
Sphynx_124,sphynx,cat,0.8,0.0942,sphynx,True,cat,True,correct
Sphynx_124,sphynx,cat,0.9,0.0963,sphynx,True,cat,True,correct
Sphynx_124,sphynx,cat,1.0,0.1026,sphynx,True,cat,True,correct
Birman_126,birman,cat,0.0,0.0,birman,True,cat,True,correct
Birman_126,birman,cat,0.1,0.0223,birman,True,cat,True,correct
Birman_126,birman,cat,0.2,0.0375,birman,True,cat,True,correct
Birman_126,birman,cat,0.3,0.049,birman,True,cat,True,correct
Birman_126,birman,cat,0.4,0.0646,birman,True,cat,True,correct
Birman_126,birman,cat,0.5,0.0896,birman,True,cat,True,correct
Birman_126,birman,cat,0.6,0.0984,birman,True,cat,True,correct
Birman_126,birman,cat,0.7,0.1146,birman,True,cat,True,correct
Birman_126,birman,cat,0.8,0.1187,birman,True,cat,True,correct
Birman_126,birman,cat,0.9,0.128,birman,True,cat,True,correct
Birman_126,birman,cat,1.0,0.1459,birman,True,cat,True,correct
basset_hound_188,basset_hound,dog,0.0,0.0,basset_hound,True,dog,True,correct
basset_hound_188,basset_hound,dog,0.1,0.0179,basset_hound,True,dog,True,correct
basset_hound_188,basset_hound,dog,0.2,0.0245,basset_hound,True,dog,True,correct
basset_hound_188,basset_hound,dog,0.3,0.0415,basset_hound,True,dog,True,correct
basset_hound_188,basset_hound,dog,0.4,0.057,basset_hound,True,dog,True,correct
basset_hound_188,basset_hound,dog,0.5,0.0478,basset_hound,True,dog,True,correct
basset_hound_188,basset_hound,dog,0.6,0.0701,basset_hound,True,dog,True,correct
basset_hound_188,basset_hound,dog,0.7,0.0734,basset_hound,True,dog,True,correct
basset_hound_188,basset_hound,dog,0.8,0.0943,basset_hound,True,dog,True,correct
basset_hound_188,basset_hound,dog,0.9,0.0859,beagle,False,dog,True,within_superclass
basset_hound_188,basset_hound,dog,1.0,0.0874,beagle,False,dog,True,within_superclass
yorkshire_terrier_159,yorkshire_terrier,dog,0.0,0.0,yorkshire_terrier,True,dog,True,correct
yorkshire_terrier_159,yorkshire_terrier,dog,0.1,0.0145,yorkshire_terrier,True,dog,True,correct
yorkshire_terrier_159,yorkshire_terrier,dog,0.2,0.0233,yorkshire_terrier,True,dog,True,correct
yorkshire_terrier_159,yorkshire_terrier,dog,0.3,0.0271,yorkshire_terrier,True,dog,True,correct
yorkshire_terrier_159,yorkshire_terrier,dog,0.4,0.0336,yorkshire_terrier,True,dog,True,correct
yorkshire_terrier_159,yorkshire_terrier,dog,0.5,0.0357,yorkshire_terrier,True,dog,True,correct
yorkshire_terrier_159,yorkshire_terrier,dog,0.6,0.0373,yorkshire_terrier,True,dog,True,correct
yorkshire_terrier_159,yorkshire_terrier,dog,0.7,0.0587,yorkshire_terrier,True,dog,True,correct
yorkshire_terrier_159,yorkshire_terrier,dog,0.8,0.0428,yorkshire_terrier,True,dog,True,correct
yorkshire_terrier_159,yorkshire_terrier,dog,0.9,0.0658,yorkshire_terrier,True,dog,True,correct
yorkshire_terrier_159,yorkshire_terrier,dog,1.0,0.0718,yorkshire_terrier,True,dog,True,correct
leonberger_13,leonberger,dog,0.0,0.0,leonberger,True,dog,True,correct
leonberger_13,leonberger,dog,0.1,0.0375,leonberger,True,dog,True,correct
leonberger_13,leonberger,dog,0.2,0.0428,leonberger,True,dog,True,correct
leonberger_13,leonberger,dog,0.3,0.0635,leonberger,True,dog,True,correct
leonberger_13,leonberger,dog,0.4,0.0711,leonberger,True,dog,True,correct
leonberger_13,leonberger,dog,0.5,0.0833,leonberger,True,dog,True,correct
leonberger_13,leonberger,dog,0.6,0.1287,leonberger,True,dog,True,correct
leonberger_13,leonberger,dog,0.7,0.1129,leonberger,True,dog,True,correct
leonberger_13,leonberger,dog,0.8,0.127,leonberger,True,dog,True,correct
leonberger_13,leonberger,dog,0.9,0.1261,leonberger,True,dog,True,correct
leonberger_13,leonberger,dog,1.0,0.1155,leonberger,True,dog,True,correct
Persian_19,persian,cat,0.0,0.0,persian,True,cat,True,correct
Persian_19,persian,cat,0.1,0.0083,persian,True,cat,True,correct
Persian_19,persian,cat,0.2,0.0615,persian,True,cat,True,correct
Persian_19,persian,cat,0.3,0.0616,persian,True,cat,True,correct
Persian_19,persian,cat,0.4,0.0664,persian,True,cat,True,correct
Persian_19,persian,cat,0.5,0.0827,persian,True,cat,True,correct
Persian_19,persian,cat,0.6,0.0772,persian,True,cat,True,correct
Persian_19,persian,cat,0.7,0.0811,persian,True,cat,True,correct
Persian_19,persian,cat,0.8,0.0927,persian,True,cat,True,correct
Persian_19,persian,cat,0.9,0.1143,persian,True,cat,True,correct
Persian_19,persian,cat,1.0,0.1009,birman,False,cat,True,within_superclass
Ragdoll_126,ragdoll,cat,0.0,0.0,birman,False,cat,True,within_superclass
Ragdoll_126,ragdoll,cat,0.1,0.0152,birman,False,cat,True,within_superclass
Ragdoll_126,ragdoll,cat,0.2,0.0177,birman,False,cat,True,within_superclass
Ragdoll_126,ragdoll,cat,0.3,0.0281,birman,False,cat,True,within_superclass
Ragdoll_126,ragdoll,cat,0.4,0.0327,birman,False,cat,True,within_superclass
Ragdoll_126,ragdoll,cat,0.5,0.0345,birman,False,cat,True,within_superclass
Ragdoll_126,ragdoll,cat,0.6,0.0449,birman,False,cat,True,within_superclass
Ragdoll_126,ragdoll,cat,0.7,0.0454,birman,False,cat,True,within_superclass
Ragdoll_126,ragdoll,cat,0.8,0.0522,birman,False,cat,True,within_superclass
Ragdoll_126,ragdoll,cat,0.9,0.0518,ragdoll,True,cat,True,correct
Ragdoll_126,ragdoll,cat,1.0,0.0847,ragdoll,True,cat,True,correct
Egyptian_Mau_112,egyptian_mau,cat,0.0,0.0,british_shorthair,False,cat,True,within_superclass
Egyptian_Mau_112,egyptian_mau,cat,0.1,0.0164,british_shorthair,False,cat,True,within_superclass
Egyptian_Mau_112,egyptian_mau,cat,0.2,0.0316,british_shorthair,False,cat,True,within_superclass
Egyptian_Mau_112,egyptian_mau,cat,0.3,0.0565,british_shorthair,False,cat,True,within_superclass
Egyptian_Mau_112,egyptian_mau,cat,0.4,0.0544,british_shorthair,False,cat,True,within_superclass
Egyptian_Mau_112,egyptian_mau,cat,0.5,0.057,egyptian_mau,True,cat,True,correct
Egyptian_Mau_112,egyptian_mau,cat,0.6,0.0643,egyptian_mau,True,cat,True,correct
Egyptian_Mau_112,egyptian_mau,cat,0.7,0.0821,egyptian_mau,True,cat,True,correct
Egyptian_Mau_112,egyptian_mau,cat,0.8,0.0907,egyptian_mau,True,cat,True,correct
Egyptian_Mau_112,egyptian_mau,cat,0.9,0.0857,british_shorthair,False,cat,True,within_superclass
Egyptian_Mau_112,egyptian_mau,cat,1.0,0.1026,egyptian_mau,True,cat,True,correct
Russian_Blue_198,russian_blue,cat,0.0,0.0,russian_blue,True,cat,True,correct
Russian_Blue_198,russian_blue,cat,0.1,0.019,russian_blue,True,cat,True,correct
Russian_Blue_198,russian_blue,cat,0.2,0.0269,russian_blue,True,cat,True,correct
Russian_Blue_198,russian_blue,cat,0.3,0.0334,russian_blue,True,cat,True,correct
Russian_Blue_198,russian_blue,cat,0.4,0.0425,russian_blue,True,cat,True,correct
Russian_Blue_198,russian_blue,cat,0.5,0.0533,russian_blue,True,cat,True,correct
Russian_Blue_198,russian_blue,cat,0.6,0.0846,russian_blue,True,cat,True,correct
Russian_Blue_198,russian_blue,cat,0.7,0.0764,russian_blue,True,cat,True,correct
Russian_Blue_198,russian_blue,cat,0.8,0.0824,russian_blue,True,cat,True,correct
Russian_Blue_198,russian_blue,cat,0.9,0.1016,british_shorthair,False,cat,True,within_superclass
Russian_Blue_198,russian_blue,cat,1.0,0.125,british_shorthair,False,cat,True,within_superclass
Siamese_155,siamese,cat,0.0,0.0,siamese,True,cat,True,correct
Siamese_155,siamese,cat,0.1,0.0602,siamese,True,cat,True,correct
Siamese_155,siamese,cat,0.2,0.0721,siamese,True,cat,True,correct
Siamese_155,siamese,cat,0.3,0.0815,siamese,True,cat,True,correct
Siamese_155,siamese,cat,0.4,0.0934,siamese,True,cat,True,correct
Siamese_155,siamese,cat,0.5,0.1053,siamese,True,cat,True,correct
Siamese_155,siamese,cat,0.6,0.0991,siamese,True,cat,True,correct
Siamese_155,siamese,cat,0.7,0.1251,siamese,True,cat,True,correct
Siamese_155,siamese,cat,0.8,0.1208,siamese,True,cat,True,correct
Siamese_155,siamese,cat,0.9,0.1442,siamese,True,cat,True,correct
Siamese_155,siamese,cat,1.0,0.1659,siamese,True,cat,True,correct
shiba_inu_110,shiba_inu,dog,0.0,0.0,shiba_inu,True,dog,True,correct
shiba_inu_110,shiba_inu,dog,0.1,0.0233,shiba_inu,True,dog,True,correct
shiba_inu_110,shiba_inu,dog,0.2,0.0225,shiba_inu,True,dog,True,correct
shiba_inu_110,shiba_inu,dog,0.3,0.0507,shiba_inu,True,dog,True,correct
shiba_inu_110,shiba_inu,dog,0.4,0.0387,shiba_inu,True,dog,True,correct
shiba_inu_110,shiba_inu,dog,0.5,0.0309,shiba_inu,True,dog,True,correct
shiba_inu_110,shiba_inu,dog,0.6,0.0472,shiba_inu,True,dog,True,correct
shiba_inu_110,shiba_inu,dog,0.7,0.0645,shiba_inu,True,dog,True,correct
shiba_inu_110,shiba_inu,dog,0.8,0.0525,shiba_inu,True,dog,True,correct
shiba_inu_110,shiba_inu,dog,0.9,0.0648,shiba_inu,True,dog,True,correct
shiba_inu_110,shiba_inu,dog,1.0,0.063,shiba_inu,True,dog,True,correct
pomeranian_151,pomeranian,dog,0.0,0.0,pomeranian,True,dog,True,correct
pomeranian_151,pomeranian,dog,0.1,0.0581,chihuahua,False,dog,True,within_superclass
pomeranian_151,pomeranian,dog,0.2,0.0589,chihuahua,False,dog,True,within_superclass
pomeranian_151,pomeranian,dog,0.3,0.072,chihuahua,False,dog,True,within_superclass
pomeranian_151,pomeranian,dog,0.4,0.0922,chihuahua,False,dog,True,within_superclass
pomeranian_151,pomeranian,dog,0.5,0.1156,chihuahua,False,dog,True,within_superclass
pomeranian_151,pomeranian,dog,0.6,0.1446,chihuahua,False,dog,True,within_superclass
pomeranian_151,pomeranian,dog,0.7,0.1933,chihuahua,False,dog,True,within_superclass
pomeranian_151,pomeranian,dog,0.8,0.176,chihuahua,False,dog,True,within_superclass
pomeranian_151,pomeranian,dog,0.9,0.2134,chihuahua,False,dog,True,within_superclass
pomeranian_151,pomeranian,dog,1.0,0.2316,pomeranian,True,dog,True,correct
Persian_191,persian,cat,0.0,0.0,maine_coon,False,cat,True,within_superclass
Persian_191,persian,cat,0.1,0.0324,maine_coon,False,cat,True,within_superclass
Persian_191,persian,cat,0.2,0.0447,maine_coon,False,cat,True,within_superclass
Persian_191,persian,cat,0.3,0.0467,maine_coon,False,cat,True,within_superclass
Persian_191,persian,cat,0.4,0.067,british_shorthair,False,cat,True,within_superclass
Persian_191,persian,cat,0.5,0.0901,british_shorthair,False,cat,True,within_superclass
Persian_191,persian,cat,0.6,0.0906,british_shorthair,False,cat,True,within_superclass
Persian_191,persian,cat,0.7,0.1119,maine_coon,False,cat,True,within_superclass
Persian_191,persian,cat,0.8,0.143,british_shorthair,False,cat,True,within_superclass
Persian_191,persian,cat,0.9,0.181,maine_coon,False,cat,True,within_superclass
Persian_191,persian,cat,1.0,0.188,maine_coon,False,cat,True,within_superclass
Russian_Blue_12,russian_blue,cat,0.0,0.0,russian_blue,True,cat,True,correct
Russian_Blue_12,russian_blue,cat,0.1,0.0106,russian_blue,True,cat,True,correct
Russian_Blue_12,russian_blue,cat,0.2,0.0363,russian_blue,True,cat,True,correct
Russian_Blue_12,russian_blue,cat,0.3,0.0226,russian_blue,True,cat,True,correct
Russian_Blue_12,russian_blue,cat,0.4,0.0286,russian_blue,True,cat,True,correct
Russian_Blue_12,russian_blue,cat,0.5,0.032,russian_blue,True,cat,True,correct
Russian_Blue_12,russian_blue,cat,0.6,0.0311,russian_blue,True,cat,True,correct
Russian_Blue_12,russian_blue,cat,0.7,0.0287,russian_blue,True,cat,True,correct
Russian_Blue_12,russian_blue,cat,0.8,0.0329,russian_blue,True,cat,True,correct
Russian_Blue_12,russian_blue,cat,0.9,0.043,russian_blue,True,cat,True,correct
Russian_Blue_12,russian_blue,cat,1.0,0.0545,russian_blue,True,cat,True,correct
Ragdoll_201,ragdoll,cat,0.0,0.0,birman,False,cat,True,within_superclass
Ragdoll_201,ragdoll,cat,0.1,0.0104,birman,False,cat,True,within_superclass
Ragdoll_201,ragdoll,cat,0.2,0.017,birman,False,cat,True,within_superclass
Ragdoll_201,ragdoll,cat,0.3,0.0288,birman,False,cat,True,within_superclass
Ragdoll_201,ragdoll,cat,0.4,0.0476,ragdoll,True,cat,True,correct
Ragdoll_201,ragdoll,cat,0.5,0.0517,birman,False,cat,True,within_superclass
Ragdoll_201,ragdoll,cat,0.6,0.0792,birman,False,cat,True,within_superclass
Ragdoll_201,ragdoll,cat,0.7,0.0935,birman,False,cat,True,within_superclass
Ragdoll_201,ragdoll,cat,0.8,0.1063,birman,False,cat,True,within_superclass
Ragdoll_201,ragdoll,cat,0.9,0.1344,birman,False,cat,True,within_superclass
Ragdoll_201,ragdoll,cat,1.0,0.1871,ragdoll,True,cat,True,correct
american_pit_bull_terrier_151,american_pit_bull_terrier,dog,0.0,0.0,american_bulldog,False,dog,True,within_superclass
american_pit_bull_terrier_151,american_pit_bull_terrier,dog,0.1,0.063,american_bulldog,False,dog,True,within_superclass
american_pit_bull_terrier_151,american_pit_bull_terrier,dog,0.2,0.0607,american_bulldog,False,dog,True,within_superclass
american_pit_bull_terrier_151,american_pit_bull_terrier,dog,0.3,0.0744,american_bulldog,False,dog,True,within_superclass
american_pit_bull_terrier_151,american_pit_bull_terrier,dog,0.4,0.0821,american_bulldog,False,dog,True,within_superclass
american_pit_bull_terrier_151,american_pit_bull_terrier,dog,0.5,0.1058,american_bulldog,False,dog,True,within_superclass
american_pit_bull_terrier_151,american_pit_bull_terrier,dog,0.6,0.1353,american_bulldog,False,dog,True,within_superclass
american_pit_bull_terrier_151,american_pit_bull_terrier,dog,0.7,0.1491,american_bulldog,False,dog,True,within_superclass
american_pit_bull_terrier_151,american_pit_bull_terrier,dog,0.8,0.1598,american_bulldog,False,dog,True,within_superclass
american_pit_bull_terrier_151,american_pit_bull_terrier,dog,0.9,0.2132,american_bulldog,False,dog,True,within_superclass
american_pit_bull_terrier_151,american_pit_bull_terrier,dog,1.0,0.2398,american_bulldog,False,dog,True,within_superclass
great_pyrenees_100,great_pyrenees,dog,0.0,0.0,great_pyrenees,True,dog,True,correct
great_pyrenees_100,great_pyrenees,dog,0.1,0.0477,great_pyrenees,True,dog,True,correct
great_pyrenees_100,great_pyrenees,dog,0.2,0.0397,great_pyrenees,True,dog,True,correct
great_pyrenees_100,great_pyrenees,dog,0.3,0.0437,great_pyrenees,True,dog,True,correct
great_pyrenees_100,great_pyrenees,dog,0.4,0.0508,great_pyrenees,True,dog,True,correct
great_pyrenees_100,great_pyrenees,dog,0.5,0.0706,great_pyrenees,True,dog,True,correct
great_pyrenees_100,great_pyrenees,dog,0.6,0.0666,great_pyrenees,True,dog,True,correct
great_pyrenees_100,great_pyrenees,dog,0.7,0.0731,great_pyrenees,True,dog,True,correct
great_pyrenees_100,great_pyrenees,dog,0.8,0.0925,great_pyrenees,True,dog,True,correct
great_pyrenees_100,great_pyrenees,dog,0.9,0.1017,great_pyrenees,True,dog,True,correct
great_pyrenees_100,great_pyrenees,dog,1.0,0.0957,great_pyrenees,True,dog,True,correct
newfoundland_136,newfoundland,dog,0.0,0.0,leonberger,False,dog,True,within_superclass
newfoundland_136,newfoundland,dog,0.1,0.0677,newfoundland,True,dog,True,correct
newfoundland_136,newfoundland,dog,0.2,0.07,newfoundland,True,dog,True,correct
newfoundland_136,newfoundland,dog,0.3,0.1031,newfoundland,True,dog,True,correct
newfoundland_136,newfoundland,dog,0.4,0.0906,newfoundland,True,dog,True,correct
newfoundland_136,newfoundland,dog,0.5,0.1181,newfoundland,True,dog,True,correct
newfoundland_136,newfoundland,dog,0.6,0.1294,newfoundland,True,dog,True,correct
newfoundland_136,newfoundland,dog,0.7,0.1367,newfoundland,True,dog,True,correct
newfoundland_136,newfoundland,dog,0.8,0.1275,newfoundland,True,dog,True,correct
newfoundland_136,newfoundland,dog,0.9,0.1547,newfoundland,True,dog,True,correct
newfoundland_136,newfoundland,dog,1.0,0.1477,newfoundland,True,dog,True,correct
Maine_Coon_176,maine_coon,cat,0.0,0.0,maine_coon,True,cat,True,correct
Maine_Coon_176,maine_coon,cat,0.1,0.0159,maine_coon,True,cat,True,correct
Maine_Coon_176,maine_coon,cat,0.2,0.0166,maine_coon,True,cat,True,correct
Maine_Coon_176,maine_coon,cat,0.3,0.0219,maine_coon,True,cat,True,correct
Maine_Coon_176,maine_coon,cat,0.4,0.0247,maine_coon,True,cat,True,correct
Maine_Coon_176,maine_coon,cat,0.5,0.0345,maine_coon,True,cat,True,correct
Maine_Coon_176,maine_coon,cat,0.6,0.0539,maine_coon,True,cat,True,correct
Maine_Coon_176,maine_coon,cat,0.7,0.0535,maine_coon,True,cat,True,correct
Maine_Coon_176,maine_coon,cat,0.8,0.0585,maine_coon,True,cat,True,correct
Maine_Coon_176,maine_coon,cat,0.9,0.0994,maine_coon,True,cat,True,correct
Maine_Coon_176,maine_coon,cat,1.0,0.0573,maine_coon,True,cat,True,correct
samoyed_110,samoyed,dog,0.0,0.0,samoyed,True,dog,True,correct
samoyed_110,samoyed,dog,0.1,0.0321,samoyed,True,dog,True,correct
samoyed_110,samoyed,dog,0.2,0.0384,samoyed,True,dog,True,correct
samoyed_110,samoyed,dog,0.3,0.0644,samoyed,True,dog,True,correct
samoyed_110,samoyed,dog,0.4,0.078,samoyed,True,dog,True,correct
samoyed_110,samoyed,dog,0.5,0.0918,samoyed,True,dog,True,correct
samoyed_110,samoyed,dog,0.6,0.1003,samoyed,True,dog,True,correct
samoyed_110,samoyed,dog,0.7,0.1175,samoyed,True,dog,True,correct
samoyed_110,samoyed,dog,0.8,0.1203,samoyed,True,dog,True,correct
samoyed_110,samoyed,dog,0.9,0.1396,samoyed,True,dog,True,correct
samoyed_110,samoyed,dog,1.0,0.1609,samoyed,True,dog,True,correct
Persian_18,persian,cat,0.0,0.0,birman,False,cat,True,within_superclass
Persian_18,persian,cat,0.1,0.0128,birman,False,cat,True,within_superclass
Persian_18,persian,cat,0.2,0.0226,birman,False,cat,True,within_superclass
Persian_18,persian,cat,0.3,0.0313,birman,False,cat,True,within_superclass
Persian_18,persian,cat,0.4,0.0407,birman,False,cat,True,within_superclass
Persian_18,persian,cat,0.5,0.0484,birman,False,cat,True,within_superclass
Persian_18,persian,cat,0.6,0.0836,birman,False,cat,True,within_superclass
Persian_18,persian,cat,0.7,0.0781,persian,True,cat,True,correct
Persian_18,persian,cat,0.8,0.0718,birman,False,cat,True,within_superclass
Persian_18,persian,cat,0.9,0.0938,birman,False,cat,True,within_superclass
Persian_18,persian,cat,1.0,0.0823,persian,True,cat,True,correct
Siamese_131,siamese,cat,0.0,0.0,siamese,True,cat,True,correct
Siamese_131,siamese,cat,0.1,0.0212,siamese,True,cat,True,correct
Siamese_131,siamese,cat,0.2,0.0205,siamese,True,cat,True,correct
Siamese_131,siamese,cat,0.3,0.0251,siamese,True,cat,True,correct
Siamese_131,siamese,cat,0.4,0.0316,siamese,True,cat,True,correct
Siamese_131,siamese,cat,0.5,0.0402,siamese,True,cat,True,correct
Siamese_131,siamese,cat,0.6,0.0395,siamese,True,cat,True,correct
Siamese_131,siamese,cat,0.7,0.0613,siamese,True,cat,True,correct
Siamese_131,siamese,cat,0.8,0.0783,siamese,True,cat,True,correct
Siamese_131,siamese,cat,0.9,0.0592,siamese,True,cat,True,correct
Siamese_131,siamese,cat,1.0,0.0731,siamese,True,cat,True,correct
american_bulldog_198,american_bulldog,dog,0.0,0.0,american_bulldog,True,dog,True,correct
american_bulldog_198,american_bulldog,dog,0.1,0.036,american_bulldog,True,dog,True,correct
american_bulldog_198,american_bulldog,dog,0.2,0.0487,american_bulldog,True,dog,True,correct
american_bulldog_198,american_bulldog,dog,0.3,0.0611,american_bulldog,True,dog,True,correct
american_bulldog_198,american_bulldog,dog,0.4,0.0803,american_bulldog,True,dog,True,correct
american_bulldog_198,american_bulldog,dog,0.5,0.0764,american_bulldog,True,dog,True,correct
american_bulldog_198,american_bulldog,dog,0.6,0.0895,american_bulldog,True,dog,True,correct
american_bulldog_198,american_bulldog,dog,0.7,0.0984,american_bulldog,True,dog,True,correct
american_bulldog_198,american_bulldog,dog,0.8,0.1192,american_bulldog,True,dog,True,correct
american_bulldog_198,american_bulldog,dog,0.9,0.1297,american_bulldog,True,dog,True,correct
american_bulldog_198,american_bulldog,dog,1.0,0.137,american_bulldog,True,dog,True,correct
english_setter_110,english_setter,dog,0.0,0.0,english_setter,True,dog,True,correct
english_setter_110,english_setter,dog,0.1,0.0182,english_setter,True,dog,True,correct
english_setter_110,english_setter,dog,0.2,0.0258,english_setter,True,dog,True,correct
english_setter_110,english_setter,dog,0.3,0.0436,english_setter,True,dog,True,correct
english_setter_110,english_setter,dog,0.4,0.0635,english_setter,True,dog,True,correct
english_setter_110,english_setter,dog,0.5,0.0671,english_setter,True,dog,True,correct
english_setter_110,english_setter,dog,0.6,0.1124,english_setter,True,dog,True,correct
english_setter_110,english_setter,dog,0.7,0.0811,english_setter,True,dog,True,correct
english_setter_110,english_setter,dog,0.8,0.1123,english_setter,True,dog,True,correct
english_setter_110,english_setter,dog,0.9,0.1277,english_setter,True,dog,True,correct
english_setter_110,english_setter,dog,1.0,0.1447,english_setter,True,dog,True,correct
american_pit_bull_terrier_139,american_pit_bull_terrier,dog,0.0,0.0,american_bulldog,False,dog,True,within_superclass
american_pit_bull_terrier_139,american_pit_bull_terrier,dog,0.1,0.0925,american_bulldog,False,dog,True,within_superclass
american_pit_bull_terrier_139,american_pit_bull_terrier,dog,0.2,0.1151,american_bulldog,False,dog,True,within_superclass
american_pit_bull_terrier_139,american_pit_bull_terrier,dog,0.3,0.1244,american_bulldog,False,dog,True,within_superclass
american_pit_bull_terrier_139,american_pit_bull_terrier,dog,0.4,0.1303,american_bulldog,False,dog,True,within_superclass
american_pit_bull_terrier_139,american_pit_bull_terrier,dog,0.5,0.1284,american_bulldog,False,dog,True,within_superclass
american_pit_bull_terrier_139,american_pit_bull_terrier,dog,0.6,0.136,american_pit_bull_terrier,True,dog,True,correct
american_pit_bull_terrier_139,american_pit_bull_terrier,dog,0.7,0.1385,american_bulldog,False,dog,True,within_superclass
american_pit_bull_terrier_139,american_pit_bull_terrier,dog,0.8,0.1536,american_bulldog,False,dog,True,within_superclass
american_pit_bull_terrier_139,american_pit_bull_terrier,dog,0.9,0.1814,american_bulldog,False,dog,True,within_superclass
american_pit_bull_terrier_139,american_pit_bull_terrier,dog,1.0,0.1989,staffordshire_bull_terrier,False,dog,True,within_superclass
great_pyrenees_12,great_pyrenees,dog,0.0,0.0,great_pyrenees,True,dog,True,correct
great_pyrenees_12,great_pyrenees,dog,0.1,0.0211,great_pyrenees,True,dog,True,correct
great_pyrenees_12,great_pyrenees,dog,0.2,0.022,great_pyrenees,True,dog,True,correct
great_pyrenees_12,great_pyrenees,dog,0.3,0.0319,great_pyrenees,True,dog,True,correct
great_pyrenees_12,great_pyrenees,dog,0.4,0.0297,great_pyrenees,True,dog,True,correct
great_pyrenees_12,great_pyrenees,dog,0.5,0.0379,great_pyrenees,True,dog,True,correct
great_pyrenees_12,great_pyrenees,dog,0.6,0.049,great_pyrenees,True,dog,True,correct
great_pyrenees_12,great_pyrenees,dog,0.7,0.0677,great_pyrenees,True,dog,True,correct
great_pyrenees_12,great_pyrenees,dog,0.8,0.0809,great_pyrenees,True,dog,True,correct
great_pyrenees_12,great_pyrenees,dog,0.9,0.1057,great_pyrenees,True,dog,True,correct
great_pyrenees_12,great_pyrenees,dog,1.0,0.1304,great_pyrenees,True,dog,True,correct
Bombay_169,bombay,cat,0.0,0.0,russian_blue,False,cat,True,within_superclass
Bombay_169,bombay,cat,0.1,0.0309,russian_blue,False,cat,True,within_superclass
Bombay_169,bombay,cat,0.2,0.0405,russian_blue,False,cat,True,within_superclass
Bombay_169,bombay,cat,0.3,0.0441,russian_blue,False,cat,True,within_superclass
Bombay_169,bombay,cat,0.4,0.0462,russian_blue,False,cat,True,within_superclass
Bombay_169,bombay,cat,0.5,0.0728,russian_blue,False,cat,True,within_superclass
Bombay_169,bombay,cat,0.6,0.0728,russian_blue,False,cat,True,within_superclass
Bombay_169,bombay,cat,0.7,0.0833,russian_blue,False,cat,True,within_superclass
Bombay_169,bombay,cat,0.8,0.0976,russian_blue,False,cat,True,within_superclass
Bombay_169,bombay,cat,0.9,0.0892,russian_blue,False,cat,True,within_superclass
Bombay_169,bombay,cat,1.0,0.1077,russian_blue,False,cat,True,within_superclass
Bengal_135,bengal,cat,0.0,0.0,egyptian_mau,False,cat,True,within_superclass
Bengal_135,bengal,cat,0.1,0.0608,bengal,True,cat,True,correct
Bengal_135,bengal,cat,0.2,0.0948,bengal,True,cat,True,correct
Bengal_135,bengal,cat,0.3,0.0926,egyptian_mau,False,cat,True,within_superclass
Bengal_135,bengal,cat,0.4,0.0949,egyptian_mau,False,cat,True,within_superclass
Bengal_135,bengal,cat,0.5,0.1278,egyptian_mau,False,cat,True,within_superclass
Bengal_135,bengal,cat,0.6,0.1989,british_shorthair,False,cat,True,within_superclass
Bengal_135,bengal,cat,0.7,0.2103,british_shorthair,False,cat,True,within_superclass
Bengal_135,bengal,cat,0.8,0.2277,british_shorthair,False,cat,True,within_superclass
Bengal_135,bengal,cat,0.9,0.2175,british_shorthair,False,cat,True,within_superclass
Bengal_135,bengal,cat,1.0,0.2912,american_bulldog,False,cat,True,within_superclass
staffordshire_bull_terrier_14,staffordshire_bull_terrier,dog,0.0,0.0,staffordshire_bull_terrier,True,dog,True,correct
staffordshire_bull_terrier_14,staffordshire_bull_terrier,dog,0.1,0.0381,staffordshire_bull_terrier,True,dog,True,correct
staffordshire_bull_terrier_14,staffordshire_bull_terrier,dog,0.2,0.055,staffordshire_bull_terrier,True,dog,True,correct
staffordshire_bull_terrier_14,staffordshire_bull_terrier,dog,0.3,0.0547,staffordshire_bull_terrier,True,dog,True,correct
staffordshire_bull_terrier_14,staffordshire_bull_terrier,dog,0.4,0.0579,staffordshire_bull_terrier,True,dog,True,correct
staffordshire_bull_terrier_14,staffordshire_bull_terrier,dog,0.5,0.0679,staffordshire_bull_terrier,True,dog,True,correct
staffordshire_bull_terrier_14,staffordshire_bull_terrier,dog,0.6,0.0709,staffordshire_bull_terrier,True,dog,True,correct
staffordshire_bull_terrier_14,staffordshire_bull_terrier,dog,0.7,0.0755,staffordshire_bull_terrier,True,dog,True,correct
staffordshire_bull_terrier_14,staffordshire_bull_terrier,dog,0.8,0.0815,staffordshire_bull_terrier,True,dog,True,correct
staffordshire_bull_terrier_14,staffordshire_bull_terrier,dog,0.9,0.0982,staffordshire_bull_terrier,True,dog,True,correct
staffordshire_bull_terrier_14,staffordshire_bull_terrier,dog,1.0,0.0996,staffordshire_bull_terrier,True,dog,True,correct
samoyed_109,samoyed,dog,0.0,0.0,samoyed,True,dog,True,correct
samoyed_109,samoyed,dog,0.1,0.028,samoyed,True,dog,True,correct
samoyed_109,samoyed,dog,0.2,0.0338,samoyed,True,dog,True,correct
samoyed_109,samoyed,dog,0.3,0.0686,samoyed,True,dog,True,correct
samoyed_109,samoyed,dog,0.4,0.08,samoyed,True,dog,True,correct
samoyed_109,samoyed,dog,0.5,0.079,samoyed,True,dog,True,correct
samoyed_109,samoyed,dog,0.6,0.1052,samoyed,True,dog,True,correct
samoyed_109,samoyed,dog,0.7,0.1108,samoyed,True,dog,True,correct
samoyed_109,samoyed,dog,0.8,0.1391,samoyed,True,dog,True,correct
samoyed_109,samoyed,dog,0.9,0.1584,samoyed,True,dog,True,correct
samoyed_109,samoyed,dog,1.0,0.1435,samoyed,True,dog,True,correct
pug_127,pug,dog,0.0,0.0,pug,True,dog,True,correct
pug_127,pug,dog,0.1,0.0232,pug,True,dog,True,correct
pug_127,pug,dog,0.2,0.0325,pug,True,dog,True,correct
pug_127,pug,dog,0.3,0.0411,pug,True,dog,True,correct
pug_127,pug,dog,0.4,0.0447,pug,True,dog,True,correct
pug_127,pug,dog,0.5,0.0452,pug,True,dog,True,correct
pug_127,pug,dog,0.6,0.053,pug,True,dog,True,correct
pug_127,pug,dog,0.7,0.0632,pug,True,dog,True,correct
pug_127,pug,dog,0.8,0.0756,pug,True,dog,True,correct
pug_127,pug,dog,0.9,0.0773,pug,True,dog,True,correct
pug_127,pug,dog,1.0,0.0969,pug,True,dog,True,correct
Abyssinian_17,abyssinian,cat,0.0,0.0,abyssinian,True,cat,True,correct
Abyssinian_17,abyssinian,cat,0.1,0.0318,abyssinian,True,cat,True,correct
Abyssinian_17,abyssinian,cat,0.2,0.0388,abyssinian,True,cat,True,correct
Abyssinian_17,abyssinian,cat,0.3,0.04,abyssinian,True,cat,True,correct
Abyssinian_17,abyssinian,cat,0.4,0.0597,abyssinian,True,cat,True,correct
Abyssinian_17,abyssinian,cat,0.5,0.0695,abyssinian,True,cat,True,correct
Abyssinian_17,abyssinian,cat,0.6,0.09,abyssinian,True,cat,True,correct
Abyssinian_17,abyssinian,cat,0.7,0.1059,abyssinian,True,cat,True,correct
Abyssinian_17,abyssinian,cat,0.8,0.1136,abyssinian,True,cat,True,correct
Abyssinian_17,abyssinian,cat,0.9,0.1401,abyssinian,True,cat,True,correct
Abyssinian_17,abyssinian,cat,1.0,0.1502,abyssinian,True,cat,True,correct
British_Shorthair_116,british_shorthair,cat,0.0,0.0,british_shorthair,True,cat,True,correct
British_Shorthair_116,british_shorthair,cat,0.1,0.0248,british_shorthair,True,cat,True,correct
British_Shorthair_116,british_shorthair,cat,0.2,0.036,british_shorthair,True,cat,True,correct
British_Shorthair_116,british_shorthair,cat,0.3,0.0446,british_shorthair,True,cat,True,correct
British_Shorthair_116,british_shorthair,cat,0.4,0.049,british_shorthair,True,cat,True,correct
British_Shorthair_116,british_shorthair,cat,0.5,0.0461,british_shorthair,True,cat,True,correct
British_Shorthair_116,british_shorthair,cat,0.6,0.0508,british_shorthair,True,cat,True,correct
British_Shorthair_116,british_shorthair,cat,0.7,0.0652,british_shorthair,True,cat,True,correct
British_Shorthair_116,british_shorthair,cat,0.8,0.0694,british_shorthair,True,cat,True,correct
British_Shorthair_116,british_shorthair,cat,0.9,0.0681,british_shorthair,True,cat,True,correct
British_Shorthair_116,british_shorthair,cat,1.0,0.073,british_shorthair,True,cat,True,correct
staffordshire_bull_terrier_125,staffordshire_bull_terrier,dog,0.0,0.0,american_pit_bull_terrier,False,dog,True,within_superclass
staffordshire_bull_terrier_125,staffordshire_bull_terrier,dog,0.1,0.0689,american_pit_bull_terrier,False,dog,True,within_superclass
staffordshire_bull_terrier_125,staffordshire_bull_terrier,dog,0.2,0.0245,american_pit_bull_terrier,False,dog,True,within_superclass
staffordshire_bull_terrier_125,staffordshire_bull_terrier,dog,0.3,0.0348,american_pit_bull_terrier,False,dog,True,within_superclass
staffordshire_bull_terrier_125,staffordshire_bull_terrier,dog,0.4,0.0453,american_pit_bull_terrier,False,dog,True,within_superclass
staffordshire_bull_terrier_125,staffordshire_bull_terrier,dog,0.5,0.0529,american_pit_bull_terrier,False,dog,True,within_superclass
staffordshire_bull_terrier_125,staffordshire_bull_terrier,dog,0.6,0.0534,american_pit_bull_terrier,False,dog,True,within_superclass
staffordshire_bull_terrier_125,staffordshire_bull_terrier,dog,0.7,0.077,american_pit_bull_terrier,False,dog,True,within_superclass
staffordshire_bull_terrier_125,staffordshire_bull_terrier,dog,0.8,0.0733,american_pit_bull_terrier,False,dog,True,within_superclass
staffordshire_bull_terrier_125,staffordshire_bull_terrier,dog,0.9,0.0766,american_pit_bull_terrier,False,dog,True,within_superclass
staffordshire_bull_terrier_125,staffordshire_bull_terrier,dog,1.0,0.081,american_pit_bull_terrier,False,dog,True,within_superclass
miniature_pinscher_148,miniature_pinscher,dog,0.0,0.0,miniature_pinscher,True,dog,True,correct
miniature_pinscher_148,miniature_pinscher,dog,0.1,0.0628,miniature_pinscher,True,dog,True,correct
miniature_pinscher_148,miniature_pinscher,dog,0.2,0.065,miniature_pinscher,True,dog,True,correct
miniature_pinscher_148,miniature_pinscher,dog,0.3,0.0639,miniature_pinscher,True,dog,True,correct
miniature_pinscher_148,miniature_pinscher,dog,0.4,0.091,miniature_pinscher,True,dog,True,correct
miniature_pinscher_148,miniature_pinscher,dog,0.5,0.1252,miniature_pinscher,True,dog,True,correct
miniature_pinscher_148,miniature_pinscher,dog,0.6,0.1328,miniature_pinscher,True,dog,True,correct
miniature_pinscher_148,miniature_pinscher,dog,0.7,0.1595,miniature_pinscher,True,dog,True,correct
miniature_pinscher_148,miniature_pinscher,dog,0.8,0.1666,miniature_pinscher,True,dog,True,correct
miniature_pinscher_148,miniature_pinscher,dog,0.9,0.1748,miniature_pinscher,True,dog,True,correct
miniature_pinscher_148,miniature_pinscher,dog,1.0,0.2497,chihuahua,False,dog,True,within_superclass
Siamese_191,siamese,cat,0.0,0.0,siamese,True,cat,True,correct
Siamese_191,siamese,cat,0.1,0.0279,siamese,True,cat,True,correct
Siamese_191,siamese,cat,0.2,0.0351,siamese,True,cat,True,correct
Siamese_191,siamese,cat,0.3,0.0508,siamese,True,cat,True,correct
Siamese_191,siamese,cat,0.4,0.0536,siamese,True,cat,True,correct
Siamese_191,siamese,cat,0.5,0.071,siamese,True,dog,False,correct
Siamese_191,siamese,cat,0.6,0.072,siamese,True,cat,True,correct
Siamese_191,siamese,cat,0.7,0.0845,siamese,True,cat,True,correct
Siamese_191,siamese,cat,0.8,0.0862,siamese,True,cat,True,correct
Siamese_191,siamese,cat,0.9,0.1033,siamese,True,cat,True,correct
Siamese_191,siamese,cat,1.0,0.102,siamese,True,dog,False,correct
beagle_189,beagle,dog,0.0,0.0,beagle,True,dog,True,correct
beagle_189,beagle,dog,0.1,0.0882,beagle,True,dog,True,correct
beagle_189,beagle,dog,0.2,0.0307,beagle,True,dog,True,correct
beagle_189,beagle,dog,0.3,0.042,beagle,True,dog,True,correct
beagle_189,beagle,dog,0.4,0.0469,beagle,True,dog,True,correct
beagle_189,beagle,dog,0.5,0.0584,american_bulldog,False,dog,True,within_superclass
beagle_189,beagle,dog,0.6,0.0812,beagle,True,dog,True,correct
beagle_189,beagle,dog,0.7,0.1163,american_bulldog,False,dog,True,within_superclass
beagle_189,beagle,dog,0.8,0.1203,american_bulldog,False,dog,True,within_superclass
beagle_189,beagle,dog,0.9,0.1419,beagle,True,dog,True,correct
beagle_189,beagle,dog,1.0,0.1276,american_bulldog,False,dog,True,within_superclass
Bombay_141,bombay,cat,0.0,0.0,siamese,False,cat,True,within_superclass
Bombay_141,bombay,cat,0.1,0.0213,siamese,False,cat,True,within_superclass
Bombay_141,bombay,cat,0.2,0.0313,siamese,False,cat,True,within_superclass
Bombay_141,bombay,cat,0.3,0.0646,british_shorthair,False,cat,True,within_superclass
Bombay_141,bombay,cat,0.4,0.0589,british_shorthair,False,cat,True,within_superclass
Bombay_141,bombay,cat,0.5,0.0741,british_shorthair,False,cat,True,within_superclass
Bombay_141,bombay,cat,0.6,0.0877,siamese,False,cat,True,within_superclass
Bombay_141,bombay,cat,0.7,0.0972,british_shorthair,False,cat,True,within_superclass
Bombay_141,bombay,cat,0.8,0.1083,siamese,False,cat,True,within_superclass
Bombay_141,bombay,cat,0.9,0.0992,siamese,False,cat,True,within_superclass
Bombay_141,bombay,cat,1.0,0.1321,siamese,False,cat,True,within_superclass
saint_bernard_109,saint_bernard,dog,0.0,0.0,saint_bernard,True,dog,True,correct
saint_bernard_109,saint_bernard,dog,0.1,0.0588,saint_bernard,True,dog,True,correct
saint_bernard_109,saint_bernard,dog,0.2,0.0643,saint_bernard,True,dog,True,correct
saint_bernard_109,saint_bernard,dog,0.3,0.0671,saint_bernard,True,dog,True,correct
saint_bernard_109,saint_bernard,dog,0.4,0.075,saint_bernard,True,dog,True,correct
saint_bernard_109,saint_bernard,dog,0.5,0.0736,saint_bernard,True,dog,True,correct
saint_bernard_109,saint_bernard,dog,0.6,0.0753,saint_bernard,True,dog,True,correct
saint_bernard_109,saint_bernard,dog,0.7,0.0876,saint_bernard,True,dog,True,correct
saint_bernard_109,saint_bernard,dog,0.8,0.1028,saint_bernard,True,dog,True,correct
saint_bernard_109,saint_bernard,dog,0.9,0.119,saint_bernard,True,dog,True,correct
saint_bernard_109,saint_bernard,dog,1.0,0.157,saint_bernard,True,dog,True,correct
staffordshire_bull_terrier_180,staffordshire_bull_terrier,dog,0.0,0.0,staffordshire_bull_terrier,True,dog,True,correct
staffordshire_bull_terrier_180,staffordshire_bull_terrier,dog,0.1,0.0386,staffordshire_bull_terrier,True,dog,True,correct
staffordshire_bull_terrier_180,staffordshire_bull_terrier,dog,0.2,0.0474,staffordshire_bull_terrier,True,dog,True,correct
staffordshire_bull_terrier_180,staffordshire_bull_terrier,dog,0.3,0.0539,staffordshire_bull_terrier,True,dog,True,correct
staffordshire_bull_terrier_180,staffordshire_bull_terrier,dog,0.4,0.0491,staffordshire_bull_terrier,True,dog,True,correct
staffordshire_bull_terrier_180,staffordshire_bull_terrier,dog,0.5,0.0504,staffordshire_bull_terrier,True,dog,True,correct
staffordshire_bull_terrier_180,staffordshire_bull_terrier,dog,0.6,0.061,staffordshire_bull_terrier,True,dog,True,correct
staffordshire_bull_terrier_180,staffordshire_bull_terrier,dog,0.7,0.056,staffordshire_bull_terrier,True,dog,True,correct
staffordshire_bull_terrier_180,staffordshire_bull_terrier,dog,0.8,0.0589,staffordshire_bull_terrier,True,dog,True,correct
staffordshire_bull_terrier_180,staffordshire_bull_terrier,dog,0.9,0.0583,staffordshire_bull_terrier,True,dog,True,correct
staffordshire_bull_terrier_180,staffordshire_bull_terrier,dog,1.0,0.0628,staffordshire_bull_terrier,True,dog,True,correct
great_pyrenees_176,great_pyrenees,dog,0.0,0.0,samoyed,False,dog,True,within_superclass
great_pyrenees_176,great_pyrenees,dog,0.1,0.015,samoyed,False,dog,True,within_superclass
great_pyrenees_176,great_pyrenees,dog,0.2,0.0172,samoyed,False,dog,True,within_superclass
great_pyrenees_176,great_pyrenees,dog,0.3,0.0254,samoyed,False,dog,True,within_superclass
great_pyrenees_176,great_pyrenees,dog,0.4,0.0332,samoyed,False,dog,True,within_superclass
great_pyrenees_176,great_pyrenees,dog,0.5,0.0355,samoyed,False,dog,True,within_superclass
great_pyrenees_176,great_pyrenees,dog,0.6,0.0458,samoyed,False,dog,True,within_superclass
great_pyrenees_176,great_pyrenees,dog,0.7,0.0613,samoyed,False,dog,True,within_superclass
great_pyrenees_176,great_pyrenees,dog,0.8,0.0663,samoyed,False,dog,True,within_superclass
great_pyrenees_176,great_pyrenees,dog,0.9,0.0693,samoyed,False,dog,True,within_superclass
great_pyrenees_176,great_pyrenees,dog,1.0,0.0869,samoyed,False,dog,True,within_superclass
Birman_121,birman,cat,0.0,0.0,birman,True,cat,True,correct
Birman_121,birman,cat,0.1,0.0176,birman,True,cat,True,correct
Birman_121,birman,cat,0.2,0.0251,birman,True,cat,True,correct
Birman_121,birman,cat,0.3,0.0316,birman,True,cat,True,correct
Birman_121,birman,cat,0.4,0.0402,birman,True,cat,True,correct
Birman_121,birman,cat,0.5,0.0462,birman,True,cat,True,correct
Birman_121,birman,cat,0.6,0.0629,birman,True,cat,True,correct
Birman_121,birman,cat,0.7,0.0855,birman,True,cat,True,correct
Birman_121,birman,cat,0.8,0.0824,birman,True,cat,True,correct
Birman_121,birman,cat,0.9,0.1011,birman,True,cat,True,correct
Birman_121,birman,cat,1.0,0.1084,birman,True,cat,True,correct
newfoundland_14,newfoundland,dog,0.0,0.0,newfoundland,True,dog,True,correct
newfoundland_14,newfoundland,dog,0.1,0.0266,newfoundland,True,dog,True,correct
newfoundland_14,newfoundland,dog,0.2,0.0411,newfoundland,True,dog,True,correct
newfoundland_14,newfoundland,dog,0.3,0.05,newfoundland,True,dog,True,correct
newfoundland_14,newfoundland,dog,0.4,0.0551,leonberger,False,dog,True,within_superclass
newfoundland_14,newfoundland,dog,0.5,0.0765,newfoundland,True,dog,True,correct
newfoundland_14,newfoundland,dog,0.6,0.0758,leonberger,False,dog,True,within_superclass
newfoundland_14,newfoundland,dog,0.7,0.0871,leonberger,False,dog,True,within_superclass
newfoundland_14,newfoundland,dog,0.8,0.115,english_cocker_spaniel,False,dog,True,within_superclass
newfoundland_14,newfoundland,dog,0.9,0.0951,leonberger,False,dog,True,within_superclass
newfoundland_14,newfoundland,dog,1.0,0.0915,newfoundland,True,dog,True,correct
Sphynx_110,sphynx,cat,0.0,0.0,sphynx,True,cat,True,correct
Sphynx_110,sphynx,cat,0.1,0.0396,sphynx,True,cat,True,correct
Sphynx_110,sphynx,cat,0.2,0.0225,sphynx,True,cat,True,correct
Sphynx_110,sphynx,cat,0.3,0.0349,sphynx,True,cat,True,correct
Sphynx_110,sphynx,cat,0.4,0.0461,sphynx,True,cat,True,correct
Sphynx_110,sphynx,cat,0.5,0.0569,sphynx,True,cat,True,correct
Sphynx_110,sphynx,cat,0.6,0.0691,sphynx,True,cat,True,correct
Sphynx_110,sphynx,cat,0.7,0.0645,sphynx,True,cat,True,correct
Sphynx_110,sphynx,cat,0.8,0.0764,sphynx,True,cat,True,correct
Sphynx_110,sphynx,cat,0.9,0.0775,sphynx,True,cat,True,correct
Sphynx_110,sphynx,cat,1.0,0.0694,sphynx,True,cat,True,correct
english_setter_179,english_setter,dog,0.0,0.0,english_setter,True,dog,True,correct
english_setter_179,english_setter,dog,0.1,0.0271,english_setter,True,dog,True,correct
english_setter_179,english_setter,dog,0.2,0.0435,english_setter,True,dog,True,correct
english_setter_179,english_setter,dog,0.3,0.0625,english_setter,True,dog,True,correct
english_setter_179,english_setter,dog,0.4,0.0604,english_setter,True,dog,True,correct
english_setter_179,english_setter,dog,0.5,0.086,english_setter,True,dog,True,correct
english_setter_179,english_setter,dog,0.6,0.1001,english_setter,True,dog,True,correct
english_setter_179,english_setter,dog,0.7,0.0747,english_setter,True,dog,True,correct
english_setter_179,english_setter,dog,0.8,0.1297,english_setter,True,dog,True,correct
english_setter_179,english_setter,dog,0.9,0.1181,american_bulldog,False,dog,True,within_superclass
english_setter_179,english_setter,dog,1.0,0.1333,american_bulldog,False,dog,True,within_superclass
Bombay_153,bombay,cat,0.0,0.0,british_shorthair,False,cat,True,within_superclass
Bombay_153,bombay,cat,0.1,0.0484,british_shorthair,False,cat,True,within_superclass
Bombay_153,bombay,cat,0.2,0.0614,british_shorthair,False,cat,True,within_superclass
Bombay_153,bombay,cat,0.3,0.0774,british_shorthair,False,cat,True,within_superclass
Bombay_153,bombay,cat,0.4,0.0851,british_shorthair,False,cat,True,within_superclass
Bombay_153,bombay,cat,0.5,0.097,british_shorthair,False,cat,True,within_superclass
Bombay_153,bombay,cat,0.6,0.1242,british_shorthair,False,cat,True,within_superclass
Bombay_153,bombay,cat,0.7,0.1072,british_shorthair,False,cat,True,within_superclass
Bombay_153,bombay,cat,0.8,0.1303,british_shorthair,False,cat,True,within_superclass
Bombay_153,bombay,cat,0.9,0.155,abyssinian,False,cat,True,within_superclass
Bombay_153,bombay,cat,1.0,0.1247,british_shorthair,False,cat,True,within_superclass
newfoundland_113,newfoundland,dog,0.0,0.0,newfoundland,True,dog,True,correct
newfoundland_113,newfoundland,dog,0.1,0.0208,newfoundland,True,dog,True,correct
newfoundland_113,newfoundland,dog,0.2,0.0229,newfoundland,True,dog,True,correct
newfoundland_113,newfoundland,dog,0.3,0.0381,newfoundland,True,dog,True,correct
newfoundland_113,newfoundland,dog,0.4,0.0639,newfoundland,True,dog,True,correct
newfoundland_113,newfoundland,dog,0.5,0.086,english_cocker_spaniel,False,dog,True,within_superclass
newfoundland_113,newfoundland,dog,0.6,0.1042,newfoundland,True,dog,True,correct
newfoundland_113,newfoundland,dog,0.7,0.089,english_cocker_spaniel,False,dog,True,within_superclass
newfoundland_113,newfoundland,dog,0.8,0.0986,english_cocker_spaniel,False,dog,True,within_superclass
newfoundland_113,newfoundland,dog,0.9,0.107,newfoundland,True,dog,True,correct
newfoundland_113,newfoundland,dog,1.0,0.1228,english_cocker_spaniel,False,dog,True,within_superclass
Sphynx_183,sphynx,cat,0.0,0.0,russian_blue,False,cat,True,within_superclass
Sphynx_183,sphynx,cat,0.1,0.0163,russian_blue,False,cat,True,within_superclass
Sphynx_183,sphynx,cat,0.2,0.0171,russian_blue,False,cat,True,within_superclass
Sphynx_183,sphynx,cat,0.3,0.025,russian_blue,False,cat,True,within_superclass
Sphynx_183,sphynx,cat,0.4,0.048,russian_blue,False,cat,True,within_superclass
Sphynx_183,sphynx,cat,0.5,0.0523,russian_blue,False,cat,True,within_superclass
Sphynx_183,sphynx,cat,0.6,0.0529,russian_blue,False,cat,True,within_superclass
Sphynx_183,sphynx,cat,0.7,0.077,russian_blue,False,cat,True,within_superclass
Sphynx_183,sphynx,cat,0.8,0.0785,russian_blue,False,cat,True,within_superclass
Sphynx_183,sphynx,cat,0.9,0.0906,russian_blue,False,cat,True,within_superclass
Sphynx_183,sphynx,cat,1.0,0.1137,russian_blue,False,cat,True,within_superclass
american_pit_bull_terrier_128,american_pit_bull_terrier,dog,0.0,0.0,german_shorthaired,False,dog,True,within_superclass
american_pit_bull_terrier_128,american_pit_bull_terrier,dog,0.1,0.0462,german_shorthaired,False,dog,True,within_superclass
american_pit_bull_terrier_128,american_pit_bull_terrier,dog,0.2,0.0721,american_pit_bull_terrier,True,dog,True,correct
american_pit_bull_terrier_128,american_pit_bull_terrier,dog,0.3,0.098,american_pit_bull_terrier,True,dog,True,correct
american_pit_bull_terrier_128,american_pit_bull_terrier,dog,0.4,0.1089,american_pit_bull_terrier,True,dog,True,correct
american_pit_bull_terrier_128,american_pit_bull_terrier,dog,0.5,0.1193,american_pit_bull_terrier,True,dog,True,correct
american_pit_bull_terrier_128,american_pit_bull_terrier,dog,0.6,0.1269,american_pit_bull_terrier,True,dog,True,correct
american_pit_bull_terrier_128,american_pit_bull_terrier,dog,0.7,0.1422,american_pit_bull_terrier,True,dog,True,correct
american_pit_bull_terrier_128,american_pit_bull_terrier,dog,0.8,0.1548,american_pit_bull_terrier,True,dog,True,correct
american_pit_bull_terrier_128,american_pit_bull_terrier,dog,0.9,0.1763,american_pit_bull_terrier,True,dog,True,correct
american_pit_bull_terrier_128,american_pit_bull_terrier,dog,1.0,0.19,american_pit_bull_terrier,True,dog,True,correct
english_setter_157,english_setter,dog,0.0,0.0,english_setter,True,dog,True,correct
english_setter_157,english_setter,dog,0.1,0.0272,english_setter,True,dog,True,correct
english_setter_157,english_setter,dog,0.2,0.0406,english_setter,True,dog,True,correct
english_setter_157,english_setter,dog,0.3,0.0341,english_setter,True,dog,True,correct
english_setter_157,english_setter,dog,0.4,0.0543,english_setter,True,dog,True,correct
english_setter_157,english_setter,dog,0.5,0.0508,english_setter,True,dog,True,correct
english_setter_157,english_setter,dog,0.6,0.0651,english_setter,True,dog,True,correct
english_setter_157,english_setter,dog,0.7,0.0754,english_setter,True,dog,True,correct
english_setter_157,english_setter,dog,0.8,0.1163,english_setter,True,dog,True,correct
english_setter_157,english_setter,dog,0.9,0.0869,english_setter,True,dog,True,correct
english_setter_157,english_setter,dog,1.0,0.1055,english_setter,True,dog,True,correct
great_pyrenees_169,great_pyrenees,dog,0.0,0.0,great_pyrenees,True,dog,True,correct
great_pyrenees_169,great_pyrenees,dog,0.1,0.0426,great_pyrenees,True,dog,True,correct
great_pyrenees_169,great_pyrenees,dog,0.2,0.0585,great_pyrenees,True,dog,True,correct
great_pyrenees_169,great_pyrenees,dog,0.3,0.06,great_pyrenees,True,dog,True,correct
great_pyrenees_169,great_pyrenees,dog,0.4,0.0872,great_pyrenees,True,dog,True,correct
great_pyrenees_169,great_pyrenees,dog,0.5,0.0843,great_pyrenees,True,dog,True,correct
great_pyrenees_169,great_pyrenees,dog,0.6,0.1069,great_pyrenees,True,dog,True,correct
great_pyrenees_169,great_pyrenees,dog,0.7,0.0964,great_pyrenees,True,dog,True,correct
great_pyrenees_169,great_pyrenees,dog,0.8,0.0978,great_pyrenees,True,dog,True,correct
great_pyrenees_169,great_pyrenees,dog,0.9,0.1109,great_pyrenees,True,dog,True,correct
great_pyrenees_169,great_pyrenees,dog,1.0,0.1042,great_pyrenees,True,dog,True,correct
japanese_chin_116,japanese_chin,dog,0.0,0.0,japanese_chin,True,dog,True,correct
japanese_chin_116,japanese_chin,dog,0.1,0.0261,japanese_chin,True,dog,True,correct
japanese_chin_116,japanese_chin,dog,0.2,0.0222,japanese_chin,True,dog,True,correct
japanese_chin_116,japanese_chin,dog,0.3,0.0381,japanese_chin,True,dog,True,correct
japanese_chin_116,japanese_chin,dog,0.4,0.0541,japanese_chin,True,dog,True,correct
japanese_chin_116,japanese_chin,dog,0.5,0.0716,japanese_chin,True,dog,True,correct
japanese_chin_116,japanese_chin,dog,0.6,0.0641,japanese_chin,True,dog,True,correct
japanese_chin_116,japanese_chin,dog,0.7,0.0781,japanese_chin,True,dog,True,correct
japanese_chin_116,japanese_chin,dog,0.8,0.0772,japanese_chin,True,dog,True,correct
japanese_chin_116,japanese_chin,dog,0.9,0.0948,japanese_chin,True,dog,True,correct
japanese_chin_116,japanese_chin,dog,1.0,0.1321,english_cocker_spaniel,False,dog,True,within_superclass
Bombay_139,bombay,cat,0.0,0.0,sphynx,False,cat,True,within_superclass
Bombay_139,bombay,cat,0.1,0.0238,sphynx,False,cat,True,within_superclass
Bombay_139,bombay,cat,0.2,0.0546,sphynx,False,cat,True,within_superclass
Bombay_139,bombay,cat,0.3,0.0573,sphynx,False,cat,True,within_superclass
Bombay_139,bombay,cat,0.4,0.058,russian_blue,False,cat,True,within_superclass
Bombay_139,bombay,cat,0.5,0.0882,sphynx,False,cat,True,within_superclass
Bombay_139,bombay,cat,0.6,0.1066,sphynx,False,cat,True,within_superclass
Bombay_139,bombay,cat,0.7,0.0989,sphynx,False,cat,True,within_superclass
Bombay_139,bombay,cat,0.8,0.1244,sphynx,False,cat,True,within_superclass
Bombay_139,bombay,cat,0.9,0.1162,sphynx,False,cat,True,within_superclass
Bombay_139,bombay,cat,1.0,0.1352,persian,False,cat,True,within_superclass
basset_hound_11,basset_hound,dog,0.0,0.0,basset_hound,True,dog,True,correct
basset_hound_11,basset_hound,dog,0.1,0.0503,basset_hound,True,dog,True,correct
basset_hound_11,basset_hound,dog,0.2,0.0412,basset_hound,True,dog,True,correct
basset_hound_11,basset_hound,dog,0.3,0.0386,basset_hound,True,dog,True,correct
basset_hound_11,basset_hound,dog,0.4,0.0548,basset_hound,True,dog,True,correct
basset_hound_11,basset_hound,dog,0.5,0.0435,basset_hound,True,dog,True,correct
basset_hound_11,basset_hound,dog,0.6,0.0476,basset_hound,True,dog,True,correct
basset_hound_11,basset_hound,dog,0.7,0.0653,basset_hound,True,dog,True,correct
basset_hound_11,basset_hound,dog,0.8,0.0556,basset_hound,True,dog,True,correct
basset_hound_11,basset_hound,dog,0.9,0.0569,basset_hound,True,dog,True,correct
basset_hound_11,basset_hound,dog,1.0,0.0783,basset_hound,True,dog,True,correct
english_cocker_spaniel_15,english_cocker_spaniel,dog,0.0,0.0,english_cocker_spaniel,True,dog,True,correct
english_cocker_spaniel_15,english_cocker_spaniel,dog,0.1,0.0456,english_cocker_spaniel,True,dog,True,correct
english_cocker_spaniel_15,english_cocker_spaniel,dog,0.2,0.0609,english_cocker_spaniel,True,dog,True,correct
english_cocker_spaniel_15,english_cocker_spaniel,dog,0.3,0.0673,english_cocker_spaniel,True,dog,True,correct
english_cocker_spaniel_15,english_cocker_spaniel,dog,0.4,0.0882,english_cocker_spaniel,True,dog,True,correct
english_cocker_spaniel_15,english_cocker_spaniel,dog,0.5,0.0751,english_cocker_spaniel,True,dog,True,correct
english_cocker_spaniel_15,english_cocker_spaniel,dog,0.6,0.0912,english_cocker_spaniel,True,dog,True,correct
english_cocker_spaniel_15,english_cocker_spaniel,dog,0.7,0.0931,english_cocker_spaniel,True,dog,True,correct
english_cocker_spaniel_15,english_cocker_spaniel,dog,0.8,0.1009,english_cocker_spaniel,True,dog,True,correct
english_cocker_spaniel_15,english_cocker_spaniel,dog,0.9,0.1116,english_cocker_spaniel,True,dog,True,correct
english_cocker_spaniel_15,english_cocker_spaniel,dog,1.0,0.1259,wheaten_terrier,False,dog,True,within_superclass
german_shorthaired_15,german_shorthaired,dog,0.0,0.0,german_shorthaired,True,dog,True,correct
german_shorthaired_15,german_shorthaired,dog,0.1,0.0269,german_shorthaired,True,dog,True,correct
german_shorthaired_15,german_shorthaired,dog,0.2,0.0333,german_shorthaired,True,dog,True,correct
german_shorthaired_15,german_shorthaired,dog,0.3,0.0452,german_shorthaired,True,dog,True,correct
german_shorthaired_15,german_shorthaired,dog,0.4,0.0479,german_shorthaired,True,dog,True,correct
german_shorthaired_15,german_shorthaired,dog,0.5,0.0612,german_shorthaired,True,dog,True,correct
german_shorthaired_15,german_shorthaired,dog,0.6,0.066,german_shorthaired,True,dog,True,correct
german_shorthaired_15,german_shorthaired,dog,0.7,0.0807,german_shorthaired,True,dog,True,correct
german_shorthaired_15,german_shorthaired,dog,0.8,0.0717,german_shorthaired,True,dog,True,correct
german_shorthaired_15,german_shorthaired,dog,0.9,0.0849,german_shorthaired,True,dog,True,correct
german_shorthaired_15,german_shorthaired,dog,1.0,0.1071,german_shorthaired,True,dog,True,correct
german_shorthaired_172,german_shorthaired,dog,0.0,0.0,german_shorthaired,True,dog,True,correct
german_shorthaired_172,german_shorthaired,dog,0.1,0.0298,german_shorthaired,True,dog,True,correct
german_shorthaired_172,german_shorthaired,dog,0.2,0.0183,german_shorthaired,True,dog,True,correct
german_shorthaired_172,german_shorthaired,dog,0.3,0.0312,german_shorthaired,True,dog,True,correct
german_shorthaired_172,german_shorthaired,dog,0.4,0.0409,german_shorthaired,True,dog,True,correct
german_shorthaired_172,german_shorthaired,dog,0.5,0.0532,german_shorthaired,True,dog,True,correct
german_shorthaired_172,german_shorthaired,dog,0.6,0.0478,german_shorthaired,True,dog,True,correct
german_shorthaired_172,german_shorthaired,dog,0.7,0.054,german_shorthaired,True,dog,True,correct
german_shorthaired_172,german_shorthaired,dog,0.8,0.0499,german_shorthaired,True,dog,True,correct
german_shorthaired_172,german_shorthaired,dog,0.9,0.0687,german_shorthaired,True,dog,True,correct
german_shorthaired_172,german_shorthaired,dog,1.0,0.0615,german_shorthaired,True,dog,True,correct
Maine_Coon_137,maine_coon,cat,0.0,0.0,maine_coon,True,cat,True,correct
Maine_Coon_137,maine_coon,cat,0.1,0.0656,maine_coon,True,cat,True,correct
Maine_Coon_137,maine_coon,cat,0.2,0.0422,maine_coon,True,cat,True,correct
Maine_Coon_137,maine_coon,cat,0.3,0.0465,maine_coon,True,cat,True,correct
Maine_Coon_137,maine_coon,cat,0.4,0.0419,maine_coon,True,cat,True,correct
Maine_Coon_137,maine_coon,cat,0.5,0.0603,maine_coon,True,cat,True,correct
Maine_Coon_137,maine_coon,cat,0.6,0.0689,maine_coon,True,cat,True,correct
Maine_Coon_137,maine_coon,cat,0.7,0.0869,maine_coon,True,cat,True,correct
Maine_Coon_137,maine_coon,cat,0.8,0.0811,maine_coon,True,cat,True,correct
Maine_Coon_137,maine_coon,cat,0.9,0.0837,maine_coon,True,cat,True,correct
Maine_Coon_137,maine_coon,cat,1.0,0.1019,maine_coon,True,cat,True,correct
Siamese_148,siamese,cat,0.0,0.0,siamese,True,cat,True,correct
Siamese_148,siamese,cat,0.1,0.0107,siamese,True,cat,True,correct
Siamese_148,siamese,cat,0.2,0.0151,siamese,True,cat,True,correct
Siamese_148,siamese,cat,0.3,0.0192,siamese,True,cat,True,correct
Siamese_148,siamese,cat,0.4,0.0288,siamese,True,cat,True,correct
Siamese_148,siamese,cat,0.5,0.0453,siamese,True,cat,True,correct
Siamese_148,siamese,cat,0.6,0.0467,siamese,True,cat,True,correct
Siamese_148,siamese,cat,0.7,0.0575,siamese,True,cat,True,correct
Siamese_148,siamese,cat,0.8,0.0901,siamese,True,cat,True,correct
Siamese_148,siamese,cat,0.9,0.1252,siamese,True,cat,True,correct
Siamese_148,siamese,cat,1.0,0.1413,siamese,True,cat,True,correct
german_shorthaired_112,german_shorthaired,dog,0.0,0.0,german_shorthaired,True,dog,True,correct
german_shorthaired_112,german_shorthaired,dog,0.1,0.0637,german_shorthaired,True,dog,True,correct
german_shorthaired_112,german_shorthaired,dog,0.2,0.045,german_shorthaired,True,dog,True,correct
german_shorthaired_112,german_shorthaired,dog,0.3,0.0492,german_shorthaired,True,dog,True,correct
german_shorthaired_112,german_shorthaired,dog,0.4,0.0519,german_shorthaired,True,dog,True,correct
german_shorthaired_112,german_shorthaired,dog,0.5,0.0561,german_shorthaired,True,dog,True,correct
german_shorthaired_112,german_shorthaired,dog,0.6,0.0723,german_shorthaired,True,dog,True,correct
german_shorthaired_112,german_shorthaired,dog,0.7,0.0715,german_shorthaired,True,dog,True,correct
german_shorthaired_112,german_shorthaired,dog,0.8,0.0798,german_shorthaired,True,dog,True,correct
german_shorthaired_112,german_shorthaired,dog,0.9,0.113,german_shorthaired,True,dog,True,correct
german_shorthaired_112,german_shorthaired,dog,1.0,0.1107,german_shorthaired,True,dog,True,correct
great_pyrenees_147,great_pyrenees,dog,0.0,0.0,great_pyrenees,True,dog,True,correct
great_pyrenees_147,great_pyrenees,dog,0.1,0.0301,great_pyrenees,True,dog,True,correct
great_pyrenees_147,great_pyrenees,dog,0.2,0.0249,great_pyrenees,True,dog,True,correct
great_pyrenees_147,great_pyrenees,dog,0.3,0.0538,great_pyrenees,True,dog,True,correct
great_pyrenees_147,great_pyrenees,dog,0.4,0.0412,great_pyrenees,True,dog,True,correct
great_pyrenees_147,great_pyrenees,dog,0.5,0.0553,great_pyrenees,True,dog,True,correct
great_pyrenees_147,great_pyrenees,dog,0.6,0.0662,great_pyrenees,True,dog,True,correct
great_pyrenees_147,great_pyrenees,dog,0.7,0.0692,great_pyrenees,True,dog,True,correct
great_pyrenees_147,great_pyrenees,dog,0.8,0.115,great_pyrenees,True,dog,True,correct
great_pyrenees_147,great_pyrenees,dog,0.9,0.118,great_pyrenees,True,dog,True,correct
great_pyrenees_147,great_pyrenees,dog,1.0,0.1471,great_pyrenees,True,dog,True,correct
german_shorthaired_173,german_shorthaired,dog,0.0,0.0,german_shorthaired,True,dog,True,correct
german_shorthaired_173,german_shorthaired,dog,0.1,0.0207,german_shorthaired,True,dog,True,correct
german_shorthaired_173,german_shorthaired,dog,0.2,0.0208,german_shorthaired,True,dog,True,correct
german_shorthaired_173,german_shorthaired,dog,0.3,0.0332,german_shorthaired,True,dog,True,correct
german_shorthaired_173,german_shorthaired,dog,0.4,0.0501,german_shorthaired,True,dog,True,correct
german_shorthaired_173,german_shorthaired,dog,0.5,0.0375,german_shorthaired,True,dog,True,correct
german_shorthaired_173,german_shorthaired,dog,0.6,0.0571,german_shorthaired,True,dog,True,correct
german_shorthaired_173,german_shorthaired,dog,0.7,0.0624,german_shorthaired,True,dog,True,correct
german_shorthaired_173,german_shorthaired,dog,0.8,0.14,german_shorthaired,True,dog,True,correct
german_shorthaired_173,german_shorthaired,dog,0.9,0.1209,german_shorthaired,True,dog,True,correct
german_shorthaired_173,german_shorthaired,dog,1.0,0.1609,german_shorthaired,True,dog,True,correct
Abyssinian_117,abyssinian,cat,0.0,0.0,abyssinian,True,cat,True,correct
Abyssinian_117,abyssinian,cat,0.1,0.0189,abyssinian,True,cat,True,correct
Abyssinian_117,abyssinian,cat,0.2,0.0266,abyssinian,True,cat,True,correct
Abyssinian_117,abyssinian,cat,0.3,0.0307,abyssinian,True,cat,True,correct
Abyssinian_117,abyssinian,cat,0.4,0.0367,abyssinian,True,cat,True,correct
Abyssinian_117,abyssinian,cat,0.5,0.0453,abyssinian,True,cat,True,correct
Abyssinian_117,abyssinian,cat,0.6,0.0599,abyssinian,True,cat,True,correct
Abyssinian_117,abyssinian,cat,0.7,0.0601,abyssinian,True,cat,True,correct
Abyssinian_117,abyssinian,cat,0.8,0.0814,abyssinian,True,cat,True,correct
Abyssinian_117,abyssinian,cat,0.9,0.1011,abyssinian,True,cat,True,correct
Abyssinian_117,abyssinian,cat,1.0,0.1128,abyssinian,True,cat,True,correct
yorkshire_terrier_134,yorkshire_terrier,dog,0.0,0.0,yorkshire_terrier,True,dog,True,correct
yorkshire_terrier_134,yorkshire_terrier,dog,0.1,0.0485,yorkshire_terrier,True,dog,True,correct
yorkshire_terrier_134,yorkshire_terrier,dog,0.2,0.0766,yorkshire_terrier,True,dog,True,correct
yorkshire_terrier_134,yorkshire_terrier,dog,0.3,0.0786,yorkshire_terrier,True,dog,True,correct
yorkshire_terrier_134,yorkshire_terrier,dog,0.4,0.0913,yorkshire_terrier,True,dog,True,correct
yorkshire_terrier_134,yorkshire_terrier,dog,0.5,0.0839,yorkshire_terrier,True,dog,True,correct
yorkshire_terrier_134,yorkshire_terrier,dog,0.6,0.0977,yorkshire_terrier,True,dog,True,correct
yorkshire_terrier_134,yorkshire_terrier,dog,0.7,0.1036,yorkshire_terrier,True,dog,True,correct
yorkshire_terrier_134,yorkshire_terrier,dog,0.8,0.1149,yorkshire_terrier,True,dog,True,correct
yorkshire_terrier_134,yorkshire_terrier,dog,0.9,0.143,yorkshire_terrier,True,dog,True,correct
yorkshire_terrier_134,yorkshire_terrier,dog,1.0,0.1411,yorkshire_terrier,True,dog,True,correct
Bengal_173,bengal,cat,0.0,0.0,bengal,True,cat,True,correct
Bengal_173,bengal,cat,0.1,0.0923,bengal,True,cat,True,correct
Bengal_173,bengal,cat,0.2,0.111,bengal,True,cat,True,correct
Bengal_173,bengal,cat,0.3,0.1056,bengal,True,cat,True,correct
Bengal_173,bengal,cat,0.4,0.0926,bengal,True,cat,True,correct
Bengal_173,bengal,cat,0.5,0.1146,egyptian_mau,False,cat,True,within_superclass
Bengal_173,bengal,cat,0.6,0.1321,bengal,True,cat,True,correct
Bengal_173,bengal,cat,0.7,0.1548,egyptian_mau,False,cat,True,within_superclass
Bengal_173,bengal,cat,0.8,0.1766,egyptian_mau,False,cat,True,within_superclass
Bengal_173,bengal,cat,0.9,0.1959,egyptian_mau,False,cat,True,within_superclass
Bengal_173,bengal,cat,1.0,0.2679,egyptian_mau,False,cat,True,within_superclass
japanese_chin_11,japanese_chin,dog,0.0,0.0,japanese_chin,True,dog,True,correct
japanese_chin_11,japanese_chin,dog,0.1,0.0357,japanese_chin,True,dog,True,correct
japanese_chin_11,japanese_chin,dog,0.2,0.0341,japanese_chin,True,dog,True,correct
japanese_chin_11,japanese_chin,dog,0.3,0.0548,japanese_chin,True,dog,True,correct
japanese_chin_11,japanese_chin,dog,0.4,0.0578,japanese_chin,True,dog,True,correct
japanese_chin_11,japanese_chin,dog,0.5,0.0665,japanese_chin,True,dog,True,correct
japanese_chin_11,japanese_chin,dog,0.6,0.0813,japanese_chin,True,dog,True,correct
japanese_chin_11,japanese_chin,dog,0.7,0.1054,japanese_chin,True,dog,True,correct
japanese_chin_11,japanese_chin,dog,0.8,0.1109,japanese_chin,True,dog,True,correct
japanese_chin_11,japanese_chin,dog,0.9,0.1335,japanese_chin,True,dog,True,correct
japanese_chin_11,japanese_chin,dog,1.0,0.1328,japanese_chin,True,dog,True,correct
Egyptian_Mau_161,egyptian_mau,cat,0.0,0.0,egyptian_mau,True,cat,True,correct
Egyptian_Mau_161,egyptian_mau,cat,0.1,0.0283,egyptian_mau,True,cat,True,correct
Egyptian_Mau_161,egyptian_mau,cat,0.2,0.0224,egyptian_mau,True,cat,True,correct
Egyptian_Mau_161,egyptian_mau,cat,0.3,0.0322,egyptian_mau,True,cat,True,correct
Egyptian_Mau_161,egyptian_mau,cat,0.4,0.0364,egyptian_mau,True,cat,True,correct
Egyptian_Mau_161,egyptian_mau,cat,0.5,0.0364,egyptian_mau,True,cat,True,correct
Egyptian_Mau_161,egyptian_mau,cat,0.6,0.037,egyptian_mau,True,cat,True,correct
Egyptian_Mau_161,egyptian_mau,cat,0.7,0.0429,egyptian_mau,True,cat,True,correct
Egyptian_Mau_161,egyptian_mau,cat,0.8,0.0507,egyptian_mau,True,cat,True,correct
Egyptian_Mau_161,egyptian_mau,cat,0.9,0.0606,egyptian_mau,True,cat,True,correct
Egyptian_Mau_161,egyptian_mau,cat,1.0,0.0563,egyptian_mau,True,cat,True,correct
Persian_125,persian,cat,0.0,0.0,british_shorthair,False,cat,True,within_superclass
Persian_125,persian,cat,0.1,0.0323,british_shorthair,False,cat,True,within_superclass
Persian_125,persian,cat,0.2,0.0651,british_shorthair,False,cat,True,within_superclass
Persian_125,persian,cat,0.3,0.0652,british_shorthair,False,cat,True,within_superclass
Persian_125,persian,cat,0.4,0.0992,british_shorthair,False,cat,True,within_superclass
Persian_125,persian,cat,0.5,0.147,persian,True,cat,True,correct
Persian_125,persian,cat,0.6,0.1129,british_shorthair,False,cat,True,within_superclass
Persian_125,persian,cat,0.7,0.1161,british_shorthair,False,cat,True,within_superclass
Persian_125,persian,cat,0.8,0.1378,british_shorthair,False,cat,True,within_superclass
Persian_125,persian,cat,0.9,0.1299,british_shorthair,False,cat,True,within_superclass
Persian_125,persian,cat,1.0,0.1578,persian,True,cat,True,correct
saint_bernard_138,saint_bernard,dog,0.0,0.0,saint_bernard,True,dog,True,correct
saint_bernard_138,saint_bernard,dog,0.1,0.0488,saint_bernard,True,dog,True,correct
saint_bernard_138,saint_bernard,dog,0.2,0.0387,saint_bernard,True,dog,True,correct
saint_bernard_138,saint_bernard,dog,0.3,0.074,saint_bernard,True,dog,True,correct
saint_bernard_138,saint_bernard,dog,0.4,0.0706,saint_bernard,True,dog,True,correct
saint_bernard_138,saint_bernard,dog,0.5,0.0779,saint_bernard,True,dog,True,correct
saint_bernard_138,saint_bernard,dog,0.6,0.0799,saint_bernard,True,dog,True,correct
saint_bernard_138,saint_bernard,dog,0.7,0.0864,saint_bernard,True,dog,True,correct
saint_bernard_138,saint_bernard,dog,0.8,0.0993,saint_bernard,True,dog,True,correct
saint_bernard_138,saint_bernard,dog,0.9,0.0826,saint_bernard,True,dog,True,correct
saint_bernard_138,saint_bernard,dog,1.0,0.1143,saint_bernard,True,dog,True,correct
Birman_189,birman,cat,0.0,0.0,birman,True,cat,True,correct
Birman_189,birman,cat,0.1,0.0261,birman,True,cat,True,correct
Birman_189,birman,cat,0.2,0.0438,birman,True,cat,True,correct
Birman_189,birman,cat,0.3,0.0758,birman,True,cat,True,correct
Birman_189,birman,cat,0.4,0.0772,birman,True,cat,True,correct
Birman_189,birman,cat,0.5,0.0826,birman,True,cat,True,correct
Birman_189,birman,cat,0.6,0.079,birman,True,cat,True,correct
Birman_189,birman,cat,0.7,0.0908,birman,True,cat,True,correct
Birman_189,birman,cat,0.8,0.0908,birman,True,cat,True,correct
Birman_189,birman,cat,0.9,0.1002,birman,True,cat,True,correct
Birman_189,birman,cat,1.0,0.1088,birman,True,cat,True,correct
Persian_17,persian,cat,0.0,0.0,british_shorthair,False,cat,True,within_superclass
Persian_17,persian,cat,0.1,0.0275,birman,False,cat,True,within_superclass
Persian_17,persian,cat,0.2,0.0212,british_shorthair,False,cat,True,within_superclass
Persian_17,persian,cat,0.3,0.0237,birman,False,cat,True,within_superclass
Persian_17,persian,cat,0.4,0.0547,birman,False,cat,True,within_superclass
Persian_17,persian,cat,0.5,0.0576,birman,False,cat,True,within_superclass
Persian_17,persian,cat,0.6,0.059,british_shorthair,False,cat,True,within_superclass
Persian_17,persian,cat,0.7,0.0636,british_shorthair,False,cat,True,within_superclass
Persian_17,persian,cat,0.8,0.075,birman,False,cat,True,within_superclass
Persian_17,persian,cat,0.9,0.085,british_shorthair,False,cat,True,within_superclass
Persian_17,persian,cat,1.0,0.089,british_shorthair,False,cat,True,within_superclass
german_shorthaired_160,german_shorthaired,dog,0.0,0.0,english_setter,False,dog,True,within_superclass
german_shorthaired_160,german_shorthaired,dog,0.1,0.0273,english_setter,False,dog,True,within_superclass
german_shorthaired_160,german_shorthaired,dog,0.2,0.0234,english_setter,False,dog,True,within_superclass
german_shorthaired_160,german_shorthaired,dog,0.3,0.0254,english_setter,False,dog,True,within_superclass
german_shorthaired_160,german_shorthaired,dog,0.4,0.0329,english_setter,False,dog,True,within_superclass
german_shorthaired_160,german_shorthaired,dog,0.5,0.0372,english_setter,False,dog,True,within_superclass
german_shorthaired_160,german_shorthaired,dog,0.6,0.0401,english_setter,False,dog,True,within_superclass
german_shorthaired_160,german_shorthaired,dog,0.7,0.0509,english_setter,False,dog,True,within_superclass
german_shorthaired_160,german_shorthaired,dog,0.8,0.0566,english_setter,False,dog,True,within_superclass
german_shorthaired_160,german_shorthaired,dog,0.9,0.0649,english_setter,False,dog,True,within_superclass
german_shorthaired_160,german_shorthaired,dog,1.0,0.0804,english_setter,False,dog,True,within_superclass
japanese_chin_179,japanese_chin,dog,0.0,0.0,japanese_chin,True,dog,True,correct
japanese_chin_179,japanese_chin,dog,0.1,0.0188,japanese_chin,True,dog,True,correct
japanese_chin_179,japanese_chin,dog,0.2,0.0211,japanese_chin,True,dog,True,correct
japanese_chin_179,japanese_chin,dog,0.3,0.0269,japanese_chin,True,dog,True,correct
japanese_chin_179,japanese_chin,dog,0.4,0.0314,japanese_chin,True,dog,True,correct
japanese_chin_179,japanese_chin,dog,0.5,0.0307,japanese_chin,True,dog,True,correct
japanese_chin_179,japanese_chin,dog,0.6,0.0398,japanese_chin,True,dog,True,correct
japanese_chin_179,japanese_chin,dog,0.7,0.0489,japanese_chin,True,dog,True,correct
japanese_chin_179,japanese_chin,dog,0.8,0.0674,japanese_chin,True,dog,True,correct
japanese_chin_179,japanese_chin,dog,0.9,0.0605,japanese_chin,True,dog,True,correct
japanese_chin_179,japanese_chin,dog,1.0,0.074,japanese_chin,True,dog,True,correct
British_Shorthair_121,british_shorthair,cat,0.0,0.0,british_shorthair,True,cat,True,correct
British_Shorthair_121,british_shorthair,cat,0.1,0.0281,british_shorthair,True,cat,True,correct
British_Shorthair_121,british_shorthair,cat,0.2,0.0432,british_shorthair,True,cat,True,correct
British_Shorthair_121,british_shorthair,cat,0.3,0.0493,british_shorthair,True,cat,True,correct
British_Shorthair_121,british_shorthair,cat,0.4,0.0707,british_shorthair,True,cat,True,correct
British_Shorthair_121,british_shorthair,cat,0.5,0.058,british_shorthair,True,cat,True,correct
British_Shorthair_121,british_shorthair,cat,0.6,0.0796,british_shorthair,True,cat,True,correct
British_Shorthair_121,british_shorthair,cat,0.7,0.0712,british_shorthair,True,cat,True,correct
British_Shorthair_121,british_shorthair,cat,0.8,0.0878,british_shorthair,True,cat,True,correct
British_Shorthair_121,british_shorthair,cat,0.9,0.1023,british_shorthair,True,cat,True,correct
British_Shorthair_121,british_shorthair,cat,1.0,0.1255,british_shorthair,True,cat,True,correct
yorkshire_terrier_166,yorkshire_terrier,dog,0.0,0.0,yorkshire_terrier,True,dog,True,correct
yorkshire_terrier_166,yorkshire_terrier,dog,0.1,0.0273,yorkshire_terrier,True,dog,True,correct
yorkshire_terrier_166,yorkshire_terrier,dog,0.2,0.0299,yorkshire_terrier,True,dog,True,correct
yorkshire_terrier_166,yorkshire_terrier,dog,0.3,0.0334,yorkshire_terrier,True,dog,True,correct
yorkshire_terrier_166,yorkshire_terrier,dog,0.4,0.0388,yorkshire_terrier,True,dog,True,correct
yorkshire_terrier_166,yorkshire_terrier,dog,0.5,0.0366,yorkshire_terrier,True,dog,True,correct
yorkshire_terrier_166,yorkshire_terrier,dog,0.6,0.0469,yorkshire_terrier,True,dog,True,correct
yorkshire_terrier_166,yorkshire_terrier,dog,0.7,0.0505,yorkshire_terrier,True,dog,True,correct
yorkshire_terrier_166,yorkshire_terrier,dog,0.8,0.071,yorkshire_terrier,True,dog,True,correct
yorkshire_terrier_166,yorkshire_terrier,dog,0.9,0.0949,yorkshire_terrier,True,dog,True,correct
yorkshire_terrier_166,yorkshire_terrier,dog,1.0,0.0948,yorkshire_terrier,True,dog,True,correct
staffordshire_bull_terrier_152,staffordshire_bull_terrier,dog,0.0,0.0,staffordshire_bull_terrier,True,dog,True,correct
staffordshire_bull_terrier_152,staffordshire_bull_terrier,dog,0.1,0.0559,staffordshire_bull_terrier,True,dog,True,correct
staffordshire_bull_terrier_152,staffordshire_bull_terrier,dog,0.2,0.042,staffordshire_bull_terrier,True,dog,True,correct
staffordshire_bull_terrier_152,staffordshire_bull_terrier,dog,0.3,0.0546,staffordshire_bull_terrier,True,dog,True,correct
staffordshire_bull_terrier_152,staffordshire_bull_terrier,dog,0.4,0.0653,staffordshire_bull_terrier,True,dog,True,correct
staffordshire_bull_terrier_152,staffordshire_bull_terrier,dog,0.5,0.075,staffordshire_bull_terrier,True,dog,True,correct
staffordshire_bull_terrier_152,staffordshire_bull_terrier,dog,0.6,0.0787,staffordshire_bull_terrier,True,dog,True,correct
staffordshire_bull_terrier_152,staffordshire_bull_terrier,dog,0.7,0.0733,staffordshire_bull_terrier,True,dog,True,correct
staffordshire_bull_terrier_152,staffordshire_bull_terrier,dog,0.8,0.1043,american_pit_bull_terrier,False,dog,True,within_superclass
staffordshire_bull_terrier_152,staffordshire_bull_terrier,dog,0.9,0.1326,american_pit_bull_terrier,False,dog,True,within_superclass
staffordshire_bull_terrier_152,staffordshire_bull_terrier,dog,1.0,0.1441,staffordshire_bull_terrier,True,dog,True,correct
Maine_Coon_201,maine_coon,cat,0.0,0.0,maine_coon,True,cat,True,correct
Maine_Coon_201,maine_coon,cat,0.1,0.0299,maine_coon,True,cat,True,correct
Maine_Coon_201,maine_coon,cat,0.2,0.023,maine_coon,True,cat,True,correct
Maine_Coon_201,maine_coon,cat,0.3,0.0394,maine_coon,True,cat,True,correct
Maine_Coon_201,maine_coon,cat,0.4,0.0363,maine_coon,True,cat,True,correct
Maine_Coon_201,maine_coon,cat,0.5,0.0828,maine_coon,True,cat,True,correct
Maine_Coon_201,maine_coon,cat,0.6,0.0749,maine_coon,True,cat,True,correct
Maine_Coon_201,maine_coon,cat,0.7,0.1087,maine_coon,True,cat,True,correct
Maine_Coon_201,maine_coon,cat,0.8,0.1306,maine_coon,True,cat,True,correct
Maine_Coon_201,maine_coon,cat,0.9,0.1634,maine_coon,True,cat,True,correct
Maine_Coon_201,maine_coon,cat,1.0,0.1477,maine_coon,True,cat,True,correct
shiba_inu_157,shiba_inu,dog,0.0,0.0,saint_bernard,False,dog,True,within_superclass
shiba_inu_157,shiba_inu,dog,0.1,0.0309,saint_bernard,False,dog,True,within_superclass
shiba_inu_157,shiba_inu,dog,0.2,0.0274,saint_bernard,False,dog,True,within_superclass
shiba_inu_157,shiba_inu,dog,0.3,0.0459,saint_bernard,False,dog,True,within_superclass
shiba_inu_157,shiba_inu,dog,0.4,0.0544,saint_bernard,False,dog,True,within_superclass
shiba_inu_157,shiba_inu,dog,0.5,0.0709,saint_bernard,False,dog,True,within_superclass
shiba_inu_157,shiba_inu,dog,0.6,0.0931,saint_bernard,False,dog,True,within_superclass
shiba_inu_157,shiba_inu,dog,0.7,0.0891,saint_bernard,False,dog,True,within_superclass
shiba_inu_157,shiba_inu,dog,0.8,0.1159,saint_bernard,False,dog,True,within_superclass
shiba_inu_157,shiba_inu,dog,0.9,0.117,saint_bernard,False,dog,True,within_superclass
shiba_inu_157,shiba_inu,dog,1.0,0.1084,saint_bernard,False,dog,True,within_superclass
shiba_inu_150,shiba_inu,dog,0.0,0.0,shiba_inu,True,dog,True,correct
shiba_inu_150,shiba_inu,dog,0.1,0.0321,shiba_inu,True,dog,True,correct
shiba_inu_150,shiba_inu,dog,0.2,0.0277,shiba_inu,True,dog,True,correct
shiba_inu_150,shiba_inu,dog,0.3,0.0382,shiba_inu,True,dog,True,correct
shiba_inu_150,shiba_inu,dog,0.4,0.0495,shiba_inu,True,dog,True,correct
shiba_inu_150,shiba_inu,dog,0.5,0.0508,shiba_inu,True,dog,True,correct
shiba_inu_150,shiba_inu,dog,0.6,0.0619,shiba_inu,True,dog,True,correct
shiba_inu_150,shiba_inu,dog,0.7,0.081,shiba_inu,True,dog,True,correct
shiba_inu_150,shiba_inu,dog,0.8,0.0811,shiba_inu,True,dog,True,correct
shiba_inu_150,shiba_inu,dog,0.9,0.0902,shiba_inu,True,dog,True,correct
shiba_inu_150,shiba_inu,dog,1.0,0.082,shiba_inu,True,dog,True,correct
japanese_chin_125,japanese_chin,dog,0.0,0.0,japanese_chin,True,dog,True,correct
japanese_chin_125,japanese_chin,dog,0.1,0.0118,japanese_chin,True,dog,True,correct
japanese_chin_125,japanese_chin,dog,0.2,0.0193,japanese_chin,True,dog,True,correct
japanese_chin_125,japanese_chin,dog,0.3,0.0252,japanese_chin,True,dog,True,correct
japanese_chin_125,japanese_chin,dog,0.4,0.0316,japanese_chin,True,dog,True,correct
japanese_chin_125,japanese_chin,dog,0.5,0.0421,japanese_chin,True,dog,True,correct
japanese_chin_125,japanese_chin,dog,0.6,0.0525,japanese_chin,True,dog,True,correct
japanese_chin_125,japanese_chin,dog,0.7,0.0642,japanese_chin,True,dog,True,correct
japanese_chin_125,japanese_chin,dog,0.8,0.0757,japanese_chin,True,dog,True,correct
japanese_chin_125,japanese_chin,dog,0.9,0.0757,japanese_chin,True,dog,True,correct
japanese_chin_125,japanese_chin,dog,1.0,0.0912,japanese_chin,True,dog,True,correct
wheaten_terrier_188,wheaten_terrier,dog,0.0,0.0,wheaten_terrier,True,dog,True,correct
wheaten_terrier_188,wheaten_terrier,dog,0.1,0.0585,wheaten_terrier,True,dog,True,correct
wheaten_terrier_188,wheaten_terrier,dog,0.2,0.0663,wheaten_terrier,True,dog,True,correct
wheaten_terrier_188,wheaten_terrier,dog,0.3,0.0581,wheaten_terrier,True,dog,True,correct
wheaten_terrier_188,wheaten_terrier,dog,0.4,0.1217,wheaten_terrier,True,dog,True,correct
wheaten_terrier_188,wheaten_terrier,dog,0.5,0.1093,wheaten_terrier,True,dog,True,correct
wheaten_terrier_188,wheaten_terrier,dog,0.6,0.1161,wheaten_terrier,True,dog,True,correct
wheaten_terrier_188,wheaten_terrier,dog,0.7,0.1816,wheaten_terrier,True,dog,True,correct
wheaten_terrier_188,wheaten_terrier,dog,0.8,0.2288,wheaten_terrier,True,dog,True,correct
wheaten_terrier_188,wheaten_terrier,dog,0.9,0.1723,wheaten_terrier,True,dog,True,correct
wheaten_terrier_188,wheaten_terrier,dog,1.0,0.2298,wheaten_terrier,True,dog,True,correct
samoyed_104,samoyed,dog,0.0,0.0,samoyed,True,dog,True,correct
samoyed_104,samoyed,dog,0.1,0.0162,samoyed,True,dog,True,correct
samoyed_104,samoyed,dog,0.2,0.0301,samoyed,True,dog,True,correct
samoyed_104,samoyed,dog,0.3,0.0358,samoyed,True,dog,True,correct
samoyed_104,samoyed,dog,0.4,0.0431,samoyed,True,dog,True,correct
samoyed_104,samoyed,dog,0.5,0.0491,samoyed,True,dog,True,correct
samoyed_104,samoyed,dog,0.6,0.0532,samoyed,True,dog,True,correct
samoyed_104,samoyed,dog,0.7,0.0559,samoyed,True,dog,True,correct
samoyed_104,samoyed,dog,0.8,0.0835,samoyed,True,dog,True,correct
samoyed_104,samoyed,dog,0.9,0.0968,samoyed,True,dog,True,correct
samoyed_104,samoyed,dog,1.0,0.1157,samoyed,True,dog,True,correct
chihuahua_145,chihuahua,dog,0.0,0.0,chihuahua,True,dog,True,correct
chihuahua_145,chihuahua,dog,0.1,0.0708,chihuahua,True,dog,True,correct
chihuahua_145,chihuahua,dog,0.2,0.061,chihuahua,True,dog,True,correct
chihuahua_145,chihuahua,dog,0.3,0.0848,chihuahua,True,dog,True,correct
chihuahua_145,chihuahua,dog,0.4,0.0896,chihuahua,True,dog,True,correct
chihuahua_145,chihuahua,dog,0.5,0.125,chihuahua,True,dog,True,correct
chihuahua_145,chihuahua,dog,0.6,0.1344,chihuahua,True,dog,True,correct
chihuahua_145,chihuahua,dog,0.7,0.1433,chihuahua,True,dog,True,correct
chihuahua_145,chihuahua,dog,0.8,0.1368,chihuahua,True,dog,True,correct
chihuahua_145,chihuahua,dog,0.9,0.1719,chihuahua,True,dog,True,correct
chihuahua_145,chihuahua,dog,1.0,0.1762,chihuahua,True,dog,True,correct
english_setter_113,english_setter,dog,0.0,0.0,english_setter,True,dog,True,correct
english_setter_113,english_setter,dog,0.1,0.0468,english_setter,True,dog,True,correct
english_setter_113,english_setter,dog,0.2,0.0502,english_setter,True,dog,True,correct
english_setter_113,english_setter,dog,0.3,0.0599,english_setter,True,dog,True,correct
english_setter_113,english_setter,dog,0.4,0.0722,english_setter,True,dog,True,correct
english_setter_113,english_setter,dog,0.5,0.0703,english_setter,True,dog,True,correct
english_setter_113,english_setter,dog,0.6,0.0819,english_setter,True,dog,True,correct
english_setter_113,english_setter,dog,0.7,0.1013,english_cocker_spaniel,False,dog,True,within_superclass
english_setter_113,english_setter,dog,0.8,0.1038,english_cocker_spaniel,False,dog,True,within_superclass
english_setter_113,english_setter,dog,0.9,0.1503,english_setter,True,dog,True,correct
english_setter_113,english_setter,dog,1.0,0.1245,english_setter,True,dog,True,correct
keeshond_103,keeshond,dog,0.0,0.0,keeshond,True,dog,True,correct
keeshond_103,keeshond,dog,0.1,0.0288,keeshond,True,dog,True,correct
keeshond_103,keeshond,dog,0.2,0.036,keeshond,True,dog,True,correct
keeshond_103,keeshond,dog,0.3,0.0313,keeshond,True,dog,True,correct
keeshond_103,keeshond,dog,0.4,0.043,keeshond,True,dog,True,correct
keeshond_103,keeshond,dog,0.5,0.0488,keeshond,True,dog,True,correct
keeshond_103,keeshond,dog,0.6,0.0578,keeshond,True,dog,True,correct
keeshond_103,keeshond,dog,0.7,0.0566,keeshond,True,dog,True,correct
keeshond_103,keeshond,dog,0.8,0.0621,keeshond,True,dog,True,correct
keeshond_103,keeshond,dog,0.9,0.0826,keeshond,True,dog,True,correct
keeshond_103,keeshond,dog,1.0,0.0978,keeshond,True,dog,True,correct
keeshond_10,keeshond,dog,0.0,0.0,keeshond,True,dog,True,correct
keeshond_10,keeshond,dog,0.1,0.0411,keeshond,True,dog,True,correct
keeshond_10,keeshond,dog,0.2,0.048,keeshond,True,dog,True,correct
keeshond_10,keeshond,dog,0.3,0.0629,keeshond,True,dog,True,correct
keeshond_10,keeshond,dog,0.4,0.0753,keeshond,True,dog,True,correct
keeshond_10,keeshond,dog,0.5,0.0815,keeshond,True,dog,True,correct
keeshond_10,keeshond,dog,0.6,0.0836,keeshond,True,dog,True,correct
keeshond_10,keeshond,dog,0.7,0.104,keeshond,True,dog,True,correct
keeshond_10,keeshond,dog,0.8,0.1308,keeshond,True,dog,True,correct
keeshond_10,keeshond,dog,0.9,0.1428,keeshond,True,dog,True,correct
keeshond_10,keeshond,dog,1.0,0.1596,keeshond,True,dog,True,correct
yorkshire_terrier_167,yorkshire_terrier,dog,0.0,0.0,yorkshire_terrier,True,dog,True,correct
yorkshire_terrier_167,yorkshire_terrier,dog,0.1,0.0152,yorkshire_terrier,True,dog,True,correct
yorkshire_terrier_167,yorkshire_terrier,dog,0.2,0.0213,yorkshire_terrier,True,dog,True,correct
yorkshire_terrier_167,yorkshire_terrier,dog,0.3,0.0235,yorkshire_terrier,True,dog,True,correct
yorkshire_terrier_167,yorkshire_terrier,dog,0.4,0.0259,yorkshire_terrier,True,dog,True,correct
yorkshire_terrier_167,yorkshire_terrier,dog,0.5,0.0314,yorkshire_terrier,True,dog,True,correct
yorkshire_terrier_167,yorkshire_terrier,dog,0.6,0.0365,yorkshire_terrier,True,dog,True,correct
yorkshire_terrier_167,yorkshire_terrier,dog,0.7,0.0499,yorkshire_terrier,True,dog,True,correct
yorkshire_terrier_167,yorkshire_terrier,dog,0.8,0.0445,yorkshire_terrier,True,dog,True,correct
yorkshire_terrier_167,yorkshire_terrier,dog,0.9,0.0437,yorkshire_terrier,True,dog,True,correct
yorkshire_terrier_167,yorkshire_terrier,dog,1.0,0.0824,yorkshire_terrier,True,dog,True,correct
Egyptian_Mau_133,egyptian_mau,cat,0.0,0.0,egyptian_mau,True,cat,True,correct
Egyptian_Mau_133,egyptian_mau,cat,0.1,0.0655,egyptian_mau,True,cat,True,correct
Egyptian_Mau_133,egyptian_mau,cat,0.2,0.0994,egyptian_mau,True,cat,True,correct
Egyptian_Mau_133,egyptian_mau,cat,0.3,0.0913,egyptian_mau,True,cat,True,correct
Egyptian_Mau_133,egyptian_mau,cat,0.4,0.1385,egyptian_mau,True,cat,True,correct
Egyptian_Mau_133,egyptian_mau,cat,0.5,0.1385,egyptian_mau,True,cat,True,correct
Egyptian_Mau_133,egyptian_mau,cat,0.6,0.161,egyptian_mau,True,cat,True,correct
Egyptian_Mau_133,egyptian_mau,cat,0.7,0.1901,egyptian_mau,True,cat,True,correct
Egyptian_Mau_133,egyptian_mau,cat,0.8,0.1818,egyptian_mau,True,cat,True,correct
Egyptian_Mau_133,egyptian_mau,cat,0.9,0.1679,egyptian_mau,True,cat,True,correct
Egyptian_Mau_133,egyptian_mau,cat,1.0,0.2501,egyptian_mau,True,cat,True,correct
keeshond_177,keeshond,dog,0.0,0.0,keeshond,True,dog,True,correct
keeshond_177,keeshond,dog,0.1,0.0135,keeshond,True,dog,True,correct
keeshond_177,keeshond,dog,0.2,0.0213,keeshond,True,dog,True,correct
keeshond_177,keeshond,dog,0.3,0.0282,keeshond,True,dog,True,correct
keeshond_177,keeshond,dog,0.4,0.0375,keeshond,True,dog,True,correct
keeshond_177,keeshond,dog,0.5,0.0449,keeshond,True,dog,True,correct
keeshond_177,keeshond,dog,0.6,0.053,keeshond,True,dog,True,correct
keeshond_177,keeshond,dog,0.7,0.0648,keeshond,True,dog,True,correct
keeshond_177,keeshond,dog,0.8,0.0669,keeshond,True,dog,True,correct
keeshond_177,keeshond,dog,0.9,0.0991,keeshond,True,dog,True,correct
keeshond_177,keeshond,dog,1.0,0.1173,keeshond,True,dog,True,correct
basset_hound_124,basset_hound,dog,0.0,0.0,basset_hound,True,dog,True,correct
basset_hound_124,basset_hound,dog,0.1,0.0238,basset_hound,True,dog,True,correct
basset_hound_124,basset_hound,dog,0.2,0.0258,basset_hound,True,dog,True,correct
basset_hound_124,basset_hound,dog,0.3,0.0345,basset_hound,True,dog,True,correct
basset_hound_124,basset_hound,dog,0.4,0.0453,basset_hound,True,dog,True,correct
basset_hound_124,basset_hound,dog,0.5,0.0526,basset_hound,True,dog,True,correct
basset_hound_124,basset_hound,dog,0.6,0.061,basset_hound,True,dog,True,correct
basset_hound_124,basset_hound,dog,0.7,0.0542,basset_hound,True,dog,True,correct
basset_hound_124,basset_hound,dog,0.8,0.0754,basset_hound,True,dog,True,correct
basset_hound_124,basset_hound,dog,0.9,0.0665,basset_hound,True,dog,True,correct
basset_hound_124,basset_hound,dog,1.0,0.0805,basset_hound,True,dog,True,correct
British_Shorthair_129,british_shorthair,cat,0.0,0.0,russian_blue,False,cat,True,within_superclass
British_Shorthair_129,british_shorthair,cat,0.1,0.0234,russian_blue,False,cat,True,within_superclass
British_Shorthair_129,british_shorthair,cat,0.2,0.0417,russian_blue,False,cat,True,within_superclass
British_Shorthair_129,british_shorthair,cat,0.3,0.0715,russian_blue,False,cat,True,within_superclass
British_Shorthair_129,british_shorthair,cat,0.4,0.0652,russian_blue,False,cat,True,within_superclass
British_Shorthair_129,british_shorthair,cat,0.5,0.1013,russian_blue,False,cat,True,within_superclass
British_Shorthair_129,british_shorthair,cat,0.6,0.0832,russian_blue,False,cat,True,within_superclass
British_Shorthair_129,british_shorthair,cat,0.7,0.1018,russian_blue,False,cat,True,within_superclass
British_Shorthair_129,british_shorthair,cat,0.8,0.1348,russian_blue,False,cat,True,within_superclass
British_Shorthair_129,british_shorthair,cat,0.9,0.1251,russian_blue,False,cat,True,within_superclass
British_Shorthair_129,british_shorthair,cat,1.0,0.1621,siamese,False,cat,True,within_superclass
Abyssinian_18,abyssinian,cat,0.0,0.0,abyssinian,True,cat,True,correct
Abyssinian_18,abyssinian,cat,0.1,0.0302,abyssinian,True,cat,True,correct
Abyssinian_18,abyssinian,cat,0.2,0.0496,abyssinian,True,cat,True,correct
Abyssinian_18,abyssinian,cat,0.3,0.0793,abyssinian,True,cat,True,correct
Abyssinian_18,abyssinian,cat,0.4,0.0917,abyssinian,True,cat,True,correct
Abyssinian_18,abyssinian,cat,0.5,0.1192,abyssinian,True,cat,True,correct
Abyssinian_18,abyssinian,cat,0.6,0.1422,abyssinian,True,cat,True,correct
Abyssinian_18,abyssinian,cat,0.7,0.172,abyssinian,True,cat,True,correct
Abyssinian_18,abyssinian,cat,0.8,0.1874,abyssinian,True,cat,True,correct
Abyssinian_18,abyssinian,cat,0.9,0.1692,abyssinian,True,cat,True,correct
Abyssinian_18,abyssinian,cat,1.0,0.2032,abyssinian,True,cat,True,correct
Birman_107,birman,cat,0.0,0.0,birman,True,cat,True,correct
Birman_107,birman,cat,0.1,0.0226,birman,True,cat,True,correct
Birman_107,birman,cat,0.2,0.0297,birman,True,cat,True,correct
Birman_107,birman,cat,0.3,0.0435,birman,True,cat,True,correct
Birman_107,birman,cat,0.4,0.0423,birman,True,cat,True,correct
Birman_107,birman,cat,0.5,0.0585,birman,True,cat,True,correct
Birman_107,birman,cat,0.6,0.0733,birman,True,cat,True,correct
Birman_107,birman,cat,0.7,0.0867,birman,True,cat,True,correct
Birman_107,birman,cat,0.8,0.1051,birman,True,cat,True,correct
Birman_107,birman,cat,0.9,0.1403,birman,True,cat,True,correct
Birman_107,birman,cat,1.0,0.134,birman,True,cat,True,correct
pomeranian_133,pomeranian,dog,0.0,0.0,pomeranian,True,dog,True,correct
pomeranian_133,pomeranian,dog,0.1,0.0284,pomeranian,True,dog,True,correct
pomeranian_133,pomeranian,dog,0.2,0.0434,pomeranian,True,dog,True,correct
pomeranian_133,pomeranian,dog,0.3,0.0647,pomeranian,True,dog,True,correct
pomeranian_133,pomeranian,dog,0.4,0.0658,pomeranian,True,dog,True,correct
pomeranian_133,pomeranian,dog,0.5,0.0833,pomeranian,True,dog,True,correct
pomeranian_133,pomeranian,dog,0.6,0.1116,pomeranian,True,dog,True,correct
pomeranian_133,pomeranian,dog,0.7,0.1332,pomeranian,True,dog,True,correct
pomeranian_133,pomeranian,dog,0.8,0.1681,pomeranian,True,cat,False,correct
pomeranian_133,pomeranian,dog,0.9,0.1961,pomeranian,True,dog,True,correct
pomeranian_133,pomeranian,dog,1.0,0.2007,scottish_terrier,False,dog,True,within_superclass
Persian_160,persian,cat,0.0,0.0,persian,True,cat,True,correct
Persian_160,persian,cat,0.1,0.0271,persian,True,cat,True,correct
Persian_160,persian,cat,0.2,0.0261,persian,True,cat,True,correct
Persian_160,persian,cat,0.3,0.0349,persian,True,cat,True,correct
Persian_160,persian,cat,0.4,0.0683,persian,True,cat,True,correct
Persian_160,persian,cat,0.5,0.0718,persian,True,cat,True,correct
Persian_160,persian,cat,0.6,0.0707,persian,True,cat,True,correct
Persian_160,persian,cat,0.7,0.0931,persian,True,cat,True,correct
Persian_160,persian,cat,0.8,0.099,persian,True,cat,True,correct
Persian_160,persian,cat,0.9,0.115,persian,True,cat,True,correct
Persian_160,persian,cat,1.0,0.1252,persian,True,cat,True,correct
British_Shorthair_126,british_shorthair,cat,0.0,0.0,british_shorthair,True,cat,True,correct
British_Shorthair_126,british_shorthair,cat,0.1,0.0207,british_shorthair,True,cat,True,correct
British_Shorthair_126,british_shorthair,cat,0.2,0.0258,british_shorthair,True,cat,True,correct
British_Shorthair_126,british_shorthair,cat,0.3,0.0474,british_shorthair,True,cat,True,correct
British_Shorthair_126,british_shorthair,cat,0.4,0.0583,british_shorthair,True,cat,True,correct
British_Shorthair_126,british_shorthair,cat,0.5,0.0687,british_shorthair,True,cat,True,correct
British_Shorthair_126,british_shorthair,cat,0.6,0.0751,british_shorthair,True,cat,True,correct
British_Shorthair_126,british_shorthair,cat,0.7,0.0809,british_shorthair,True,cat,True,correct
British_Shorthair_126,british_shorthair,cat,0.8,0.1008,british_shorthair,True,cat,True,correct
British_Shorthair_126,british_shorthair,cat,0.9,0.0934,british_shorthair,True,cat,True,correct
British_Shorthair_126,british_shorthair,cat,1.0,0.1118,british_shorthair,True,cat,True,correct
Maine_Coon_157,maine_coon,cat,0.0,0.0,maine_coon,True,cat,True,correct
Maine_Coon_157,maine_coon,cat,0.1,0.0631,maine_coon,True,cat,True,correct
Maine_Coon_157,maine_coon,cat,0.2,0.0681,maine_coon,True,cat,True,correct
Maine_Coon_157,maine_coon,cat,0.3,0.0702,maine_coon,True,cat,True,correct
Maine_Coon_157,maine_coon,cat,0.4,0.0834,maine_coon,True,cat,True,correct
Maine_Coon_157,maine_coon,cat,0.5,0.086,maine_coon,True,cat,True,correct
Maine_Coon_157,maine_coon,cat,0.6,0.0721,maine_coon,True,cat,True,correct
Maine_Coon_157,maine_coon,cat,0.7,0.0853,maine_coon,True,cat,True,correct
Maine_Coon_157,maine_coon,cat,0.8,0.0825,maine_coon,True,cat,True,correct
Maine_Coon_157,maine_coon,cat,0.9,0.0969,maine_coon,True,cat,True,correct
Maine_Coon_157,maine_coon,cat,1.0,0.1192,maine_coon,True,cat,True,correct
pug_107,pug,dog,0.0,0.0,pug,True,dog,True,correct
pug_107,pug,dog,0.1,0.0237,pug,True,dog,True,correct
pug_107,pug,dog,0.2,0.0163,pug,True,dog,True,correct
pug_107,pug,dog,0.3,0.0404,pug,True,dog,True,correct
pug_107,pug,dog,0.4,0.0349,pug,True,dog,True,correct
pug_107,pug,dog,0.5,0.0317,pug,True,dog,True,correct
pug_107,pug,dog,0.6,0.0529,pug,True,dog,True,correct
pug_107,pug,dog,0.7,0.0501,pug,True,dog,True,correct
pug_107,pug,dog,0.8,0.0608,english_cocker_spaniel,False,dog,True,within_superclass
pug_107,pug,dog,0.9,0.089,pug,True,dog,True,correct
pug_107,pug,dog,1.0,0.0903,pug,True,dog,True,correct
Maine_Coon_131,maine_coon,cat,0.0,0.0,maine_coon,True,cat,True,correct
Maine_Coon_131,maine_coon,cat,0.1,0.0166,maine_coon,True,cat,True,correct
Maine_Coon_131,maine_coon,cat,0.2,0.0236,maine_coon,True,cat,True,correct
Maine_Coon_131,maine_coon,cat,0.3,0.0414,maine_coon,True,cat,True,correct
Maine_Coon_131,maine_coon,cat,0.4,0.044,maine_coon,True,cat,True,correct
Maine_Coon_131,maine_coon,cat,0.5,0.0485,maine_coon,True,cat,True,correct
Maine_Coon_131,maine_coon,cat,0.6,0.0648,maine_coon,True,cat,True,correct
Maine_Coon_131,maine_coon,cat,0.7,0.0587,maine_coon,True,cat,True,correct
Maine_Coon_131,maine_coon,cat,0.8,0.0768,maine_coon,True,cat,True,correct
Maine_Coon_131,maine_coon,cat,0.9,0.0999,maine_coon,True,cat,True,correct
Maine_Coon_131,maine_coon,cat,1.0,0.0897,maine_coon,True,cat,True,correct
pug_188,pug,dog,0.0,0.0,pug,True,dog,True,correct
pug_188,pug,dog,0.1,0.0975,pug,True,dog,True,correct
pug_188,pug,dog,0.2,0.1274,pug,True,dog,True,correct
pug_188,pug,dog,0.3,0.1617,pug,True,dog,True,correct
pug_188,pug,dog,0.4,0.1304,pug,True,dog,True,correct
pug_188,pug,dog,0.5,0.1718,pug,True,dog,True,correct
pug_188,pug,dog,0.6,0.1499,pug,True,dog,True,correct
pug_188,pug,dog,0.7,0.162,pug,True,dog,True,correct
pug_188,pug,dog,0.8,0.1215,pug,True,dog,True,correct
pug_188,pug,dog,0.9,0.1558,pug,True,dog,True,correct
pug_188,pug,dog,1.0,0.1599,pug,True,dog,True,correct
Abyssinian_120,abyssinian,cat,0.0,0.0,abyssinian,True,cat,True,correct
Abyssinian_120,abyssinian,cat,0.1,0.0904,abyssinian,True,cat,True,correct
Abyssinian_120,abyssinian,cat,0.2,0.0774,abyssinian,True,cat,True,correct
Abyssinian_120,abyssinian,cat,0.3,0.084,abyssinian,True,cat,True,correct
Abyssinian_120,abyssinian,cat,0.4,0.1025,abyssinian,True,cat,True,correct
Abyssinian_120,abyssinian,cat,0.5,0.1175,abyssinian,True,cat,True,correct
Abyssinian_120,abyssinian,cat,0.6,0.1318,abyssinian,True,cat,True,correct
Abyssinian_120,abyssinian,cat,0.7,0.1347,abyssinian,True,cat,True,correct
Abyssinian_120,abyssinian,cat,0.8,0.1136,abyssinian,True,cat,True,correct
Abyssinian_120,abyssinian,cat,0.9,0.1373,abyssinian,True,cat,True,correct
Abyssinian_120,abyssinian,cat,1.0,0.1751,abyssinian,True,cat,True,correct
chihuahua_156,chihuahua,dog,0.0,0.0,miniature_pinscher,False,dog,True,within_superclass
chihuahua_156,chihuahua,dog,0.1,0.038,miniature_pinscher,False,dog,True,within_superclass
chihuahua_156,chihuahua,dog,0.2,0.0395,miniature_pinscher,False,dog,True,within_superclass
chihuahua_156,chihuahua,dog,0.3,0.0576,miniature_pinscher,False,dog,True,within_superclass
chihuahua_156,chihuahua,dog,0.4,0.0532,miniature_pinscher,False,dog,True,within_superclass
chihuahua_156,chihuahua,dog,0.5,0.0976,miniature_pinscher,False,dog,True,within_superclass
chihuahua_156,chihuahua,dog,0.6,0.0922,miniature_pinscher,False,dog,True,within_superclass
chihuahua_156,chihuahua,dog,0.7,0.1088,miniature_pinscher,False,dog,True,within_superclass
chihuahua_156,chihuahua,dog,0.8,0.1064,miniature_pinscher,False,dog,True,within_superclass
chihuahua_156,chihuahua,dog,0.9,0.1088,miniature_pinscher,False,dog,True,within_superclass
chihuahua_156,chihuahua,dog,1.0,0.114,miniature_pinscher,False,dog,True,within_superclass
german_shorthaired_184,german_shorthaired,dog,0.0,0.0,german_shorthaired,True,dog,True,correct
german_shorthaired_184,german_shorthaired,dog,0.1,0.0114,german_shorthaired,True,dog,True,correct
german_shorthaired_184,german_shorthaired,dog,0.2,0.0213,german_shorthaired,True,dog,True,correct
german_shorthaired_184,german_shorthaired,dog,0.3,0.0301,german_shorthaired,True,dog,True,correct
german_shorthaired_184,german_shorthaired,dog,0.4,0.0389,german_shorthaired,True,dog,True,correct
german_shorthaired_184,german_shorthaired,dog,0.5,0.056,german_shorthaired,True,dog,True,correct
german_shorthaired_184,german_shorthaired,dog,0.6,0.0692,german_shorthaired,True,dog,True,correct
german_shorthaired_184,german_shorthaired,dog,0.7,0.0665,german_shorthaired,True,dog,True,correct
german_shorthaired_184,german_shorthaired,dog,0.8,0.1001,german_shorthaired,True,dog,True,correct
german_shorthaired_184,german_shorthaired,dog,0.9,0.0977,german_shorthaired,True,dog,True,correct
german_shorthaired_184,german_shorthaired,dog,1.0,0.104,german_shorthaired,True,dog,True,correct
american_pit_bull_terrier_126,american_pit_bull_terrier,dog,0.0,0.0,american_pit_bull_terrier,True,dog,True,correct
american_pit_bull_terrier_126,american_pit_bull_terrier,dog,0.1,0.0464,american_pit_bull_terrier,True,dog,True,correct
american_pit_bull_terrier_126,american_pit_bull_terrier,dog,0.2,0.0679,american_pit_bull_terrier,True,dog,True,correct
american_pit_bull_terrier_126,american_pit_bull_terrier,dog,0.3,0.0624,american_pit_bull_terrier,True,dog,True,correct
american_pit_bull_terrier_126,american_pit_bull_terrier,dog,0.4,0.0992,american_pit_bull_terrier,True,dog,True,correct
american_pit_bull_terrier_126,american_pit_bull_terrier,dog,0.5,0.0955,american_pit_bull_terrier,True,dog,True,correct
american_pit_bull_terrier_126,american_pit_bull_terrier,dog,0.6,0.1003,american_pit_bull_terrier,True,dog,True,correct
american_pit_bull_terrier_126,american_pit_bull_terrier,dog,0.7,0.1223,american_pit_bull_terrier,True,dog,True,correct
american_pit_bull_terrier_126,american_pit_bull_terrier,dog,0.8,0.1506,american_pit_bull_terrier,True,dog,True,correct
american_pit_bull_terrier_126,american_pit_bull_terrier,dog,0.9,0.1659,american_pit_bull_terrier,True,dog,True,correct
american_pit_bull_terrier_126,american_pit_bull_terrier,dog,1.0,0.1897,american_pit_bull_terrier,True,dog,True,correct
Siamese_180,siamese,cat,0.0,0.0,siamese,True,cat,True,correct
Siamese_180,siamese,cat,0.1,0.0193,siamese,True,cat,True,correct
Siamese_180,siamese,cat,0.2,0.0323,siamese,True,cat,True,correct
Siamese_180,siamese,cat,0.3,0.0527,siamese,True,cat,True,correct
Siamese_180,siamese,cat,0.4,0.065,siamese,True,cat,True,correct
Siamese_180,siamese,cat,0.5,0.0519,siamese,True,cat,True,correct
Siamese_180,siamese,cat,0.6,0.0506,siamese,True,cat,True,correct
Siamese_180,siamese,cat,0.7,0.0726,siamese,True,cat,True,correct
Siamese_180,siamese,cat,0.8,0.0605,siamese,True,cat,True,correct
Siamese_180,siamese,cat,0.9,0.0748,siamese,True,cat,True,correct
Siamese_180,siamese,cat,1.0,0.0678,siamese,True,cat,True,correct
Abyssinian_115,abyssinian,cat,0.0,0.0,abyssinian,True,cat,True,correct
Abyssinian_115,abyssinian,cat,0.1,0.0294,abyssinian,True,cat,True,correct
Abyssinian_115,abyssinian,cat,0.2,0.0366,abyssinian,True,cat,True,correct
Abyssinian_115,abyssinian,cat,0.3,0.0597,abyssinian,True,cat,True,correct
Abyssinian_115,abyssinian,cat,0.4,0.0582,abyssinian,True,cat,True,correct
Abyssinian_115,abyssinian,cat,0.5,0.0801,abyssinian,True,cat,True,correct
Abyssinian_115,abyssinian,cat,0.6,0.0816,abyssinian,True,cat,True,correct
Abyssinian_115,abyssinian,cat,0.7,0.1029,abyssinian,True,cat,True,correct
Abyssinian_115,abyssinian,cat,0.8,0.1087,abyssinian,True,cat,True,correct
Abyssinian_115,abyssinian,cat,0.9,0.1191,abyssinian,True,cat,True,correct
Abyssinian_115,abyssinian,cat,1.0,0.1163,abyssinian,True,cat,True,correct
Ragdoll_188,ragdoll,cat,0.0,0.0,birman,False,cat,True,within_superclass
Ragdoll_188,ragdoll,cat,0.1,0.0177,birman,False,cat,True,within_superclass
Ragdoll_188,ragdoll,cat,0.2,0.0235,birman,False,cat,True,within_superclass
Ragdoll_188,ragdoll,cat,0.3,0.0375,birman,False,cat,True,within_superclass
Ragdoll_188,ragdoll,cat,0.4,0.0576,birman,False,cat,True,within_superclass
Ragdoll_188,ragdoll,cat,0.5,0.0624,birman,False,cat,True,within_superclass
Ragdoll_188,ragdoll,cat,0.6,0.0661,birman,False,cat,True,within_superclass
Ragdoll_188,ragdoll,cat,0.7,0.0737,ragdoll,True,cat,True,correct
Ragdoll_188,ragdoll,cat,0.8,0.1067,ragdoll,True,cat,True,correct
Ragdoll_188,ragdoll,cat,0.9,0.0907,british_shorthair,False,cat,True,within_superclass
Ragdoll_188,ragdoll,cat,1.0,0.1111,ragdoll,True,cat,True,correct
Bombay_181,bombay,cat,0.0,0.0,russian_blue,False,cat,True,within_superclass
Bombay_181,bombay,cat,0.1,0.0634,russian_blue,False,cat,True,within_superclass
Bombay_181,bombay,cat,0.2,0.1091,russian_blue,False,cat,True,within_superclass
Bombay_181,bombay,cat,0.3,0.1183,russian_blue,False,cat,True,within_superclass
Bombay_181,bombay,cat,0.4,0.1279,russian_blue,False,cat,True,within_superclass
Bombay_181,bombay,cat,0.5,0.1397,russian_blue,False,cat,True,within_superclass
Bombay_181,bombay,cat,0.6,0.1644,russian_blue,False,cat,True,within_superclass
Bombay_181,bombay,cat,0.7,0.1335,russian_blue,False,cat,True,within_superclass
Bombay_181,bombay,cat,0.8,0.1708,russian_blue,False,cat,True,within_superclass
Bombay_181,bombay,cat,0.9,0.2081,russian_blue,False,cat,True,within_superclass
Bombay_181,bombay,cat,1.0,0.2408,sphynx,False,cat,True,within_superclass
basset_hound_116,basset_hound,dog,0.0,0.0,basset_hound,True,dog,True,correct
basset_hound_116,basset_hound,dog,0.1,0.0311,basset_hound,True,dog,True,correct
basset_hound_116,basset_hound,dog,0.2,0.0494,basset_hound,True,dog,True,correct
basset_hound_116,basset_hound,dog,0.3,0.0593,basset_hound,True,dog,True,correct
basset_hound_116,basset_hound,dog,0.4,0.0669,basset_hound,True,dog,True,correct
basset_hound_116,basset_hound,dog,0.5,0.0758,basset_hound,True,dog,True,correct
basset_hound_116,basset_hound,dog,0.6,0.0819,basset_hound,True,dog,True,correct
basset_hound_116,basset_hound,dog,0.7,0.0843,basset_hound,True,dog,True,correct
basset_hound_116,basset_hound,dog,0.8,0.0957,basset_hound,True,dog,True,correct
basset_hound_116,basset_hound,dog,0.9,0.0912,basset_hound,True,dog,True,correct
basset_hound_116,basset_hound,dog,1.0,0.1185,basset_hound,True,dog,True,correct
great_pyrenees_136,great_pyrenees,dog,0.0,0.0,great_pyrenees,True,dog,True,correct
great_pyrenees_136,great_pyrenees,dog,0.1,0.0336,great_pyrenees,True,dog,True,correct
great_pyrenees_136,great_pyrenees,dog,0.2,0.0538,great_pyrenees,True,dog,True,correct
great_pyrenees_136,great_pyrenees,dog,0.3,0.0732,great_pyrenees,True,dog,True,correct
great_pyrenees_136,great_pyrenees,dog,0.4,0.0898,great_pyrenees,True,dog,True,correct
great_pyrenees_136,great_pyrenees,dog,0.5,0.0866,great_pyrenees,True,dog,True,correct
great_pyrenees_136,great_pyrenees,dog,0.6,0.0966,great_pyrenees,True,dog,True,correct
great_pyrenees_136,great_pyrenees,dog,0.7,0.1171,great_pyrenees,True,dog,True,correct
great_pyrenees_136,great_pyrenees,dog,0.8,0.1049,great_pyrenees,True,dog,True,correct
great_pyrenees_136,great_pyrenees,dog,0.9,0.119,great_pyrenees,True,dog,True,correct
great_pyrenees_136,great_pyrenees,dog,1.0,0.1385,great_pyrenees,True,dog,True,correct
basset_hound_166,basset_hound,dog,0.0,0.0,basset_hound,True,dog,True,correct
basset_hound_166,basset_hound,dog,0.1,0.0202,basset_hound,True,dog,True,correct
basset_hound_166,basset_hound,dog,0.2,0.0287,basset_hound,True,dog,True,correct
basset_hound_166,basset_hound,dog,0.3,0.039,basset_hound,True,dog,True,correct
basset_hound_166,basset_hound,dog,0.4,0.0543,basset_hound,True,dog,True,correct
basset_hound_166,basset_hound,dog,0.5,0.0692,basset_hound,True,dog,True,correct
basset_hound_166,basset_hound,dog,0.6,0.1111,basset_hound,True,dog,True,correct
basset_hound_166,basset_hound,dog,0.7,0.1031,basset_hound,True,dog,True,correct
basset_hound_166,basset_hound,dog,0.8,0.1119,basset_hound,True,dog,True,correct
basset_hound_166,basset_hound,dog,0.9,0.1244,basset_hound,True,dog,True,correct
basset_hound_166,basset_hound,dog,1.0,0.1604,basset_hound,True,dog,True,correct
Egyptian_Mau_16,egyptian_mau,cat,0.0,0.0,bengal,False,cat,True,within_superclass
Egyptian_Mau_16,egyptian_mau,cat,0.1,0.0959,bengal,False,cat,True,within_superclass
Egyptian_Mau_16,egyptian_mau,cat,0.2,0.1268,egyptian_mau,True,cat,True,correct
Egyptian_Mau_16,egyptian_mau,cat,0.3,0.1515,bengal,False,cat,True,within_superclass
Egyptian_Mau_16,egyptian_mau,cat,0.4,0.1648,egyptian_mau,True,cat,True,correct
Egyptian_Mau_16,egyptian_mau,cat,0.5,0.1526,egyptian_mau,True,cat,True,correct
Egyptian_Mau_16,egyptian_mau,cat,0.6,0.1758,bengal,False,cat,True,within_superclass
Egyptian_Mau_16,egyptian_mau,cat,0.7,0.2284,egyptian_mau,True,cat,True,correct
Egyptian_Mau_16,egyptian_mau,cat,0.8,0.2733,egyptian_mau,True,cat,True,correct
Egyptian_Mau_16,egyptian_mau,cat,0.9,0.2667,egyptian_mau,True,cat,True,correct
Egyptian_Mau_16,egyptian_mau,cat,1.0,0.3278,egyptian_mau,True,cat,True,correct
great_pyrenees_122,great_pyrenees,dog,0.0,0.0,great_pyrenees,True,dog,True,correct
great_pyrenees_122,great_pyrenees,dog,0.1,0.0458,great_pyrenees,True,dog,True,correct
great_pyrenees_122,great_pyrenees,dog,0.2,0.0509,great_pyrenees,True,dog,True,correct
great_pyrenees_122,great_pyrenees,dog,0.3,0.0433,great_pyrenees,True,dog,True,correct
great_pyrenees_122,great_pyrenees,dog,0.4,0.0486,great_pyrenees,True,dog,True,correct
great_pyrenees_122,great_pyrenees,dog,0.5,0.0657,great_pyrenees,True,dog,True,correct
great_pyrenees_122,great_pyrenees,dog,0.6,0.0686,great_pyrenees,True,dog,True,correct
great_pyrenees_122,great_pyrenees,dog,0.7,0.0727,great_pyrenees,True,dog,True,correct
great_pyrenees_122,great_pyrenees,dog,0.8,0.0825,great_pyrenees,True,dog,True,correct
great_pyrenees_122,great_pyrenees,dog,0.9,0.0956,great_pyrenees,True,dog,True,correct
great_pyrenees_122,great_pyrenees,dog,1.0,0.1014,great_pyrenees,True,dog,True,correct
wheaten_terrier_112,wheaten_terrier,dog,0.0,0.0,wheaten_terrier,True,dog,True,correct
wheaten_terrier_112,wheaten_terrier,dog,0.1,0.0433,wheaten_terrier,True,dog,True,correct
wheaten_terrier_112,wheaten_terrier,dog,0.2,0.038,wheaten_terrier,True,dog,True,correct
wheaten_terrier_112,wheaten_terrier,dog,0.3,0.0524,wheaten_terrier,True,dog,True,correct
wheaten_terrier_112,wheaten_terrier,dog,0.4,0.0702,wheaten_terrier,True,dog,True,correct
wheaten_terrier_112,wheaten_terrier,dog,0.5,0.082,wheaten_terrier,True,dog,True,correct
wheaten_terrier_112,wheaten_terrier,dog,0.6,0.0835,wheaten_terrier,True,dog,True,correct
wheaten_terrier_112,wheaten_terrier,dog,0.7,0.1064,wheaten_terrier,True,dog,True,correct
wheaten_terrier_112,wheaten_terrier,dog,0.8,0.1142,wheaten_terrier,True,dog,True,correct
wheaten_terrier_112,wheaten_terrier,dog,0.9,0.1497,wheaten_terrier,True,dog,True,correct
wheaten_terrier_112,wheaten_terrier,dog,1.0,0.1353,wheaten_terrier,True,dog,True,correct
basset_hound_162,basset_hound,dog,0.0,0.0,basset_hound,True,dog,True,correct
basset_hound_162,basset_hound,dog,0.1,0.0177,basset_hound,True,dog,True,correct
basset_hound_162,basset_hound,dog,0.2,0.028,basset_hound,True,dog,True,correct
basset_hound_162,basset_hound,dog,0.3,0.0384,basset_hound,True,dog,True,correct
basset_hound_162,basset_hound,dog,0.4,0.0417,basset_hound,True,dog,True,correct
basset_hound_162,basset_hound,dog,0.5,0.0504,basset_hound,True,dog,True,correct
basset_hound_162,basset_hound,dog,0.6,0.053,basset_hound,True,dog,True,correct
basset_hound_162,basset_hound,dog,0.7,0.0547,basset_hound,True,dog,True,correct
basset_hound_162,basset_hound,dog,0.8,0.0626,basset_hound,True,dog,True,correct
basset_hound_162,basset_hound,dog,0.9,0.0753,basset_hound,True,dog,True,correct
basset_hound_162,basset_hound,dog,1.0,0.0674,basset_hound,True,dog,True,correct
pug_104,pug,dog,0.0,0.0,pug,True,dog,True,correct
pug_104,pug,dog,0.1,0.0285,pug,True,dog,True,correct
pug_104,pug,dog,0.2,0.0369,pug,True,dog,True,correct
pug_104,pug,dog,0.3,0.0369,pug,True,dog,True,correct
pug_104,pug,dog,0.4,0.0466,pug,True,dog,True,correct
pug_104,pug,dog,0.5,0.0506,pug,True,dog,True,correct
pug_104,pug,dog,0.6,0.0573,pug,True,dog,True,correct
pug_104,pug,dog,0.7,0.0673,pug,True,dog,True,correct
pug_104,pug,dog,0.8,0.0787,pug,True,dog,True,correct
pug_104,pug,dog,0.9,0.0704,pug,True,dog,True,correct
pug_104,pug,dog,1.0,0.1011,pug,True,dog,True,correct
japanese_chin_18,japanese_chin,dog,0.0,0.0,japanese_chin,True,dog,True,correct
japanese_chin_18,japanese_chin,dog,0.1,0.0211,japanese_chin,True,dog,True,correct
japanese_chin_18,japanese_chin,dog,0.2,0.0161,japanese_chin,True,dog,True,correct
japanese_chin_18,japanese_chin,dog,0.3,0.0299,japanese_chin,True,dog,True,correct
japanese_chin_18,japanese_chin,dog,0.4,0.0394,japanese_chin,True,dog,True,correct
japanese_chin_18,japanese_chin,dog,0.5,0.0521,japanese_chin,True,dog,True,correct
japanese_chin_18,japanese_chin,dog,0.6,0.0731,japanese_chin,True,dog,True,correct
japanese_chin_18,japanese_chin,dog,0.7,0.0671,japanese_chin,True,dog,True,correct
japanese_chin_18,japanese_chin,dog,0.8,0.103,japanese_chin,True,dog,True,correct
japanese_chin_18,japanese_chin,dog,0.9,0.0816,japanese_chin,True,dog,True,correct
japanese_chin_18,japanese_chin,dog,1.0,0.107,japanese_chin,True,dog,True,correct
Bengal_134,bengal,cat,0.0,0.0,abyssinian,False,cat,True,within_superclass
Bengal_134,bengal,cat,0.1,0.0383,abyssinian,False,cat,True,within_superclass
Bengal_134,bengal,cat,0.2,0.0723,abyssinian,False,cat,True,within_superclass
Bengal_134,bengal,cat,0.3,0.0672,abyssinian,False,cat,True,within_superclass
Bengal_134,bengal,cat,0.4,0.0713,abyssinian,False,cat,True,within_superclass
Bengal_134,bengal,cat,0.5,0.0958,abyssinian,False,cat,True,within_superclass
Bengal_134,bengal,cat,0.6,0.1041,abyssinian,False,cat,True,within_superclass
Bengal_134,bengal,cat,0.7,0.1143,abyssinian,False,cat,True,within_superclass
Bengal_134,bengal,cat,0.8,0.1354,abyssinian,False,cat,True,within_superclass
Bengal_134,bengal,cat,0.9,0.1766,abyssinian,False,cat,True,within_superclass
Bengal_134,bengal,cat,1.0,0.2316,sphynx,False,cat,True,within_superclass
Birman_104,birman,cat,0.0,0.0,birman,True,cat,True,correct
Birman_104,birman,cat,0.1,0.0266,ragdoll,False,cat,True,within_superclass
Birman_104,birman,cat,0.2,0.0256,birman,True,cat,True,correct
Birman_104,birman,cat,0.3,0.0349,ragdoll,False,cat,True,within_superclass
Birman_104,birman,cat,0.4,0.0515,ragdoll,False,cat,True,within_superclass
Birman_104,birman,cat,0.5,0.0708,ragdoll,False,cat,True,within_superclass
Birman_104,birman,cat,0.6,0.0508,ragdoll,False,cat,True,within_superclass
Birman_104,birman,cat,0.7,0.0922,ragdoll,False,cat,True,within_superclass
Birman_104,birman,cat,0.8,0.0998,ragdoll,False,cat,True,within_superclass
Birman_104,birman,cat,0.9,0.1083,birman,True,cat,True,correct
Birman_104,birman,cat,1.0,0.1364,japanese_chin,False,cat,True,within_superclass
Persian_162,persian,cat,0.0,0.0,persian,True,cat,True,correct
Persian_162,persian,cat,0.1,0.041,persian,True,cat,True,correct
Persian_162,persian,cat,0.2,0.0599,persian,True,cat,True,correct
Persian_162,persian,cat,0.3,0.0582,persian,True,cat,True,correct
Persian_162,persian,cat,0.4,0.0754,persian,True,cat,True,correct
Persian_162,persian,cat,0.5,0.0824,persian,True,cat,True,correct
Persian_162,persian,cat,0.6,0.0902,persian,True,cat,True,correct
Persian_162,persian,cat,0.7,0.1182,persian,True,cat,True,correct
Persian_162,persian,cat,0.8,0.1178,persian,True,cat,True,correct
Persian_162,persian,cat,0.9,0.1278,persian,True,cat,True,correct
Persian_162,persian,cat,1.0,0.1493,persian,True,cat,True,correct
Bombay_167,bombay,cat,0.0,0.0,russian_blue,False,cat,True,within_superclass
Bombay_167,bombay,cat,0.1,0.0246,russian_blue,False,cat,True,within_superclass
Bombay_167,bombay,cat,0.2,0.0367,russian_blue,False,cat,True,within_superclass
Bombay_167,bombay,cat,0.3,0.0354,russian_blue,False,cat,True,within_superclass
Bombay_167,bombay,cat,0.4,0.0376,russian_blue,False,cat,True,within_superclass
Bombay_167,bombay,cat,0.5,0.0468,british_shorthair,False,cat,True,within_superclass
Bombay_167,bombay,cat,0.6,0.0497,british_shorthair,False,cat,True,within_superclass
Bombay_167,bombay,cat,0.7,0.0539,british_shorthair,False,cat,True,within_superclass
Bombay_167,bombay,cat,0.8,0.0604,british_shorthair,False,cat,True,within_superclass
Bombay_167,bombay,cat,0.9,0.0591,british_shorthair,False,cat,True,within_superclass
Bombay_167,bombay,cat,1.0,0.0707,siamese,False,cat,True,within_superclass
samoyed_188,samoyed,dog,0.0,0.0,samoyed,True,dog,True,correct
samoyed_188,samoyed,dog,0.1,0.0093,samoyed,True,dog,True,correct
samoyed_188,samoyed,dog,0.2,0.0158,samoyed,True,dog,True,correct
samoyed_188,samoyed,dog,0.3,0.0259,samoyed,True,dog,True,correct
samoyed_188,samoyed,dog,0.4,0.037,samoyed,True,dog,True,correct
samoyed_188,samoyed,dog,0.5,0.0546,samoyed,True,dog,True,correct
samoyed_188,samoyed,dog,0.6,0.0653,samoyed,True,dog,True,correct
samoyed_188,samoyed,dog,0.7,0.0906,samoyed,True,dog,True,correct
samoyed_188,samoyed,dog,0.8,0.087,samoyed,True,dog,True,correct
samoyed_188,samoyed,dog,0.9,0.1239,samoyed,True,dog,True,correct
samoyed_188,samoyed,dog,1.0,0.158,samoyed,True,dog,True,correct
keeshond_14,keeshond,dog,0.0,0.0,keeshond,True,dog,True,correct
keeshond_14,keeshond,dog,0.1,0.0269,keeshond,True,dog,True,correct
keeshond_14,keeshond,dog,0.2,0.0374,keeshond,True,dog,True,correct
keeshond_14,keeshond,dog,0.3,0.0459,keeshond,True,dog,True,correct
keeshond_14,keeshond,dog,0.4,0.0547,keeshond,True,dog,True,correct
keeshond_14,keeshond,dog,0.5,0.0651,keeshond,True,dog,True,correct
keeshond_14,keeshond,dog,0.6,0.0898,keeshond,True,dog,True,correct
keeshond_14,keeshond,dog,0.7,0.1146,keeshond,True,dog,True,correct
keeshond_14,keeshond,dog,0.8,0.127,pug,False,dog,True,within_superclass
keeshond_14,keeshond,dog,0.9,0.1614,pug,False,dog,True,within_superclass
keeshond_14,keeshond,dog,1.0,0.1478,pug,False,dog,True,within_superclass
Siamese_149,siamese,cat,0.0,0.0,siamese,True,cat,True,correct
Siamese_149,siamese,cat,0.1,0.05,siamese,True,cat,True,correct
Siamese_149,siamese,cat,0.2,0.0541,siamese,True,cat,True,correct
Siamese_149,siamese,cat,0.3,0.0702,siamese,True,cat,True,correct
Siamese_149,siamese,cat,0.4,0.0719,siamese,True,cat,True,correct
Siamese_149,siamese,cat,0.5,0.0786,siamese,True,cat,True,correct
Siamese_149,siamese,cat,0.6,0.0906,siamese,True,cat,True,correct
Siamese_149,siamese,cat,0.7,0.09,siamese,True,cat,True,correct
Siamese_149,siamese,cat,0.8,0.1115,siamese,True,cat,True,correct
Siamese_149,siamese,cat,0.9,0.1043,siamese,True,cat,True,correct
Siamese_149,siamese,cat,1.0,0.0966,siamese,True,cat,True,correct
pug_192,pug,dog,0.0,0.0,pug,True,dog,True,correct
pug_192,pug,dog,0.1,0.0325,pug,True,dog,True,correct
pug_192,pug,dog,0.2,0.0524,pug,True,dog,True,correct
pug_192,pug,dog,0.3,0.0574,pug,True,dog,True,correct
pug_192,pug,dog,0.4,0.0684,pug,True,dog,True,correct
pug_192,pug,dog,0.5,0.0684,pug,True,dog,True,correct
pug_192,pug,dog,0.6,0.0798,pug,True,dog,True,correct
pug_192,pug,dog,0.7,0.0927,pug,True,dog,True,correct
pug_192,pug,dog,0.8,0.1061,pug,True,dog,True,correct
pug_192,pug,dog,0.9,0.1607,pug,True,dog,True,correct
pug_192,pug,dog,1.0,0.1511,pug,True,dog,True,correct
pomeranian_155,pomeranian,dog,0.0,0.0,pomeranian,True,dog,True,correct
pomeranian_155,pomeranian,dog,0.1,0.0813,pomeranian,True,dog,True,correct
pomeranian_155,pomeranian,dog,0.2,0.0787,pomeranian,True,dog,True,correct
pomeranian_155,pomeranian,dog,0.3,0.0813,pomeranian,True,dog,True,correct
pomeranian_155,pomeranian,dog,0.4,0.0977,pomeranian,True,dog,True,correct
pomeranian_155,pomeranian,dog,0.5,0.1152,pomeranian,True,dog,True,correct
pomeranian_155,pomeranian,dog,0.6,0.1237,pomeranian,True,dog,True,correct
pomeranian_155,pomeranian,dog,0.7,0.1426,pomeranian,True,dog,True,correct
pomeranian_155,pomeranian,dog,0.8,0.1653,pomeranian,True,dog,True,correct
pomeranian_155,pomeranian,dog,0.9,0.1965,pomeranian,True,dog,True,correct
pomeranian_155,pomeranian,dog,1.0,0.2121,pomeranian,True,dog,True,correct
British_Shorthair_200,british_shorthair,cat,0.0,0.0,british_shorthair,True,cat,True,correct
British_Shorthair_200,british_shorthair,cat,0.1,0.0168,british_shorthair,True,cat,True,correct
British_Shorthair_200,british_shorthair,cat,0.2,0.0195,british_shorthair,True,cat,True,correct
British_Shorthair_200,british_shorthair,cat,0.3,0.028,british_shorthair,True,cat,True,correct
British_Shorthair_200,british_shorthair,cat,0.4,0.0433,british_shorthair,True,cat,True,correct
British_Shorthair_200,british_shorthair,cat,0.5,0.0511,british_shorthair,True,cat,True,correct
British_Shorthair_200,british_shorthair,cat,0.6,0.0542,british_shorthair,True,cat,True,correct
British_Shorthair_200,british_shorthair,cat,0.7,0.0726,british_shorthair,True,cat,True,correct
British_Shorthair_200,british_shorthair,cat,0.8,0.0722,british_shorthair,True,cat,True,correct
British_Shorthair_200,british_shorthair,cat,0.9,0.0744,british_shorthair,True,cat,True,correct
British_Shorthair_200,british_shorthair,cat,1.0,0.1295,british_shorthair,True,cat,True,correct
american_pit_bull_terrier_187,american_pit_bull_terrier,dog,0.0,0.0,american_pit_bull_terrier,True,dog,True,correct
american_pit_bull_terrier_187,american_pit_bull_terrier,dog,0.1,0.0272,american_pit_bull_terrier,True,dog,True,correct
american_pit_bull_terrier_187,american_pit_bull_terrier,dog,0.2,0.0249,american_pit_bull_terrier,True,dog,True,correct
american_pit_bull_terrier_187,american_pit_bull_terrier,dog,0.3,0.0376,american_pit_bull_terrier,True,dog,True,correct
american_pit_bull_terrier_187,american_pit_bull_terrier,dog,0.4,0.0416,american_pit_bull_terrier,True,dog,True,correct
american_pit_bull_terrier_187,american_pit_bull_terrier,dog,0.5,0.0432,american_pit_bull_terrier,True,dog,True,correct
american_pit_bull_terrier_187,american_pit_bull_terrier,dog,0.6,0.0497,american_pit_bull_terrier,True,dog,True,correct
american_pit_bull_terrier_187,american_pit_bull_terrier,dog,0.7,0.0646,american_pit_bull_terrier,True,dog,True,correct
american_pit_bull_terrier_187,american_pit_bull_terrier,dog,0.8,0.0688,american_pit_bull_terrier,True,dog,True,correct
american_pit_bull_terrier_187,american_pit_bull_terrier,dog,0.9,0.0735,american_pit_bull_terrier,True,dog,True,correct
american_pit_bull_terrier_187,american_pit_bull_terrier,dog,1.0,0.0697,american_pit_bull_terrier,True,dog,True,correct
British_Shorthair_169,british_shorthair,cat,0.0,0.0,russian_blue,False,cat,True,within_superclass
British_Shorthair_169,british_shorthair,cat,0.1,0.0365,russian_blue,False,cat,True,within_superclass
British_Shorthair_169,british_shorthair,cat,0.2,0.0373,british_shorthair,True,cat,True,correct
British_Shorthair_169,british_shorthair,cat,0.3,0.0456,british_shorthair,True,cat,True,correct
British_Shorthair_169,british_shorthair,cat,0.4,0.053,british_shorthair,True,cat,True,correct
British_Shorthair_169,british_shorthair,cat,0.5,0.0658,british_shorthair,True,cat,True,correct
British_Shorthair_169,british_shorthair,cat,0.6,0.0651,british_shorthair,True,cat,True,correct
British_Shorthair_169,british_shorthair,cat,0.7,0.0879,british_shorthair,True,cat,True,correct
British_Shorthair_169,british_shorthair,cat,0.8,0.1049,british_shorthair,True,cat,True,correct
British_Shorthair_169,british_shorthair,cat,0.9,0.0952,british_shorthair,True,cat,True,correct
British_Shorthair_169,british_shorthair,cat,1.0,0.1154,british_shorthair,True,cat,True,correct
wheaten_terrier_180,wheaten_terrier,dog,0.0,0.0,wheaten_terrier,True,dog,True,correct
wheaten_terrier_180,wheaten_terrier,dog,0.1,0.0308,wheaten_terrier,True,dog,True,correct
wheaten_terrier_180,wheaten_terrier,dog,0.2,0.0371,wheaten_terrier,True,dog,True,correct
wheaten_terrier_180,wheaten_terrier,dog,0.3,0.0445,wheaten_terrier,True,dog,True,correct
wheaten_terrier_180,wheaten_terrier,dog,0.4,0.0536,wheaten_terrier,True,dog,True,correct
wheaten_terrier_180,wheaten_terrier,dog,0.5,0.0694,wheaten_terrier,True,dog,True,correct
wheaten_terrier_180,wheaten_terrier,dog,0.6,0.0631,wheaten_terrier,True,dog,True,correct
wheaten_terrier_180,wheaten_terrier,dog,0.7,0.0979,wheaten_terrier,True,dog,True,correct
wheaten_terrier_180,wheaten_terrier,dog,0.8,0.0952,wheaten_terrier,True,dog,True,correct
wheaten_terrier_180,wheaten_terrier,dog,0.9,0.0964,wheaten_terrier,True,dog,True,correct
wheaten_terrier_180,wheaten_terrier,dog,1.0,0.0875,wheaten_terrier,True,dog,True,correct
shiba_inu_191,shiba_inu,dog,0.0,0.0,shiba_inu,True,dog,True,correct
shiba_inu_191,shiba_inu,dog,0.1,0.0685,shiba_inu,True,dog,True,correct
shiba_inu_191,shiba_inu,dog,0.2,0.0697,shiba_inu,True,dog,True,correct
shiba_inu_191,shiba_inu,dog,0.3,0.0829,shiba_inu,True,dog,True,correct
shiba_inu_191,shiba_inu,dog,0.4,0.1049,shiba_inu,True,dog,True,correct
shiba_inu_191,shiba_inu,dog,0.5,0.1216,shiba_inu,True,dog,True,correct
shiba_inu_191,shiba_inu,dog,0.6,0.1484,shiba_inu,True,dog,True,correct
shiba_inu_191,shiba_inu,dog,0.7,0.1372,shiba_inu,True,dog,True,correct
shiba_inu_191,shiba_inu,dog,0.8,0.1449,shiba_inu,True,dog,True,correct
shiba_inu_191,shiba_inu,dog,0.9,0.1488,shiba_inu,True,dog,True,correct
shiba_inu_191,shiba_inu,dog,1.0,0.1786,shiba_inu,True,dog,True,correct
Bombay_114,bombay,cat,0.0,0.0,russian_blue,False,cat,True,within_superclass
Bombay_114,bombay,cat,0.1,0.0244,russian_blue,False,cat,True,within_superclass
Bombay_114,bombay,cat,0.2,0.0353,russian_blue,False,cat,True,within_superclass
Bombay_114,bombay,cat,0.3,0.0603,russian_blue,False,cat,True,within_superclass
Bombay_114,bombay,cat,0.4,0.0797,russian_blue,False,cat,True,within_superclass
Bombay_114,bombay,cat,0.5,0.1151,sphynx,False,cat,True,within_superclass
Bombay_114,bombay,cat,0.6,0.1111,sphynx,False,cat,True,within_superclass
Bombay_114,bombay,cat,0.7,0.1246,abyssinian,False,cat,True,within_superclass
Bombay_114,bombay,cat,0.8,0.1606,british_shorthair,False,cat,True,within_superclass
Bombay_114,bombay,cat,0.9,0.1618,sphynx,False,cat,True,within_superclass
Bombay_114,bombay,cat,1.0,0.1561,sphynx,False,cat,True,within_superclass
pomeranian_158,pomeranian,dog,0.0,0.0,pomeranian,True,dog,True,correct
pomeranian_158,pomeranian,dog,0.1,0.0429,pomeranian,True,dog,True,correct
pomeranian_158,pomeranian,dog,0.2,0.0456,pomeranian,True,dog,True,correct
pomeranian_158,pomeranian,dog,0.3,0.0495,pomeranian,True,dog,True,correct
pomeranian_158,pomeranian,dog,0.4,0.0558,pomeranian,True,dog,True,correct
pomeranian_158,pomeranian,dog,0.5,0.0609,pomeranian,True,dog,True,correct
pomeranian_158,pomeranian,dog,0.6,0.0704,pomeranian,True,dog,True,correct
pomeranian_158,pomeranian,dog,0.7,0.1078,pomeranian,True,dog,True,correct
pomeranian_158,pomeranian,dog,0.8,0.1115,pomeranian,True,dog,True,correct
pomeranian_158,pomeranian,dog,0.9,0.119,pomeranian,True,dog,True,correct
pomeranian_158,pomeranian,dog,1.0,0.1276,pomeranian,True,dog,True,correct
keeshond_176,keeshond,dog,0.0,0.0,keeshond,True,dog,True,correct
keeshond_176,keeshond,dog,0.1,0.0142,keeshond,True,dog,True,correct
keeshond_176,keeshond,dog,0.2,0.0172,keeshond,True,dog,True,correct
keeshond_176,keeshond,dog,0.3,0.0278,keeshond,True,dog,True,correct
keeshond_176,keeshond,dog,0.4,0.0295,keeshond,True,dog,True,correct
keeshond_176,keeshond,dog,0.5,0.0345,keeshond,True,dog,True,correct
keeshond_176,keeshond,dog,0.6,0.0615,keeshond,True,dog,True,correct
keeshond_176,keeshond,dog,0.7,0.0675,keeshond,True,dog,True,correct
keeshond_176,keeshond,dog,0.8,0.0852,keeshond,True,dog,True,correct
keeshond_176,keeshond,dog,0.9,0.0934,keeshond,True,dog,True,correct
keeshond_176,keeshond,dog,1.0,0.1143,keeshond,True,dog,True,correct
pomeranian_110,pomeranian,dog,0.0,0.0,pomeranian,True,dog,True,correct
pomeranian_110,pomeranian,dog,0.1,0.0455,pomeranian,True,dog,True,correct
pomeranian_110,pomeranian,dog,0.2,0.0352,pomeranian,True,dog,True,correct
pomeranian_110,pomeranian,dog,0.3,0.0575,pomeranian,True,dog,True,correct
pomeranian_110,pomeranian,dog,0.4,0.071,pomeranian,True,dog,True,correct
pomeranian_110,pomeranian,dog,0.5,0.088,pomeranian,True,dog,True,correct
pomeranian_110,pomeranian,dog,0.6,0.0925,pomeranian,True,dog,True,correct
pomeranian_110,pomeranian,dog,0.7,0.0832,pomeranian,True,dog,True,correct
pomeranian_110,pomeranian,dog,0.8,0.1052,pomeranian,True,dog,True,correct
pomeranian_110,pomeranian,dog,0.9,0.1113,pomeranian,True,dog,True,correct
pomeranian_110,pomeranian,dog,1.0,0.1286,pomeranian,True,dog,True,correct
american_pit_bull_terrier_100,american_pit_bull_terrier,dog,0.0,0.0,american_pit_bull_terrier,True,dog,True,correct
american_pit_bull_terrier_100,american_pit_bull_terrier,dog,0.1,0.062,american_bulldog,False,dog,True,within_superclass
american_pit_bull_terrier_100,american_pit_bull_terrier,dog,0.2,0.119,american_pit_bull_terrier,True,dog,True,correct
american_pit_bull_terrier_100,american_pit_bull_terrier,dog,0.3,0.1172,american_pit_bull_terrier,True,dog,True,correct
american_pit_bull_terrier_100,american_pit_bull_terrier,dog,0.4,0.1234,american_pit_bull_terrier,True,dog,True,correct
american_pit_bull_terrier_100,american_pit_bull_terrier,dog,0.5,0.1294,american_pit_bull_terrier,True,dog,True,correct
american_pit_bull_terrier_100,american_pit_bull_terrier,dog,0.6,0.1421,american_pit_bull_terrier,True,dog,True,correct
american_pit_bull_terrier_100,american_pit_bull_terrier,dog,0.7,0.1336,american_pit_bull_terrier,True,dog,True,correct
american_pit_bull_terrier_100,american_pit_bull_terrier,dog,0.8,0.1284,american_pit_bull_terrier,True,dog,True,correct
american_pit_bull_terrier_100,american_pit_bull_terrier,dog,0.9,0.1685,american_pit_bull_terrier,True,dog,True,correct
american_pit_bull_terrier_100,american_pit_bull_terrier,dog,1.0,0.1579,american_pit_bull_terrier,True,dog,True,correct
Egyptian_Mau_115,egyptian_mau,cat,0.0,0.0,bengal,False,cat,True,within_superclass
Egyptian_Mau_115,egyptian_mau,cat,0.1,0.0109,bengal,False,cat,True,within_superclass
Egyptian_Mau_115,egyptian_mau,cat,0.2,0.0163,bengal,False,cat,True,within_superclass
Egyptian_Mau_115,egyptian_mau,cat,0.3,0.022,bengal,False,cat,True,within_superclass
Egyptian_Mau_115,egyptian_mau,cat,0.4,0.0241,bengal,False,cat,True,within_superclass
Egyptian_Mau_115,egyptian_mau,cat,0.5,0.0349,bengal,False,cat,True,within_superclass
Egyptian_Mau_115,egyptian_mau,cat,0.6,0.0619,bengal,False,cat,True,within_superclass
Egyptian_Mau_115,egyptian_mau,cat,0.7,0.0799,egyptian_mau,True,cat,True,correct
Egyptian_Mau_115,egyptian_mau,cat,0.8,0.1372,egyptian_mau,True,cat,True,correct
Egyptian_Mau_115,egyptian_mau,cat,0.9,0.1417,egyptian_mau,True,cat,True,correct
Egyptian_Mau_115,egyptian_mau,cat,1.0,0.1666,egyptian_mau,True,cat,True,correct
american_pit_bull_terrier_10,american_pit_bull_terrier,dog,0.0,0.0,american_pit_bull_terrier,True,dog,True,correct
american_pit_bull_terrier_10,american_pit_bull_terrier,dog,0.1,0.03,american_pit_bull_terrier,True,dog,True,correct
american_pit_bull_terrier_10,american_pit_bull_terrier,dog,0.2,0.0289,american_pit_bull_terrier,True,dog,True,correct
american_pit_bull_terrier_10,american_pit_bull_terrier,dog,0.3,0.0346,american_pit_bull_terrier,True,dog,True,correct
american_pit_bull_terrier_10,american_pit_bull_terrier,dog,0.4,0.0529,american_pit_bull_terrier,True,dog,True,correct
american_pit_bull_terrier_10,american_pit_bull_terrier,dog,0.5,0.0773,american_pit_bull_terrier,True,dog,True,correct
american_pit_bull_terrier_10,american_pit_bull_terrier,dog,0.6,0.0798,american_pit_bull_terrier,True,dog,True,correct
american_pit_bull_terrier_10,american_pit_bull_terrier,dog,0.7,0.0946,american_pit_bull_terrier,True,dog,True,correct
american_pit_bull_terrier_10,american_pit_bull_terrier,dog,0.8,0.0981,miniature_pinscher,False,dog,True,within_superclass
american_pit_bull_terrier_10,american_pit_bull_terrier,dog,0.9,0.1258,american_pit_bull_terrier,True,dog,True,correct
american_pit_bull_terrier_10,american_pit_bull_terrier,dog,1.0,0.1184,miniature_pinscher,False,dog,True,within_superclass
pomeranian_153,pomeranian,dog,0.0,0.0,keeshond,False,dog,True,within_superclass
pomeranian_153,pomeranian,dog,0.1,0.0392,keeshond,False,dog,True,within_superclass
pomeranian_153,pomeranian,dog,0.2,0.0481,keeshond,False,dog,True,within_superclass
pomeranian_153,pomeranian,dog,0.3,0.0646,pomeranian,True,dog,True,correct
pomeranian_153,pomeranian,dog,0.4,0.0728,keeshond,False,dog,True,within_superclass
pomeranian_153,pomeranian,dog,0.5,0.0786,pomeranian,True,dog,True,correct
pomeranian_153,pomeranian,dog,0.6,0.1118,pomeranian,True,dog,True,correct
pomeranian_153,pomeranian,dog,0.7,0.1361,pomeranian,True,dog,True,correct
pomeranian_153,pomeranian,dog,0.8,0.1411,pomeranian,True,dog,True,correct
pomeranian_153,pomeranian,dog,0.9,0.189,pomeranian,True,dog,True,correct
pomeranian_153,pomeranian,dog,1.0,0.1588,keeshond,False,dog,True,within_superclass
basset_hound_142,basset_hound,dog,0.0,0.0,basset_hound,True,dog,True,correct
basset_hound_142,basset_hound,dog,0.1,0.0322,basset_hound,True,dog,True,correct
basset_hound_142,basset_hound,dog,0.2,0.0489,basset_hound,True,dog,True,correct
basset_hound_142,basset_hound,dog,0.3,0.0545,basset_hound,True,dog,True,correct
basset_hound_142,basset_hound,dog,0.4,0.0661,basset_hound,True,dog,True,correct
basset_hound_142,basset_hound,dog,0.5,0.069,basset_hound,True,dog,True,correct
basset_hound_142,basset_hound,dog,0.6,0.0943,basset_hound,True,dog,True,correct
basset_hound_142,basset_hound,dog,0.7,0.0828,basset_hound,True,dog,True,correct
basset_hound_142,basset_hound,dog,0.8,0.1122,basset_hound,True,dog,True,correct
basset_hound_142,basset_hound,dog,0.9,0.0975,basset_hound,True,dog,True,correct
basset_hound_142,basset_hound,dog,1.0,0.1051,basset_hound,True,dog,True,correct
american_pit_bull_terrier_150,american_pit_bull_terrier,dog,0.0,0.0,boxer,False,dog,True,within_superclass
american_pit_bull_terrier_150,american_pit_bull_terrier,dog,0.1,0.0593,boxer,False,dog,True,within_superclass
american_pit_bull_terrier_150,american_pit_bull_terrier,dog,0.2,0.0539,boxer,False,dog,True,within_superclass
american_pit_bull_terrier_150,american_pit_bull_terrier,dog,0.3,0.0546,boxer,False,dog,True,within_superclass
american_pit_bull_terrier_150,american_pit_bull_terrier,dog,0.4,0.0676,boxer,False,dog,True,within_superclass
american_pit_bull_terrier_150,american_pit_bull_terrier,dog,0.5,0.0881,boxer,False,dog,True,within_superclass
american_pit_bull_terrier_150,american_pit_bull_terrier,dog,0.6,0.1073,boxer,False,dog,True,within_superclass
american_pit_bull_terrier_150,american_pit_bull_terrier,dog,0.7,0.1027,boxer,False,dog,True,within_superclass
american_pit_bull_terrier_150,american_pit_bull_terrier,dog,0.8,0.1161,boxer,False,dog,True,within_superclass
american_pit_bull_terrier_150,american_pit_bull_terrier,dog,0.9,0.1221,boxer,False,dog,True,within_superclass
american_pit_bull_terrier_150,american_pit_bull_terrier,dog,1.0,0.1367,boxer,False,dog,True,within_superclass
Bengal_119,bengal,cat,0.0,0.0,bengal,True,cat,True,correct
Bengal_119,bengal,cat,0.1,0.0414,bengal,True,cat,True,correct
Bengal_119,bengal,cat,0.2,0.0272,bengal,True,cat,True,correct
Bengal_119,bengal,cat,0.3,0.0373,bengal,True,cat,True,correct
Bengal_119,bengal,cat,0.4,0.0366,bengal,True,cat,True,correct
Bengal_119,bengal,cat,0.5,0.047,bengal,True,cat,True,correct
Bengal_119,bengal,cat,0.6,0.0845,bengal,True,cat,True,correct
Bengal_119,bengal,cat,0.7,0.09,bengal,True,cat,True,correct
Bengal_119,bengal,cat,0.8,0.0842,bengal,True,cat,True,correct
Bengal_119,bengal,cat,0.9,0.1061,bengal,True,cat,True,correct
Bengal_119,bengal,cat,1.0,0.1286,bengal,True,cat,True,correct
basset_hound_170,basset_hound,dog,0.0,0.0,basset_hound,True,dog,True,correct
basset_hound_170,basset_hound,dog,0.1,0.0274,basset_hound,True,dog,True,correct
basset_hound_170,basset_hound,dog,0.2,0.0263,basset_hound,True,dog,True,correct
basset_hound_170,basset_hound,dog,0.3,0.0393,basset_hound,True,dog,True,correct
basset_hound_170,basset_hound,dog,0.4,0.0511,basset_hound,True,dog,True,correct
basset_hound_170,basset_hound,dog,0.5,0.0779,basset_hound,True,dog,True,correct
basset_hound_170,basset_hound,dog,0.6,0.1038,basset_hound,True,dog,True,correct
basset_hound_170,basset_hound,dog,0.7,0.1017,basset_hound,True,dog,True,correct
basset_hound_170,basset_hound,dog,0.8,0.1278,basset_hound,True,dog,True,correct
basset_hound_170,basset_hound,dog,0.9,0.1228,basset_hound,True,dog,True,correct
basset_hound_170,basset_hound,dog,1.0,0.1533,basset_hound,True,dog,True,correct
samoyed_185,samoyed,dog,0.0,0.0,samoyed,True,dog,True,correct
samoyed_185,samoyed,dog,0.1,0.0253,samoyed,True,dog,True,correct
samoyed_185,samoyed,dog,0.2,0.0263,samoyed,True,dog,True,correct
samoyed_185,samoyed,dog,0.3,0.0325,samoyed,True,dog,True,correct
samoyed_185,samoyed,dog,0.4,0.0385,samoyed,True,dog,True,correct
samoyed_185,samoyed,dog,0.5,0.042,samoyed,True,dog,True,correct
samoyed_185,samoyed,dog,0.6,0.0474,samoyed,True,dog,True,correct
samoyed_185,samoyed,dog,0.7,0.0625,samoyed,True,dog,True,correct
samoyed_185,samoyed,dog,0.8,0.0602,samoyed,True,dog,True,correct
samoyed_185,samoyed,dog,0.9,0.0934,samoyed,True,dog,True,correct
samoyed_185,samoyed,dog,1.0,0.0856,samoyed,True,dog,True,correct
Bengal_11,bengal,cat,0.0,0.0,bengal,True,cat,True,correct
Bengal_11,bengal,cat,0.1,0.065,bengal,True,cat,True,correct
Bengal_11,bengal,cat,0.2,0.0998,bengal,True,cat,True,correct
Bengal_11,bengal,cat,0.3,0.0505,bengal,True,cat,True,correct
Bengal_11,bengal,cat,0.4,0.0831,bengal,True,cat,True,correct
Bengal_11,bengal,cat,0.5,0.0568,bengal,True,cat,True,correct
Bengal_11,bengal,cat,0.6,0.0633,bengal,True,cat,True,correct
Bengal_11,bengal,cat,0.7,0.0663,bengal,True,cat,True,correct
Bengal_11,bengal,cat,0.8,0.0779,bengal,True,cat,True,correct
Bengal_11,bengal,cat,0.9,0.1022,bengal,True,cat,True,correct
Bengal_11,bengal,cat,1.0,0.0894,bengal,True,cat,True,correct
chihuahua_16,chihuahua,dog,0.0,0.0,chihuahua,True,dog,True,correct
chihuahua_16,chihuahua,dog,0.1,0.0416,chihuahua,True,dog,True,correct
chihuahua_16,chihuahua,dog,0.2,0.0408,chihuahua,True,dog,True,correct
chihuahua_16,chihuahua,dog,0.3,0.0513,chihuahua,True,dog,True,correct
chihuahua_16,chihuahua,dog,0.4,0.037,chihuahua,True,dog,True,correct
chihuahua_16,chihuahua,dog,0.5,0.0608,chihuahua,True,dog,True,correct
chihuahua_16,chihuahua,dog,0.6,0.0817,chihuahua,True,dog,True,correct
chihuahua_16,chihuahua,dog,0.7,0.09,chihuahua,True,dog,True,correct
chihuahua_16,chihuahua,dog,0.8,0.094,chihuahua,True,dog,True,correct
chihuahua_16,chihuahua,dog,0.9,0.1088,chihuahua,True,dog,True,correct
chihuahua_16,chihuahua,dog,1.0,0.1244,chihuahua,True,dog,True,correct
samoyed_181,samoyed,dog,0.0,0.0,samoyed,True,dog,True,correct
samoyed_181,samoyed,dog,0.1,0.0315,samoyed,True,dog,True,correct
samoyed_181,samoyed,dog,0.2,0.0315,samoyed,True,dog,True,correct
samoyed_181,samoyed,dog,0.3,0.045,samoyed,True,dog,True,correct
samoyed_181,samoyed,dog,0.4,0.0558,samoyed,True,dog,True,correct
samoyed_181,samoyed,dog,0.5,0.0645,samoyed,True,dog,True,correct
samoyed_181,samoyed,dog,0.6,0.0633,samoyed,True,dog,True,correct
samoyed_181,samoyed,dog,0.7,0.0998,samoyed,True,dog,True,correct
samoyed_181,samoyed,dog,0.8,0.0889,samoyed,True,dog,True,correct
samoyed_181,samoyed,dog,0.9,0.1039,samoyed,True,dog,True,correct
samoyed_181,samoyed,dog,1.0,0.1129,samoyed,True,dog,True,correct
Maine_Coon_151,maine_coon,cat,0.0,0.0,maine_coon,True,cat,True,correct
Maine_Coon_151,maine_coon,cat,0.1,0.0373,maine_coon,True,cat,True,correct
Maine_Coon_151,maine_coon,cat,0.2,0.0395,maine_coon,True,cat,True,correct
Maine_Coon_151,maine_coon,cat,0.3,0.0386,maine_coon,True,cat,True,correct
Maine_Coon_151,maine_coon,cat,0.4,0.0572,maine_coon,True,cat,True,correct
Maine_Coon_151,maine_coon,cat,0.5,0.0565,maine_coon,True,cat,True,correct
Maine_Coon_151,maine_coon,cat,0.6,0.0578,maine_coon,True,cat,True,correct
Maine_Coon_151,maine_coon,cat,0.7,0.0776,maine_coon,True,cat,True,correct
Maine_Coon_151,maine_coon,cat,0.8,0.0846,maine_coon,True,cat,True,correct
Maine_Coon_151,maine_coon,cat,0.9,0.0946,maine_coon,True,cat,True,correct
Maine_Coon_151,maine_coon,cat,1.0,0.0991,maine_coon,True,cat,True,correct
german_shorthaired_110,german_shorthaired,dog,0.0,0.0,german_shorthaired,True,dog,True,correct
german_shorthaired_110,german_shorthaired,dog,0.1,0.0222,german_shorthaired,True,dog,True,correct
german_shorthaired_110,german_shorthaired,dog,0.2,0.0253,german_shorthaired,True,dog,True,correct
german_shorthaired_110,german_shorthaired,dog,0.3,0.0261,german_shorthaired,True,dog,True,correct
german_shorthaired_110,german_shorthaired,dog,0.4,0.0411,german_shorthaired,True,dog,True,correct
german_shorthaired_110,german_shorthaired,dog,0.5,0.0367,german_shorthaired,True,dog,True,correct
german_shorthaired_110,german_shorthaired,dog,0.6,0.0418,german_shorthaired,True,dog,True,correct
german_shorthaired_110,german_shorthaired,dog,0.7,0.0548,german_shorthaired,True,dog,True,correct
german_shorthaired_110,german_shorthaired,dog,0.8,0.0565,german_shorthaired,True,dog,True,correct
german_shorthaired_110,german_shorthaired,dog,0.9,0.0572,german_shorthaired,True,dog,True,correct
german_shorthaired_110,german_shorthaired,dog,1.0,0.0612,german_shorthaired,True,dog,True,correct
german_shorthaired_10,german_shorthaired,dog,0.0,0.0,german_shorthaired,True,dog,True,correct
german_shorthaired_10,german_shorthaired,dog,0.1,0.0458,german_shorthaired,True,dog,True,correct
german_shorthaired_10,german_shorthaired,dog,0.2,0.0341,german_shorthaired,True,dog,True,correct
german_shorthaired_10,german_shorthaired,dog,0.3,0.0437,german_shorthaired,True,dog,True,correct
german_shorthaired_10,german_shorthaired,dog,0.4,0.0493,german_shorthaired,True,dog,True,correct
german_shorthaired_10,german_shorthaired,dog,0.5,0.0597,german_shorthaired,True,dog,True,correct
german_shorthaired_10,german_shorthaired,dog,0.6,0.0661,german_shorthaired,True,dog,True,correct
german_shorthaired_10,german_shorthaired,dog,0.7,0.0713,german_shorthaired,True,dog,True,correct
german_shorthaired_10,german_shorthaired,dog,0.8,0.079,german_shorthaired,True,dog,True,correct
german_shorthaired_10,german_shorthaired,dog,0.9,0.074,german_shorthaired,True,dog,True,correct
german_shorthaired_10,german_shorthaired,dog,1.0,0.0803,german_shorthaired,True,dog,True,correct
chihuahua_151,chihuahua,dog,0.0,0.0,chihuahua,True,dog,True,correct
chihuahua_151,chihuahua,dog,0.1,0.0716,chihuahua,True,dog,True,correct
chihuahua_151,chihuahua,dog,0.2,0.0679,chihuahua,True,dog,True,correct
chihuahua_151,chihuahua,dog,0.3,0.0647,chihuahua,True,dog,True,correct
chihuahua_151,chihuahua,dog,0.4,0.1037,chihuahua,True,dog,True,correct
chihuahua_151,chihuahua,dog,0.5,0.1192,chihuahua,True,dog,True,correct
chihuahua_151,chihuahua,dog,0.6,0.1269,chihuahua,True,dog,True,correct
chihuahua_151,chihuahua,dog,0.7,0.1338,chihuahua,True,dog,True,correct
chihuahua_151,chihuahua,dog,0.8,0.1585,chihuahua,True,dog,True,correct
chihuahua_151,chihuahua,dog,0.9,0.1559,chihuahua,True,dog,True,correct
chihuahua_151,chihuahua,dog,1.0,0.1745,chihuahua,True,dog,True,correct
chihuahua_134,chihuahua,dog,0.0,0.0,chihuahua,True,dog,True,correct
chihuahua_134,chihuahua,dog,0.1,0.0661,chihuahua,True,dog,True,correct
chihuahua_134,chihuahua,dog,0.2,0.0932,chihuahua,True,dog,True,correct
chihuahua_134,chihuahua,dog,0.3,0.117,chihuahua,True,dog,True,correct
chihuahua_134,chihuahua,dog,0.4,0.1247,chihuahua,True,dog,True,correct
chihuahua_134,chihuahua,dog,0.5,0.1412,chihuahua,True,dog,True,correct
chihuahua_134,chihuahua,dog,0.6,0.1499,chihuahua,True,dog,True,correct
chihuahua_134,chihuahua,dog,0.7,0.1397,chihuahua,True,dog,True,correct
chihuahua_134,chihuahua,dog,0.8,0.1653,chihuahua,True,dog,True,correct
chihuahua_134,chihuahua,dog,0.9,0.2047,chihuahua,True,dog,True,correct
chihuahua_134,chihuahua,dog,1.0,0.1726,american_pit_bull_terrier,False,dog,True,within_superclass
chihuahua_108,chihuahua,dog,0.0,0.0,chihuahua,True,dog,True,correct
chihuahua_108,chihuahua,dog,0.1,0.0407,chihuahua,True,dog,True,correct
chihuahua_108,chihuahua,dog,0.2,0.0578,chihuahua,True,dog,True,correct
chihuahua_108,chihuahua,dog,0.3,0.08,chihuahua,True,dog,True,correct
chihuahua_108,chihuahua,dog,0.4,0.0881,chihuahua,True,dog,True,correct
chihuahua_108,chihuahua,dog,0.5,0.087,chihuahua,True,dog,True,correct
chihuahua_108,chihuahua,dog,0.6,0.12,chihuahua,True,dog,True,correct
chihuahua_108,chihuahua,dog,0.7,0.1324,chihuahua,True,dog,True,correct
chihuahua_108,chihuahua,dog,0.8,0.1166,chihuahua,True,dog,True,correct
chihuahua_108,chihuahua,dog,0.9,0.1476,chihuahua,True,dog,True,correct
chihuahua_108,chihuahua,dog,1.0,0.1312,chihuahua,True,dog,True,correct
japanese_chin_113,japanese_chin,dog,0.0,0.0,japanese_chin,True,dog,True,correct
japanese_chin_113,japanese_chin,dog,0.1,0.0498,japanese_chin,True,dog,True,correct
japanese_chin_113,japanese_chin,dog,0.2,0.0772,japanese_chin,True,dog,True,correct
japanese_chin_113,japanese_chin,dog,0.3,0.0987,japanese_chin,True,dog,True,correct
japanese_chin_113,japanese_chin,dog,0.4,0.0821,japanese_chin,True,dog,True,correct
japanese_chin_113,japanese_chin,dog,0.5,0.1149,japanese_chin,True,dog,True,correct
japanese_chin_113,japanese_chin,dog,0.6,0.123,japanese_chin,True,dog,True,correct
japanese_chin_113,japanese_chin,dog,0.7,0.1544,japanese_chin,True,dog,True,correct
japanese_chin_113,japanese_chin,dog,0.8,0.1694,japanese_chin,True,dog,True,correct
japanese_chin_113,japanese_chin,dog,0.9,0.1738,japanese_chin,True,dog,True,correct
japanese_chin_113,japanese_chin,dog,1.0,0.1897,japanese_chin,True,dog,True,correct
pomeranian_114,pomeranian,dog,0.0,0.0,pomeranian,True,dog,True,correct
pomeranian_114,pomeranian,dog,0.1,0.0581,pomeranian,True,dog,True,correct
pomeranian_114,pomeranian,dog,0.2,0.0735,pomeranian,True,dog,True,correct
pomeranian_114,pomeranian,dog,0.3,0.0952,japanese_chin,False,dog,True,within_superclass
pomeranian_114,pomeranian,dog,0.4,0.0904,pomeranian,True,dog,True,correct
pomeranian_114,pomeranian,dog,0.5,0.0842,pomeranian,True,dog,True,correct
pomeranian_114,pomeranian,dog,0.6,0.1162,pomeranian,True,dog,True,correct
pomeranian_114,pomeranian,dog,0.7,0.0906,japanese_chin,False,dog,True,within_superclass
pomeranian_114,pomeranian,dog,0.8,0.1116,pomeranian,True,dog,True,correct
pomeranian_114,pomeranian,dog,0.9,0.1267,japanese_chin,False,dog,True,within_superclass
pomeranian_114,pomeranian,dog,1.0,0.1513,pomeranian,True,dog,True,correct
pomeranian_182,pomeranian,dog,0.0,0.0,pomeranian,True,dog,True,correct
pomeranian_182,pomeranian,dog,0.1,0.0303,pomeranian,True,dog,True,correct
pomeranian_182,pomeranian,dog,0.2,0.0418,pomeranian,True,dog,True,correct
pomeranian_182,pomeranian,dog,0.3,0.0614,pomeranian,True,dog,True,correct
pomeranian_182,pomeranian,dog,0.4,0.0712,pomeranian,True,dog,True,correct
pomeranian_182,pomeranian,dog,0.5,0.0779,pomeranian,True,dog,True,correct
pomeranian_182,pomeranian,dog,0.6,0.0783,pomeranian,True,dog,True,correct
pomeranian_182,pomeranian,dog,0.7,0.0956,pomeranian,True,dog,True,correct
pomeranian_182,pomeranian,dog,0.8,0.1212,pomeranian,True,dog,True,correct
pomeranian_182,pomeranian,dog,0.9,0.1484,pomeranian,True,dog,True,correct
pomeranian_182,pomeranian,dog,1.0,0.1321,pomeranian,True,dog,True,correct
english_setter_122,english_setter,dog,0.0,0.0,english_setter,True,dog,True,correct
english_setter_122,english_setter,dog,0.1,0.0451,english_setter,True,dog,True,correct
english_setter_122,english_setter,dog,0.2,0.0408,english_setter,True,dog,True,correct
english_setter_122,english_setter,dog,0.3,0.0558,english_setter,True,dog,True,correct
english_setter_122,english_setter,dog,0.4,0.0696,english_setter,True,dog,True,correct
english_setter_122,english_setter,dog,0.5,0.0676,english_setter,True,dog,True,correct
english_setter_122,english_setter,dog,0.6,0.0791,english_setter,True,dog,True,correct
english_setter_122,english_setter,dog,0.7,0.0842,english_setter,True,dog,True,correct
english_setter_122,english_setter,dog,0.8,0.0917,english_setter,True,dog,True,correct
english_setter_122,english_setter,dog,0.9,0.111,english_setter,True,dog,True,correct
english_setter_122,english_setter,dog,1.0,0.1263,english_setter,True,dog,True,correct
Egyptian_Mau_151,egyptian_mau,cat,0.0,0.0,egyptian_mau,True,cat,True,correct
Egyptian_Mau_151,egyptian_mau,cat,0.1,0.0267,egyptian_mau,True,cat,True,correct
Egyptian_Mau_151,egyptian_mau,cat,0.2,0.0343,egyptian_mau,True,cat,True,correct
Egyptian_Mau_151,egyptian_mau,cat,0.3,0.0406,egyptian_mau,True,cat,True,correct
Egyptian_Mau_151,egyptian_mau,cat,0.4,0.0438,egyptian_mau,True,cat,True,correct
Egyptian_Mau_151,egyptian_mau,cat,0.5,0.0494,egyptian_mau,True,cat,True,correct
Egyptian_Mau_151,egyptian_mau,cat,0.6,0.0695,egyptian_mau,True,cat,True,correct
Egyptian_Mau_151,egyptian_mau,cat,0.7,0.0786,egyptian_mau,True,cat,True,correct
Egyptian_Mau_151,egyptian_mau,cat,0.8,0.0815,egyptian_mau,True,cat,True,correct
Egyptian_Mau_151,egyptian_mau,cat,0.9,0.1116,egyptian_mau,True,cat,True,correct
Egyptian_Mau_151,egyptian_mau,cat,1.0,0.1145,egyptian_mau,True,cat,True,correct
english_setter_143,english_setter,dog,0.0,0.0,english_setter,True,dog,True,correct
english_setter_143,english_setter,dog,0.1,0.0297,english_setter,True,dog,True,correct
english_setter_143,english_setter,dog,0.2,0.0299,english_setter,True,dog,True,correct
english_setter_143,english_setter,dog,0.3,0.0506,english_setter,True,dog,True,correct
english_setter_143,english_setter,dog,0.4,0.0455,english_setter,True,dog,True,correct
english_setter_143,english_setter,dog,0.5,0.0942,english_setter,True,dog,True,correct
english_setter_143,english_setter,dog,0.6,0.0826,english_setter,True,dog,True,correct
english_setter_143,english_setter,dog,0.7,0.1194,english_setter,True,dog,True,correct
english_setter_143,english_setter,dog,0.8,0.1238,english_setter,True,dog,True,correct
english_setter_143,english_setter,dog,0.9,0.1611,english_setter,True,dog,True,correct
english_setter_143,english_setter,dog,1.0,0.1128,english_cocker_spaniel,False,dog,True,within_superclass
Bombay_123,bombay,cat,0.0,0.0,british_shorthair,False,cat,True,within_superclass
Bombay_123,bombay,cat,0.1,0.0358,russian_blue,False,cat,True,within_superclass
Bombay_123,bombay,cat,0.2,0.0408,british_shorthair,False,cat,True,within_superclass
Bombay_123,bombay,cat,0.3,0.0507,russian_blue,False,cat,True,within_superclass
Bombay_123,bombay,cat,0.4,0.0609,russian_blue,False,cat,True,within_superclass
Bombay_123,bombay,cat,0.5,0.0616,russian_blue,False,cat,True,within_superclass
Bombay_123,bombay,cat,0.6,0.0924,british_shorthair,False,cat,True,within_superclass
Bombay_123,bombay,cat,0.7,0.0878,british_shorthair,False,cat,True,within_superclass
Bombay_123,bombay,cat,0.8,0.0846,british_shorthair,False,cat,True,within_superclass
Bombay_123,bombay,cat,0.9,0.1226,british_shorthair,False,cat,True,within_superclass
Bombay_123,bombay,cat,1.0,0.1609,russian_blue,False,cat,True,within_superclass
shiba_inu_129,shiba_inu,dog,0.0,0.0,shiba_inu,True,dog,True,correct
shiba_inu_129,shiba_inu,dog,0.1,0.0206,shiba_inu,True,dog,True,correct
shiba_inu_129,shiba_inu,dog,0.2,0.0173,shiba_inu,True,dog,True,correct
shiba_inu_129,shiba_inu,dog,0.3,0.0389,shiba_inu,True,dog,True,correct
shiba_inu_129,shiba_inu,dog,0.4,0.0458,shiba_inu,True,dog,True,correct
shiba_inu_129,shiba_inu,dog,0.5,0.0487,shiba_inu,True,dog,True,correct
shiba_inu_129,shiba_inu,dog,0.6,0.07,shiba_inu,True,dog,True,correct
shiba_inu_129,shiba_inu,dog,0.7,0.0576,shiba_inu,True,dog,True,correct
shiba_inu_129,shiba_inu,dog,0.8,0.071,shiba_inu,True,dog,True,correct
shiba_inu_129,shiba_inu,dog,0.9,0.0833,shiba_inu,True,dog,True,correct
shiba_inu_129,shiba_inu,dog,1.0,0.0996,shiba_inu,True,dog,True,correct
Bombay_130,bombay,cat,0.0,0.0,egyptian_mau,False,cat,True,within_superclass
Bombay_130,bombay,cat,0.1,0.0424,egyptian_mau,False,cat,True,within_superclass
Bombay_130,bombay,cat,0.2,0.0655,egyptian_mau,False,cat,True,within_superclass
Bombay_130,bombay,cat,0.3,0.077,egyptian_mau,False,cat,True,within_superclass
Bombay_130,bombay,cat,0.4,0.082,british_shorthair,False,cat,True,within_superclass
Bombay_130,bombay,cat,0.5,0.0846,british_shorthair,False,cat,True,within_superclass
Bombay_130,bombay,cat,0.6,0.0909,british_shorthair,False,cat,True,within_superclass
Bombay_130,bombay,cat,0.7,0.1022,british_shorthair,False,cat,True,within_superclass
Bombay_130,bombay,cat,0.8,0.0976,british_shorthair,False,cat,True,within_superclass
Bombay_130,bombay,cat,0.9,0.102,british_shorthair,False,cat,True,within_superclass
Bombay_130,bombay,cat,1.0,0.1036,british_shorthair,False,cat,True,within_superclass
Maine_Coon_173,maine_coon,cat,0.0,0.0,maine_coon,True,cat,True,correct
Maine_Coon_173,maine_coon,cat,0.1,0.0547,maine_coon,True,cat,True,correct
Maine_Coon_173,maine_coon,cat,0.2,0.0361,maine_coon,True,cat,True,correct
Maine_Coon_173,maine_coon,cat,0.3,0.0437,maine_coon,True,cat,True,correct
Maine_Coon_173,maine_coon,cat,0.4,0.0651,maine_coon,True,cat,True,correct
Maine_Coon_173,maine_coon,cat,0.5,0.0804,maine_coon,True,cat,True,correct
Maine_Coon_173,maine_coon,cat,0.6,0.0649,maine_coon,True,cat,True,correct
Maine_Coon_173,maine_coon,cat,0.7,0.0772,maine_coon,True,cat,True,correct
Maine_Coon_173,maine_coon,cat,0.8,0.0818,maine_coon,True,cat,True,correct
Maine_Coon_173,maine_coon,cat,0.9,0.099,maine_coon,True,cat,True,correct
Maine_Coon_173,maine_coon,cat,1.0,0.1012,maine_coon,True,cat,True,correct
wheaten_terrier_143,wheaten_terrier,dog,0.0,0.0,wheaten_terrier,True,dog,True,correct
wheaten_terrier_143,wheaten_terrier,dog,0.1,0.0449,wheaten_terrier,True,dog,True,correct
wheaten_terrier_143,wheaten_terrier,dog,0.2,0.0273,wheaten_terrier,True,dog,True,correct
wheaten_terrier_143,wheaten_terrier,dog,0.3,0.0355,wheaten_terrier,True,dog,True,correct
wheaten_terrier_143,wheaten_terrier,dog,0.4,0.048,wheaten_terrier,True,dog,True,correct
wheaten_terrier_143,wheaten_terrier,dog,0.5,0.0419,wheaten_terrier,True,dog,True,correct
wheaten_terrier_143,wheaten_terrier,dog,0.6,0.0505,wheaten_terrier,True,dog,True,correct
wheaten_terrier_143,wheaten_terrier,dog,0.7,0.0477,wheaten_terrier,True,dog,True,correct
wheaten_terrier_143,wheaten_terrier,dog,0.8,0.0464,wheaten_terrier,True,dog,True,correct
wheaten_terrier_143,wheaten_terrier,dog,0.9,0.0803,wheaten_terrier,True,dog,True,correct
wheaten_terrier_143,wheaten_terrier,dog,1.0,0.0726,wheaten_terrier,True,dog,True,correct
german_shorthaired_11,german_shorthaired,dog,0.0,0.0,german_shorthaired,True,dog,True,correct
german_shorthaired_11,german_shorthaired,dog,0.1,0.0254,german_shorthaired,True,dog,True,correct
german_shorthaired_11,german_shorthaired,dog,0.2,0.0294,german_shorthaired,True,dog,True,correct
german_shorthaired_11,german_shorthaired,dog,0.3,0.0481,german_shorthaired,True,dog,True,correct
german_shorthaired_11,german_shorthaired,dog,0.4,0.0558,german_shorthaired,True,dog,True,correct
german_shorthaired_11,german_shorthaired,dog,0.5,0.0597,german_shorthaired,True,dog,True,correct
german_shorthaired_11,german_shorthaired,dog,0.6,0.0662,german_shorthaired,True,dog,True,correct
german_shorthaired_11,german_shorthaired,dog,0.7,0.0814,german_shorthaired,True,dog,True,correct
german_shorthaired_11,german_shorthaired,dog,0.8,0.1024,german_shorthaired,True,dog,True,correct
german_shorthaired_11,german_shorthaired,dog,0.9,0.1369,german_shorthaired,True,dog,True,correct
german_shorthaired_11,german_shorthaired,dog,1.0,0.1402,german_shorthaired,True,dog,True,correct
Maine_Coon_139,maine_coon,cat,0.0,0.0,maine_coon,True,cat,True,correct
Maine_Coon_139,maine_coon,cat,0.1,0.019,maine_coon,True,cat,True,correct
Maine_Coon_139,maine_coon,cat,0.2,0.019,maine_coon,True,cat,True,correct
Maine_Coon_139,maine_coon,cat,0.3,0.0262,maine_coon,True,cat,True,correct
Maine_Coon_139,maine_coon,cat,0.4,0.0474,maine_coon,True,cat,True,correct
Maine_Coon_139,maine_coon,cat,0.5,0.0529,maine_coon,True,cat,True,correct
Maine_Coon_139,maine_coon,cat,0.6,0.0634,maine_coon,True,cat,True,correct
Maine_Coon_139,maine_coon,cat,0.7,0.0918,maine_coon,True,cat,True,correct
Maine_Coon_139,maine_coon,cat,0.8,0.1089,maine_coon,True,cat,True,correct
Maine_Coon_139,maine_coon,cat,0.9,0.1206,maine_coon,True,cat,True,correct
Maine_Coon_139,maine_coon,cat,1.0,0.1279,maine_coon,True,cat,True,correct
chihuahua_140,chihuahua,dog,0.0,0.0,scottish_terrier,False,dog,True,within_superclass
chihuahua_140,chihuahua,dog,0.1,0.0243,scottish_terrier,False,dog,True,within_superclass
chihuahua_140,chihuahua,dog,0.2,0.0275,scottish_terrier,False,dog,True,within_superclass
chihuahua_140,chihuahua,dog,0.3,0.0344,scottish_terrier,False,dog,True,within_superclass
chihuahua_140,chihuahua,dog,0.4,0.0418,scottish_terrier,False,dog,True,within_superclass
chihuahua_140,chihuahua,dog,0.5,0.0577,miniature_pinscher,False,dog,True,within_superclass
chihuahua_140,chihuahua,dog,0.6,0.0655,scottish_terrier,False,dog,True,within_superclass
chihuahua_140,chihuahua,dog,0.7,0.0812,scottish_terrier,False,dog,True,within_superclass
chihuahua_140,chihuahua,dog,0.8,0.0949,scottish_terrier,False,dog,True,within_superclass
chihuahua_140,chihuahua,dog,0.9,0.1085,scottish_terrier,False,dog,True,within_superclass
chihuahua_140,chihuahua,dog,1.0,0.1319,scottish_terrier,False,dog,True,within_superclass
Birman_166,birman,cat,0.0,0.0,birman,True,cat,True,correct
Birman_166,birman,cat,0.1,0.0197,birman,True,cat,True,correct
Birman_166,birman,cat,0.2,0.0342,birman,True,cat,True,correct
Birman_166,birman,cat,0.3,0.0401,birman,True,cat,True,correct
Birman_166,birman,cat,0.4,0.0517,birman,True,cat,True,correct
Birman_166,birman,cat,0.5,0.0811,birman,True,cat,True,correct
Birman_166,birman,cat,0.6,0.0874,birman,True,cat,True,correct
Birman_166,birman,cat,0.7,0.0855,birman,True,cat,True,correct
Birman_166,birman,cat,0.8,0.1088,birman,True,cat,True,correct
Birman_166,birman,cat,0.9,0.1151,birman,True,cat,True,correct
Birman_166,birman,cat,1.0,0.1311,birman,True,cat,True,correct
chihuahua_170,chihuahua,dog,0.0,0.0,chihuahua,True,dog,True,correct
chihuahua_170,chihuahua,dog,0.1,0.042,chihuahua,True,dog,True,correct
chihuahua_170,chihuahua,dog,0.2,0.0535,chihuahua,True,dog,True,correct
chihuahua_170,chihuahua,dog,0.3,0.0658,chihuahua,True,dog,True,correct
chihuahua_170,chihuahua,dog,0.4,0.0808,chihuahua,True,dog,True,correct
chihuahua_170,chihuahua,dog,0.5,0.1269,chihuahua,True,dog,True,correct
chihuahua_170,chihuahua,dog,0.6,0.1146,chihuahua,True,dog,True,correct
chihuahua_170,chihuahua,dog,0.7,0.1404,chihuahua,True,dog,True,correct
chihuahua_170,chihuahua,dog,0.8,0.1744,chihuahua,True,dog,True,correct
chihuahua_170,chihuahua,dog,0.9,0.1768,chihuahua,True,dog,True,correct
chihuahua_170,chihuahua,dog,1.0,0.1818,chihuahua,True,dog,True,correct
Birman_158,birman,cat,0.0,0.0,siamese,False,cat,True,within_superclass
Birman_158,birman,cat,0.1,0.0232,siamese,False,cat,True,within_superclass
Birman_158,birman,cat,0.2,0.0238,siamese,False,cat,True,within_superclass
Birman_158,birman,cat,0.3,0.0303,siamese,False,cat,True,within_superclass
Birman_158,birman,cat,0.4,0.048,siamese,False,cat,True,within_superclass
Birman_158,birman,cat,0.5,0.0494,ragdoll,False,cat,True,within_superclass
Birman_158,birman,cat,0.6,0.0612,ragdoll,False,cat,True,within_superclass
Birman_158,birman,cat,0.7,0.0894,siamese,False,cat,True,within_superclass
Birman_158,birman,cat,0.8,0.0647,ragdoll,False,cat,True,within_superclass
Birman_158,birman,cat,0.9,0.0827,ragdoll,False,cat,True,within_superclass
Birman_158,birman,cat,1.0,0.1214,ragdoll,False,cat,True,within_superclass
Birman_141,birman,cat,0.0,0.0,birman,True,cat,True,correct
Birman_141,birman,cat,0.1,0.0297,birman,True,cat,True,correct
Birman_141,birman,cat,0.2,0.0422,birman,True,cat,True,correct
Birman_141,birman,cat,0.3,0.0565,birman,True,cat,True,correct
Birman_141,birman,cat,0.4,0.068,ragdoll,False,cat,True,within_superclass
Birman_141,birman,cat,0.5,0.0676,ragdoll,False,cat,True,within_superclass
Birman_141,birman,cat,0.6,0.0732,ragdoll,False,cat,True,within_superclass
Birman_141,birman,cat,0.7,0.0868,ragdoll,False,cat,True,within_superclass
Birman_141,birman,cat,0.8,0.0944,ragdoll,False,cat,True,within_superclass
Birman_141,birman,cat,0.9,0.1062,ragdoll,False,cat,True,within_superclass
Birman_141,birman,cat,1.0,0.1212,ragdoll,False,cat,True,within_superclass
wheaten_terrier_184,wheaten_terrier,dog,0.0,0.0,wheaten_terrier,True,dog,True,correct
wheaten_terrier_184,wheaten_terrier,dog,0.1,0.0209,wheaten_terrier,True,dog,True,correct
wheaten_terrier_184,wheaten_terrier,dog,0.2,0.0285,wheaten_terrier,True,dog,True,correct
wheaten_terrier_184,wheaten_terrier,dog,0.3,0.0336,wheaten_terrier,True,dog,True,correct
wheaten_terrier_184,wheaten_terrier,dog,0.4,0.0433,wheaten_terrier,True,dog,True,correct
wheaten_terrier_184,wheaten_terrier,dog,0.5,0.0492,wheaten_terrier,True,dog,True,correct
wheaten_terrier_184,wheaten_terrier,dog,0.6,0.0726,wheaten_terrier,True,dog,True,correct
wheaten_terrier_184,wheaten_terrier,dog,0.7,0.0951,wheaten_terrier,True,dog,True,correct
wheaten_terrier_184,wheaten_terrier,dog,0.8,0.1092,wheaten_terrier,True,dog,True,correct
wheaten_terrier_184,wheaten_terrier,dog,0.9,0.1134,wheaten_terrier,True,dog,True,correct
wheaten_terrier_184,wheaten_terrier,dog,1.0,0.1108,wheaten_terrier,True,dog,True,correct
beagle_120,beagle,dog,0.0,0.0,beagle,True,dog,True,correct
beagle_120,beagle,dog,0.1,0.0338,beagle,True,dog,True,correct
beagle_120,beagle,dog,0.2,0.0347,beagle,True,dog,True,correct
beagle_120,beagle,dog,0.3,0.0531,beagle,True,dog,True,correct
beagle_120,beagle,dog,0.4,0.048,beagle,True,dog,True,correct
beagle_120,beagle,dog,0.5,0.0626,beagle,True,dog,True,correct
beagle_120,beagle,dog,0.6,0.0665,beagle,True,dog,True,correct
beagle_120,beagle,dog,0.7,0.0861,beagle,True,dog,True,correct
beagle_120,beagle,dog,0.8,0.0934,beagle,True,dog,True,correct
beagle_120,beagle,dog,0.9,0.1127,beagle,True,dog,True,correct
beagle_120,beagle,dog,1.0,0.1017,beagle,True,dog,True,correct
chihuahua_163,chihuahua,dog,0.0,0.0,chihuahua,True,dog,True,correct
chihuahua_163,chihuahua,dog,0.1,0.0476,chihuahua,True,dog,True,correct
chihuahua_163,chihuahua,dog,0.2,0.0504,chihuahua,True,dog,True,correct
chihuahua_163,chihuahua,dog,0.3,0.0748,chihuahua,True,dog,True,correct
chihuahua_163,chihuahua,dog,0.4,0.0689,chihuahua,True,dog,True,correct
chihuahua_163,chihuahua,dog,0.5,0.0866,chihuahua,True,dog,True,correct
chihuahua_163,chihuahua,dog,0.6,0.1003,chihuahua,True,dog,True,correct
chihuahua_163,chihuahua,dog,0.7,0.1143,chihuahua,True,dog,True,correct
chihuahua_163,chihuahua,dog,0.8,0.1415,chihuahua,True,dog,True,correct
chihuahua_163,chihuahua,dog,0.9,0.1747,chihuahua,True,dog,True,correct
chihuahua_163,chihuahua,dog,1.0,0.1745,miniature_pinscher,False,dog,True,within_superclass
Birman_190,birman,cat,0.0,0.0,birman,True,cat,True,correct
Birman_190,birman,cat,0.1,0.0182,birman,True,cat,True,correct
Birman_190,birman,cat,0.2,0.0263,birman,True,cat,True,correct
Birman_190,birman,cat,0.3,0.0436,birman,True,cat,True,correct
Birman_190,birman,cat,0.4,0.0546,birman,True,cat,True,correct
Birman_190,birman,cat,0.5,0.0729,birman,True,cat,True,correct
Birman_190,birman,cat,0.6,0.0855,birman,True,cat,True,correct
Birman_190,birman,cat,0.7,0.1044,siamese,False,cat,True,within_superclass
Birman_190,birman,cat,0.8,0.1104,siamese,False,cat,True,within_superclass
Birman_190,birman,cat,0.9,0.1327,siamese,False,cat,True,within_superclass
Birman_190,birman,cat,1.0,0.1442,ragdoll,False,cat,True,within_superclass
Birman_131,birman,cat,0.0,0.0,birman,True,cat,True,correct
Birman_131,birman,cat,0.1,0.0239,birman,True,cat,True,correct
Birman_131,birman,cat,0.2,0.0333,birman,True,cat,True,correct
Birman_131,birman,cat,0.3,0.0567,birman,True,cat,True,correct
Birman_131,birman,cat,0.4,0.0714,birman,True,cat,True,correct
Birman_131,birman,cat,0.5,0.0686,birman,True,cat,True,correct
Birman_131,birman,cat,0.6,0.0798,birman,True,cat,True,correct
Birman_131,birman,cat,0.7,0.1026,siamese,False,cat,True,within_superclass
Birman_131,birman,cat,0.8,0.1078,birman,True,cat,True,correct
Birman_131,birman,cat,0.9,0.1104,birman,True,cat,True,correct
Birman_131,birman,cat,1.0,0.1334,birman,True,cat,True,correct
Maine_Coon_110,maine_coon,cat,0.0,0.0,maine_coon,True,cat,True,correct
Maine_Coon_110,maine_coon,cat,0.1,0.0214,maine_coon,True,cat,True,correct
Maine_Coon_110,maine_coon,cat,0.2,0.0329,maine_coon,True,cat,True,correct
Maine_Coon_110,maine_coon,cat,0.3,0.0403,maine_coon,True,cat,True,correct
Maine_Coon_110,maine_coon,cat,0.4,0.0381,maine_coon,True,cat,True,correct
Maine_Coon_110,maine_coon,cat,0.5,0.0503,maine_coon,True,cat,True,correct
Maine_Coon_110,maine_coon,cat,0.6,0.0559,maine_coon,True,cat,True,correct
Maine_Coon_110,maine_coon,cat,0.7,0.0887,maine_coon,True,cat,True,correct
Maine_Coon_110,maine_coon,cat,0.8,0.0806,maine_coon,True,cat,True,correct
Maine_Coon_110,maine_coon,cat,0.9,0.1035,maine_coon,True,cat,True,correct
Maine_Coon_110,maine_coon,cat,1.0,0.1484,maine_coon,True,cat,True,correct
Egyptian_Mau_144,egyptian_mau,cat,0.0,0.0,egyptian_mau,True,cat,True,correct
Egyptian_Mau_144,egyptian_mau,cat,0.1,0.0337,egyptian_mau,True,cat,True,correct
Egyptian_Mau_144,egyptian_mau,cat,0.2,0.0486,egyptian_mau,True,cat,True,correct
Egyptian_Mau_144,egyptian_mau,cat,0.3,0.0535,egyptian_mau,True,cat,True,correct
Egyptian_Mau_144,egyptian_mau,cat,0.4,0.0572,egyptian_mau,True,cat,True,correct
Egyptian_Mau_144,egyptian_mau,cat,0.5,0.0705,egyptian_mau,True,cat,True,correct
Egyptian_Mau_144,egyptian_mau,cat,0.6,0.0788,egyptian_mau,True,cat,True,correct
Egyptian_Mau_144,egyptian_mau,cat,0.7,0.0903,egyptian_mau,True,cat,True,correct
Egyptian_Mau_144,egyptian_mau,cat,0.8,0.0782,egyptian_mau,True,cat,True,correct
Egyptian_Mau_144,egyptian_mau,cat,0.9,0.0992,egyptian_mau,True,cat,True,correct
Egyptian_Mau_144,egyptian_mau,cat,1.0,0.1127,egyptian_mau,True,cat,True,correct
Birman_142,birman,cat,0.0,0.0,birman,True,cat,True,correct
Birman_142,birman,cat,0.1,0.0343,birman,True,cat,True,correct
Birman_142,birman,cat,0.2,0.0574,birman,True,cat,True,correct
Birman_142,birman,cat,0.3,0.073,birman,True,cat,True,correct
Birman_142,birman,cat,0.4,0.081,birman,True,cat,True,correct
Birman_142,birman,cat,0.5,0.1013,birman,True,cat,True,correct
Birman_142,birman,cat,0.6,0.1177,birman,True,cat,True,correct
Birman_142,birman,cat,0.7,0.1048,birman,True,cat,True,correct
Birman_142,birman,cat,0.8,0.1288,birman,True,cat,True,correct
Birman_142,birman,cat,0.9,0.1432,birman,True,cat,True,correct
Birman_142,birman,cat,1.0,0.1743,siamese,False,cat,True,within_superclass
Egyptian_Mau_11,egyptian_mau,cat,0.0,0.0,egyptian_mau,True,cat,True,correct
Egyptian_Mau_11,egyptian_mau,cat,0.1,0.0239,egyptian_mau,True,cat,True,correct
Egyptian_Mau_11,egyptian_mau,cat,0.2,0.0349,egyptian_mau,True,cat,True,correct
Egyptian_Mau_11,egyptian_mau,cat,0.3,0.0363,egyptian_mau,True,cat,True,correct
Egyptian_Mau_11,egyptian_mau,cat,0.4,0.0556,british_shorthair,False,cat,True,within_superclass
Egyptian_Mau_11,egyptian_mau,cat,0.5,0.0943,british_shorthair,False,cat,True,within_superclass
Egyptian_Mau_11,egyptian_mau,cat,0.6,0.0684,british_shorthair,False,cat,True,within_superclass
Egyptian_Mau_11,egyptian_mau,cat,0.7,0.0849,egyptian_mau,True,cat,True,correct
Egyptian_Mau_11,egyptian_mau,cat,0.8,0.0866,british_shorthair,False,cat,True,within_superclass
Egyptian_Mau_11,egyptian_mau,cat,0.9,0.0861,egyptian_mau,True,cat,True,correct
Egyptian_Mau_11,egyptian_mau,cat,1.0,0.1083,egyptian_mau,True,cat,True,correct
Birman_122,birman,cat,0.0,0.0,birman,True,cat,True,correct
Birman_122,birman,cat,0.1,0.0325,birman,True,cat,True,correct
Birman_122,birman,cat,0.2,0.0364,birman,True,cat,True,correct
Birman_122,birman,cat,0.3,0.0653,birman,True,cat,True,correct
Birman_122,birman,cat,0.4,0.0873,birman,True,cat,True,correct
Birman_122,birman,cat,0.5,0.0753,birman,True,cat,True,correct
Birman_122,birman,cat,0.6,0.1024,siamese,False,cat,True,within_superclass
Birman_122,birman,cat,0.7,0.1295,siamese,False,cat,True,within_superclass
Birman_122,birman,cat,0.8,0.1239,siamese,False,cat,True,within_superclass
Birman_122,birman,cat,0.9,0.1481,birman,True,cat,True,correct
Birman_122,birman,cat,1.0,0.1662,siamese,False,cat,True,within_superclass
Egyptian_Mau_184,egyptian_mau,cat,0.0,0.0,egyptian_mau,True,cat,True,correct
Egyptian_Mau_184,egyptian_mau,cat,0.1,0.068,egyptian_mau,True,cat,True,correct
Egyptian_Mau_184,egyptian_mau,cat,0.2,0.0781,egyptian_mau,True,cat,True,correct
Egyptian_Mau_184,egyptian_mau,cat,0.3,0.0878,egyptian_mau,True,cat,True,correct
Egyptian_Mau_184,egyptian_mau,cat,0.4,0.1035,egyptian_mau,True,cat,True,correct
Egyptian_Mau_184,egyptian_mau,cat,0.5,0.1107,egyptian_mau,True,cat,True,correct
Egyptian_Mau_184,egyptian_mau,cat,0.6,0.125,egyptian_mau,True,cat,True,correct
Egyptian_Mau_184,egyptian_mau,cat,0.7,0.1478,egyptian_mau,True,cat,True,correct
Egyptian_Mau_184,egyptian_mau,cat,0.8,0.1453,egyptian_mau,True,cat,True,correct
Egyptian_Mau_184,egyptian_mau,cat,0.9,0.1444,egyptian_mau,True,cat,True,correct
Egyptian_Mau_184,egyptian_mau,cat,1.0,0.203,egyptian_mau,True,cat,True,correct
Birman_135,birman,cat,0.0,0.0,birman,True,cat,True,correct
Birman_135,birman,cat,0.1,0.0358,birman,True,cat,True,correct
Birman_135,birman,cat,0.2,0.0352,birman,True,cat,True,correct
Birman_135,birman,cat,0.3,0.0487,birman,True,cat,True,correct
Birman_135,birman,cat,0.4,0.0481,birman,True,cat,True,correct
Birman_135,birman,cat,0.5,0.056,birman,True,cat,True,correct
Birman_135,birman,cat,0.6,0.0633,birman,True,cat,True,correct
Birman_135,birman,cat,0.7,0.0738,birman,True,cat,True,correct
Birman_135,birman,cat,0.8,0.0867,birman,True,cat,True,correct
Birman_135,birman,cat,0.9,0.0871,birman,True,cat,True,correct
Birman_135,birman,cat,1.0,0.0903,birman,True,cat,True,correct
chihuahua_18,chihuahua,dog,0.0,0.0,chihuahua,True,dog,True,correct
chihuahua_18,chihuahua,dog,0.1,0.0276,chihuahua,True,dog,True,correct
chihuahua_18,chihuahua,dog,0.2,0.0531,chihuahua,True,dog,True,correct
chihuahua_18,chihuahua,dog,0.3,0.0468,chihuahua,True,dog,True,correct
chihuahua_18,chihuahua,dog,0.4,0.0866,chihuahua,True,dog,True,correct
chihuahua_18,chihuahua,dog,0.5,0.0831,chihuahua,True,dog,True,correct
chihuahua_18,chihuahua,dog,0.6,0.0943,chihuahua,True,dog,True,correct
chihuahua_18,chihuahua,dog,0.7,0.1125,chihuahua,True,dog,True,correct
chihuahua_18,chihuahua,dog,0.8,0.163,chihuahua,True,dog,True,correct
chihuahua_18,chihuahua,dog,0.9,0.128,chihuahua,True,dog,True,correct
chihuahua_18,chihuahua,dog,1.0,0.1348,staffordshire_bull_terrier,False,dog,True,within_superclass
beagle_190,beagle,dog,0.0,0.0,beagle,True,dog,True,correct
beagle_190,beagle,dog,0.1,0.0304,beagle,True,dog,True,correct
beagle_190,beagle,dog,0.2,0.0558,beagle,True,dog,True,correct
beagle_190,beagle,dog,0.3,0.0431,beagle,True,dog,True,correct
beagle_190,beagle,dog,0.4,0.0539,beagle,True,dog,True,correct
beagle_190,beagle,dog,0.5,0.0687,beagle,True,dog,True,correct
beagle_190,beagle,dog,0.6,0.0674,beagle,True,dog,True,correct
beagle_190,beagle,dog,0.7,0.0615,beagle,True,dog,True,correct
beagle_190,beagle,dog,0.8,0.0797,basset_hound,False,dog,True,within_superclass
beagle_190,beagle,dog,0.9,0.0931,beagle,True,dog,True,correct
beagle_190,beagle,dog,1.0,0.0766,beagle,True,dog,True,correct
chihuahua_121,chihuahua,dog,0.0,0.0,chihuahua,True,dog,True,correct
chihuahua_121,chihuahua,dog,0.1,0.0511,chihuahua,True,dog,True,correct
chihuahua_121,chihuahua,dog,0.2,0.0642,chihuahua,True,dog,True,correct
chihuahua_121,chihuahua,dog,0.3,0.0719,chihuahua,True,dog,True,correct
chihuahua_121,chihuahua,dog,0.4,0.0888,chihuahua,True,dog,True,correct
chihuahua_121,chihuahua,dog,0.5,0.1015,chihuahua,True,dog,True,correct
chihuahua_121,chihuahua,dog,0.6,0.1107,chihuahua,True,dog,True,correct
chihuahua_121,chihuahua,dog,0.7,0.1561,chihuahua,True,dog,True,correct
chihuahua_121,chihuahua,dog,0.8,0.1552,chihuahua,True,dog,True,correct
chihuahua_121,chihuahua,dog,0.9,0.1413,chihuahua,True,dog,True,correct
chihuahua_121,chihuahua,dog,1.0,0.2029,chihuahua,True,dog,True,correct
